warning: [options] bootstrap class path not set in conjunction with -source 8
recovery/normalized-src-vf/l1r/an/PBMessageALL.java:166: error: cannot find symbol
   public static final class a extends p implements PBMessageALL.b {
                                                                ^
  symbol:   class b
  location: class PBMessageALL
recovery/normalized-src-vf/l1r/an/PBMessageALL.java:241: error: cannot find symbol
      private a(a.h var1, n var2) throws s {
                 ^
  symbol:   class h
  location: class a
recovery/normalized-src-vf/l1r/an/PBMessageALL.java:336: error: cannot find symbol
      protected a.p.g l() {
                 ^
  symbol:   class p
  location: class a
recovery/normalized-src-vf/l1r/an/PBMessageALL.java:525: error: cannot find symbol
      public void a(a.i var1) throws IOException {
                     ^
  symbol:   class i
  location: class a
recovery/normalized-src-vf/l1r/an/PBMessageALL.java:668: error: cannot find symbol
      public static PBMessageALL.a a(a.g var0) throws s {
                                      ^
  symbol:   class g
  location: class a
recovery/normalized-src-vf/l1r/an/PBMessageALL.java:672: error: cannot find symbol
      public static PBMessageALL.a a(a.g var0, n var1) throws s {
                                      ^
  symbol:   class g
  location: class a
recovery/normalized-src-vf/l1r/an/PBMessageALL.java:700: error: cannot find symbol
      public static PBMessageALL.a a(a.h var0) throws IOException {
                                      ^
  symbol:   class h
  location: class a
recovery/normalized-src-vf/l1r/an/PBMessageALL.java:704: error: cannot find symbol
      public static PBMessageALL.a a(a.h var0, n var1) throws IOException {
                                      ^
  symbol:   class h
  location: class a
recovery/normalized-src-vf/l1r/an/PBMessageALL.java:724: error: cannot find symbol
      protected PBMessageALL.a.a a(a.p.b var1) {
                                    ^
  symbol:   class p
  location: class a
recovery/normalized-src-vf/l1r/an/PBMessageALL.java:730: error: cannot find symbol
      public a.y.a O() {
              ^
  symbol:   class y
  location: class a
recovery/normalized-src-vf/l1r/an/PBMessageALL.java:754: error: cannot find symbol
      protected x.a b(a.p.b var1) {
                       ^
  symbol:   class p
  location: class a
recovery/normalized-src-vf/l1r/an/PBMessageALL.java:760: error: cannot find symbol
      public a.y.a P() {
              ^
  symbol:   class y
  location: class a
recovery/normalized-src-vf/l1r/an/PBMessageALL.java:771: error: cannot find symbol
      a(a.h var1, n var2, PBMessageALL.a var3) throws s {
         ^
  symbol:   class h
  location: class a
recovery/normalized-src-vf/l1r/an/PBMessageALL.java:780: error: class a is already defined in class PBMessageALL
      public static final class a extends p.a<PBMessageALL.a.a> implements PBMessageALL.b {
                          ^
recovery/normalized-src-vf/l1r/an/PBMessageALL2.java:170: error: cannot find symbol
   public static final class a extends p implements PBMessageALL2.b {
                                                                 ^
  symbol:   class b
  location: class PBMessageALL2
recovery/normalized-src-vf/l1r/an/PBMessageALL2.java:194: error: cannot find symbol
      private a.g o;
               ^
  symbol:   class g
  location: class a
recovery/normalized-src-vf/l1r/an/PBMessageALL2.java:225: error: cannot find symbol
      private a(a.h var1, n var2) throws s {
                 ^
  symbol:   class h
  location: class a
recovery/normalized-src-vf/l1r/an/PBMessageALL2.java:280: error: cannot find symbol
      protected a.p.g l() {
                 ^
  symbol:   class p
  location: class a
recovery/normalized-src-vf/l1r/an/PBMessageALL2.java:335: error: cannot find symbol
      public a.g x() {
              ^
  symbol:   class g
  location: class a
recovery/normalized-src-vf/l1r/an/PBMessageALL2.java:359: error: cannot find symbol
      public void a(a.i var1) throws IOException {
                     ^
  symbol:   class i
  location: class a
recovery/normalized-src-vf/l1r/an/PBMessageALL2.java:422: error: cannot find symbol
      public static PBMessageALL2.a a(a.g var0) throws s {
                                       ^
  symbol:   class g
  location: class a
recovery/normalized-src-vf/l1r/an/PBMessageALL2.java:426: error: cannot find symbol
      public static PBMessageALL2.a a(a.g var0, n var1) throws s {
                                       ^
  symbol:   class g
  location: class a
recovery/normalized-src-vf/l1r/an/PBMessageALL2.java:454: error: cannot find symbol
      public static PBMessageALL2.a a(a.h var0) throws IOException {
                                       ^
  symbol:   class h
  location: class a
recovery/normalized-src-vf/l1r/an/PBMessageALL2.java:458: error: cannot find symbol
      public static PBMessageALL2.a a(a.h var0, n var1) throws IOException {
                                       ^
  symbol:   class h
  location: class a
recovery/normalized-src-vf/l1r/an/PBMessageALL2.java:478: error: cannot find symbol
      protected PBMessageALL2.a.a a(a.p.b var1) {
                                     ^
  symbol:   class p
  location: class a
recovery/normalized-src-vf/l1r/an/PBMessageALL2.java:484: error: cannot find symbol
      protected x.a b(a.p.b var1) {
                       ^
  symbol:   class p
  location: class a
recovery/normalized-src-vf/l1r/an/PBMessageALL2.java:490: error: cannot find symbol
      public a.y.a P() {
              ^
  symbol:   class y
  location: class a
recovery/normalized-src-vf/l1r/an/PBMessageALL2.java:514: error: cannot find symbol
      public a.y.a O() {
              ^
  symbol:   class y
  location: class a
recovery/normalized-src-vf/l1r/an/PBMessageALL2.java:525: error: cannot find symbol
      a(a.h var1, n var2, PBMessageALL2.a var3) throws s {
         ^
  symbol:   class h
  location: class a
recovery/normalized-src-vf/l1r/an/PBMessageALL2.java:534: error: class a is already defined in class PBMessageALL2
      public static final class a extends p.a<PBMessageALL2.a.a> implements PBMessageALL2.b {
                          ^
recovery/normalized-src-vf/l1r/an/PBMessageALL3.java:165: error: cannot find symbol
   public static final class a extends p implements PBMessageALL3.b {
                                                                 ^
  symbol:   class b
  location: class PBMessageALL3
recovery/normalized-src-vf/l1r/an/PBMessageALL3.java:183: error: cannot find symbol
      private List<a.g> v;
                    ^
  symbol:   class g
  location: class a
recovery/normalized-src-vf/l1r/an/PBMessageALL3.java:240: error: cannot find symbol
      private a(a.h var1, n var2) throws s {
                 ^
  symbol:   class h
  location: class a
recovery/normalized-src-vf/l1r/an/PBMessageALL3.java:343: error: cannot find symbol
      protected a.p.g l() {
                 ^
  symbol:   class p
  location: class a
recovery/normalized-src-vf/l1r/an/PBMessageALL3.java:363: error: cannot find symbol
      public List<a.g> q() {
                   ^
  symbol:   class g
  location: class a
recovery/normalized-src-vf/l1r/an/PBMessageALL3.java:373: error: cannot find symbol
      public a.g a(int var1) {
              ^
  symbol:   class g
  location: class a
recovery/normalized-src-vf/l1r/an/PBMessageALL3.java:537: error: cannot find symbol
      public void a(a.i var1) throws IOException {
                     ^
  symbol:   class i
  location: class a
recovery/normalized-src-vf/l1r/an/PBMessageALL3.java:684: error: cannot find symbol
      public static PBMessageALL3.a a(a.g var0) throws s {
                                       ^
  symbol:   class g
  location: class a
recovery/normalized-src-vf/l1r/an/PBMessageALL3.java:688: error: cannot find symbol
      public static PBMessageALL3.a a(a.g var0, n var1) throws s {
                                       ^
  symbol:   class g
  location: class a
recovery/normalized-src-vf/l1r/an/PBMessageALL3.java:716: error: cannot find symbol
      public static PBMessageALL3.a a(a.h var0) throws IOException {
                                       ^
  symbol:   class h
  location: class a
recovery/normalized-src-vf/l1r/an/PBMessageALL3.java:720: error: cannot find symbol
      public static PBMessageALL3.a a(a.h var0, n var1) throws IOException {
                                       ^
  symbol:   class h
  location: class a
recovery/normalized-src-vf/l1r/an/PBMessageALL3.java:740: error: cannot find symbol
      protected PBMessageALL3.a.a a(a.p.b var1) {
                                     ^
  symbol:   class p
  location: class a
recovery/normalized-src-vf/l1r/an/PBMessageALL3.java:746: error: cannot find symbol
      public a.y.a O() {
              ^
  symbol:   class y
  location: class a
recovery/normalized-src-vf/l1r/an/PBMessageALL3.java:770: error: cannot find symbol
      protected x.a b(a.p.b var1) {
                       ^
  symbol:   class p
  location: class a
recovery/normalized-src-vf/l1r/an/PBMessageALL3.java:776: error: cannot find symbol
      public a.y.a P() {
              ^
  symbol:   class y
  location: class a
recovery/normalized-src-vf/l1r/an/PBMessageALL3.java:787: error: cannot find symbol
      a(a.h var1, n var2, PBMessageALL3.a var3) throws s {
         ^
  symbol:   class h
  location: class a
recovery/normalized-src-vf/l1r/an/PBMessageALL3.java:796: error: class a is already defined in class PBMessageALL3
      public static final class a extends p.a<PBMessageALL3.a.a> implements PBMessageALL3.b {
                          ^
recovery/normalized-src-vf/l1r/an/PBMessageALL4.java:165: error: cannot find symbol
   public static final class a extends p implements PBMessageALL4.b {
                                                                 ^
  symbol:   class b
  location: class PBMessageALL4
recovery/normalized-src-vf/l1r/an/PBMessageALL4.java:240: error: cannot find symbol
      private a(a.h var1, n var2) throws s {
                 ^
  symbol:   class h
  location: class a
recovery/normalized-src-vf/l1r/an/PBMessageALL4.java:335: error: cannot find symbol
      protected a.p.g l() {
                 ^
  symbol:   class p
  location: class a
recovery/normalized-src-vf/l1r/an/PBMessageALL4.java:524: error: cannot find symbol
      public void a(a.i var1) throws IOException {
                     ^
  symbol:   class i
  location: class a
recovery/normalized-src-vf/l1r/an/PBMessageALL4.java:667: error: cannot find symbol
      public static PBMessageALL4.a a(a.g var0) throws s {
                                       ^
  symbol:   class g
  location: class a
recovery/normalized-src-vf/l1r/an/PBMessageALL4.java:671: error: cannot find symbol
      public static PBMessageALL4.a a(a.g var0, n var1) throws s {
                                       ^
  symbol:   class g
  location: class a
recovery/normalized-src-vf/l1r/an/PBMessageALL4.java:699: error: cannot find symbol
      public static PBMessageALL4.a a(a.h var0) throws IOException {
                                       ^
  symbol:   class h
  location: class a
recovery/normalized-src-vf/l1r/an/PBMessageALL4.java:703: error: cannot find symbol
      public static PBMessageALL4.a a(a.h var0, n var1) throws IOException {
                                       ^
  symbol:   class h
  location: class a
recovery/normalized-src-vf/l1r/an/PBMessageALL4.java:723: error: cannot find symbol
      protected PBMessageALL4.a.a a(a.p.b var1) {
                                     ^
  symbol:   class p
  location: class a
recovery/normalized-src-vf/l1r/an/PBMessageALL4.java:729: error: cannot find symbol
      public a.y.a O() {
              ^
  symbol:   class y
  location: class a
recovery/normalized-src-vf/l1r/an/PBMessageALL4.java:753: error: cannot find symbol
      protected x.a b(a.p.b var1) {
                       ^
  symbol:   class p
  location: class a
recovery/normalized-src-vf/l1r/an/PBMessageALL4.java:759: error: cannot find symbol
      public a.y.a P() {
              ^
  symbol:   class y
  location: class a
recovery/normalized-src-vf/l1r/an/PBMessageALL4.java:770: error: cannot find symbol
      a(a.h var1, n var2, PBMessageALL4.a var3) throws s {
         ^
  symbol:   class h
  location: class a
recovery/normalized-src-vf/l1r/an/PBMessageALL4.java:779: error: class a is already defined in class PBMessageALL4
      public static final class a extends p.a<PBMessageALL4.a.a> implements PBMessageALL4.b {
                          ^
recovery/normalized-src-vf/l1r/an/PBMessageALL5.java:165: error: cannot find symbol
   public static final class a extends p implements PBMessageALL5.b {
                                                                 ^
  symbol:   class b
  location: class PBMessageALL5
recovery/normalized-src-vf/l1r/an/PBMessageALL5.java:187: error: cannot find symbol
      private List<a.g> x;
                    ^
  symbol:   class g
  location: class a
recovery/normalized-src-vf/l1r/an/PBMessageALL5.java:240: error: cannot find symbol
      private a(a.h var1, n var2) throws s {
                 ^
  symbol:   class h
  location: class a
recovery/normalized-src-vf/l1r/an/PBMessageALL5.java:343: error: cannot find symbol
      protected a.p.g l() {
                 ^
  symbol:   class p
  location: class a
recovery/normalized-src-vf/l1r/an/PBMessageALL5.java:383: error: cannot find symbol
      public List<a.g> u() {
                   ^
  symbol:   class g
  location: class a
recovery/normalized-src-vf/l1r/an/PBMessageALL5.java:393: error: cannot find symbol
      public a.g a(int var1) {
              ^
  symbol:   class g
  location: class a
recovery/normalized-src-vf/l1r/an/PBMessageALL5.java:537: error: cannot find symbol
      public void a(a.i var1) throws IOException {
                     ^
  symbol:   class i
  location: class a
recovery/normalized-src-vf/l1r/an/PBMessageALL5.java:684: error: cannot find symbol
      public static PBMessageALL5.a a(a.g var0) throws s {
                                       ^
  symbol:   class g
  location: class a
recovery/normalized-src-vf/l1r/an/PBMessageALL5.java:688: error: cannot find symbol
      public static PBMessageALL5.a a(a.g var0, n var1) throws s {
                                       ^
  symbol:   class g
  location: class a
recovery/normalized-src-vf/l1r/an/PBMessageALL5.java:716: error: cannot find symbol
      public static PBMessageALL5.a a(a.h var0) throws IOException {
                                       ^
  symbol:   class h
  location: class a
recovery/normalized-src-vf/l1r/an/PBMessageALL5.java:720: error: cannot find symbol
      public static PBMessageALL5.a a(a.h var0, n var1) throws IOException {
                                       ^
  symbol:   class h
  location: class a
recovery/normalized-src-vf/l1r/an/PBMessageALL5.java:740: error: cannot find symbol
      protected PBMessageALL5.a.a a(a.p.b var1) {
                                     ^
  symbol:   class p
  location: class a
recovery/normalized-src-vf/l1r/an/PBMessageALL5.java:746: error: cannot find symbol
      public a.y.a O() {
              ^
  symbol:   class y
  location: class a
recovery/normalized-src-vf/l1r/an/PBMessageALL5.java:770: error: cannot find symbol
      protected x.a b(a.p.b var1) {
                       ^
  symbol:   class p
  location: class a
recovery/normalized-src-vf/l1r/an/PBMessageALL5.java:776: error: cannot find symbol
      public a.y.a P() {
              ^
  symbol:   class y
  location: class a
recovery/normalized-src-vf/l1r/an/PBMessageALL5.java:787: error: cannot find symbol
      a(a.h var1, n var2, PBMessageALL5.a var3) throws s {
         ^
  symbol:   class h
  location: class a
recovery/normalized-src-vf/l1r/an/PBMessageALL5.java:796: error: class a is already defined in class PBMessageALL5
      public static final class a extends p.a<PBMessageALL5.a.a> implements PBMessageALL5.b {
                          ^
recovery/normalized-src-vf/l1r/an/PBMessageALL6.java:165: error: cannot find symbol
   public static final class a extends p implements PBMessageALL6.b {
                                                                 ^
  symbol:   class b
  location: class PBMessageALL6
recovery/normalized-src-vf/l1r/an/PBMessageALL6.java:185: error: cannot find symbol
      private a.g w;
               ^
  symbol:   class g
  location: class a
recovery/normalized-src-vf/l1r/an/PBMessageALL6.java:187: error: cannot find symbol
      private a.g x;
               ^
  symbol:   class g
  location: class a
recovery/normalized-src-vf/l1r/an/PBMessageALL6.java:240: error: cannot find symbol
      private a(a.h var1, n var2) throws s {
                 ^
  symbol:   class h
  location: class a
recovery/normalized-src-vf/l1r/an/PBMessageALL6.java:335: error: cannot find symbol
      protected a.p.g l() {
                 ^
  symbol:   class p
  location: class a
recovery/normalized-src-vf/l1r/an/PBMessageALL6.java:370: error: cannot find symbol
      public a.g t() {
              ^
  symbol:   class g
  location: class a
recovery/normalized-src-vf/l1r/an/PBMessageALL6.java:380: error: cannot find symbol
      public a.g v() {
              ^
  symbol:   class g
  location: class a
recovery/normalized-src-vf/l1r/an/PBMessageALL6.java:524: error: cannot find symbol
      public void a(a.i var1) throws IOException {
                     ^
  symbol:   class i
  location: class a
recovery/normalized-src-vf/l1r/an/PBMessageALL6.java:667: error: cannot find symbol
      public static PBMessageALL6.a a(a.g var0) throws s {
                                       ^
  symbol:   class g
  location: class a
recovery/normalized-src-vf/l1r/an/PBMessageALL6.java:671: error: cannot find symbol
      public static PBMessageALL6.a a(a.g var0, n var1) throws s {
                                       ^
  symbol:   class g
  location: class a
recovery/normalized-src-vf/l1r/an/PBMessageALL6.java:699: error: cannot find symbol
      public static PBMessageALL6.a a(a.h var0) throws IOException {
                                       ^
  symbol:   class h
  location: class a
recovery/normalized-src-vf/l1r/an/PBMessageALL6.java:703: error: cannot find symbol
      public static PBMessageALL6.a a(a.h var0, n var1) throws IOException {
                                       ^
  symbol:   class h
  location: class a
recovery/normalized-src-vf/l1r/an/PBMessageALL6.java:723: error: cannot find symbol
      protected PBMessageALL6.a.a a(a.p.b var1) {
                                     ^
  symbol:   class p
  location: class a
recovery/normalized-src-vf/l1r/an/PBMessageALL6.java:729: error: cannot find symbol
      public a.y.a O() {
              ^
  symbol:   class y
  location: class a
recovery/normalized-src-vf/l1r/an/PBMessageALL6.java:753: error: cannot find symbol
      protected x.a b(a.p.b var1) {
                       ^
  symbol:   class p
  location: class a
recovery/normalized-src-vf/l1r/an/PBMessageALL6.java:759: error: cannot find symbol
      public a.y.a P() {
              ^
  symbol:   class y
  location: class a
recovery/normalized-src-vf/l1r/an/PBMessageALL6.java:770: error: cannot find symbol
      a(a.h var1, n var2, PBMessageALL6.a var3) throws s {
         ^
  symbol:   class h
  location: class a
recovery/normalized-src-vf/l1r/an/PBMessageALL6.java:779: error: class a is already defined in class PBMessageALL6
      public static final class a extends p.a<PBMessageALL6.a.a> implements PBMessageALL6.b {
                          ^
recovery/normalized-src-vf/l1r/an/PBMessageALL7.java:171: error: cannot find symbol
   public static final class a extends p implements PBMessageALL7.b {
                                                                 ^
  symbol:   class b
  location: class PBMessageALL7
recovery/normalized-src-vf/l1r/an/PBMessageALL7.java:246: error: cannot find symbol
      private a(a.h var1, n var2) throws s {
                 ^
  symbol:   class h
  location: class a
recovery/normalized-src-vf/l1r/an/PBMessageALL7.java:365: error: cannot find symbol
      protected a.p.g l() {
                 ^
  symbol:   class p
  location: class a
recovery/normalized-src-vf/l1r/an/PBMessageALL7.java:559: error: cannot find symbol
      public void a(a.i var1) throws IOException {
                     ^
  symbol:   class i
  location: class a
recovery/normalized-src-vf/l1r/an/PBMessageALL7.java:706: error: cannot find symbol
      public static PBMessageALL7.a a(a.g var0) throws s {
                                       ^
  symbol:   class g
  location: class a
recovery/normalized-src-vf/l1r/an/PBMessageALL7.java:710: error: cannot find symbol
      public static PBMessageALL7.a a(a.g var0, n var1) throws s {
                                       ^
  symbol:   class g
  location: class a
recovery/normalized-src-vf/l1r/an/PBMessageALL7.java:738: error: cannot find symbol
      public static PBMessageALL7.a a(a.h var0) throws IOException {
                                       ^
  symbol:   class h
  location: class a
recovery/normalized-src-vf/l1r/an/PBMessageALL7.java:742: error: cannot find symbol
      public static PBMessageALL7.a a(a.h var0, n var1) throws IOException {
                                       ^
  symbol:   class h
  location: class a
recovery/normalized-src-vf/l1r/an/PBMessageALL7.java:762: error: cannot find symbol
      protected PBMessageALL7.a.a a(a.p.b var1) {
                                     ^
  symbol:   class p
  location: class a
recovery/normalized-src-vf/l1r/an/PBMessageALL7.java:768: error: cannot find symbol
      public a.y.a O() {
              ^
  symbol:   class y
  location: class a
recovery/normalized-src-vf/l1r/an/PBMessageALL7.java:792: error: cannot find symbol
      protected x.a b(a.p.b var1) {
                       ^
  symbol:   class p
  location: class a
recovery/normalized-src-vf/l1r/an/PBMessageALL7.java:798: error: cannot find symbol
      public a.y.a P() {
              ^
  symbol:   class y
  location: class a
recovery/normalized-src-vf/l1r/an/PBMessageALL7.java:809: error: cannot find symbol
      a(a.h var1, n var2, PBMessageALL7.a var3) throws s {
         ^
  symbol:   class h
  location: class a
recovery/normalized-src-vf/l1r/an/PBMessageALL7.java:818: error: class a is already defined in class PBMessageALL7
      public static final class a extends p.a<PBMessageALL7.a.a> implements PBMessageALL7.b {
                          ^
recovery/normalized-src-vf/l1r/an/PBMessageALL8.java:165: error: cannot find symbol
   public static final class a extends p implements PBMessageALL8.b {
                                                                 ^
  symbol:   class b
  location: class PBMessageALL8
recovery/normalized-src-vf/l1r/an/PBMessageALL8.java:185: error: cannot find symbol
      private List<a.g> w;
                    ^
  symbol:   class g
  location: class a
recovery/normalized-src-vf/l1r/an/PBMessageALL8.java:187: error: cannot find symbol
      private List<a.g> x;
                    ^
  symbol:   class g
  location: class a
recovery/normalized-src-vf/l1r/an/PBMessageALL8.java:240: error: cannot find symbol
      private a(a.h var1, n var2) throws s {
                 ^
  symbol:   class h
  location: class a
recovery/normalized-src-vf/l1r/an/PBMessageALL8.java:351: error: cannot find symbol
      protected a.p.g l() {
                 ^
  symbol:   class p
  location: class a
recovery/normalized-src-vf/l1r/an/PBMessageALL8.java:381: error: cannot find symbol
      public List<a.g> s() {
                   ^
  symbol:   class g
  location: class a
recovery/normalized-src-vf/l1r/an/PBMessageALL8.java:391: error: cannot find symbol
      public a.g a(int var1) {
              ^
  symbol:   class g
  location: class a
recovery/normalized-src-vf/l1r/an/PBMessageALL8.java:396: error: cannot find symbol
      public List<a.g> u() {
                   ^
  symbol:   class g
  location: class a
recovery/normalized-src-vf/l1r/an/PBMessageALL8.java:406: error: cannot find symbol
      public a.g b(int var1) {
              ^
  symbol:   class g
  location: class a
recovery/normalized-src-vf/l1r/an/PBMessageALL8.java:550: error: cannot find symbol
      public void a(a.i var1) throws IOException {
                     ^
  symbol:   class i
  location: class a
recovery/normalized-src-vf/l1r/an/PBMessageALL8.java:701: error: cannot find symbol
      public static PBMessageALL8.a a(a.g var0) throws s {
                                       ^
  symbol:   class g
  location: class a
recovery/normalized-src-vf/l1r/an/PBMessageALL8.java:705: error: cannot find symbol
      public static PBMessageALL8.a a(a.g var0, n var1) throws s {
                                       ^
  symbol:   class g
  location: class a
recovery/normalized-src-vf/l1r/an/PBMessageALL8.java:733: error: cannot find symbol
      public static PBMessageALL8.a a(a.h var0) throws IOException {
                                       ^
  symbol:   class h
  location: class a
recovery/normalized-src-vf/l1r/an/PBMessageALL8.java:737: error: cannot find symbol
      public static PBMessageALL8.a a(a.h var0, n var1) throws IOException {
                                       ^
  symbol:   class h
  location: class a
recovery/normalized-src-vf/l1r/an/PBMessageALL8.java:757: error: cannot find symbol
      protected PBMessageALL8.a.a a(a.p.b var1) {
                                     ^
  symbol:   class p
  location: class a
recovery/normalized-src-vf/l1r/an/PBMessageALL8.java:763: error: cannot find symbol
      public a.y.a O() {
              ^
  symbol:   class y
  location: class a
recovery/normalized-src-vf/l1r/an/PBMessageALL8.java:787: error: cannot find symbol
      protected x.a b(a.p.b var1) {
                       ^
  symbol:   class p
  location: class a
recovery/normalized-src-vf/l1r/an/PBMessageALL8.java:793: error: cannot find symbol
      public a.y.a P() {
              ^
  symbol:   class y
  location: class a
recovery/normalized-src-vf/l1r/an/PBMessageALL8.java:804: error: cannot find symbol
      a(a.h var1, n var2, PBMessageALL8.a var3) throws s {
         ^
  symbol:   class h
  location: class a
recovery/normalized-src-vf/l1r/an/PBMessageALL8.java:813: error: class a is already defined in class PBMessageALL8
      public static final class a extends p.a<PBMessageALL8.a.a> implements PBMessageALL8.b {
                          ^
recovery/normalized-src-vf/l1r/an/PBMessageALL9.java:112: error: cannot find symbol
   public static final class a extends p implements PBMessageALL9.b {
                                                                 ^
  symbol:   class b
  location: class PBMessageALL9
recovery/normalized-src-vf/l1r/an/PBMessageALL9.java:136: error: cannot find symbol
      private a.g s;
               ^
  symbol:   class g
  location: class a
recovery/normalized-src-vf/l1r/an/PBMessageALL9.java:138: error: cannot find symbol
      private List<a.g> t;
                    ^
  symbol:   class g
  location: class a
recovery/normalized-src-vf/l1r/an/PBMessageALL9.java:175: error: cannot find symbol
      private a(a.h var1, n var2) throws s {
                 ^
  symbol:   class h
  location: class a
recovery/normalized-src-vf/l1r/an/PBMessageALL9.java:254: error: cannot find symbol
      protected a.p.g l() {
                 ^
  symbol:   class p
  location: class a
recovery/normalized-src-vf/l1r/an/PBMessageALL9.java:309: error: cannot find symbol
      public a.g x() {
              ^
  symbol:   class g
  location: class a
recovery/normalized-src-vf/l1r/an/PBMessageALL9.java:314: error: cannot find symbol
      public List<a.g> y() {
                   ^
  symbol:   class g
  location: class a
recovery/normalized-src-vf/l1r/an/PBMessageALL9.java:324: error: cannot find symbol
      public a.g a(int var1) {
              ^
  symbol:   class g
  location: class a
recovery/normalized-src-vf/l1r/an/PBMessageALL9.java:481: error: cannot find symbol
      public static PBMessageALL9.a a(a.g var0) throws s {
                                       ^
  symbol:   class g
  location: class a
recovery/normalized-src-vf/l1r/an/PBMessageALL9.java:485: error: cannot find symbol
      public static PBMessageALL9.a a(a.g var0, n var1) throws s {
                                       ^
  symbol:   class g
  location: class a
recovery/normalized-src-vf/l1r/an/PBMessageALL9.java:513: error: cannot find symbol
      public static PBMessageALL9.a a(a.h var0) throws IOException {
                                       ^
  symbol:   class h
  location: class a
recovery/normalized-src-vf/l1r/an/PBMessageALL9.java:517: error: cannot find symbol
      public static PBMessageALL9.a a(a.h var0, n var1) throws IOException {
                                       ^
  symbol:   class h
  location: class a
recovery/normalized-src-vf/l1r/an/PBMessageALL9.java:537: error: cannot find symbol
      protected PBMessageALL9.a.a a(a.p.b var1) {
                                     ^
  symbol:   class p
  location: class a
recovery/normalized-src-vf/l1r/an/PBMessageALL9.java:543: error: cannot find symbol
      public a.y.a O() {
              ^
  symbol:   class y
  location: class a
recovery/normalized-src-vf/l1r/an/PBMessageALL9.java:567: error: cannot find symbol
      protected x.a b(a.p.b var1) {
                       ^
  symbol:   class p
  location: class a
recovery/normalized-src-vf/l1r/an/PBMessageALL9.java:573: error: cannot find symbol
      public a.y.a P() {
              ^
  symbol:   class y
  location: class a
recovery/normalized-src-vf/l1r/an/PBMessageALL9.java:584: error: cannot find symbol
      a(a.h var1, n var2, PBMessageALL9.a var3) throws s {
         ^
  symbol:   class h
  location: class a
recovery/normalized-src-vf/l1r/an/PBMessageALL9.java:593: error: class a is already defined in class PBMessageALL9
      public static final class a extends p.a<PBMessageALL9.a.a> implements PBMessageALL9.b {
                          ^
recovery/normalized-src-vf/l1r/bh/L1Account.java:15: error: cannot find symbol
import sun.misc.BASE64Encoder;
               ^
  symbol:   class BASE64Encoder
  location: package sun.misc
recovery/normalized-src-vf/l1r/aj/C_Login.java:9: error: package javl1r.ax.L1MapArearypto does not exist
import javl1r.ax.L1MapArearypto.Cipher;
                               ^
recovery/normalized-src-vf/l1r/an/PBMessageALL4.java:5935: error: cannot find symbol
      private List<a.g> u;
                    ^
  symbol:   class g
  location: class a
recovery/normalized-src-vf/l1r/an/PBMessageALL4.java:5937: error: cannot find symbol
      private List<a.g> v;
                    ^
  symbol:   class g
  location: class a
recovery/normalized-src-vf/l1r/an/PBMessageALL4.java:5994: error: cannot find symbol
      private i(a.h var1, n var2) throws s {
                 ^
  symbol:   class h
  location: class a
recovery/normalized-src-vf/l1r/an/PBMessageALL4.java:6105: error: cannot find symbol
      protected a.p.g l() {
                 ^
  symbol:   class p
  location: class a
recovery/normalized-src-vf/l1r/an/PBMessageALL4.java:6115: error: cannot find symbol
      public List<a.g> o() {
                   ^
  symbol:   class g
  location: class a
recovery/normalized-src-vf/l1r/an/PBMessageALL4.java:6125: error: cannot find symbol
      public a.g a(int var1) {
              ^
  symbol:   class g
  location: class a
recovery/normalized-src-vf/l1r/an/PBMessageALL4.java:6130: error: cannot find symbol
      public List<a.g> q() {
                   ^
  symbol:   class g
  location: class a
recovery/normalized-src-vf/l1r/an/PBMessageALL4.java:6140: error: cannot find symbol
      public a.g b(int var1) {
              ^
  symbol:   class g
  location: class a
recovery/normalized-src-vf/l1r/an/PBMessageALL4.java:6304: error: cannot find symbol
      public void a(a.i var1) throws IOException {
                     ^
  symbol:   class i
  location: class a
recovery/normalized-src-vf/l1r/an/PBMessageALL4.java:6456: error: cannot find symbol
      public static PBMessageALL4.i a(a.g var0) throws s {
                                       ^
  symbol:   class g
  location: class a
recovery/normalized-src-vf/l1r/an/PBMessageALL4.java:6460: error: cannot find symbol
      public static PBMessageALL4.i a(a.g var0, n var1) throws s {
                                       ^
  symbol:   class g
  location: class a
recovery/normalized-src-vf/l1r/an/PBMessageALL4.java:6488: error: cannot find symbol
      public static PBMessageALL4.i a(a.h var0) throws IOException {
                                       ^
  symbol:   class h
  location: class a
recovery/normalized-src-vf/l1r/an/PBMessageALL4.java:6492: error: cannot find symbol
      public static PBMessageALL4.i a(a.h var0, n var1) throws IOException {
                                       ^
  symbol:   class h
  location: class a
recovery/normalized-src-vf/l1r/an/PBMessageALL4.java:6512: error: cannot find symbol
      protected PBMessageALL4.i.a a(a.p.b var1) {
                                     ^
  symbol:   class p
  location: class a
recovery/normalized-src-vf/l1r/an/PBMessageALL4.java:6518: error: cannot find symbol
      public a.y.a O() {
              ^
  symbol:   class y
  location: class a
recovery/normalized-src-vf/l1r/an/PBMessageALL4.java:6542: error: cannot find symbol
      protected x.a b(a.p.b var1) {
                       ^
  symbol:   class p
  location: class a
recovery/normalized-src-vf/l1r/an/PBMessageALL4.java:6548: error: cannot find symbol
      public a.y.a P() {
              ^
  symbol:   class y
  location: class a
recovery/normalized-src-vf/l1r/an/PBMessageALL4.java:6559: error: cannot find symbol
      i(a.h var1, n var2, PBMessageALL4.i var3) throws s {
         ^
  symbol:   class h
  location: class a
recovery/normalized-src-vf/l1r/an/PBMessageALL4.java:6570: error: cannot find symbol
         private List<a.g> b = Collections.emptyList();
                       ^
  symbol:   class g
  location: class a
recovery/normalized-src-vf/l1r/an/PBMessageALL4.java:6571: error: cannot find symbol
         private List<a.g> c = Collections.emptyList();
                       ^
  symbol:   class g
  location: class a
recovery/normalized-src-vf/l1r/an/PBMessageALL4.java:6591: error: cannot find symbol
         protected a.p.g l() {
                    ^
  symbol:   class p
  location: class a
recovery/normalized-src-vf/l1r/an/PBMessageALL4.java:6599: error: cannot find symbol
         private a(a.p.b var1) {
                    ^
  symbol:   class p
  location: class a
recovery/normalized-src-vf/l1r/an/PBMessageALL4.java:6854: error: cannot find symbol
         public PBMessageALL4.i.a e(a.h var1, n var2) throws IOException {
                                     ^
  symbol:   class h
  location: class a
recovery/normalized-src-vf/l1r/an/PBMessageALL4.java:6879: error: cannot find symbol
         public List<a.g> o() {
                      ^
  symbol:   class g
  location: class a
recovery/normalized-src-vf/l1r/an/PBMessageALL4.java:6889: error: cannot find symbol
         public a.g a(int var1) {
                 ^
  symbol:   class g
  location: class a
recovery/normalized-src-vf/l1r/an/PBMessageALL4.java:6893: error: cannot find symbol
         public PBMessageALL4.i.a a(int var1, a.g var2) {
                                               ^
  symbol:   class g
  location: class a
recovery/normalized-src-vf/l1r/an/PBMessageALL4.java:6904: error: cannot find symbol
         public PBMessageALL4.i.a e(a.g var1) {
                                     ^
  symbol:   class g
  location: class a
recovery/normalized-src-vf/l1r/an/PBMessageALL4.java:6915: error: cannot find symbol
         public PBMessageALL4.i.a a(Iterable<? extends a.g> var1) {
                                                        ^
  symbol:   class g
  location: class a
recovery/normalized-src-vf/l1r/an/PBMessageALL4.java:6937: error: cannot find symbol
         public List<a.g> q() {
                      ^
  symbol:   class g
  location: class a
recovery/normalized-src-vf/l1r/an/PBMessageALL4.java:6947: error: cannot find symbol
         public a.g b(int var1) {
                 ^
  symbol:   class g
  location: class a
recovery/normalized-src-vf/l1r/an/PBMessageALL4.java:6951: error: cannot find symbol
         public PBMessageALL4.i.a b(int var1, a.g var2) {
                                               ^
  symbol:   class g
  location: class a
recovery/normalized-src-vf/l1r/an/PBMessageALL4.java:6962: error: cannot find symbol
         public PBMessageALL4.i.a f(a.g var1) {
                                     ^
  symbol:   class g
  location: class a
recovery/normalized-src-vf/l1r/an/PBMessageALL4.java:6973: error: cannot find symbol
         public PBMessageALL4.i.a b(Iterable<? extends a.g> var1) {
                                                        ^
  symbol:   class g
  location: class a
recovery/normalized-src-vf/l1r/an/PBMessageALL4.java:7331: error: cannot find symbol
         public y.a c(a.h var1, n var2) throws IOException {
                       ^
  symbol:   class h
  location: class a
recovery/normalized-src-vf/l1r/an/PBMessageALL4.java:7337: error: cannot find symbol
         public x.a d(a.h var1, n var2) throws IOException {
                       ^
  symbol:   class h
  location: class a
recovery/normalized-src-vf/l1r/an/PBMessageALL4.java:7343: error: cannot find symbol
         public a.a.a a(a.h var1, n var2) throws IOException {
                         ^
  symbol:   class h
  location: class a
recovery/normalized-src-vf/l1r/an/PBMessageALL4.java:7343: error: a.p.a.a has private access in a.p.a
         public a.a.a a(a.h var1, n var2) throws IOException {
                 ^
recovery/normalized-src-vf/l1r/an/PBMessageALL4.java:7355: error: a.p.a.a has private access in a.p.a
         public a.a.a a(x var1) {
                 ^
recovery/normalized-src-vf/l1r/an/PBMessageALL4.java:7402: error: cannot find symbol
         a(a.p.b var1, PBMessageALL4.i.a var2) {
            ^
  symbol:   class p
  location: class a
recovery/normalized-src-vf/l1r/an/PBMessageALL.java:803: error: cannot find symbol
         protected a.p.g l() {
                    ^
  symbol:   class p
  location: class a
recovery/normalized-src-vf/l1r/an/PBMessageALL.java:811: error: cannot find symbol
         private a(a.p.b var1) {
                    ^
  symbol:   class p
  location: class a
recovery/normalized-src-vf/l1r/an/PBMessageALL.java:1048: error: cannot find symbol
         public PBMessageALL.a.a e(a.h var1, n var2) throws IOException {
                                    ^
  symbol:   class h
  location: class a
recovery/normalized-src-vf/l1r/an/PBMessageALL.java:1457: error: cannot find symbol
         public y.a c(a.h var1, n var2) throws IOException {
                       ^
  symbol:   class h
  location: class a
recovery/normalized-src-vf/l1r/an/PBMessageALL.java:1463: error: cannot find symbol
         public x.a d(a.h var1, n var2) throws IOException {
                       ^
  symbol:   class h
  location: class a
recovery/normalized-src-vf/l1r/an/PBMessageALL.java:1469: error: cannot find symbol
         public a.a.a a(a.h var1, n var2) throws IOException {
                         ^
  symbol:   class h
  location: class a
recovery/normalized-src-vf/l1r/an/PBMessageALL.java:1469: error: a.p.a.a has private access in a.p.a
         public a.a.a a(a.h var1, n var2) throws IOException {
                 ^
recovery/normalized-src-vf/l1r/an/PBMessageALL.java:1481: error: a.p.a.a has private access in a.p.a
         public a.a.a a(x var1) {
                 ^
recovery/normalized-src-vf/l1r/an/PBMessageALL.java:1528: error: cannot find symbol
         a(a.p.b var1, PBMessageALL.a.a var2) {
            ^
  symbol:   class p
  location: class a
recovery/normalized-src-vf/l1r/an/PBMessageALL.java:1616: error: cannot find symbol
      private List<a.g> w;
                    ^
  symbol:   class g
  location: class a
recovery/normalized-src-vf/l1r/an/PBMessageALL.java:1671: error: cannot find symbol
      private c(a.h var1, n var2) throws s {
                 ^
  symbol:   class h
  location: class a
recovery/normalized-src-vf/l1r/an/PBMessageALL.java:1774: error: cannot find symbol
      protected a.p.g l() {
                 ^
  symbol:   class p
  location: class a
recovery/normalized-src-vf/l1r/an/PBMessageALL.java:1804: error: cannot find symbol
      public List<a.g> s() {
                   ^
  symbol:   class g
  location: class a
recovery/normalized-src-vf/l1r/an/PBMessageALL.java:1814: error: cannot find symbol
      public a.g a(int var1) {
              ^
  symbol:   class g
  location: class a
recovery/normalized-src-vf/l1r/an/PBMessageALL.java:1968: error: cannot find symbol
      public void a(a.i var1) throws IOException {
                     ^
  symbol:   class i
  location: class a
recovery/normalized-src-vf/l1r/an/PBMessageALL.java:2115: error: cannot find symbol
      public static PBMessageALL.c a(a.g var0) throws s {
                                      ^
  symbol:   class g
  location: class a
recovery/normalized-src-vf/l1r/an/PBMessageALL.java:2119: error: cannot find symbol
      public static PBMessageALL.c a(a.g var0, n var1) throws s {
                                      ^
  symbol:   class g
  location: class a
recovery/normalized-src-vf/l1r/an/PBMessageALL.java:2147: error: cannot find symbol
      public static PBMessageALL.c a(a.h var0) throws IOException {
                                      ^
  symbol:   class h
  location: class a
recovery/normalized-src-vf/l1r/an/PBMessageALL.java:2151: error: cannot find symbol
      public static PBMessageALL.c a(a.h var0, n var1) throws IOException {
                                      ^
  symbol:   class h
  location: class a
recovery/normalized-src-vf/l1r/an/PBMessageALL.java:2171: error: cannot find symbol
      protected PBMessageALL.c.a a(a.p.b var1) {
                                    ^
  symbol:   class p
  location: class a
recovery/normalized-src-vf/l1r/an/PBMessageALL.java:2177: error: cannot find symbol
      public a.y.a O() {
              ^
  symbol:   class y
  location: class a
recovery/normalized-src-vf/l1r/an/PBMessageALL.java:2201: error: cannot find symbol
      protected x.a b(a.p.b var1) {
                       ^
  symbol:   class p
  location: class a
recovery/normalized-src-vf/l1r/an/PBMessageALL.java:2207: error: cannot find symbol
      public a.y.a P() {
              ^
  symbol:   class y
  location: class a
recovery/normalized-src-vf/l1r/an/PBMessageALL.java:2218: error: cannot find symbol
      c(a.h var1, n var2, PBMessageALL.c var3) throws s {
         ^
  symbol:   class h
  location: class a
recovery/normalized-src-vf/l1r/an/PBMessageALL.java:2231: error: cannot find symbol
         private List<a.g> d = Collections.emptyList();
                       ^
  symbol:   class g
  location: class a
recovery/normalized-src-vf/l1r/an/PBMessageALL.java:2250: error: cannot find symbol
         protected a.p.g l() {
                    ^
  symbol:   class p
  location: class a
recovery/normalized-src-vf/l1r/an/PBMessageALL.java:2258: error: cannot find symbol
         private a(a.p.b var1) {
                    ^
  symbol:   class p
  location: class a
recovery/normalized-src-vf/l1r/an/PBMessageALL.java:2504: error: cannot find symbol
         public PBMessageALL.c.a e(a.h var1, n var2) throws IOException {
                                    ^
  symbol:   class h
  location: class a
recovery/normalized-src-vf/l1r/an/PBMessageALL.java:2577: error: cannot find symbol
         public List<a.g> s() {
                      ^
  symbol:   class g
  location: class a
recovery/normalized-src-vf/l1r/an/PBMessageALL.java:2587: error: cannot find symbol
         public a.g a(int var1) {
                 ^
  symbol:   class g
  location: class a
recovery/normalized-src-vf/l1r/an/PBMessageALL.java:2591: error: cannot find symbol
         public PBMessageALL.c.a a(int var1, a.g var2) {
                                              ^
  symbol:   class g
  location: class a
recovery/normalized-src-vf/l1r/an/PBMessageALL.java:2602: error: cannot find symbol
         public PBMessageALL.c.a e(a.g var1) {
                                    ^
  symbol:   class g
  location: class a
recovery/normalized-src-vf/l1r/an/PBMessageALL.java:2613: error: cannot find symbol
         public PBMessageALL.c.a a(Iterable<? extends a.g> var1) {
                                                       ^
  symbol:   class g
  location: class a
recovery/normalized-src-vf/l1r/an/PBMessageALL.java:2947: error: cannot find symbol
         public y.a c(a.h var1, n var2) throws IOException {
                       ^
  symbol:   class h
  location: class a
recovery/normalized-src-vf/l1r/an/PBMessageALL.java:2953: error: cannot find symbol
         public x.a d(a.h var1, n var2) throws IOException {
                       ^
  symbol:   class h
  location: class a
recovery/normalized-src-vf/l1r/an/PBMessageALL.java:2959: error: cannot find symbol
         public a.a.a a(a.h var1, n var2) throws IOException {
                         ^
  symbol:   class h
  location: class a
recovery/normalized-src-vf/l1r/an/PBMessageALL.java:2959: error: a.p.a.a has private access in a.p.a
         public a.a.a a(a.h var1, n var2) throws IOException {
                 ^
recovery/normalized-src-vf/l1r/an/PBMessageALL.java:2971: error: a.p.a.a has private access in a.p.a
         public a.a.a a(x var1) {
                 ^
recovery/normalized-src-vf/l1r/an/PBMessageALL.java:3018: error: cannot find symbol
         a(a.p.b var1, PBMessageALL.c.a var2) {
            ^
  symbol:   class p
  location: class a
recovery/normalized-src-vf/l1r/an/PBMessageALL.java:3118: error: cannot find symbol
      private a.g C;
               ^
  symbol:   class g
  location: class a
recovery/normalized-src-vf/l1r/an/PBMessageALL.java:3126: error: cannot find symbol
      private a.g G;
               ^
  symbol:   class g
  location: class a
recovery/normalized-src-vf/l1r/an/PBMessageALL.java:3128: error: cannot find symbol
      private a.g H;
               ^
  symbol:   class g
  location: class a
recovery/normalized-src-vf/l1r/an/PBMessageALL.java:3165: error: cannot find symbol
      private e(a.h var1, n var2) throws s {
                 ^
  symbol:   class h
  location: class a
recovery/normalized-src-vf/l1r/an/PBMessageALL.java:3264: error: cannot find symbol
      protected a.p.g l() {
                 ^
  symbol:   class p
  location: class a
recovery/normalized-src-vf/l1r/an/PBMessageALL.java:3349: error: cannot find symbol
      public a.g D() {
              ^
  symbol:   class g
  location: class a
recovery/normalized-src-vf/l1r/an/PBMessageALL.java:3389: error: cannot find symbol
      public a.g T() {
              ^
  symbol:   class g
  location: class a
recovery/normalized-src-vf/l1r/an/PBMessageALL.java:3399: error: cannot find symbol
      public a.g V() {
              ^
  symbol:   class g
  location: class a
recovery/normalized-src-vf/l1r/an/PBMessageALL.java:3464: error: cannot find symbol
      public void a(a.i var1) throws IOException {
                     ^
  symbol:   class i
  location: class a
recovery/normalized-src-vf/l1r/an/PBMessageALL.java:3615: error: cannot find symbol
      public static PBMessageALL.e a(a.g var0) throws s {
                                      ^
  symbol:   class g
  location: class a
recovery/normalized-src-vf/l1r/an/PBMessageALL.java:3619: error: cannot find symbol
      public static PBMessageALL.e a(a.g var0, n var1) throws s {
                                      ^
  symbol:   class g
  location: class a
recovery/normalized-src-vf/l1r/an/PBMessageALL.java:3647: error: cannot find symbol
      public static PBMessageALL.e a(a.h var0) throws IOException {
                                      ^
  symbol:   class h
  location: class a
recovery/normalized-src-vf/l1r/an/PBMessageALL.java:3651: error: cannot find symbol
      public static PBMessageALL.e a(a.h var0, n var1) throws IOException {
                                      ^
  symbol:   class h
  location: class a
recovery/normalized-src-vf/l1r/an/PBMessageALL.java:3671: error: cannot find symbol
      protected PBMessageALL.e.a a(a.p.b var1) {
                                    ^
  symbol:   class p
  location: class a
recovery/normalized-src-vf/l1r/an/PBMessageALL.java:3677: error: cannot find symbol
      public a.y.a O() {
              ^
  symbol:   class y
  location: class a
recovery/normalized-src-vf/l1r/an/PBMessageALL.java:3701: error: cannot find symbol
      protected x.a b(a.p.b var1) {
                       ^
  symbol:   class p
  location: class a
recovery/normalized-src-vf/l1r/an/PBMessageALL.java:3707: error: cannot find symbol
      public a.y.a P() {
              ^
  symbol:   class y
  location: class a
recovery/normalized-src-vf/l1r/an/PBMessageALL.java:3718: error: cannot find symbol
      e(a.h var1, n var2, PBMessageALL.e var3) throws s {
         ^
  symbol:   class h
  location: class a
recovery/normalized-src-vf/l1r/an/PBMessageALL.java:3736: error: cannot find symbol
         private a.g i = a.g.d;
                  ^
  symbol:   class g
  location: class a
recovery/normalized-src-vf/l1r/an/PBMessageALL.java:3740: error: cannot find symbol
         private a.g m = a.g.d;
                  ^
  symbol:   class g
  location: class a
recovery/normalized-src-vf/l1r/an/PBMessageALL.java:3741: error: cannot find symbol
         private a.g n = a.g.d;
                  ^
  symbol:   class g
  location: class a
recovery/normalized-src-vf/l1r/an/PBMessageALL.java:3751: error: cannot find symbol
         protected a.p.g l() {
                    ^
  symbol:   class p
  location: class a
recovery/normalized-src-vf/l1r/an/PBMessageALL.java:3759: error: cannot find symbol
         private a(a.p.b var1) {
                    ^
  symbol:   class p
  location: class a
recovery/normalized-src-vf/l1r/an/PBMessageALL.java:4007: error: cannot find symbol
         public PBMessageALL.e.a e(a.h var1, n var2) throws IOException {
                                    ^
  symbol:   class h
  location: class a
recovery/normalized-src-vf/l1r/an/PBMessageALL.java:4198: error: cannot find symbol
         public a.g D() {
                 ^
  symbol:   class g
  location: class a
recovery/normalized-src-vf/l1r/an/PBMessageALL.java:4202: error: cannot find symbol
         public PBMessageALL.e.a e(a.g var1) {
                                    ^
  symbol:   class g
  location: class a
recovery/normalized-src-vf/l1r/an/PBMessageALL.java:4298: error: cannot find symbol
         public a.g T() {
                 ^
  symbol:   class g
  location: class a
recovery/normalized-src-vf/l1r/an/PBMessageALL.java:4302: error: cannot find symbol
         public PBMessageALL.e.a f(a.g var1) {
                                    ^
  symbol:   class g
  location: class a
recovery/normalized-src-vf/l1r/an/PBMessageALL.java:4326: error: cannot find symbol
         public a.g V() {
                 ^
  symbol:   class g
  location: class a
recovery/normalized-src-vf/l1r/an/PBMessageALL.java:4330: error: cannot find symbol
         public PBMessageALL.e.a g(a.g var1) {
                                    ^
  symbol:   class g
  location: class a
recovery/normalized-src-vf/l1r/an/PBMessageALL.java:4452: error: cannot find symbol
         public y.a c(a.h var1, n var2) throws IOException {
                       ^
  symbol:   class h
  location: class a
recovery/normalized-src-vf/l1r/an/PBMessageALL.java:4458: error: cannot find symbol
         public x.a d(a.h var1, n var2) throws IOException {
                       ^
  symbol:   class h
  location: class a
recovery/normalized-src-vf/l1r/an/PBMessageALL.java:4464: error: cannot find symbol
         public a.a.a a(a.h var1, n var2) throws IOException {
                         ^
  symbol:   class h
  location: class a
recovery/normalized-src-vf/l1r/an/PBMessageALL.java:4464: error: a.p.a.a has private access in a.p.a
         public a.a.a a(a.h var1, n var2) throws IOException {
                 ^
recovery/normalized-src-vf/l1r/an/PBMessageALL.java:4476: error: a.p.a.a has private access in a.p.a
         public a.a.a a(x var1) {
                 ^
recovery/normalized-src-vf/l1r/an/PBMessageALL.java:4523: error: cannot find symbol
         a(a.p.b var1, PBMessageALL.e.a var2) {
            ^
  symbol:   class p
  location: class a
recovery/normalized-src-vf/l1r/an/PBMessageALL.java:4611: error: cannot find symbol
      private a.g u;
               ^
  symbol:   class g
  location: class a
recovery/normalized-src-vf/l1r/an/PBMessageALL.java:4613: error: cannot find symbol
      private a.g v;
               ^
  symbol:   class g
  location: class a
recovery/normalized-src-vf/l1r/an/PBMessageALL.java:4619: error: cannot find symbol
      private a.g y;
               ^
  symbol:   class g
  location: class a
recovery/normalized-src-vf/l1r/an/PBMessageALL.java:4621: error: cannot find symbol
      private a.g z;
               ^
  symbol:   class g
  location: class a
recovery/normalized-src-vf/l1r/an/PBMessageALL.java:4623: error: cannot find symbol
      private a.g A;
               ^
  symbol:   class g
  location: class a
recovery/normalized-src-vf/l1r/an/PBMessageALL.java:4670: error: cannot find symbol
      private g(a.h var1, n var2) throws s {
                 ^
  symbol:   class h
  location: class a
recovery/normalized-src-vf/l1r/an/PBMessageALL.java:4765: error: cannot find symbol
      protected a.p.g l() {
                 ^
  symbol:   class p
  location: class a
recovery/normalized-src-vf/l1r/an/PBMessageALL.java:4780: error: cannot find symbol
      public a.g p() {
              ^
  symbol:   class g
  location: class a
recovery/normalized-src-vf/l1r/an/PBMessageALL.java:4790: error: cannot find symbol
      public a.g r() {
              ^
  symbol:   class g
  location: class a
recovery/normalized-src-vf/l1r/an/PBMessageALL.java:4820: error: cannot find symbol
      public a.g x() {
              ^
  symbol:   class g
  location: class a
recovery/normalized-src-vf/l1r/an/PBMessageALL.java:4830: error: cannot find symbol
      public a.g z() {
              ^
  symbol:   class g
  location: class a
recovery/normalized-src-vf/l1r/an/PBMessageALL.java:4840: error: cannot find symbol
      public a.g B() {
              ^
  symbol:   class g
  location: class a
recovery/normalized-src-vf/l1r/an/PBMessageALL.java:4954: error: cannot find symbol
      public void a(a.i var1) throws IOException {
                     ^
  symbol:   class i
  location: class a
recovery/normalized-src-vf/l1r/an/PBMessageALL.java:5097: error: cannot find symbol
      public static PBMessageALL.g a(a.g var0) throws s {
                                      ^
  symbol:   class g
  location: class a
recovery/normalized-src-vf/l1r/an/PBMessageALL.java:5101: error: cannot find symbol
      public static PBMessageALL.g a(a.g var0, n var1) throws s {
                                      ^
  symbol:   class g
  location: class a
recovery/normalized-src-vf/l1r/an/PBMessageALL.java:5129: error: cannot find symbol
      public static PBMessageALL.g a(a.h var0) throws IOException {
                                      ^
  symbol:   class h
  location: class a
recovery/normalized-src-vf/l1r/an/PBMessageALL.java:5133: error: cannot find symbol
      public static PBMessageALL.g a(a.h var0, n var1) throws IOException {
                                      ^
  symbol:   class h
  location: class a
recovery/normalized-src-vf/l1r/an/PBMessageALL.java:5153: error: cannot find symbol
      protected PBMessageALL.g.a a(a.p.b var1) {
                                    ^
  symbol:   class p
  location: class a
recovery/normalized-src-vf/l1r/an/PBMessageALL.java:5159: error: cannot find symbol
      public a.y.a O() {
              ^
  symbol:   class y
  location: class a
recovery/normalized-src-vf/l1r/an/PBMessageALL.java:5183: error: cannot find symbol
      protected x.a b(a.p.b var1) {
                       ^
  symbol:   class p
  location: class a
recovery/normalized-src-vf/l1r/an/PBMessageALL.java:5189: error: cannot find symbol
      public a.y.a P() {
              ^
  symbol:   class y
  location: class a
recovery/normalized-src-vf/l1r/an/PBMessageALL.java:5200: error: cannot find symbol
      g(a.h var1, n var2, PBMessageALL.g var3) throws s {
         ^
  symbol:   class h
  location: class a
recovery/normalized-src-vf/l1r/an/PBMessageALL.java:5211: error: cannot find symbol
         private a.g b = a.g.d;
                  ^
  symbol:   class g
  location: class a
recovery/normalized-src-vf/l1r/an/PBMessageALL.java:5212: error: cannot find symbol
         private a.g c = a.g.d;
                  ^
  symbol:   class g
  location: class a
recovery/normalized-src-vf/l1r/an/PBMessageALL.java:5215: error: cannot find symbol
         private a.g f = a.g.d;
                  ^
  symbol:   class g
  location: class a
recovery/normalized-src-vf/l1r/an/PBMessageALL.java:5216: error: cannot find symbol
         private a.g g = a.g.d;
                  ^
  symbol:   class g
  location: class a
recovery/normalized-src-vf/l1r/an/PBMessageALL.java:5217: error: cannot find symbol
         private a.g h = a.g.d;
                  ^
  symbol:   class g
  location: class a
recovery/normalized-src-vf/l1r/an/PBMessageALL.java:5232: error: cannot find symbol
         protected a.p.g l() {
                    ^
  symbol:   class p
  location: class a
recovery/normalized-src-vf/l1r/an/PBMessageALL.java:5240: error: cannot find symbol
         private a(a.p.b var1) {
                    ^
  symbol:   class p
  location: class a
recovery/normalized-src-vf/l1r/an/PBMessageALL.java:5477: error: cannot find symbol
         public PBMessageALL.g.a e(a.h var1, n var2) throws IOException {
                                    ^
  symbol:   class h
  location: class a
recovery/normalized-src-vf/l1r/an/PBMessageALL.java:5500: error: cannot find symbol
         public a.g p() {
                 ^
  symbol:   class g
  location: class a
recovery/normalized-src-vf/l1r/an/PBMessageALL.java:5504: error: cannot find symbol
         public PBMessageALL.g.a e(a.g var1) {
                                    ^
  symbol:   class g
  location: class a
recovery/normalized-src-vf/l1r/an/PBMessageALL.java:5528: error: cannot find symbol
         public a.g r() {
                 ^
  symbol:   class g
  location: class a
recovery/normalized-src-vf/l1r/an/PBMessageALL.java:5532: error: cannot find symbol
         public PBMessageALL.g.a f(a.g var1) {
                                    ^
  symbol:   class g
  location: class a
recovery/normalized-src-vf/l1r/an/PBMessageALL.java:5604: error: cannot find symbol
         public a.g x() {
                 ^
  symbol:   class g
  location: class a
recovery/normalized-src-vf/l1r/an/PBMessageALL.java:5608: error: cannot find symbol
         public PBMessageALL.g.a g(a.g var1) {
                                    ^
  symbol:   class g
  location: class a
recovery/normalized-src-vf/l1r/an/PBMessageALL.java:5632: error: cannot find symbol
         public a.g z() {
                 ^
  symbol:   class g
  location: class a
recovery/normalized-src-vf/l1r/an/PBMessageALL.java:5636: error: cannot find symbol
         public PBMessageALL.g.a h(a.g var1) {
                                    ^
  symbol:   class g
  location: class a
recovery/normalized-src-vf/l1r/an/PBMessageALL.java:5660: error: cannot find symbol
         public a.g B() {
                 ^
  symbol:   class g
  location: class a
recovery/normalized-src-vf/l1r/an/PBMessageALL.java:5664: error: cannot find symbol
         public PBMessageALL.g.a i(a.g var1) {
                                    ^
  symbol:   class g
  location: class a
recovery/normalized-src-vf/l1r/an/PBMessageALL.java:5906: error: cannot find symbol
         public y.a c(a.h var1, n var2) throws IOException {
                       ^
  symbol:   class h
  location: class a
recovery/normalized-src-vf/l1r/an/PBMessageALL.java:5912: error: cannot find symbol
         public x.a d(a.h var1, n var2) throws IOException {
                       ^
  symbol:   class h
  location: class a
recovery/normalized-src-vf/l1r/an/PBMessageALL.java:5918: error: cannot find symbol
         public a.a.a a(a.h var1, n var2) throws IOException {
                         ^
  symbol:   class h
  location: class a
recovery/normalized-src-vf/l1r/an/PBMessageALL.java:5918: error: a.p.a.a has private access in a.p.a
         public a.a.a a(a.h var1, n var2) throws IOException {
                 ^
recovery/normalized-src-vf/l1r/an/PBMessageALL.java:5930: error: a.p.a.a has private access in a.p.a
         public a.a.a a(x var1) {
                 ^
recovery/normalized-src-vf/l1r/an/PBMessageALL.java:5977: error: cannot find symbol
         a(a.p.b var1, PBMessageALL.g.a var2) {
            ^
  symbol:   class p
  location: class a
recovery/normalized-src-vf/l1r/an/PBMessageALL.java:6061: error: cannot find symbol
      private a.g u;
               ^
  symbol:   class g
  location: class a
recovery/normalized-src-vf/l1r/an/PBMessageALL.java:6063: error: cannot find symbol
      private a.g v;
               ^
  symbol:   class g
  location: class a
recovery/normalized-src-vf/l1r/an/PBMessageALL.java:6120: error: cannot find symbol
      private i(a.h var1, n var2) throws s {
                 ^
  symbol:   class h
  location: class a
recovery/normalized-src-vf/l1r/an/PBMessageALL.java:6215: error: cannot find symbol
      protected a.p.g l() {
                 ^
  symbol:   class p
  location: class a
recovery/normalized-src-vf/l1r/an/PBMessageALL.java:6230: error: cannot find symbol
      public a.g p() {
              ^
  symbol:   class g
  location: class a
recovery/normalized-src-vf/l1r/an/PBMessageALL.java:6240: error: cannot find symbol
      public a.g r() {
              ^
  symbol:   class g
  location: class a
recovery/normalized-src-vf/l1r/an/PBMessageALL.java:6404: error: cannot find symbol
      public void a(a.i var1) throws IOException {
                     ^
  symbol:   class i
  location: class a
recovery/normalized-src-vf/l1r/an/PBMessageALL.java:6547: error: cannot find symbol
      public static PBMessageALL.i a(a.g var0) throws s {
                                      ^
  symbol:   class g
  location: class a
recovery/normalized-src-vf/l1r/an/PBMessageALL.java:6551: error: cannot find symbol
      public static PBMessageALL.i a(a.g var0, n var1) throws s {
                                      ^
  symbol:   class g
  location: class a
recovery/normalized-src-vf/l1r/an/PBMessageALL.java:6579: error: cannot find symbol
      public static PBMessageALL.i a(a.h var0) throws IOException {
                                      ^
  symbol:   class h
  location: class a
recovery/normalized-src-vf/l1r/an/PBMessageALL.java:6583: error: cannot find symbol
      public static PBMessageALL.i a(a.h var0, n var1) throws IOException {
                                      ^
  symbol:   class h
  location: class a
recovery/normalized-src-vf/l1r/an/PBMessageALL.java:6603: error: cannot find symbol
      protected PBMessageALL.i.a a(a.p.b var1) {
                                    ^
  symbol:   class p
  location: class a
recovery/normalized-src-vf/l1r/an/PBMessageALL.java:6609: error: cannot find symbol
      public a.y.a O() {
              ^
  symbol:   class y
  location: class a
recovery/normalized-src-vf/l1r/an/PBMessageALL.java:6633: error: cannot find symbol
      protected x.a b(a.p.b var1) {
                       ^
  symbol:   class p
  location: class a
recovery/normalized-src-vf/l1r/an/PBMessageALL.java:6639: error: cannot find symbol
      public a.y.a P() {
              ^
  symbol:   class y
  location: class a
recovery/normalized-src-vf/l1r/an/PBMessageALL.java:6650: error: cannot find symbol
      i(a.h var1, n var2, PBMessageALL.i var3) throws s {
         ^
  symbol:   class h
  location: class a
recovery/normalized-src-vf/l1r/an/PBMessageALL.java:6661: error: cannot find symbol
         private a.g b = a.g.d;
                  ^
  symbol:   class g
  location: class a
recovery/normalized-src-vf/l1r/an/PBMessageALL.java:6662: error: cannot find symbol
         private a.g c = a.g.d;
                  ^
  symbol:   class g
  location: class a
recovery/normalized-src-vf/l1r/an/PBMessageALL.java:6682: error: cannot find symbol
         protected a.p.g l() {
                    ^
  symbol:   class p
  location: class a
recovery/normalized-src-vf/l1r/an/PBMessageALL.java:6690: error: cannot find symbol
         private a(a.p.b var1) {
                    ^
  symbol:   class p
  location: class a
recovery/normalized-src-vf/l1r/an/PBMessageALL.java:6927: error: cannot find symbol
         public PBMessageALL.i.a e(a.h var1, n var2) throws IOException {
                                    ^
  symbol:   class h
  location: class a
recovery/normalized-src-vf/l1r/an/PBMessageALL.java:6950: error: cannot find symbol
         public a.g p() {
                 ^
  symbol:   class g
  location: class a
recovery/normalized-src-vf/l1r/an/PBMessageALL.java:6954: error: cannot find symbol
         public PBMessageALL.i.a e(a.g var1) {
                                    ^
  symbol:   class g
  location: class a
recovery/normalized-src-vf/l1r/an/PBMessageALL.java:6978: error: cannot find symbol
         public a.g r() {
                 ^
  symbol:   class g
  location: class a
recovery/normalized-src-vf/l1r/an/PBMessageALL.java:6982: error: cannot find symbol
         public PBMessageALL.i.a f(a.g var1) {
                                    ^
  symbol:   class g
  location: class a
recovery/normalized-src-vf/l1r/an/PBMessageALL.java:7344: error: cannot find symbol
         public y.a c(a.h var1, n var2) throws IOException {
                       ^
  symbol:   class h
  location: class a
recovery/normalized-src-vf/l1r/an/PBMessageALL.java:7350: error: cannot find symbol
         public x.a d(a.h var1, n var2) throws IOException {
                       ^
  symbol:   class h
  location: class a
recovery/normalized-src-vf/l1r/an/PBMessageALL.java:7356: error: cannot find symbol
         public a.a.a a(a.h var1, n var2) throws IOException {
                         ^
  symbol:   class h
  location: class a
recovery/normalized-src-vf/l1r/an/PBMessageALL.java:7356: error: a.p.a.a has private access in a.p.a
         public a.a.a a(a.h var1, n var2) throws IOException {
                 ^
recovery/normalized-src-vf/l1r/an/PBMessageALL.java:7368: error: a.p.a.a has private access in a.p.a
         public a.a.a a(x var1) {
                 ^
recovery/normalized-src-vf/l1r/an/PBMessageALL.java:7415: error: cannot find symbol
         a(a.p.b var1, PBMessageALL.i.a var2) {
            ^
  symbol:   class p
  location: class a
recovery/normalized-src-vf/l1r/an/PBMessageALL2.java:540: error: cannot find symbol
         private a.g f = a.g.d;
                  ^
  symbol:   class g
  location: class a
recovery/normalized-src-vf/l1r/an/PBMessageALL2.java:547: error: cannot find symbol
         protected a.p.g l() {
                    ^
  symbol:   class p
  location: class a
recovery/normalized-src-vf/l1r/an/PBMessageALL2.java:555: error: cannot find symbol
         private a(a.p.b var1) {
                    ^
  symbol:   class p
  location: class a
recovery/normalized-src-vf/l1r/an/PBMessageALL2.java:682: error: cannot find symbol
         public PBMessageALL2.a.a e(a.h var1, n var2) throws IOException {
                                     ^
  symbol:   class h
  location: class a
recovery/normalized-src-vf/l1r/an/PBMessageALL2.java:801: error: cannot find symbol
         public a.g x() {
                 ^
  symbol:   class g
  location: class a
recovery/normalized-src-vf/l1r/an/PBMessageALL2.java:805: error: cannot find symbol
         public PBMessageALL2.a.a e(a.g var1) {
                                     ^
  symbol:   class g
  location: class a
recovery/normalized-src-vf/l1r/an/PBMessageALL2.java:855: error: cannot find symbol
         public y.a c(a.h var1, n var2) throws IOException {
                       ^
  symbol:   class h
  location: class a
recovery/normalized-src-vf/l1r/an/PBMessageALL2.java:861: error: cannot find symbol
         public x.a d(a.h var1, n var2) throws IOException {
                       ^
  symbol:   class h
  location: class a
recovery/normalized-src-vf/l1r/an/PBMessageALL2.java:867: error: cannot find symbol
         public a.a.a a(a.h var1, n var2) throws IOException {
                         ^
  symbol:   class h
  location: class a
recovery/normalized-src-vf/l1r/an/PBMessageALL2.java:867: error: a.p.a.a has private access in a.p.a
         public a.a.a a(a.h var1, n var2) throws IOException {
                 ^
recovery/normalized-src-vf/l1r/an/PBMessageALL2.java:879: error: a.p.a.a has private access in a.p.a
         public a.a.a a(x var1) {
                 ^
recovery/normalized-src-vf/l1r/an/PBMessageALL2.java:926: error: cannot find symbol
         a(a.p.b var1, PBMessageALL2.a.a var2) {
            ^
  symbol:   class p
  location: class a
recovery/normalized-src-vf/l1r/an/PBMessageALL2.java:1003: error: cannot find symbol
      private c(a.h var1, n var2) throws s {
                 ^
  symbol:   class h
  location: class a
recovery/normalized-src-vf/l1r/an/PBMessageALL2.java:1070: error: cannot find symbol
      protected a.p.g l() {
                 ^
  symbol:   class p
  location: class a
recovery/normalized-src-vf/l1r/an/PBMessageALL2.java:1121: error: cannot find symbol
      public void a(a.i var1) throws IOException {
                     ^
  symbol:   class i
  location: class a
recovery/normalized-src-vf/l1r/an/PBMessageALL2.java:1164: error: cannot find symbol
      public static PBMessageALL2.c a(a.g var0) throws s {
                                       ^
  symbol:   class g
  location: class a
recovery/normalized-src-vf/l1r/an/PBMessageALL2.java:1168: error: cannot find symbol
      public static PBMessageALL2.c a(a.g var0, n var1) throws s {
                                       ^
  symbol:   class g
  location: class a
recovery/normalized-src-vf/l1r/an/PBMessageALL2.java:1196: error: cannot find symbol
      public static PBMessageALL2.c a(a.h var0) throws IOException {
                                       ^
  symbol:   class h
  location: class a
recovery/normalized-src-vf/l1r/an/PBMessageALL2.java:1200: error: cannot find symbol
      public static PBMessageALL2.c a(a.h var0, n var1) throws IOException {
                                       ^
  symbol:   class h
  location: class a
recovery/normalized-src-vf/l1r/an/PBMessageALL2.java:1220: error: cannot find symbol
      protected PBMessageALL2.c.a a(a.p.b var1) {
                                     ^
  symbol:   class p
  location: class a
recovery/normalized-src-vf/l1r/an/PBMessageALL2.java:1226: error: cannot find symbol
      protected x.a b(a.p.b var1) {
                       ^
  symbol:   class p
  location: class a
recovery/normalized-src-vf/l1r/an/PBMessageALL2.java:1232: error: cannot find symbol
      public a.y.a P() {
              ^
  symbol:   class y
  location: class a
recovery/normalized-src-vf/l1r/an/PBMessageALL2.java:1256: error: cannot find symbol
      public a.y.a O() {
              ^
  symbol:   class y
  location: class a
recovery/normalized-src-vf/l1r/an/PBMessageALL2.java:1267: error: cannot find symbol
      c(a.h var1, n var2, PBMessageALL2.c var3) throws s {
         ^
  symbol:   class h
  location: class a
recovery/normalized-src-vf/l1r/an/PBMessageALL2.java:1286: error: cannot find symbol
         protected a.p.g l() {
                    ^
  symbol:   class p
  location: class a
recovery/normalized-src-vf/l1r/an/PBMessageALL2.java:1294: error: cannot find symbol
         private a(a.p.b var1) {
                    ^
  symbol:   class p
  location: class a
recovery/normalized-src-vf/l1r/an/PBMessageALL2.java:1397: error: cannot find symbol
         public PBMessageALL2.c.a e(a.h var1, n var2) throws IOException {
                                     ^
  symbol:   class h
  location: class a
recovery/normalized-src-vf/l1r/an/PBMessageALL2.java:1526: error: cannot find symbol
         public y.a c(a.h var1, n var2) throws IOException {
                       ^
  symbol:   class h
  location: class a
recovery/normalized-src-vf/l1r/an/PBMessageALL2.java:1532: error: cannot find symbol
         public x.a d(a.h var1, n var2) throws IOException {
                       ^
  symbol:   class h
  location: class a
recovery/normalized-src-vf/l1r/an/PBMessageALL2.java:1538: error: cannot find symbol
         public a.a.a a(a.h var1, n var2) throws IOException {
                         ^
  symbol:   class h
  location: class a
recovery/normalized-src-vf/l1r/an/PBMessageALL2.java:1538: error: a.p.a.a has private access in a.p.a
         public a.a.a a(a.h var1, n var2) throws IOException {
                 ^
recovery/normalized-src-vf/l1r/an/PBMessageALL2.java:1550: error: a.p.a.a has private access in a.p.a
         public a.a.a a(x var1) {
                 ^
recovery/normalized-src-vf/l1r/an/PBMessageALL2.java:1591: error: cannot find symbol
         a(a.p.b var1, PBMessageALL2.c.a var2) {
            ^
  symbol:   class p
  location: class a
recovery/normalized-src-vf/l1r/an/PBMessageALL2.java:1642: error: cannot find symbol
      private a.g W;
               ^
  symbol:   class g
  location: class a
recovery/normalized-src-vf/l1r/an/PBMessageALL2.java:1644: error: cannot find symbol
      private a.g X;
               ^
  symbol:   class g
  location: class a
recovery/normalized-src-vf/l1r/an/PBMessageALL2.java:1664: error: cannot find symbol
      private a.g ah;
               ^
  symbol:   class g
  location: class a
recovery/normalized-src-vf/l1r/an/PBMessageALL2.java:1666: error: cannot find symbol
      private a.g ai;
               ^
  symbol:   class g
  location: class a
recovery/normalized-src-vf/l1r/an/PBMessageALL2.java:1674: error: cannot find symbol
      private a.g am;
               ^
  symbol:   class g
  location: class a
recovery/normalized-src-vf/l1r/an/PBMessageALL2.java:1723: error: cannot find symbol
      private e(a.h var1, n var2) throws s {
                 ^
  symbol:   class h
  location: class a
recovery/normalized-src-vf/l1r/an/PBMessageALL2.java:1895: error: cannot find symbol
      protected a.p.g l() {
                 ^
  symbol:   class p
  location: class a
recovery/normalized-src-vf/l1r/an/PBMessageALL2.java:1990: error: cannot find symbol
      public a.g F() {
              ^
  symbol:   class g
  location: class a
recovery/normalized-src-vf/l1r/an/PBMessageALL2.java:2000: error: cannot find symbol
      public a.g H() {
              ^
  symbol:   class g
  location: class a
recovery/normalized-src-vf/l1r/an/PBMessageALL2.java:2100: error: cannot find symbol
      public a.g m_() {
              ^
  symbol:   class g
  location: class a
recovery/normalized-src-vf/l1r/an/PBMessageALL2.java:2110: error: cannot find symbol
      public a.g an() {
              ^
  symbol:   class g
  location: class a
recovery/normalized-src-vf/l1r/an/PBMessageALL2.java:2150: error: cannot find symbol
      public a.g av() {
              ^
  symbol:   class g
  location: class a
recovery/normalized-src-vf/l1r/an/PBMessageALL2.java:2293: error: cannot find symbol
      public void a(a.i var1) throws IOException {
                     ^
  symbol:   class i
  location: class a
recovery/normalized-src-vf/l1r/an/PBMessageALL2.java:2588: error: cannot find symbol
      public static PBMessageALL2.e a(a.g var0) throws s {
                                       ^
  symbol:   class g
  location: class a
recovery/normalized-src-vf/l1r/an/PBMessageALL2.java:2592: error: cannot find symbol
      public static PBMessageALL2.e a(a.g var0, n var1) throws s {
                                       ^
  symbol:   class g
  location: class a
recovery/normalized-src-vf/l1r/an/PBMessageALL2.java:2620: error: cannot find symbol
      public static PBMessageALL2.e a(a.h var0) throws IOException {
                                       ^
  symbol:   class h
  location: class a
recovery/normalized-src-vf/l1r/an/PBMessageALL2.java:2624: error: cannot find symbol
      public static PBMessageALL2.e a(a.h var0, n var1) throws IOException {
                                       ^
  symbol:   class h
  location: class a
recovery/normalized-src-vf/l1r/an/PBMessageALL2.java:2644: error: cannot find symbol
      protected PBMessageALL2.e.a a(a.p.b var1) {
                                     ^
  symbol:   class p
  location: class a
recovery/normalized-src-vf/l1r/an/PBMessageALL2.java:2650: error: cannot find symbol
      public a.y.a O() {
              ^
  symbol:   class y
  location: class a
recovery/normalized-src-vf/l1r/an/PBMessageALL2.java:2662: error: cannot find symbol
      protected x.a b(a.p.b var1) {
                       ^
  symbol:   class p
  location: class a
recovery/normalized-src-vf/l1r/an/PBMessageALL2.java:2668: error: cannot find symbol
      public a.y.a P() {
              ^
  symbol:   class y
  location: class a
recovery/normalized-src-vf/l1r/an/PBMessageALL2.java:2691: error: cannot find symbol
      e(a.h var1, n var2, PBMessageALL2.e var3) throws s {
         ^
  symbol:   class h
  location: class a
recovery/normalized-src-vf/l1r/an/PBMessageALL2.java:2711: error: cannot find symbol
         private a.g k = a.g.d;
                  ^
  symbol:   class g
  location: class a
recovery/normalized-src-vf/l1r/an/PBMessageALL2.java:2712: error: cannot find symbol
         private a.g l = a.g.d;
                  ^
  symbol:   class g
  location: class a
recovery/normalized-src-vf/l1r/an/PBMessageALL2.java:2722: error: cannot find symbol
         private a.g v = a.g.d;
                  ^
  symbol:   class g
  location: class a
recovery/normalized-src-vf/l1r/an/PBMessageALL2.java:2723: error: cannot find symbol
         private a.g w = a.g.d;
                  ^
  symbol:   class g
  location: class a
recovery/normalized-src-vf/l1r/an/PBMessageALL2.java:2727: error: cannot find symbol
         private a.g A = a.g.d;
                  ^
  symbol:   class g
  location: class a
recovery/normalized-src-vf/l1r/an/PBMessageALL2.java:2743: error: cannot find symbol
         protected a.p.g l() {
                    ^
  symbol:   class p
  location: class a
recovery/normalized-src-vf/l1r/an/PBMessageALL2.java:2751: error: cannot find symbol
         private a(a.p.b var1) {
                    ^
  symbol:   class p
  location: class a
recovery/normalized-src-vf/l1r/an/PBMessageALL2.java:3200: error: cannot find symbol
         public PBMessageALL2.e.a e(a.h var1, n var2) throws IOException {
                                     ^
  symbol:   class h
  location: class a
recovery/normalized-src-vf/l1r/an/PBMessageALL2.java:3415: error: cannot find symbol
         public a.g F() {
                 ^
  symbol:   class g
  location: class a
recovery/normalized-src-vf/l1r/an/PBMessageALL2.java:3419: error: cannot find symbol
         public PBMessageALL2.e.a e(a.g var1) {
                                     ^
  symbol:   class g
  location: class a
recovery/normalized-src-vf/l1r/an/PBMessageALL2.java:3443: error: cannot find symbol
         public a.g H() {
                 ^
  symbol:   class g
  location: class a
recovery/normalized-src-vf/l1r/an/PBMessageALL2.java:3447: error: cannot find symbol
         public PBMessageALL2.e.a f(a.g var1) {
                                     ^
  symbol:   class g
  location: class a
recovery/normalized-src-vf/l1r/an/PBMessageALL2.java:3687: error: cannot find symbol
         public a.g m_() {
                 ^
  symbol:   class g
  location: class a
recovery/normalized-src-vf/l1r/an/PBMessageALL2.java:3691: error: cannot find symbol
         public PBMessageALL2.e.a g(a.g var1) {
                                     ^
  symbol:   class g
  location: class a
recovery/normalized-src-vf/l1r/an/PBMessageALL2.java:3715: error: cannot find symbol
         public a.g an() {
                 ^
  symbol:   class g
  location: class a
recovery/normalized-src-vf/l1r/an/PBMessageALL2.java:3719: error: cannot find symbol
         public PBMessageALL2.e.a h(a.g var1) {
                                     ^
  symbol:   class g
  location: class a
recovery/normalized-src-vf/l1r/an/PBMessageALL2.java:3815: error: cannot find symbol
         public a.g av() {
                 ^
  symbol:   class g
  location: class a
recovery/normalized-src-vf/l1r/an/PBMessageALL2.java:3819: error: cannot find symbol
         public PBMessageALL2.e.a i(a.g var1) {
                                     ^
  symbol:   class g
  location: class a
recovery/normalized-src-vf/l1r/an/PBMessageALL2.java:4073: error: cannot find symbol
         public y.a c(a.h var1, n var2) throws IOException {
                       ^
  symbol:   class h
  location: class a
recovery/normalized-src-vf/l1r/an/PBMessageALL2.java:4079: error: cannot find symbol
         public x.a d(a.h var1, n var2) throws IOException {
                       ^
  symbol:   class h
  location: class a
recovery/normalized-src-vf/l1r/an/PBMessageALL2.java:4085: error: cannot find symbol
         public a.a.a a(a.h var1, n var2) throws IOException {
                         ^
  symbol:   class h
  location: class a
recovery/normalized-src-vf/l1r/an/PBMessageALL2.java:4085: error: a.p.a.a has private access in a.p.a
         public a.a.a a(a.h var1, n var2) throws IOException {
                 ^
recovery/normalized-src-vf/l1r/an/PBMessageALL2.java:4097: error: a.p.a.a has private access in a.p.a
         public a.a.a a(x var1) {
                 ^
recovery/normalized-src-vf/l1r/an/PBMessageALL2.java:4156: error: cannot find symbol
         a(a.p.b var1, PBMessageALL2.e.a var2) {
            ^
  symbol:   class p
  location: class a
recovery/normalized-src-vf/l1r/an/PBMessageALL2.java:4322: error: cannot find symbol
      private a.g O;
               ^
  symbol:   class g
  location: class a
recovery/normalized-src-vf/l1r/an/PBMessageALL2.java:4324: error: cannot find symbol
      private a.g P;
               ^
  symbol:   class g
  location: class a
recovery/normalized-src-vf/l1r/an/PBMessageALL2.java:4336: error: cannot find symbol
      private List<a.g> V;
                    ^
  symbol:   class g
  location: class a
recovery/normalized-src-vf/l1r/an/PBMessageALL2.java:4409: error: cannot find symbol
      private g(a.h var1, n var2) throws s {
                 ^
  symbol:   class h
  location: class a
recovery/normalized-src-vf/l1r/an/PBMessageALL2.java:4604: error: cannot find symbol
      protected a.p.g l() {
                 ^
  symbol:   class p
  location: class a
recovery/normalized-src-vf/l1r/an/PBMessageALL2.java:4649: error: cannot find symbol
      public a.g v() {
              ^
  symbol:   class g
  location: class a
recovery/normalized-src-vf/l1r/an/PBMessageALL2.java:4659: error: cannot find symbol
      public a.g x() {
              ^
  symbol:   class g
  location: class a
recovery/normalized-src-vf/l1r/an/PBMessageALL2.java:4719: error: cannot find symbol
      public List<a.g> K() {
                   ^
  symbol:   class g
  location: class a
recovery/normalized-src-vf/l1r/an/PBMessageALL2.java:4729: error: cannot find symbol
      public a.g b(int var1) {
              ^
  symbol:   class g
  location: class a
recovery/normalized-src-vf/l1r/an/PBMessageALL2.java:4990: error: cannot find symbol
      public void a(a.i var1) throws IOException {
                     ^
  symbol:   class i
  location: class a
recovery/normalized-src-vf/l1r/an/PBMessageALL2.java:5277: error: cannot find symbol
      public static PBMessageALL2.g a(a.g var0) throws s {
                                       ^
  symbol:   class g
  location: class a
recovery/normalized-src-vf/l1r/an/PBMessageALL2.java:5281: error: cannot find symbol
      public static PBMessageALL2.g a(a.g var0, n var1) throws s {
                                       ^
  symbol:   class g
  location: class a
recovery/normalized-src-vf/l1r/an/PBMessageALL2.java:5309: error: cannot find symbol
      public static PBMessageALL2.g a(a.h var0) throws IOException {
                                       ^
  symbol:   class h
  location: class a
recovery/normalized-src-vf/l1r/an/PBMessageALL2.java:5313: error: cannot find symbol
      public static PBMessageALL2.g a(a.h var0, n var1) throws IOException {
                                       ^
  symbol:   class h
  location: class a
recovery/normalized-src-vf/l1r/an/PBMessageALL2.java:5333: error: cannot find symbol
      protected PBMessageALL2.g.a a(a.p.b var1) {
                                     ^
  symbol:   class p
  location: class a
recovery/normalized-src-vf/l1r/an/PBMessageALL2.java:5339: error: cannot find symbol
      public a.y.a O() {
              ^
  symbol:   class y
  location: class a
recovery/normalized-src-vf/l1r/an/PBMessageALL2.java:5351: error: cannot find symbol
      protected x.a b(a.p.b var1) {
                       ^
  symbol:   class p
  location: class a
recovery/normalized-src-vf/l1r/an/PBMessageALL2.java:5357: error: cannot find symbol
      public a.y.a P() {
              ^
  symbol:   class y
  location: class a
recovery/normalized-src-vf/l1r/an/PBMessageALL2.java:5380: error: cannot find symbol
      g(a.h var1, n var2, PBMessageALL2.g var3) throws s {
         ^
  symbol:   class h
  location: class a
recovery/normalized-src-vf/l1r/an/PBMessageALL2.java:5394: error: cannot find symbol
         private a.g e = a.g.d;
                  ^
  symbol:   class g
  location: class a
recovery/normalized-src-vf/l1r/an/PBMessageALL2.java:5395: error: cannot find symbol
         private a.g f = a.g.d;
                  ^
  symbol:   class g
  location: class a
recovery/normalized-src-vf/l1r/an/PBMessageALL2.java:5401: error: cannot find symbol
         private List<a.g> l = Collections.emptyList();
                       ^
  symbol:   class g
  location: class a
recovery/normalized-src-vf/l1r/an/PBMessageALL2.java:5429: error: cannot find symbol
         protected a.p.g l() {
                    ^
  symbol:   class p
  location: class a
recovery/normalized-src-vf/l1r/an/PBMessageALL2.java:5437: error: cannot find symbol
         private a(a.p.b var1) {
                    ^
  symbol:   class p
  location: class a
recovery/normalized-src-vf/l1r/an/PBMessageALL2.java:5879: error: cannot find symbol
         public PBMessageALL2.g.a e(a.h var1, n var2) throws IOException {
                                     ^
  symbol:   class h
  location: class a
recovery/normalized-src-vf/l1r/an/PBMessageALL2.java:5974: error: cannot find symbol
         public a.g v() {
                 ^
  symbol:   class g
  location: class a
recovery/normalized-src-vf/l1r/an/PBMessageALL2.java:5978: error: cannot find symbol
         public PBMessageALL2.g.a e(a.g var1) {
                                     ^
  symbol:   class g
  location: class a
recovery/normalized-src-vf/l1r/an/PBMessageALL2.java:6002: error: cannot find symbol
         public a.g x() {
                 ^
  symbol:   class g
  location: class a
recovery/normalized-src-vf/l1r/an/PBMessageALL2.java:6006: error: cannot find symbol
         public PBMessageALL2.g.a f(a.g var1) {
                                     ^
  symbol:   class g
  location: class a
recovery/normalized-src-vf/l1r/an/PBMessageALL2.java:6178: error: cannot find symbol
         public List<a.g> K() {
                      ^
  symbol:   class g
  location: class a
recovery/normalized-src-vf/l1r/an/PBMessageALL2.java:6188: error: cannot find symbol
         public a.g b(int var1) {
                 ^
  symbol:   class g
  location: class a
recovery/normalized-src-vf/l1r/an/PBMessageALL2.java:6192: error: cannot find symbol
         public PBMessageALL2.g.a a(int var1, a.g var2) {
                                               ^
  symbol:   class g
  location: class a
recovery/normalized-src-vf/l1r/an/PBMessageALL2.java:6203: error: cannot find symbol
         public PBMessageALL2.g.a g(a.g var1) {
                                     ^
  symbol:   class g
  location: class a
recovery/normalized-src-vf/l1r/an/PBMessageALL2.java:6214: error: cannot find symbol
         public PBMessageALL2.g.a b(Iterable<? extends a.g> var1) {
                                                        ^
  symbol:   class g
  location: class a
recovery/normalized-src-vf/l1r/an/PBMessageALL2.java:6752: error: cannot find symbol
         public y.a c(a.h var1, n var2) throws IOException {
                       ^
  symbol:   class h
  location: class a
recovery/normalized-src-vf/l1r/an/PBMessageALL2.java:6758: error: cannot find symbol
         public x.a d(a.h var1, n var2) throws IOException {
                       ^
  symbol:   class h
  location: class a
recovery/normalized-src-vf/l1r/an/PBMessageALL2.java:6764: error: cannot find symbol
         public a.a.a a(a.h var1, n var2) throws IOException {
                         ^
  symbol:   class h
  location: class a
recovery/normalized-src-vf/l1r/an/PBMessageALL2.java:6764: error: a.p.a.a has private access in a.p.a
         public a.a.a a(a.h var1, n var2) throws IOException {
                 ^
recovery/normalized-src-vf/l1r/an/PBMessageALL2.java:6776: error: a.p.a.a has private access in a.p.a
         public a.a.a a(x var1) {
                 ^
recovery/normalized-src-vf/l1r/an/PBMessageALL2.java:6835: error: cannot find symbol
         a(a.p.b var1, PBMessageALL2.g.a var2) {
            ^
  symbol:   class p
  location: class a
recovery/normalized-src-vf/l1r/an/PBMessageALL2.java:6995: error: cannot find symbol
      private a.g C;
               ^
  symbol:   class g
  location: class a
recovery/normalized-src-vf/l1r/an/PBMessageALL2.java:7025: error: cannot find symbol
      private a.g R;
               ^
  symbol:   class g
  location: class a
recovery/normalized-src-vf/l1r/an/PBMessageALL2.java:7031: error: cannot find symbol
      private List<a.g> U;
                    ^
  symbol:   class g
  location: class a
recovery/normalized-src-vf/l1r/an/PBMessageALL2.java:7062: error: cannot find symbol
      private i(a.h var1, n var2) throws s {
                 ^
  symbol:   class h
  location: class a
recovery/normalized-src-vf/l1r/an/PBMessageALL2.java:7189: error: cannot find symbol
      protected a.p.g l() {
                 ^
  symbol:   class p
  location: class a
recovery/normalized-src-vf/l1r/an/PBMessageALL2.java:7224: error: cannot find symbol
      public a.g t() {
              ^
  symbol:   class g
  location: class a
recovery/normalized-src-vf/l1r/an/PBMessageALL2.java:7374: error: cannot find symbol
      public a.g C_() {
              ^
  symbol:   class g
  location: class a
recovery/normalized-src-vf/l1r/an/PBMessageALL2.java:7399: error: cannot find symbol
      public List<a.g> H_() {
                   ^
  symbol:   class g
  location: class a
recovery/normalized-src-vf/l1r/an/PBMessageALL2.java:7409: error: cannot find symbol
      public a.g a(int var1) {
              ^
  symbol:   class g
  location: class a
recovery/normalized-src-vf/l1r/an/PBMessageALL2.java:7449: error: cannot find symbol
      public void a(a.i var1) throws IOException {
                     ^
  symbol:   class i
  location: class a
recovery/normalized-src-vf/l1r/an/PBMessageALL2.java:7644: error: cannot find symbol
      public static PBMessageALL2.i a(a.g var0) throws s {
                                       ^
  symbol:   class g
  location: class a
recovery/normalized-src-vf/l1r/an/PBMessageALL2.java:7648: error: cannot find symbol
      public static PBMessageALL2.i a(a.g var0, n var1) throws s {
                                       ^
  symbol:   class g
  location: class a
recovery/normalized-src-vf/l1r/an/PBMessageALL2.java:7676: error: cannot find symbol
      public static PBMessageALL2.i a(a.h var0) throws IOException {
                                       ^
  symbol:   class h
  location: class a
recovery/normalized-src-vf/l1r/an/PBMessageALL2.java:7680: error: cannot find symbol
      public static PBMessageALL2.i a(a.h var0, n var1) throws IOException {
                                       ^
  symbol:   class h
  location: class a
recovery/normalized-src-vf/l1r/an/PBMessageALL2.java:7700: error: cannot find symbol
      protected PBMessageALL2.i.a a(a.p.b var1) {
                                     ^
  symbol:   class p
  location: class a
recovery/normalized-src-vf/l1r/an/PBMessageALL2.java:7706: error: cannot find symbol
      public a.y.a O() {
              ^
  symbol:   class y
  location: class a
recovery/normalized-src-vf/l1r/an/PBMessageALL2.java:7730: error: cannot find symbol
      protected x.a b(a.p.b var1) {
                       ^
  symbol:   class p
  location: class a
recovery/normalized-src-vf/l1r/an/PBMessageALL2.java:7736: error: cannot find symbol
      public a.y.a P() {
              ^
  symbol:   class y
  location: class a
recovery/normalized-src-vf/l1r/an/PBMessageALL2.java:7747: error: cannot find symbol
      i(a.h var1, n var2, PBMessageALL2.i var3) throws s {
         ^
  symbol:   class h
  location: class a
recovery/normalized-src-vf/l1r/an/PBMessageALL2.java:7760: error: cannot find symbol
         private a.g d;
                  ^
  symbol:   class g
  location: class a
recovery/normalized-src-vf/l1r/an/PBMessageALL2.java:7775: error: cannot find symbol
         private a.g s;
                  ^
  symbol:   class g
  location: class a
recovery/normalized-src-vf/l1r/an/PBMessageALL2.java:7778: error: cannot find symbol
         private List<a.g> v;
                       ^
  symbol:   class g
  location: class a
recovery/normalized-src-vf/l1r/an/PBMessageALL2.java:7785: error: cannot find symbol
         protected a.p.g l() {
                    ^
  symbol:   class p
  location: class a
recovery/normalized-src-vf/l1r/an/PBMessageALL2.java:7796: error: cannot find symbol
         private a(a.p.b var1) {
                    ^
  symbol:   class p
  location: class a
recovery/normalized-src-vf/l1r/an/PBMessageALL2.java:8111: error: cannot find symbol
         public PBMessageALL2.i.a e(a.h var1, n var2) throws IOException {
                                     ^
  symbol:   class h
  location: class a
recovery/normalized-src-vf/l1r/an/PBMessageALL2.java:8182: error: cannot find symbol
         public a.g t() {
                 ^
  symbol:   class g
  location: class a
recovery/normalized-src-vf/l1r/an/PBMessageALL2.java:8186: error: cannot find symbol
         public PBMessageALL2.i.a e(a.g var1) {
                                     ^
  symbol:   class g
  location: class a
recovery/normalized-src-vf/l1r/an/PBMessageALL2.java:8546: error: cannot find symbol
         public a.g C_() {
                 ^
  symbol:   class g
  location: class a
recovery/normalized-src-vf/l1r/an/PBMessageALL2.java:8550: error: cannot find symbol
         public PBMessageALL2.i.a f(a.g var1) {
                                     ^
  symbol:   class g
  location: class a
recovery/normalized-src-vf/l1r/an/PBMessageALL2.java:8624: error: cannot find symbol
         public List<a.g> H_() {
                      ^
  symbol:   class g
  location: class a
recovery/normalized-src-vf/l1r/an/PBMessageALL2.java:8634: error: cannot find symbol
         public a.g a(int var1) {
                 ^
  symbol:   class g
  location: class a
recovery/normalized-src-vf/l1r/an/PBMessageALL2.java:8638: error: cannot find symbol
         public PBMessageALL2.i.a a(int var1, a.g var2) {
                                               ^
  symbol:   class g
  location: class a
recovery/normalized-src-vf/l1r/an/PBMessageALL2.java:8649: error: cannot find symbol
         public PBMessageALL2.i.a g(a.g var1) {
                                     ^
  symbol:   class g
  location: class a
recovery/normalized-src-vf/l1r/an/PBMessageALL2.java:8660: error: cannot find symbol
         public PBMessageALL2.i.a a(Iterable<? extends a.g> var1) {
                                                        ^
  symbol:   class g
  location: class a
recovery/normalized-src-vf/l1r/an/PBMessageALL2.java:8706: error: cannot find symbol
         public y.a c(a.h var1, n var2) throws IOException {
                       ^
  symbol:   class h
  location: class a
recovery/normalized-src-vf/l1r/an/PBMessageALL2.java:8712: error: cannot find symbol
         public x.a d(a.h var1, n var2) throws IOException {
                       ^
  symbol:   class h
  location: class a
recovery/normalized-src-vf/l1r/an/PBMessageALL2.java:8718: error: cannot find symbol
         public a.a.a a(a.h var1, n var2) throws IOException {
                         ^
  symbol:   class h
  location: class a
recovery/normalized-src-vf/l1r/an/PBMessageALL2.java:8718: error: a.p.a.a has private access in a.p.a
         public a.a.a a(a.h var1, n var2) throws IOException {
                 ^
recovery/normalized-src-vf/l1r/an/PBMessageALL2.java:8730: error: a.p.a.a has private access in a.p.a
         public a.a.a a(x var1) {
                 ^
recovery/normalized-src-vf/l1r/an/PBMessageALL2.java:8777: error: cannot find symbol
         a(a.p.b var1, PBMessageALL2.i.a var2) {
            ^
  symbol:   class p
  location: class a
recovery/normalized-src-vf/l1r/an/PBMessageALL3.java:799: error: cannot find symbol
         private List<a.g> c = Collections.emptyList();
                       ^
  symbol:   class g
  location: class a
recovery/normalized-src-vf/l1r/an/PBMessageALL3.java:819: error: cannot find symbol
         protected a.p.g l() {
                    ^
  symbol:   class p
  location: class a
recovery/normalized-src-vf/l1r/an/PBMessageALL3.java:827: error: cannot find symbol
         private a(a.p.b var1) {
                    ^
  symbol:   class p
  location: class a
recovery/normalized-src-vf/l1r/an/PBMessageALL3.java:1073: error: cannot find symbol
         public PBMessageALL3.a.a e(a.h var1, n var2) throws IOException {
                                     ^
  symbol:   class h
  location: class a
recovery/normalized-src-vf/l1r/an/PBMessageALL3.java:1122: error: cannot find symbol
         public List<a.g> q() {
                      ^
  symbol:   class g
  location: class a
recovery/normalized-src-vf/l1r/an/PBMessageALL3.java:1132: error: cannot find symbol
         public a.g a(int var1) {
                 ^
  symbol:   class g
  location: class a
recovery/normalized-src-vf/l1r/an/PBMessageALL3.java:1136: error: cannot find symbol
         public PBMessageALL3.a.a a(int var1, a.g var2) {
                                               ^
  symbol:   class g
  location: class a
recovery/normalized-src-vf/l1r/an/PBMessageALL3.java:1147: error: cannot find symbol
         public PBMessageALL3.a.a e(a.g var1) {
                                     ^
  symbol:   class g
  location: class a
recovery/normalized-src-vf/l1r/an/PBMessageALL3.java:1158: error: cannot find symbol
         public PBMessageALL3.a.a a(Iterable<? extends a.g> var1) {
                                                        ^
  symbol:   class g
  location: class a
recovery/normalized-src-vf/l1r/an/PBMessageALL3.java:1516: error: cannot find symbol
         public y.a c(a.h var1, n var2) throws IOException {
                       ^
  symbol:   class h
  location: class a
recovery/normalized-src-vf/l1r/an/PBMessageALL3.java:1522: error: cannot find symbol
         public x.a d(a.h var1, n var2) throws IOException {
                       ^
  symbol:   class h
  location: class a
recovery/normalized-src-vf/l1r/an/PBMessageALL3.java:1528: error: cannot find symbol
         public a.a.a a(a.h var1, n var2) throws IOException {
                         ^
  symbol:   class h
  location: class a
recovery/normalized-src-vf/l1r/an/PBMessageALL3.java:1528: error: a.p.a.a has private access in a.p.a
         public a.a.a a(a.h var1, n var2) throws IOException {
                 ^
recovery/normalized-src-vf/l1r/an/PBMessageALL3.java:1540: error: a.p.a.a has private access in a.p.a
         public a.a.a a(x var1) {
                 ^
recovery/normalized-src-vf/l1r/an/PBMessageALL3.java:1587: error: cannot find symbol
         a(a.p.b var1, PBMessageALL3.a.a var2) {
            ^
  symbol:   class p
  location: class a
recovery/normalized-src-vf/l1r/an/PBMessageALL3.java:1675: error: cannot find symbol
      private a.g v;
               ^
  symbol:   class g
  location: class a
recovery/normalized-src-vf/l1r/an/PBMessageALL3.java:1679: error: cannot find symbol
      private a.g x;
               ^
  symbol:   class g
  location: class a
recovery/normalized-src-vf/l1r/an/PBMessageALL3.java:1681: error: cannot find symbol
      private a.g y;
               ^
  symbol:   class g
  location: class a
recovery/normalized-src-vf/l1r/an/PBMessageALL3.java:1683: error: cannot find symbol
      private a.g z;
               ^
  symbol:   class g
  location: class a
recovery/normalized-src-vf/l1r/an/PBMessageALL3.java:1685: error: cannot find symbol
      private a.g A;
               ^
  symbol:   class g
  location: class a
recovery/normalized-src-vf/l1r/an/PBMessageALL3.java:1687: error: cannot find symbol
      private a.g B;
               ^
  symbol:   class g
  location: class a
recovery/normalized-src-vf/l1r/an/PBMessageALL3.java:1732: error: cannot find symbol
      private c(a.h var1, n var2) throws s {
                 ^
  symbol:   class h
  location: class a
recovery/normalized-src-vf/l1r/an/PBMessageALL3.java:1827: error: cannot find symbol
      protected a.p.g l() {
                 ^
  symbol:   class p
  location: class a
recovery/normalized-src-vf/l1r/an/PBMessageALL3.java:1852: error: cannot find symbol
      public a.g r() {
              ^
  symbol:   class g
  location: class a
recovery/normalized-src-vf/l1r/an/PBMessageALL3.java:1872: error: cannot find symbol
      public a.g v() {
              ^
  symbol:   class g
  location: class a
recovery/normalized-src-vf/l1r/an/PBMessageALL3.java:1882: error: cannot find symbol
      public a.g x() {
              ^
  symbol:   class g
  location: class a
recovery/normalized-src-vf/l1r/an/PBMessageALL3.java:1892: error: cannot find symbol
      public a.g z() {
              ^
  symbol:   class g
  location: class a
recovery/normalized-src-vf/l1r/an/PBMessageALL3.java:1902: error: cannot find symbol
      public a.g B() {
              ^
  symbol:   class g
  location: class a
recovery/normalized-src-vf/l1r/an/PBMessageALL3.java:1912: error: cannot find symbol
      public a.g D() {
              ^
  symbol:   class g
  location: class a
recovery/normalized-src-vf/l1r/an/PBMessageALL3.java:2016: error: cannot find symbol
      public void a(a.i var1) throws IOException {
                     ^
  symbol:   class i
  location: class a
recovery/normalized-src-vf/l1r/an/PBMessageALL3.java:2159: error: cannot find symbol
      public static PBMessageALL3.c a(a.g var0) throws s {
                                       ^
  symbol:   class g
  location: class a
recovery/normalized-src-vf/l1r/an/PBMessageALL3.java:2163: error: cannot find symbol
      public static PBMessageALL3.c a(a.g var0, n var1) throws s {
                                       ^
  symbol:   class g
  location: class a
recovery/normalized-src-vf/l1r/an/PBMessageALL3.java:2191: error: cannot find symbol
      public static PBMessageALL3.c a(a.h var0) throws IOException {
                                       ^
  symbol:   class h
  location: class a
recovery/normalized-src-vf/l1r/an/PBMessageALL3.java:2195: error: cannot find symbol
      public static PBMessageALL3.c a(a.h var0, n var1) throws IOException {
                                       ^
  symbol:   class h
  location: class a
recovery/normalized-src-vf/l1r/an/PBMessageALL3.java:2215: error: cannot find symbol
      protected PBMessageALL3.c.a a(a.p.b var1) {
                                     ^
  symbol:   class p
  location: class a
recovery/normalized-src-vf/l1r/an/PBMessageALL3.java:2221: error: cannot find symbol
      public a.y.a O() {
              ^
  symbol:   class y
  location: class a
recovery/normalized-src-vf/l1r/an/PBMessageALL3.java:2245: error: cannot find symbol
      protected x.a b(a.p.b var1) {
                       ^
  symbol:   class p
  location: class a
recovery/normalized-src-vf/l1r/an/PBMessageALL3.java:2251: error: cannot find symbol
      public a.y.a P() {
              ^
  symbol:   class y
  location: class a
recovery/normalized-src-vf/l1r/an/PBMessageALL3.java:2262: error: cannot find symbol
      c(a.h var1, n var2, PBMessageALL3.c var3) throws s {
         ^
  symbol:   class h
  location: class a
recovery/normalized-src-vf/l1r/an/PBMessageALL3.java:2274: error: cannot find symbol
         private a.g c = a.g.d;
                  ^
  symbol:   class g
  location: class a
recovery/normalized-src-vf/l1r/an/PBMessageALL3.java:2276: error: cannot find symbol
         private a.g e = a.g.d;
                  ^
  symbol:   class g
  location: class a
recovery/normalized-src-vf/l1r/an/PBMessageALL3.java:2277: error: cannot find symbol
         private a.g f = a.g.d;
                  ^
  symbol:   class g
  location: class a
recovery/normalized-src-vf/l1r/an/PBMessageALL3.java:2278: error: cannot find symbol
         private a.g g = a.g.d;
                  ^
  symbol:   class g
  location: class a
recovery/normalized-src-vf/l1r/an/PBMessageALL3.java:2279: error: cannot find symbol
         private a.g h = a.g.d;
                  ^
  symbol:   class g
  location: class a
recovery/normalized-src-vf/l1r/an/PBMessageALL3.java:2280: error: cannot find symbol
         private a.g i = a.g.d;
                  ^
  symbol:   class g
  location: class a
recovery/normalized-src-vf/l1r/an/PBMessageALL3.java:2294: error: cannot find symbol
         protected a.p.g l() {
                    ^
  symbol:   class p
  location: class a
recovery/normalized-src-vf/l1r/an/PBMessageALL3.java:2302: error: cannot find symbol
         private a(a.p.b var1) {
                    ^
  symbol:   class p
  location: class a
recovery/normalized-src-vf/l1r/an/PBMessageALL3.java:2539: error: cannot find symbol
         public PBMessageALL3.c.a e(a.h var1, n var2) throws IOException {
                                     ^
  symbol:   class h
  location: class a
recovery/normalized-src-vf/l1r/an/PBMessageALL3.java:2586: error: cannot find symbol
         public a.g r() {
                 ^
  symbol:   class g
  location: class a
recovery/normalized-src-vf/l1r/an/PBMessageALL3.java:2590: error: cannot find symbol
         public PBMessageALL3.c.a e(a.g var1) {
                                     ^
  symbol:   class g
  location: class a
recovery/normalized-src-vf/l1r/an/PBMessageALL3.java:2638: error: cannot find symbol
         public a.g v() {
                 ^
  symbol:   class g
  location: class a
recovery/normalized-src-vf/l1r/an/PBMessageALL3.java:2642: error: cannot find symbol
         public PBMessageALL3.c.a f(a.g var1) {
                                     ^
  symbol:   class g
  location: class a
recovery/normalized-src-vf/l1r/an/PBMessageALL3.java:2666: error: cannot find symbol
         public a.g x() {
                 ^
  symbol:   class g
  location: class a
recovery/normalized-src-vf/l1r/an/PBMessageALL3.java:2670: error: cannot find symbol
         public PBMessageALL3.c.a g(a.g var1) {
                                     ^
  symbol:   class g
  location: class a
recovery/normalized-src-vf/l1r/an/PBMessageALL3.java:2694: error: cannot find symbol
         public a.g z() {
                 ^
  symbol:   class g
  location: class a
recovery/normalized-src-vf/l1r/an/PBMessageALL3.java:2698: error: cannot find symbol
         public PBMessageALL3.c.a h(a.g var1) {
                                     ^
  symbol:   class g
  location: class a
recovery/normalized-src-vf/l1r/an/PBMessageALL3.java:2722: error: cannot find symbol
         public a.g B() {
                 ^
  symbol:   class g
  location: class a
recovery/normalized-src-vf/l1r/an/PBMessageALL3.java:2726: error: cannot find symbol
         public PBMessageALL3.c.a i(a.g var1) {
                                     ^
  symbol:   class g
  location: class a
recovery/normalized-src-vf/l1r/an/PBMessageALL3.java:2750: error: cannot find symbol
         public a.g D() {
                 ^
  symbol:   class g
  location: class a
recovery/normalized-src-vf/l1r/an/PBMessageALL3.java:2754: error: cannot find symbol
         public PBMessageALL3.c.a j(a.g var1) {
                                     ^
  symbol:   class g
  location: class a
recovery/normalized-src-vf/l1r/an/PBMessageALL3.java:2972: error: cannot find symbol
         public y.a c(a.h var1, n var2) throws IOException {
                       ^
  symbol:   class h
  location: class a
recovery/normalized-src-vf/l1r/an/PBMessageALL3.java:2978: error: cannot find symbol
         public x.a d(a.h var1, n var2) throws IOException {
                       ^
  symbol:   class h
  location: class a
recovery/normalized-src-vf/l1r/an/PBMessageALL3.java:2984: error: cannot find symbol
         public a.a.a a(a.h var1, n var2) throws IOException {
                         ^
  symbol:   class h
  location: class a
recovery/normalized-src-vf/l1r/an/PBMessageALL3.java:2984: error: a.p.a.a has private access in a.p.a
         public a.a.a a(a.h var1, n var2) throws IOException {
                 ^
recovery/normalized-src-vf/l1r/an/PBMessageALL3.java:2996: error: a.p.a.a has private access in a.p.a
         public a.a.a a(x var1) {
                 ^
recovery/normalized-src-vf/l1r/an/PBMessageALL3.java:3043: error: cannot find symbol
         a(a.p.b var1, PBMessageALL3.c.a var2) {
            ^
  symbol:   class p
  location: class a
recovery/normalized-src-vf/l1r/an/PBMessageALL3.java:3137: error: cannot find symbol
      private a.g z;
               ^
  symbol:   class g
  location: class a
recovery/normalized-src-vf/l1r/an/PBMessageALL3.java:3186: error: cannot find symbol
      private e(a.h var1, n var2) throws s {
                 ^
  symbol:   class h
  location: class a
recovery/normalized-src-vf/l1r/an/PBMessageALL3.java:3281: error: cannot find symbol
      protected a.p.g l() {
                 ^
  symbol:   class p
  location: class a
recovery/normalized-src-vf/l1r/an/PBMessageALL3.java:3346: error: cannot find symbol
      public a.g z() {
              ^
  symbol:   class g
  location: class a
recovery/normalized-src-vf/l1r/an/PBMessageALL3.java:3470: error: cannot find symbol
      public void a(a.i var1) throws IOException {
                     ^
  symbol:   class i
  location: class a
recovery/normalized-src-vf/l1r/an/PBMessageALL3.java:3613: error: cannot find symbol
      public static PBMessageALL3.e a(a.g var0) throws s {
                                       ^
  symbol:   class g
  location: class a
recovery/normalized-src-vf/l1r/an/PBMessageALL3.java:3617: error: cannot find symbol
      public static PBMessageALL3.e a(a.g var0, n var1) throws s {
                                       ^
  symbol:   class g
  location: class a
recovery/normalized-src-vf/l1r/an/PBMessageALL3.java:3645: error: cannot find symbol
      public static PBMessageALL3.e a(a.h var0) throws IOException {
                                       ^
  symbol:   class h
  location: class a
recovery/normalized-src-vf/l1r/an/PBMessageALL3.java:3649: error: cannot find symbol
      public static PBMessageALL3.e a(a.h var0, n var1) throws IOException {
                                       ^
  symbol:   class h
  location: class a
recovery/normalized-src-vf/l1r/an/PBMessageALL3.java:3669: error: cannot find symbol
      protected PBMessageALL3.e.a a(a.p.b var1) {
                                     ^
  symbol:   class p
  location: class a
recovery/normalized-src-vf/l1r/an/PBMessageALL3.java:3675: error: cannot find symbol
      public a.y.a O() {
              ^
  symbol:   class y
  location: class a
recovery/normalized-src-vf/l1r/an/PBMessageALL3.java:3699: error: cannot find symbol
      protected x.a b(a.p.b var1) {
                       ^
  symbol:   class p
  location: class a
recovery/normalized-src-vf/l1r/an/PBMessageALL3.java:3705: error: cannot find symbol
      public a.y.a P() {
              ^
  symbol:   class y
  location: class a
recovery/normalized-src-vf/l1r/an/PBMessageALL3.java:3716: error: cannot find symbol
      e(a.h var1, n var2, PBMessageALL3.e var3) throws s {
         ^
  symbol:   class h
  location: class a
recovery/normalized-src-vf/l1r/an/PBMessageALL3.java:3732: error: cannot find symbol
         private a.g g = a.g.d;
                  ^
  symbol:   class g
  location: class a
recovery/normalized-src-vf/l1r/an/PBMessageALL3.java:3748: error: cannot find symbol
         protected a.p.g l() {
                    ^
  symbol:   class p
  location: class a
recovery/normalized-src-vf/l1r/an/PBMessageALL3.java:3756: error: cannot find symbol
         private a(a.p.b var1) {
                    ^
  symbol:   class p
  location: class a
recovery/normalized-src-vf/l1r/an/PBMessageALL3.java:3993: error: cannot find symbol
         public PBMessageALL3.e.a e(a.h var1, n var2) throws IOException {
                                     ^
  symbol:   class h
  location: class a
recovery/normalized-src-vf/l1r/an/PBMessageALL3.java:4136: error: cannot find symbol
         public a.g z() {
                 ^
  symbol:   class g
  location: class a
recovery/normalized-src-vf/l1r/an/PBMessageALL3.java:4140: error: cannot find symbol
         public PBMessageALL3.e.a e(a.g var1) {
                                     ^
  symbol:   class g
  location: class a
recovery/normalized-src-vf/l1r/an/PBMessageALL3.java:4406: error: cannot find symbol
         public y.a c(a.h var1, n var2) throws IOException {
                       ^
  symbol:   class h
  location: class a
recovery/normalized-src-vf/l1r/an/PBMessageALL3.java:4412: error: cannot find symbol
         public x.a d(a.h var1, n var2) throws IOException {
                       ^
  symbol:   class h
  location: class a
recovery/normalized-src-vf/l1r/an/PBMessageALL3.java:4418: error: cannot find symbol
         public a.a.a a(a.h var1, n var2) throws IOException {
                         ^
  symbol:   class h
  location: class a
recovery/normalized-src-vf/l1r/an/PBMessageALL3.java:4418: error: a.p.a.a has private access in a.p.a
         public a.a.a a(a.h var1, n var2) throws IOException {
                 ^
recovery/normalized-src-vf/l1r/an/PBMessageALL3.java:4430: error: a.p.a.a has private access in a.p.a
         public a.a.a a(x var1) {
                 ^
recovery/normalized-src-vf/l1r/an/PBMessageALL3.java:4477: error: cannot find symbol
         a(a.p.b var1, PBMessageALL3.e.a var2) {
            ^
  symbol:   class p
  location: class a
recovery/normalized-src-vf/l1r/an/PBMessageALL3.java:4561: error: cannot find symbol
      private List<a.g> u;
                    ^
  symbol:   class g
  location: class a
recovery/normalized-src-vf/l1r/an/PBMessageALL3.java:4620: error: cannot find symbol
      private g(a.h var1, n var2) throws s {
                 ^
  symbol:   class h
  location: class a
recovery/normalized-src-vf/l1r/an/PBMessageALL3.java:4723: error: cannot find symbol
      protected a.p.g l() {
                 ^
  symbol:   class p
  location: class a
recovery/normalized-src-vf/l1r/an/PBMessageALL3.java:4733: error: cannot find symbol
      public List<a.g> o() {
                   ^
  symbol:   class g
  location: class a
recovery/normalized-src-vf/l1r/an/PBMessageALL3.java:4743: error: cannot find symbol
      public a.g a(int var1) {
              ^
  symbol:   class g
  location: class a
recovery/normalized-src-vf/l1r/an/PBMessageALL3.java:4917: error: cannot find symbol
      public void a(a.i var1) throws IOException {
                     ^
  symbol:   class i
  location: class a
recovery/normalized-src-vf/l1r/an/PBMessageALL3.java:5065: error: cannot find symbol
      public static PBMessageALL3.g a(a.g var0) throws s {
                                       ^
  symbol:   class g
  location: class a
recovery/normalized-src-vf/l1r/an/PBMessageALL3.java:5069: error: cannot find symbol
      public static PBMessageALL3.g a(a.g var0, n var1) throws s {
                                       ^
  symbol:   class g
  location: class a
recovery/normalized-src-vf/l1r/an/PBMessageALL3.java:5097: error: cannot find symbol
      public static PBMessageALL3.g a(a.h var0) throws IOException {
                                       ^
  symbol:   class h
  location: class a
recovery/normalized-src-vf/l1r/an/PBMessageALL3.java:5101: error: cannot find symbol
      public static PBMessageALL3.g a(a.h var0, n var1) throws IOException {
                                       ^
  symbol:   class h
  location: class a
recovery/normalized-src-vf/l1r/an/PBMessageALL3.java:5121: error: cannot find symbol
      protected PBMessageALL3.g.a a(a.p.b var1) {
                                     ^
  symbol:   class p
  location: class a
recovery/normalized-src-vf/l1r/an/PBMessageALL3.java:5127: error: cannot find symbol
      public a.y.a O() {
              ^
  symbol:   class y
  location: class a
recovery/normalized-src-vf/l1r/an/PBMessageALL3.java:5151: error: cannot find symbol
      protected x.a b(a.p.b var1) {
                       ^
  symbol:   class p
  location: class a
recovery/normalized-src-vf/l1r/an/PBMessageALL3.java:5157: error: cannot find symbol
      public a.y.a P() {
              ^
  symbol:   class y
  location: class a
recovery/normalized-src-vf/l1r/an/PBMessageALL3.java:5168: error: cannot find symbol
      g(a.h var1, n var2, PBMessageALL3.g var3) throws s {
         ^
  symbol:   class h
  location: class a
recovery/normalized-src-vf/l1r/an/PBMessageALL3.java:5179: error: cannot find symbol
         private List<a.g> b = Collections.emptyList();
                       ^
  symbol:   class g
  location: class a
recovery/normalized-src-vf/l1r/an/PBMessageALL3.java:5200: error: cannot find symbol
         protected a.p.g l() {
                    ^
  symbol:   class p
  location: class a
recovery/normalized-src-vf/l1r/an/PBMessageALL3.java:5208: error: cannot find symbol
         private a(a.p.b var1) {
                    ^
  symbol:   class p
  location: class a
recovery/normalized-src-vf/l1r/an/PBMessageALL3.java:5454: error: cannot find symbol
         public PBMessageALL3.g.a e(a.h var1, n var2) throws IOException {
                                     ^
  symbol:   class h
  location: class a
recovery/normalized-src-vf/l1r/an/PBMessageALL3.java:5479: error: cannot find symbol
         public List<a.g> o() {
                      ^
  symbol:   class g
  location: class a
recovery/normalized-src-vf/l1r/an/PBMessageALL3.java:5489: error: cannot find symbol
         public a.g a(int var1) {
                 ^
  symbol:   class g
  location: class a
recovery/normalized-src-vf/l1r/an/PBMessageALL3.java:5493: error: cannot find symbol
         public PBMessageALL3.g.a a(int var1, a.g var2) {
                                               ^
  symbol:   class g
  location: class a
recovery/normalized-src-vf/l1r/an/PBMessageALL3.java:5504: error: cannot find symbol
         public PBMessageALL3.g.a e(a.g var1) {
                                     ^
  symbol:   class g
  location: class a
recovery/normalized-src-vf/l1r/an/PBMessageALL3.java:5515: error: cannot find symbol
         public PBMessageALL3.g.a a(Iterable<? extends a.g> var1) {
                                                        ^
  symbol:   class g
  location: class a
recovery/normalized-src-vf/l1r/an/PBMessageALL3.java:5897: error: cannot find symbol
         public y.a c(a.h var1, n var2) throws IOException {
                       ^
  symbol:   class h
  location: class a
recovery/normalized-src-vf/l1r/an/PBMessageALL3.java:5903: error: cannot find symbol
         public x.a d(a.h var1, n var2) throws IOException {
                       ^
  symbol:   class h
  location: class a
recovery/normalized-src-vf/l1r/an/PBMessageALL3.java:5909: error: cannot find symbol
         public a.a.a a(a.h var1, n var2) throws IOException {
                         ^
  symbol:   class h
  location: class a
recovery/normalized-src-vf/l1r/an/PBMessageALL3.java:5909: error: a.p.a.a has private access in a.p.a
         public a.a.a a(a.h var1, n var2) throws IOException {
                 ^
recovery/normalized-src-vf/l1r/an/PBMessageALL3.java:5921: error: a.p.a.a has private access in a.p.a
         public a.a.a a(x var1) {
                 ^
recovery/normalized-src-vf/l1r/an/PBMessageALL3.java:5968: error: cannot find symbol
         a(a.p.b var1, PBMessageALL3.g.a var2) {
            ^
  symbol:   class p
  location: class a
recovery/normalized-src-vf/l1r/an/PBMessageALL3.java:6054: error: cannot find symbol
      private a.g u;
               ^
  symbol:   class g
  location: class a
recovery/normalized-src-vf/l1r/an/PBMessageALL3.java:6056: error: cannot find symbol
      private a.g v;
               ^
  symbol:   class g
  location: class a
recovery/normalized-src-vf/l1r/an/PBMessageALL3.java:6064: error: cannot find symbol
      private a.g z;
               ^
  symbol:   class g
  location: class a
recovery/normalized-src-vf/l1r/an/PBMessageALL3.java:6113: error: cannot find symbol
      private i(a.h var1, n var2) throws s {
                 ^
  symbol:   class h
  location: class a
recovery/normalized-src-vf/l1r/an/PBMessageALL3.java:6208: error: cannot find symbol
      protected a.p.g l() {
                 ^
  symbol:   class p
  location: class a
recovery/normalized-src-vf/l1r/an/PBMessageALL3.java:6223: error: cannot find symbol
      public a.g p() {
              ^
  symbol:   class g
  location: class a
recovery/normalized-src-vf/l1r/an/PBMessageALL3.java:6233: error: cannot find symbol
      public a.g r() {
              ^
  symbol:   class g
  location: class a
recovery/normalized-src-vf/l1r/an/PBMessageALL3.java:6273: error: cannot find symbol
      public a.g z() {
              ^
  symbol:   class g
  location: class a
recovery/normalized-src-vf/l1r/an/PBMessageALL3.java:6397: error: cannot find symbol
      public void a(a.i var1) throws IOException {
                     ^
  symbol:   class i
  location: class a
recovery/normalized-src-vf/l1r/an/PBMessageALL3.java:6540: error: cannot find symbol
      public static PBMessageALL3.i a(a.g var0) throws s {
                                       ^
  symbol:   class g
  location: class a
recovery/normalized-src-vf/l1r/an/PBMessageALL3.java:6544: error: cannot find symbol
      public static PBMessageALL3.i a(a.g var0, n var1) throws s {
                                       ^
  symbol:   class g
  location: class a
recovery/normalized-src-vf/l1r/an/PBMessageALL3.java:6572: error: cannot find symbol
      public static PBMessageALL3.i a(a.h var0) throws IOException {
                                       ^
  symbol:   class h
  location: class a
recovery/normalized-src-vf/l1r/an/PBMessageALL3.java:6576: error: cannot find symbol
      public static PBMessageALL3.i a(a.h var0, n var1) throws IOException {
                                       ^
  symbol:   class h
  location: class a
recovery/normalized-src-vf/l1r/an/PBMessageALL3.java:6596: error: cannot find symbol
      protected PBMessageALL3.i.a a(a.p.b var1) {
                                     ^
  symbol:   class p
  location: class a
recovery/normalized-src-vf/l1r/an/PBMessageALL3.java:6602: error: cannot find symbol
      public a.y.a O() {
              ^
  symbol:   class y
  location: class a
recovery/normalized-src-vf/l1r/an/PBMessageALL3.java:6626: error: cannot find symbol
      protected x.a b(a.p.b var1) {
                       ^
  symbol:   class p
  location: class a
recovery/normalized-src-vf/l1r/an/PBMessageALL3.java:6632: error: cannot find symbol
      public a.y.a P() {
              ^
  symbol:   class y
  location: class a
recovery/normalized-src-vf/l1r/an/PBMessageALL3.java:6643: error: cannot find symbol
      i(a.h var1, n var2, PBMessageALL3.i var3) throws s {
         ^
  symbol:   class h
  location: class a
recovery/normalized-src-vf/l1r/an/PBMessageALL3.java:6654: error: cannot find symbol
         private a.g b = a.g.d;
                  ^
  symbol:   class g
  location: class a
recovery/normalized-src-vf/l1r/an/PBMessageALL3.java:6655: error: cannot find symbol
         private a.g c = a.g.d;
                  ^
  symbol:   class g
  location: class a
recovery/normalized-src-vf/l1r/an/PBMessageALL3.java:6659: error: cannot find symbol
         private a.g g = a.g.d;
                  ^
  symbol:   class g
  location: class a
recovery/normalized-src-vf/l1r/an/PBMessageALL3.java:6675: error: cannot find symbol
         protected a.p.g l() {
                    ^
  symbol:   class p
  location: class a
recovery/normalized-src-vf/l1r/an/PBMessageALL3.java:6683: error: cannot find symbol
         private a(a.p.b var1) {
                    ^
  symbol:   class p
  location: class a
recovery/normalized-src-vf/l1r/an/PBMessageALL3.java:6920: error: cannot find symbol
         public PBMessageALL3.i.a e(a.h var1, n var2) throws IOException {
                                     ^
  symbol:   class h
  location: class a
recovery/normalized-src-vf/l1r/an/PBMessageALL3.java:6943: error: cannot find symbol
         public a.g p() {
                 ^
  symbol:   class g
  location: class a
recovery/normalized-src-vf/l1r/an/PBMessageALL3.java:6947: error: cannot find symbol
         public PBMessageALL3.i.a e(a.g var1) {
                                     ^
  symbol:   class g
  location: class a
recovery/normalized-src-vf/l1r/an/PBMessageALL3.java:6971: error: cannot find symbol
         public a.g r() {
                 ^
  symbol:   class g
  location: class a
recovery/normalized-src-vf/l1r/an/PBMessageALL3.java:6975: error: cannot find symbol
         public PBMessageALL3.i.a f(a.g var1) {
                                     ^
  symbol:   class g
  location: class a
recovery/normalized-src-vf/l1r/an/PBMessageALL3.java:7071: error: cannot find symbol
         public a.g z() {
                 ^
  symbol:   class g
  location: class a
recovery/normalized-src-vf/l1r/an/PBMessageALL3.java:7075: error: cannot find symbol
         public PBMessageALL3.i.a g(a.g var1) {
                                     ^
  symbol:   class g
  location: class a
recovery/normalized-src-vf/l1r/an/PBMessageALL3.java:7341: error: cannot find symbol
         public y.a c(a.h var1, n var2) throws IOException {
                       ^
  symbol:   class h
  location: class a
recovery/normalized-src-vf/l1r/an/PBMessageALL3.java:7347: error: cannot find symbol
         public x.a d(a.h var1, n var2) throws IOException {
                       ^
  symbol:   class h
  location: class a
recovery/normalized-src-vf/l1r/an/PBMessageALL3.java:7353: error: cannot find symbol
         public a.a.a a(a.h var1, n var2) throws IOException {
                         ^
  symbol:   class h
  location: class a
recovery/normalized-src-vf/l1r/an/PBMessageALL3.java:7353: error: a.p.a.a has private access in a.p.a
         public a.a.a a(a.h var1, n var2) throws IOException {
                 ^
recovery/normalized-src-vf/l1r/an/PBMessageALL3.java:7365: error: a.p.a.a has private access in a.p.a
         public a.a.a a(x var1) {
                 ^
recovery/normalized-src-vf/l1r/an/PBMessageALL3.java:7412: error: cannot find symbol
         a(a.p.b var1, PBMessageALL3.i.a var2) {
            ^
  symbol:   class p
  location: class a
recovery/normalized-src-vf/l1r/an/PBMessageALL4.java:802: error: cannot find symbol
         protected a.p.g l() {
                    ^
  symbol:   class p
  location: class a
recovery/normalized-src-vf/l1r/an/PBMessageALL4.java:810: error: cannot find symbol
         private a(a.p.b var1) {
                    ^
  symbol:   class p
  location: class a
recovery/normalized-src-vf/l1r/an/PBMessageALL4.java:1047: error: cannot find symbol
         public PBMessageALL4.a.a e(a.h var1, n var2) throws IOException {
                                     ^
  symbol:   class h
  location: class a
recovery/normalized-src-vf/l1r/an/PBMessageALL4.java:1456: error: cannot find symbol
         public y.a c(a.h var1, n var2) throws IOException {
                       ^
  symbol:   class h
  location: class a
recovery/normalized-src-vf/l1r/an/PBMessageALL4.java:1462: error: cannot find symbol
         public x.a d(a.h var1, n var2) throws IOException {
                       ^
  symbol:   class h
  location: class a
recovery/normalized-src-vf/l1r/an/PBMessageALL4.java:1468: error: cannot find symbol
         public a.a.a a(a.h var1, n var2) throws IOException {
                         ^
  symbol:   class h
  location: class a
recovery/normalized-src-vf/l1r/an/PBMessageALL4.java:1468: error: a.p.a.a has private access in a.p.a
         public a.a.a a(a.h var1, n var2) throws IOException {
                 ^
recovery/normalized-src-vf/l1r/an/PBMessageALL4.java:1480: error: a.p.a.a has private access in a.p.a
         public a.a.a a(x var1) {
                 ^
recovery/normalized-src-vf/l1r/an/PBMessageALL4.java:1527: error: cannot find symbol
         a(a.p.b var1, PBMessageALL4.a.a var2) {
            ^
  symbol:   class p
  location: class a
recovery/normalized-src-vf/l1r/an/PBMessageALL4.java:1613: error: cannot find symbol
      private a.g v;
               ^
  symbol:   class g
  location: class a
recovery/normalized-src-vf/l1r/an/PBMessageALL4.java:1615: error: cannot find symbol
      private a.g w;
               ^
  symbol:   class g
  location: class a
recovery/normalized-src-vf/l1r/an/PBMessageALL4.java:1670: error: cannot find symbol
      private c(a.h var1, n var2) throws s {
                 ^
  symbol:   class h
  location: class a
recovery/normalized-src-vf/l1r/an/PBMessageALL4.java:1765: error: cannot find symbol
      protected a.p.g l() {
                 ^
  symbol:   class p
  location: class a
recovery/normalized-src-vf/l1r/an/PBMessageALL4.java:1790: error: cannot find symbol
      public a.g r() {
              ^
  symbol:   class g
  location: class a
recovery/normalized-src-vf/l1r/an/PBMessageALL4.java:1800: error: cannot find symbol
      public a.g t() {
              ^
  symbol:   class g
  location: class a
recovery/normalized-src-vf/l1r/an/PBMessageALL4.java:1954: error: cannot find symbol
      public void a(a.i var1) throws IOException {
                     ^
  symbol:   class i
  location: class a
recovery/normalized-src-vf/l1r/an/PBMessageALL4.java:2097: error: cannot find symbol
      public static PBMessageALL4.c a(a.g var0) throws s {
                                       ^
  symbol:   class g
  location: class a
recovery/normalized-src-vf/l1r/an/PBMessageALL4.java:2101: error: cannot find symbol
      public static PBMessageALL4.c a(a.g var0, n var1) throws s {
                                       ^
  symbol:   class g
  location: class a
recovery/normalized-src-vf/l1r/an/PBMessageALL4.java:2129: error: cannot find symbol
      public static PBMessageALL4.c a(a.h var0) throws IOException {
                                       ^
  symbol:   class h
  location: class a
recovery/normalized-src-vf/l1r/an/PBMessageALL4.java:2133: error: cannot find symbol
      public static PBMessageALL4.c a(a.h var0, n var1) throws IOException {
                                       ^
  symbol:   class h
  location: class a
recovery/normalized-src-vf/l1r/an/PBMessageALL4.java:2153: error: cannot find symbol
      protected PBMessageALL4.c.a a(a.p.b var1) {
                                     ^
  symbol:   class p
  location: class a
recovery/normalized-src-vf/l1r/an/PBMessageALL4.java:2159: error: cannot find symbol
      public a.y.a O() {
              ^
  symbol:   class y
  location: class a
recovery/normalized-src-vf/l1r/an/PBMessageALL4.java:2183: error: cannot find symbol
      protected x.a b(a.p.b var1) {
                       ^
  symbol:   class p
  location: class a
recovery/normalized-src-vf/l1r/an/PBMessageALL4.java:2189: error: cannot find symbol
      public a.y.a P() {
              ^
  symbol:   class y
  location: class a
recovery/normalized-src-vf/l1r/an/PBMessageALL4.java:2200: error: cannot find symbol
      c(a.h var1, n var2, PBMessageALL4.c var3) throws s {
         ^
  symbol:   class h
  location: class a
recovery/normalized-src-vf/l1r/an/PBMessageALL4.java:2212: error: cannot find symbol
         private a.g c;
                  ^
  symbol:   class g
  location: class a
recovery/normalized-src-vf/l1r/an/PBMessageALL4.java:2213: error: cannot find symbol
         private a.g d;
                  ^
  symbol:   class g
  location: class a
recovery/normalized-src-vf/l1r/an/PBMessageALL4.java:2232: error: cannot find symbol
         protected a.p.g l() {
                    ^
  symbol:   class p
  location: class a
recovery/normalized-src-vf/l1r/an/PBMessageALL4.java:2242: error: cannot find symbol
         private a(a.p.b var1) {
                    ^
  symbol:   class p
  location: class a
recovery/normalized-src-vf/l1r/an/PBMessageALL4.java:2481: error: cannot find symbol
         public PBMessageALL4.c.a e(a.h var1, n var2) throws IOException {
                                     ^
  symbol:   class h
  location: class a
recovery/normalized-src-vf/l1r/an/PBMessageALL4.java:2528: error: cannot find symbol
         public a.g r() {
                 ^
  symbol:   class g
  location: class a
recovery/normalized-src-vf/l1r/an/PBMessageALL4.java:2532: error: cannot find symbol
         public PBMessageALL4.c.a e(a.g var1) {
                                     ^
  symbol:   class g
  location: class a
recovery/normalized-src-vf/l1r/an/PBMessageALL4.java:2556: error: cannot find symbol
         public a.g t() {
                 ^
  symbol:   class g
  location: class a
recovery/normalized-src-vf/l1r/an/PBMessageALL4.java:2560: error: cannot find symbol
         public PBMessageALL4.c.a f(a.g var1) {
                                     ^
  symbol:   class g
  location: class a
recovery/normalized-src-vf/l1r/an/PBMessageALL4.java:2898: error: cannot find symbol
         public y.a c(a.h var1, n var2) throws IOException {
                       ^
  symbol:   class h
  location: class a
recovery/normalized-src-vf/l1r/an/PBMessageALL4.java:2904: error: cannot find symbol
         public x.a d(a.h var1, n var2) throws IOException {
                       ^
  symbol:   class h
  location: class a
recovery/normalized-src-vf/l1r/an/PBMessageALL4.java:2910: error: cannot find symbol
         public a.a.a a(a.h var1, n var2) throws IOException {
                         ^
  symbol:   class h
  location: class a
recovery/normalized-src-vf/l1r/an/PBMessageALL4.java:2910: error: a.p.a.a has private access in a.p.a
         public a.a.a a(a.h var1, n var2) throws IOException {
                 ^
recovery/normalized-src-vf/l1r/an/PBMessageALL4.java:2922: error: a.p.a.a has private access in a.p.a
         public a.a.a a(x var1) {
                 ^
recovery/normalized-src-vf/l1r/an/PBMessageALL4.java:2969: error: cannot find symbol
         a(a.p.b var1, PBMessageALL4.c.a var2) {
            ^
  symbol:   class p
  location: class a
recovery/normalized-src-vf/l1r/an/PBMessageALL4.java:3061: error: cannot find symbol
      private a.g y;
               ^
  symbol:   class g
  location: class a
recovery/normalized-src-vf/l1r/an/PBMessageALL4.java:3112: error: cannot find symbol
      private e(a.h var1, n var2) throws s {
                 ^
  symbol:   class h
  location: class a
recovery/normalized-src-vf/l1r/an/PBMessageALL4.java:3207: error: cannot find symbol
      protected a.p.g l() {
                 ^
  symbol:   class p
  location: class a
recovery/normalized-src-vf/l1r/an/PBMessageALL4.java:3262: error: cannot find symbol
      public a.g x() {
              ^
  symbol:   class g
  location: class a
recovery/normalized-src-vf/l1r/an/PBMessageALL4.java:3396: error: cannot find symbol
      public void a(a.i var1) throws IOException {
                     ^
  symbol:   class i
  location: class a
recovery/normalized-src-vf/l1r/an/PBMessageALL4.java:3539: error: cannot find symbol
      public static PBMessageALL4.e a(a.g var0) throws s {
                                       ^
  symbol:   class g
  location: class a
recovery/normalized-src-vf/l1r/an/PBMessageALL4.java:3543: error: cannot find symbol
      public static PBMessageALL4.e a(a.g var0, n var1) throws s {
                                       ^
  symbol:   class g
  location: class a
recovery/normalized-src-vf/l1r/an/PBMessageALL4.java:3571: error: cannot find symbol
      public static PBMessageALL4.e a(a.h var0) throws IOException {
                                       ^
  symbol:   class h
  location: class a
recovery/normalized-src-vf/l1r/an/PBMessageALL4.java:3575: error: cannot find symbol
      public static PBMessageALL4.e a(a.h var0, n var1) throws IOException {
                                       ^
  symbol:   class h
  location: class a
recovery/normalized-src-vf/l1r/an/PBMessageALL4.java:3595: error: cannot find symbol
      protected PBMessageALL4.e.a a(a.p.b var1) {
                                     ^
  symbol:   class p
  location: class a
recovery/normalized-src-vf/l1r/an/PBMessageALL4.java:3601: error: cannot find symbol
      public a.y.a O() {
              ^
  symbol:   class y
  location: class a
recovery/normalized-src-vf/l1r/an/PBMessageALL4.java:3625: error: cannot find symbol
      protected x.a b(a.p.b var1) {
                       ^
  symbol:   class p
  location: class a
recovery/normalized-src-vf/l1r/an/PBMessageALL4.java:3631: error: cannot find symbol
      public a.y.a P() {
              ^
  symbol:   class y
  location: class a
recovery/normalized-src-vf/l1r/an/PBMessageALL4.java:3642: error: cannot find symbol
      e(a.h var1, n var2, PBMessageALL4.e var3) throws s {
         ^
  symbol:   class h
  location: class a
recovery/normalized-src-vf/l1r/an/PBMessageALL4.java:3657: error: cannot find symbol
         private a.g f = a.g.d;
                  ^
  symbol:   class g
  location: class a
recovery/normalized-src-vf/l1r/an/PBMessageALL4.java:3674: error: cannot find symbol
         protected a.p.g l() {
                    ^
  symbol:   class p
  location: class a
recovery/normalized-src-vf/l1r/an/PBMessageALL4.java:3682: error: cannot find symbol
         private a(a.p.b var1) {
                    ^
  symbol:   class p
  location: class a
recovery/normalized-src-vf/l1r/an/PBMessageALL4.java:3919: error: cannot find symbol
         public PBMessageALL4.e.a e(a.h var1, n var2) throws IOException {
                                     ^
  symbol:   class h
  location: class a
recovery/normalized-src-vf/l1r/an/PBMessageALL4.java:4038: error: cannot find symbol
         public a.g x() {
                 ^
  symbol:   class g
  location: class a
recovery/normalized-src-vf/l1r/an/PBMessageALL4.java:4042: error: cannot find symbol
         public PBMessageALL4.e.a e(a.g var1) {
                                     ^
  symbol:   class g
  location: class a
recovery/normalized-src-vf/l1r/an/PBMessageALL4.java:4332: error: cannot find symbol
         public y.a c(a.h var1, n var2) throws IOException {
                       ^
  symbol:   class h
  location: class a
recovery/normalized-src-vf/l1r/an/PBMessageALL4.java:4338: error: cannot find symbol
         public x.a d(a.h var1, n var2) throws IOException {
                       ^
  symbol:   class h
  location: class a
recovery/normalized-src-vf/l1r/an/PBMessageALL4.java:4344: error: cannot find symbol
         public a.a.a a(a.h var1, n var2) throws IOException {
                         ^
  symbol:   class h
  location: class a
recovery/normalized-src-vf/l1r/an/PBMessageALL4.java:4344: error: a.p.a.a has private access in a.p.a
         public a.a.a a(a.h var1, n var2) throws IOException {
                 ^
recovery/normalized-src-vf/l1r/an/PBMessageALL4.java:4356: error: a.p.a.a has private access in a.p.a
         public a.a.a a(x var1) {
                 ^
recovery/normalized-src-vf/l1r/an/PBMessageALL4.java:4403: error: cannot find symbol
         a(a.p.b var1, PBMessageALL4.e.a var2) {
            ^
  symbol:   class p
  location: class a
recovery/normalized-src-vf/l1r/an/PBMessageALL4.java:4491: error: cannot find symbol
      private a.g w;
               ^
  symbol:   class g
  location: class a
recovery/normalized-src-vf/l1r/an/PBMessageALL4.java:4497: error: cannot find symbol
      private a.g z;
               ^
  symbol:   class g
  location: class a
recovery/normalized-src-vf/l1r/an/PBMessageALL4.java:4503: error: cannot find symbol
      private a.g C;
               ^
  symbol:   class g
  location: class a
recovery/normalized-src-vf/l1r/an/PBMessageALL4.java:4546: error: cannot find symbol
      private g(a.h var1, n var2) throws s {
                 ^
  symbol:   class h
  location: class a
recovery/normalized-src-vf/l1r/an/PBMessageALL4.java:4641: error: cannot find symbol
      protected a.p.g l() {
                 ^
  symbol:   class p
  location: class a
recovery/normalized-src-vf/l1r/an/PBMessageALL4.java:4676: error: cannot find symbol
      public a.g t() {
              ^
  symbol:   class g
  location: class a
recovery/normalized-src-vf/l1r/an/PBMessageALL4.java:4706: error: cannot find symbol
      public a.g z() {
              ^
  symbol:   class g
  location: class a
recovery/normalized-src-vf/l1r/an/PBMessageALL4.java:4736: error: cannot find symbol
      public a.g F() {
              ^
  symbol:   class g
  location: class a
recovery/normalized-src-vf/l1r/an/PBMessageALL4.java:4830: error: cannot find symbol
      public void a(a.i var1) throws IOException {
                     ^
  symbol:   class i
  location: class a
recovery/normalized-src-vf/l1r/an/PBMessageALL4.java:4973: error: cannot find symbol
      public static PBMessageALL4.g a(a.g var0) throws s {
                                       ^
  symbol:   class g
  location: class a
recovery/normalized-src-vf/l1r/an/PBMessageALL4.java:4977: error: cannot find symbol
      public static PBMessageALL4.g a(a.g var0, n var1) throws s {
                                       ^
  symbol:   class g
  location: class a
recovery/normalized-src-vf/l1r/an/PBMessageALL4.java:5005: error: cannot find symbol
      public static PBMessageALL4.g a(a.h var0) throws IOException {
                                       ^
  symbol:   class h
  location: class a
recovery/normalized-src-vf/l1r/an/PBMessageALL4.java:5009: error: cannot find symbol
      public static PBMessageALL4.g a(a.h var0, n var1) throws IOException {
                                       ^
  symbol:   class h
  location: class a
recovery/normalized-src-vf/l1r/an/PBMessageALL4.java:5029: error: cannot find symbol
      protected PBMessageALL4.g.a a(a.p.b var1) {
                                     ^
  symbol:   class p
  location: class a
recovery/normalized-src-vf/l1r/an/PBMessageALL4.java:5035: error: cannot find symbol
      public a.y.a O() {
              ^
  symbol:   class y
  location: class a
recovery/normalized-src-vf/l1r/an/PBMessageALL4.java:5059: error: cannot find symbol
      protected x.a b(a.p.b var1) {
                       ^
  symbol:   class p
  location: class a
recovery/normalized-src-vf/l1r/an/PBMessageALL4.java:5065: error: cannot find symbol
      public a.y.a P() {
              ^
  symbol:   class y
  location: class a
recovery/normalized-src-vf/l1r/an/PBMessageALL4.java:5076: error: cannot find symbol
      g(a.h var1, n var2, PBMessageALL4.g var3) throws s {
         ^
  symbol:   class h
  location: class a
recovery/normalized-src-vf/l1r/an/PBMessageALL4.java:5089: error: cannot find symbol
         private a.g d;
                  ^
  symbol:   class g
  location: class a
recovery/normalized-src-vf/l1r/an/PBMessageALL4.java:5092: error: cannot find symbol
         private a.g g;
                  ^
  symbol:   class g
  location: class a
recovery/normalized-src-vf/l1r/an/PBMessageALL4.java:5095: error: cannot find symbol
         private a.g j;
                  ^
  symbol:   class g
  location: class a
recovery/normalized-src-vf/l1r/an/PBMessageALL4.java:5108: error: cannot find symbol
         protected a.p.g l() {
                    ^
  symbol:   class p
  location: class a
recovery/normalized-src-vf/l1r/an/PBMessageALL4.java:5119: error: cannot find symbol
         private a(a.p.b var1) {
                    ^
  symbol:   class p
  location: class a
recovery/normalized-src-vf/l1r/an/PBMessageALL4.java:5359: error: cannot find symbol
         public PBMessageALL4.g.a e(a.h var1, n var2) throws IOException {
                                     ^
  symbol:   class h
  location: class a
recovery/normalized-src-vf/l1r/an/PBMessageALL4.java:5430: error: cannot find symbol
         public a.g t() {
                 ^
  symbol:   class g
  location: class a
recovery/normalized-src-vf/l1r/an/PBMessageALL4.java:5434: error: cannot find symbol
         public PBMessageALL4.g.a e(a.g var1) {
                                     ^
  symbol:   class g
  location: class a
recovery/normalized-src-vf/l1r/an/PBMessageALL4.java:5506: error: cannot find symbol
         public a.g z() {
                 ^
  symbol:   class g
  location: class a
recovery/normalized-src-vf/l1r/an/PBMessageALL4.java:5510: error: cannot find symbol
         public PBMessageALL4.g.a f(a.g var1) {
                                     ^
  symbol:   class g
  location: class a
recovery/normalized-src-vf/l1r/an/PBMessageALL4.java:5582: error: cannot find symbol
         public a.g F() {
                 ^
  symbol:   class g
  location: class a
recovery/normalized-src-vf/l1r/an/PBMessageALL4.java:5586: error: cannot find symbol
         public PBMessageALL4.g.a g(a.g var1) {
                                     ^
  symbol:   class g
  location: class a
recovery/normalized-src-vf/l1r/an/PBMessageALL4.java:5780: error: cannot find symbol
         public y.a c(a.h var1, n var2) throws IOException {
                       ^
  symbol:   class h
  location: class a
recovery/normalized-src-vf/l1r/an/PBMessageALL4.java:5786: error: cannot find symbol
         public x.a d(a.h var1, n var2) throws IOException {
                       ^
  symbol:   class h
  location: class a
recovery/normalized-src-vf/l1r/an/PBMessageALL4.java:5792: error: cannot find symbol
         public a.a.a a(a.h var1, n var2) throws IOException {
                         ^
  symbol:   class h
  location: class a
recovery/normalized-src-vf/l1r/an/PBMessageALL4.java:5792: error: a.p.a.a has private access in a.p.a
         public a.a.a a(a.h var1, n var2) throws IOException {
                 ^
recovery/normalized-src-vf/l1r/an/PBMessageALL4.java:5804: error: a.p.a.a has private access in a.p.a
         public a.a.a a(x var1) {
                 ^
recovery/normalized-src-vf/l1r/an/PBMessageALL4.java:5851: error: cannot find symbol
         a(a.p.b var1, PBMessageALL4.g.a var2) {
            ^
  symbol:   class p
  location: class a
recovery/normalized-src-vf/l1r/an/PBMessageALL5.java:801: error: cannot find symbol
         private List<a.g> e = Collections.emptyList();
                       ^
  symbol:   class g
  location: class a
recovery/normalized-src-vf/l1r/an/PBMessageALL5.java:819: error: cannot find symbol
         protected a.p.g l() {
                    ^
  symbol:   class p
  location: class a
recovery/normalized-src-vf/l1r/an/PBMessageALL5.java:827: error: cannot find symbol
         private a(a.p.b var1) {
                    ^
  symbol:   class p
  location: class a
recovery/normalized-src-vf/l1r/an/PBMessageALL5.java:1073: error: cannot find symbol
         public PBMessageALL5.a.a e(a.h var1, n var2) throws IOException {
                                     ^
  symbol:   class h
  location: class a
recovery/normalized-src-vf/l1r/an/PBMessageALL5.java:1170: error: cannot find symbol
         public List<a.g> u() {
                      ^
  symbol:   class g
  location: class a
recovery/normalized-src-vf/l1r/an/PBMessageALL5.java:1180: error: cannot find symbol
         public a.g a(int var1) {
                 ^
  symbol:   class g
  location: class a
recovery/normalized-src-vf/l1r/an/PBMessageALL5.java:1184: error: cannot find symbol
         public PBMessageALL5.a.a a(int var1, a.g var2) {
                                               ^
  symbol:   class g
  location: class a
recovery/normalized-src-vf/l1r/an/PBMessageALL5.java:1195: error: cannot find symbol
         public PBMessageALL5.a.a e(a.g var1) {
                                     ^
  symbol:   class g
  location: class a
recovery/normalized-src-vf/l1r/an/PBMessageALL5.java:1206: error: cannot find symbol
         public PBMessageALL5.a.a a(Iterable<? extends a.g> var1) {
                                                        ^
  symbol:   class g
  location: class a
recovery/normalized-src-vf/l1r/an/PBMessageALL5.java:1516: error: cannot find symbol
         public y.a c(a.h var1, n var2) throws IOException {
                       ^
  symbol:   class h
  location: class a
recovery/normalized-src-vf/l1r/an/PBMessageALL5.java:1522: error: cannot find symbol
         public x.a d(a.h var1, n var2) throws IOException {
                       ^
  symbol:   class h
  location: class a
recovery/normalized-src-vf/l1r/an/PBMessageALL5.java:1528: error: cannot find symbol
         public a.a.a a(a.h var1, n var2) throws IOException {
                         ^
  symbol:   class h
  location: class a
recovery/normalized-src-vf/l1r/an/PBMessageALL5.java:1528: error: a.p.a.a has private access in a.p.a
         public a.a.a a(a.h var1, n var2) throws IOException {
                 ^
recovery/normalized-src-vf/l1r/an/PBMessageALL5.java:1540: error: a.p.a.a has private access in a.p.a
         public a.a.a a(x var1) {
                 ^
recovery/normalized-src-vf/l1r/an/PBMessageALL5.java:1587: error: cannot find symbol
         a(a.p.b var1, PBMessageALL5.a.a var2) {
            ^
  symbol:   class p
  location: class a
recovery/normalized-src-vf/l1r/an/PBMessageALL5.java:1673: error: cannot find symbol
      private a.g u;
               ^
  symbol:   class g
  location: class a
recovery/normalized-src-vf/l1r/an/PBMessageALL5.java:1677: error: cannot find symbol
      private a.g w;
               ^
  symbol:   class g
  location: class a
recovery/normalized-src-vf/l1r/an/PBMessageALL5.java:1732: error: cannot find symbol
      private c(a.h var1, n var2) throws s {
                 ^
  symbol:   class h
  location: class a
recovery/normalized-src-vf/l1r/an/PBMessageALL5.java:1827: error: cannot find symbol
      protected a.p.g l() {
                 ^
  symbol:   class p
  location: class a
recovery/normalized-src-vf/l1r/an/PBMessageALL5.java:1842: error: cannot find symbol
      public a.g p() {
              ^
  symbol:   class g
  location: class a
recovery/normalized-src-vf/l1r/an/PBMessageALL5.java:1862: error: cannot find symbol
      public a.g t() {
              ^
  symbol:   class g
  location: class a
recovery/normalized-src-vf/l1r/an/PBMessageALL5.java:2016: error: cannot find symbol
      public void a(a.i var1) throws IOException {
                     ^
  symbol:   class i
  location: class a
recovery/normalized-src-vf/l1r/an/PBMessageALL5.java:2159: error: cannot find symbol
      public static PBMessageALL5.c a(a.g var0) throws s {
                                       ^
  symbol:   class g
  location: class a
recovery/normalized-src-vf/l1r/an/PBMessageALL5.java:2163: error: cannot find symbol
      public static PBMessageALL5.c a(a.g var0, n var1) throws s {
                                       ^
  symbol:   class g
  location: class a
recovery/normalized-src-vf/l1r/an/PBMessageALL5.java:2191: error: cannot find symbol
      public static PBMessageALL5.c a(a.h var0) throws IOException {
                                       ^
  symbol:   class h
  location: class a
recovery/normalized-src-vf/l1r/an/PBMessageALL5.java:2195: error: cannot find symbol
      public static PBMessageALL5.c a(a.h var0, n var1) throws IOException {
                                       ^
  symbol:   class h
  location: class a
recovery/normalized-src-vf/l1r/an/PBMessageALL5.java:2215: error: cannot find symbol
      protected PBMessageALL5.c.a a(a.p.b var1) {
                                     ^
  symbol:   class p
  location: class a
recovery/normalized-src-vf/l1r/an/PBMessageALL5.java:2221: error: cannot find symbol
      public a.y.a O() {
              ^
  symbol:   class y
  location: class a
recovery/normalized-src-vf/l1r/an/PBMessageALL5.java:2245: error: cannot find symbol
      protected x.a b(a.p.b var1) {
                       ^
  symbol:   class p
  location: class a
recovery/normalized-src-vf/l1r/an/PBMessageALL5.java:2251: error: cannot find symbol
      public a.y.a P() {
              ^
  symbol:   class y
  location: class a
recovery/normalized-src-vf/l1r/an/PBMessageALL5.java:2262: error: cannot find symbol
      c(a.h var1, n var2, PBMessageALL5.c var3) throws s {
         ^
  symbol:   class h
  location: class a
recovery/normalized-src-vf/l1r/an/PBMessageALL5.java:2273: error: cannot find symbol
         private a.g b;
                  ^
  symbol:   class g
  location: class a
recovery/normalized-src-vf/l1r/an/PBMessageALL5.java:2275: error: cannot find symbol
         private a.g d;
                  ^
  symbol:   class g
  location: class a
recovery/normalized-src-vf/l1r/an/PBMessageALL5.java:2294: error: cannot find symbol
         protected a.p.g l() {
                    ^
  symbol:   class p
  location: class a
recovery/normalized-src-vf/l1r/an/PBMessageALL5.java:2304: error: cannot find symbol
         private a(a.p.b var1) {
                    ^
  symbol:   class p
  location: class a
recovery/normalized-src-vf/l1r/an/PBMessageALL5.java:2543: error: cannot find symbol
         public PBMessageALL5.c.a e(a.h var1, n var2) throws IOException {
                                     ^
  symbol:   class h
  location: class a
recovery/normalized-src-vf/l1r/an/PBMessageALL5.java:2566: error: cannot find symbol
         public a.g p() {
                 ^
  symbol:   class g
  location: class a
recovery/normalized-src-vf/l1r/an/PBMessageALL5.java:2570: error: cannot find symbol
         public PBMessageALL5.c.a e(a.g var1) {
                                     ^
  symbol:   class g
  location: class a
recovery/normalized-src-vf/l1r/an/PBMessageALL5.java:2618: error: cannot find symbol
         public a.g t() {
                 ^
  symbol:   class g
  location: class a
recovery/normalized-src-vf/l1r/an/PBMessageALL5.java:2622: error: cannot find symbol
         public PBMessageALL5.c.a f(a.g var1) {
                                     ^
  symbol:   class g
  location: class a
recovery/normalized-src-vf/l1r/an/PBMessageALL5.java:2960: error: cannot find symbol
         public y.a c(a.h var1, n var2) throws IOException {
                       ^
  symbol:   class h
  location: class a
recovery/normalized-src-vf/l1r/an/PBMessageALL5.java:2966: error: cannot find symbol
         public x.a d(a.h var1, n var2) throws IOException {
                       ^
  symbol:   class h
  location: class a
recovery/normalized-src-vf/l1r/an/PBMessageALL5.java:2972: error: cannot find symbol
         public a.a.a a(a.h var1, n var2) throws IOException {
                         ^
  symbol:   class h
  location: class a
recovery/normalized-src-vf/l1r/an/PBMessageALL5.java:2972: error: a.p.a.a has private access in a.p.a
         public a.a.a a(a.h var1, n var2) throws IOException {
                 ^
recovery/normalized-src-vf/l1r/an/PBMessageALL5.java:2984: error: a.p.a.a has private access in a.p.a
         public a.a.a a(x var1) {
                 ^
recovery/normalized-src-vf/l1r/an/PBMessageALL5.java:3031: error: cannot find symbol
         a(a.p.b var1, PBMessageALL5.c.a var2) {
            ^
  symbol:   class p
  location: class a
recovery/normalized-src-vf/l1r/an/PBMessageALL5.java:3121: error: cannot find symbol
      private a.g x;
               ^
  symbol:   class g
  location: class a
recovery/normalized-src-vf/l1r/an/PBMessageALL5.java:3174: error: cannot find symbol
      private e(a.h var1, n var2) throws s {
                 ^
  symbol:   class h
  location: class a
recovery/normalized-src-vf/l1r/an/PBMessageALL5.java:3269: error: cannot find symbol
      protected a.p.g l() {
                 ^
  symbol:   class p
  location: class a
recovery/normalized-src-vf/l1r/an/PBMessageALL5.java:3314: error: cannot find symbol
      public a.g v() {
              ^
  symbol:   class g
  location: class a
recovery/normalized-src-vf/l1r/an/PBMessageALL5.java:3458: error: cannot find symbol
      public void a(a.i var1) throws IOException {
                     ^
  symbol:   class i
  location: class a
recovery/normalized-src-vf/l1r/an/PBMessageALL5.java:3601: error: cannot find symbol
      public static PBMessageALL5.e a(a.g var0) throws s {
                                       ^
  symbol:   class g
  location: class a
recovery/normalized-src-vf/l1r/an/PBMessageALL5.java:3605: error: cannot find symbol
      public static PBMessageALL5.e a(a.g var0, n var1) throws s {
                                       ^
  symbol:   class g
  location: class a
recovery/normalized-src-vf/l1r/an/PBMessageALL5.java:3633: error: cannot find symbol
      public static PBMessageALL5.e a(a.h var0) throws IOException {
                                       ^
  symbol:   class h
  location: class a
recovery/normalized-src-vf/l1r/an/PBMessageALL5.java:3637: error: cannot find symbol
      public static PBMessageALL5.e a(a.h var0, n var1) throws IOException {
                                       ^
  symbol:   class h
  location: class a
recovery/normalized-src-vf/l1r/an/PBMessageALL5.java:3657: error: cannot find symbol
      protected PBMessageALL5.e.a a(a.p.b var1) {
                                     ^
  symbol:   class p
  location: class a
recovery/normalized-src-vf/l1r/an/PBMessageALL5.java:3663: error: cannot find symbol
      public a.y.a O() {
              ^
  symbol:   class y
  location: class a
recovery/normalized-src-vf/l1r/an/PBMessageALL5.java:3687: error: cannot find symbol
      protected x.a b(a.p.b var1) {
                       ^
  symbol:   class p
  location: class a
recovery/normalized-src-vf/l1r/an/PBMessageALL5.java:3693: error: cannot find symbol
      public a.y.a P() {
              ^
  symbol:   class y
  location: class a
recovery/normalized-src-vf/l1r/an/PBMessageALL5.java:3704: error: cannot find symbol
      e(a.h var1, n var2, PBMessageALL5.e var3) throws s {
         ^
  symbol:   class h
  location: class a
recovery/normalized-src-vf/l1r/an/PBMessageALL5.java:3718: error: cannot find symbol
         private a.g e = a.g.d;
                  ^
  symbol:   class g
  location: class a
recovery/normalized-src-vf/l1r/an/PBMessageALL5.java:3736: error: cannot find symbol
         protected a.p.g l() {
                    ^
  symbol:   class p
  location: class a
recovery/normalized-src-vf/l1r/an/PBMessageALL5.java:3744: error: cannot find symbol
         private a(a.p.b var1) {
                    ^
  symbol:   class p
  location: class a
recovery/normalized-src-vf/l1r/an/PBMessageALL5.java:3981: error: cannot find symbol
         public PBMessageALL5.e.a e(a.h var1, n var2) throws IOException {
                                     ^
  symbol:   class h
  location: class a
recovery/normalized-src-vf/l1r/an/PBMessageALL5.java:4076: error: cannot find symbol
         public a.g v() {
                 ^
  symbol:   class g
  location: class a
recovery/normalized-src-vf/l1r/an/PBMessageALL5.java:4080: error: cannot find symbol
         public PBMessageALL5.e.a e(a.g var1) {
                                     ^
  symbol:   class g
  location: class a
recovery/normalized-src-vf/l1r/an/PBMessageALL5.java:4394: error: cannot find symbol
         public y.a c(a.h var1, n var2) throws IOException {
                       ^
  symbol:   class h
  location: class a
recovery/normalized-src-vf/l1r/an/PBMessageALL5.java:4400: error: cannot find symbol
         public x.a d(a.h var1, n var2) throws IOException {
                       ^
  symbol:   class h
  location: class a
recovery/normalized-src-vf/l1r/an/PBMessageALL5.java:4406: error: cannot find symbol
         public a.a.a a(a.h var1, n var2) throws IOException {
                         ^
  symbol:   class h
  location: class a
recovery/normalized-src-vf/l1r/an/PBMessageALL5.java:4406: error: a.p.a.a has private access in a.p.a
         public a.a.a a(a.h var1, n var2) throws IOException {
                 ^
recovery/normalized-src-vf/l1r/an/PBMessageALL5.java:4418: error: a.p.a.a has private access in a.p.a
         public a.a.a a(x var1) {
                 ^
recovery/normalized-src-vf/l1r/an/PBMessageALL5.java:4465: error: cannot find symbol
         a(a.p.b var1, PBMessageALL5.e.a var2) {
            ^
  symbol:   class p
  location: class a
recovery/normalized-src-vf/l1r/an/PBMessageALL5.java:4551: error: cannot find symbol
      private a.g v;
               ^
  symbol:   class g
  location: class a
recovery/normalized-src-vf/l1r/an/PBMessageALL5.java:4553: error: cannot find symbol
      private a.g w;
               ^
  symbol:   class g
  location: class a
recovery/normalized-src-vf/l1r/an/PBMessageALL5.java:4555: error: cannot find symbol
      private a.g x;
               ^
  symbol:   class g
  location: class a
recovery/normalized-src-vf/l1r/an/PBMessageALL5.java:4557: error: cannot find symbol
      private a.g y;
               ^
  symbol:   class g
  location: class a
recovery/normalized-src-vf/l1r/an/PBMessageALL5.java:4559: error: cannot find symbol
      private a.g z;
               ^
  symbol:   class g
  location: class a
recovery/normalized-src-vf/l1r/an/PBMessageALL5.java:4561: error: cannot find symbol
      private a.g A;
               ^
  symbol:   class g
  location: class a
recovery/normalized-src-vf/l1r/an/PBMessageALL5.java:4608: error: cannot find symbol
      private g(a.h var1, n var2) throws s {
                 ^
  symbol:   class h
  location: class a
recovery/normalized-src-vf/l1r/an/PBMessageALL5.java:4703: error: cannot find symbol
      protected a.p.g l() {
                 ^
  symbol:   class p
  location: class a
recovery/normalized-src-vf/l1r/an/PBMessageALL5.java:4728: error: cannot find symbol
      public a.g r() {
              ^
  symbol:   class g
  location: class a
recovery/normalized-src-vf/l1r/an/PBMessageALL5.java:4738: error: cannot find symbol
      public a.g t() {
              ^
  symbol:   class g
  location: class a
recovery/normalized-src-vf/l1r/an/PBMessageALL5.java:4748: error: cannot find symbol
      public a.g v() {
              ^
  symbol:   class g
  location: class a
recovery/normalized-src-vf/l1r/an/PBMessageALL5.java:4758: error: cannot find symbol
      public a.g x() {
              ^
  symbol:   class g
  location: class a
recovery/normalized-src-vf/l1r/an/PBMessageALL5.java:4768: error: cannot find symbol
      public a.g z() {
              ^
  symbol:   class g
  location: class a
recovery/normalized-src-vf/l1r/an/PBMessageALL5.java:4778: error: cannot find symbol
      public a.g B() {
              ^
  symbol:   class g
  location: class a
recovery/normalized-src-vf/l1r/an/PBMessageALL5.java:4892: error: cannot find symbol
      public void a(a.i var1) throws IOException {
                     ^
  symbol:   class i
  location: class a
recovery/normalized-src-vf/l1r/an/PBMessageALL5.java:5035: error: cannot find symbol
      public static PBMessageALL5.g a(a.g var0) throws s {
                                       ^
  symbol:   class g
  location: class a
recovery/normalized-src-vf/l1r/an/PBMessageALL5.java:5039: error: cannot find symbol
      public static PBMessageALL5.g a(a.g var0, n var1) throws s {
                                       ^
  symbol:   class g
  location: class a
recovery/normalized-src-vf/l1r/an/PBMessageALL5.java:5067: error: cannot find symbol
      public static PBMessageALL5.g a(a.h var0) throws IOException {
                                       ^
  symbol:   class h
  location: class a
recovery/normalized-src-vf/l1r/an/PBMessageALL5.java:5071: error: cannot find symbol
      public static PBMessageALL5.g a(a.h var0, n var1) throws IOException {
                                       ^
  symbol:   class h
  location: class a
recovery/normalized-src-vf/l1r/an/PBMessageALL5.java:5091: error: cannot find symbol
      protected PBMessageALL5.g.a a(a.p.b var1) {
                                     ^
  symbol:   class p
  location: class a
recovery/normalized-src-vf/l1r/an/PBMessageALL5.java:5097: error: cannot find symbol
      public a.y.a O() {
              ^
  symbol:   class y
  location: class a
recovery/normalized-src-vf/l1r/an/PBMessageALL5.java:5121: error: cannot find symbol
      protected x.a b(a.p.b var1) {
                       ^
  symbol:   class p
  location: class a
recovery/normalized-src-vf/l1r/an/PBMessageALL5.java:5127: error: cannot find symbol
      public a.y.a P() {
              ^
  symbol:   class y
  location: class a
recovery/normalized-src-vf/l1r/an/PBMessageALL5.java:5138: error: cannot find symbol
      g(a.h var1, n var2, PBMessageALL5.g var3) throws s {
         ^
  symbol:   class h
  location: class a
recovery/normalized-src-vf/l1r/an/PBMessageALL5.java:5150: error: cannot find symbol
         private a.g c;
                  ^
  symbol:   class g
  location: class a
recovery/normalized-src-vf/l1r/an/PBMessageALL5.java:5151: error: cannot find symbol
         private a.g d;
                  ^
  symbol:   class g
  location: class a
recovery/normalized-src-vf/l1r/an/PBMessageALL5.java:5152: error: cannot find symbol
         private a.g e;
                  ^
  symbol:   class g
  location: class a
recovery/normalized-src-vf/l1r/an/PBMessageALL5.java:5153: error: cannot find symbol
         private a.g f;
                  ^
  symbol:   class g
  location: class a
recovery/normalized-src-vf/l1r/an/PBMessageALL5.java:5154: error: cannot find symbol
         private a.g g;
                  ^
  symbol:   class g
  location: class a
recovery/normalized-src-vf/l1r/an/PBMessageALL5.java:5155: error: cannot find symbol
         private a.g h;
                  ^
  symbol:   class g
  location: class a
recovery/normalized-src-vf/l1r/an/PBMessageALL5.java:5170: error: cannot find symbol
         protected a.p.g l() {
                    ^
  symbol:   class p
  location: class a
recovery/normalized-src-vf/l1r/an/PBMessageALL5.java:5184: error: cannot find symbol
         private a(a.p.b var1) {
                    ^
  symbol:   class p
  location: class a
recovery/normalized-src-vf/l1r/an/PBMessageALL5.java:5427: error: cannot find symbol
         public PBMessageALL5.g.a e(a.h var1, n var2) throws IOException {
                                     ^
  symbol:   class h
  location: class a
recovery/normalized-src-vf/l1r/an/PBMessageALL5.java:5474: error: cannot find symbol
         public a.g r() {
                 ^
  symbol:   class g
  location: class a
recovery/normalized-src-vf/l1r/an/PBMessageALL5.java:5478: error: cannot find symbol
         public PBMessageALL5.g.a e(a.g var1) {
                                     ^
  symbol:   class g
  location: class a
recovery/normalized-src-vf/l1r/an/PBMessageALL5.java:5502: error: cannot find symbol
         public a.g t() {
                 ^
  symbol:   class g
  location: class a
recovery/normalized-src-vf/l1r/an/PBMessageALL5.java:5506: error: cannot find symbol
         public PBMessageALL5.g.a f(a.g var1) {
                                     ^
  symbol:   class g
  location: class a
recovery/normalized-src-vf/l1r/an/PBMessageALL5.java:5530: error: cannot find symbol
         public a.g v() {
                 ^
  symbol:   class g
  location: class a
recovery/normalized-src-vf/l1r/an/PBMessageALL5.java:5534: error: cannot find symbol
         public PBMessageALL5.g.a g(a.g var1) {
                                     ^
  symbol:   class g
  location: class a
recovery/normalized-src-vf/l1r/an/PBMessageALL5.java:5558: error: cannot find symbol
         public a.g x() {
                 ^
  symbol:   class g
  location: class a
recovery/normalized-src-vf/l1r/an/PBMessageALL5.java:5562: error: cannot find symbol
         public PBMessageALL5.g.a h(a.g var1) {
                                     ^
  symbol:   class g
  location: class a
recovery/normalized-src-vf/l1r/an/PBMessageALL5.java:5586: error: cannot find symbol
         public a.g z() {
                 ^
  symbol:   class g
  location: class a
recovery/normalized-src-vf/l1r/an/PBMessageALL5.java:5590: error: cannot find symbol
         public PBMessageALL5.g.a i(a.g var1) {
                                     ^
  symbol:   class g
  location: class a
recovery/normalized-src-vf/l1r/an/PBMessageALL5.java:5614: error: cannot find symbol
         public a.g B() {
                 ^
  symbol:   class g
  location: class a
recovery/normalized-src-vf/l1r/an/PBMessageALL5.java:5618: error: cannot find symbol
         public PBMessageALL5.g.a j(a.g var1) {
                                     ^
  symbol:   class g
  location: class a
recovery/normalized-src-vf/l1r/an/PBMessageALL5.java:5860: error: cannot find symbol
         public y.a c(a.h var1, n var2) throws IOException {
                       ^
  symbol:   class h
  location: class a
recovery/normalized-src-vf/l1r/an/PBMessageALL5.java:5866: error: cannot find symbol
         public x.a d(a.h var1, n var2) throws IOException {
                       ^
  symbol:   class h
  location: class a
recovery/normalized-src-vf/l1r/an/PBMessageALL5.java:5872: error: cannot find symbol
         public a.a.a a(a.h var1, n var2) throws IOException {
                         ^
  symbol:   class h
  location: class a
recovery/normalized-src-vf/l1r/an/PBMessageALL5.java:5872: error: a.p.a.a has private access in a.p.a
         public a.a.a a(a.h var1, n var2) throws IOException {
                 ^
recovery/normalized-src-vf/l1r/an/PBMessageALL5.java:5884: error: a.p.a.a has private access in a.p.a
         public a.a.a a(x var1) {
                 ^
recovery/normalized-src-vf/l1r/an/PBMessageALL5.java:5931: error: cannot find symbol
         a(a.p.b var1, PBMessageALL5.g.a var2) {
            ^
  symbol:   class p
  location: class a
recovery/normalized-src-vf/l1r/an/PBMessageALL5.java:6019: error: cannot find symbol
      private a.g w;
               ^
  symbol:   class g
  location: class a
recovery/normalized-src-vf/l1r/an/PBMessageALL5.java:6023: error: cannot find symbol
      private a.g y;
               ^
  symbol:   class g
  location: class a
recovery/normalized-src-vf/l1r/an/PBMessageALL5.java:6074: error: cannot find symbol
      private i(a.h var1, n var2) throws s {
                 ^
  symbol:   class h
  location: class a
recovery/normalized-src-vf/l1r/an/PBMessageALL5.java:6169: error: cannot find symbol
      protected a.p.g l() {
                 ^
  symbol:   class p
  location: class a
recovery/normalized-src-vf/l1r/an/PBMessageALL5.java:6204: error: cannot find symbol
      public a.g t() {
              ^
  symbol:   class g
  location: class a
recovery/normalized-src-vf/l1r/an/PBMessageALL5.java:6224: error: cannot find symbol
      public a.g x() {
              ^
  symbol:   class g
  location: class a
recovery/normalized-src-vf/l1r/an/PBMessageALL5.java:6358: error: cannot find symbol
      public void a(a.i var1) throws IOException {
                     ^
  symbol:   class i
  location: class a
recovery/normalized-src-vf/l1r/an/PBMessageALL5.java:6501: error: cannot find symbol
      public static PBMessageALL5.i a(a.g var0) throws s {
                                       ^
  symbol:   class g
  location: class a
recovery/normalized-src-vf/l1r/an/PBMessageALL5.java:6505: error: cannot find symbol
      public static PBMessageALL5.i a(a.g var0, n var1) throws s {
                                       ^
  symbol:   class g
  location: class a
recovery/normalized-src-vf/l1r/an/PBMessageALL5.java:6533: error: cannot find symbol
      public static PBMessageALL5.i a(a.h var0) throws IOException {
                                       ^
  symbol:   class h
  location: class a
recovery/normalized-src-vf/l1r/an/PBMessageALL5.java:6537: error: cannot find symbol
      public static PBMessageALL5.i a(a.h var0, n var1) throws IOException {
                                       ^
  symbol:   class h
  location: class a
recovery/normalized-src-vf/l1r/an/PBMessageALL5.java:6557: error: cannot find symbol
      protected PBMessageALL5.i.a a(a.p.b var1) {
                                     ^
  symbol:   class p
  location: class a
recovery/normalized-src-vf/l1r/an/PBMessageALL5.java:6563: error: cannot find symbol
      public a.y.a O() {
              ^
  symbol:   class y
  location: class a
recovery/normalized-src-vf/l1r/an/PBMessageALL5.java:6587: error: cannot find symbol
      protected x.a b(a.p.b var1) {
                       ^
  symbol:   class p
  location: class a
recovery/normalized-src-vf/l1r/an/PBMessageALL5.java:6593: error: cannot find symbol
      public a.y.a P() {
              ^
  symbol:   class y
  location: class a
recovery/normalized-src-vf/l1r/an/PBMessageALL5.java:6604: error: cannot find symbol
      i(a.h var1, n var2, PBMessageALL5.i var3) throws s {
         ^
  symbol:   class h
  location: class a
recovery/normalized-src-vf/l1r/an/PBMessageALL5.java:6617: error: cannot find symbol
         private a.g d;
                  ^
  symbol:   class g
  location: class a
recovery/normalized-src-vf/l1r/an/PBMessageALL5.java:6619: error: cannot find symbol
         private a.g f;
                  ^
  symbol:   class g
  location: class a
recovery/normalized-src-vf/l1r/an/PBMessageALL5.java:6636: error: cannot find symbol
         protected a.p.g l() {
                    ^
  symbol:   class p
  location: class a
recovery/normalized-src-vf/l1r/an/PBMessageALL5.java:6646: error: cannot find symbol
         private a(a.p.b var1) {
                    ^
  symbol:   class p
  location: class a
recovery/normalized-src-vf/l1r/an/PBMessageALL5.java:6885: error: cannot find symbol
         public PBMessageALL5.i.a e(a.h var1, n var2) throws IOException {
                                     ^
  symbol:   class h
  location: class a
recovery/normalized-src-vf/l1r/an/PBMessageALL5.java:6956: error: cannot find symbol
         public a.g t() {
                 ^
  symbol:   class g
  location: class a
recovery/normalized-src-vf/l1r/an/PBMessageALL5.java:6960: error: cannot find symbol
         public PBMessageALL5.i.a e(a.g var1) {
                                     ^
  symbol:   class g
  location: class a
recovery/normalized-src-vf/l1r/an/PBMessageALL5.java:7008: error: cannot find symbol
         public a.g x() {
                 ^
  symbol:   class g
  location: class a
recovery/normalized-src-vf/l1r/an/PBMessageALL5.java:7012: error: cannot find symbol
         public PBMessageALL5.i.a f(a.g var1) {
                                     ^
  symbol:   class g
  location: class a
recovery/normalized-src-vf/l1r/an/PBMessageALL5.java:7302: error: cannot find symbol
         public y.a c(a.h var1, n var2) throws IOException {
                       ^
  symbol:   class h
  location: class a
recovery/normalized-src-vf/l1r/an/PBMessageALL5.java:7308: error: cannot find symbol
         public x.a d(a.h var1, n var2) throws IOException {
                       ^
  symbol:   class h
  location: class a
recovery/normalized-src-vf/l1r/an/PBMessageALL5.java:7314: error: cannot find symbol
         public a.a.a a(a.h var1, n var2) throws IOException {
                         ^
  symbol:   class h
  location: class a
recovery/normalized-src-vf/l1r/an/PBMessageALL5.java:7314: error: a.p.a.a has private access in a.p.a
         public a.a.a a(a.h var1, n var2) throws IOException {
                 ^
recovery/normalized-src-vf/l1r/an/PBMessageALL5.java:7326: error: a.p.a.a has private access in a.p.a
         public a.a.a a(x var1) {
                 ^
recovery/normalized-src-vf/l1r/an/PBMessageALL5.java:7373: error: cannot find symbol
         a(a.p.b var1, PBMessageALL5.i.a var2) {
            ^
  symbol:   class p
  location: class a
recovery/normalized-src-vf/l1r/an/PBMessageALL6.java:783: error: cannot find symbol
         private a.g d;
                  ^
  symbol:   class g
  location: class a
recovery/normalized-src-vf/l1r/an/PBMessageALL6.java:784: error: cannot find symbol
         private a.g e;
                  ^
  symbol:   class g
  location: class a
recovery/normalized-src-vf/l1r/an/PBMessageALL6.java:802: error: cannot find symbol
         protected a.p.g l() {
                    ^
  symbol:   class p
  location: class a
recovery/normalized-src-vf/l1r/an/PBMessageALL6.java:812: error: cannot find symbol
         private a(a.p.b var1) {
                    ^
  symbol:   class p
  location: class a
recovery/normalized-src-vf/l1r/an/PBMessageALL6.java:1051: error: cannot find symbol
         public PBMessageALL6.a.a e(a.h var1, n var2) throws IOException {
                                     ^
  symbol:   class h
  location: class a
recovery/normalized-src-vf/l1r/an/PBMessageALL6.java:1122: error: cannot find symbol
         public a.g t() {
                 ^
  symbol:   class g
  location: class a
recovery/normalized-src-vf/l1r/an/PBMessageALL6.java:1126: error: cannot find symbol
         public PBMessageALL6.a.a e(a.g var1) {
                                     ^
  symbol:   class g
  location: class a
recovery/normalized-src-vf/l1r/an/PBMessageALL6.java:1150: error: cannot find symbol
         public a.g v() {
                 ^
  symbol:   class g
  location: class a
recovery/normalized-src-vf/l1r/an/PBMessageALL6.java:1154: error: cannot find symbol
         public PBMessageALL6.a.a f(a.g var1) {
                                     ^
  symbol:   class g
  location: class a
recovery/normalized-src-vf/l1r/an/PBMessageALL6.java:1468: error: cannot find symbol
         public y.a c(a.h var1, n var2) throws IOException {
                       ^
  symbol:   class h
  location: class a
recovery/normalized-src-vf/l1r/an/PBMessageALL6.java:1474: error: cannot find symbol
         public x.a d(a.h var1, n var2) throws IOException {
                       ^
  symbol:   class h
  location: class a
recovery/normalized-src-vf/l1r/an/PBMessageALL6.java:1480: error: cannot find symbol
         public a.a.a a(a.h var1, n var2) throws IOException {
                         ^
  symbol:   class h
  location: class a
recovery/normalized-src-vf/l1r/an/PBMessageALL6.java:1480: error: a.p.a.a has private access in a.p.a
         public a.a.a a(a.h var1, n var2) throws IOException {
                 ^
recovery/normalized-src-vf/l1r/an/PBMessageALL6.java:1492: error: a.p.a.a has private access in a.p.a
         public a.a.a a(x var1) {
                 ^
recovery/normalized-src-vf/l1r/an/PBMessageALL6.java:1539: error: cannot find symbol
         a(a.p.b var1, PBMessageALL6.a.a var2) {
            ^
  symbol:   class p
  location: class a
recovery/normalized-src-vf/l1r/an/PBMessageALL6.java:1623: error: cannot find symbol
      private a.g u;
               ^
  symbol:   class g
  location: class a
recovery/normalized-src-vf/l1r/an/PBMessageALL6.java:1625: error: cannot find symbol
      private a.g v;
               ^
  symbol:   class g
  location: class a
recovery/normalized-src-vf/l1r/an/PBMessageALL6.java:1627: error: cannot find symbol
      private a.g w;
               ^
  symbol:   class g
  location: class a
recovery/normalized-src-vf/l1r/an/PBMessageALL6.java:1629: error: cannot find symbol
      private a.g x;
               ^
  symbol:   class g
  location: class a
recovery/normalized-src-vf/l1r/an/PBMessageALL6.java:1631: error: cannot find symbol
      private a.g y;
               ^
  symbol:   class g
  location: class a
recovery/normalized-src-vf/l1r/an/PBMessageALL6.java:1633: error: cannot find symbol
      private a.g z;
               ^
  symbol:   class g
  location: class a
recovery/normalized-src-vf/l1r/an/PBMessageALL6.java:1682: error: cannot find symbol
      private c(a.h var1, n var2) throws s {
                 ^
  symbol:   class h
  location: class a
recovery/normalized-src-vf/l1r/an/PBMessageALL6.java:1777: error: cannot find symbol
      protected a.p.g l() {
                 ^
  symbol:   class p
  location: class a
recovery/normalized-src-vf/l1r/an/PBMessageALL6.java:1792: error: cannot find symbol
      public a.g p() {
              ^
  symbol:   class g
  location: class a
recovery/normalized-src-vf/l1r/an/PBMessageALL6.java:1802: error: cannot find symbol
      public a.g r() {
              ^
  symbol:   class g
  location: class a
recovery/normalized-src-vf/l1r/an/PBMessageALL6.java:1812: error: cannot find symbol
      public a.g t() {
              ^
  symbol:   class g
  location: class a
recovery/normalized-src-vf/l1r/an/PBMessageALL6.java:1822: error: cannot find symbol
      public a.g v() {
              ^
  symbol:   class g
  location: class a
recovery/normalized-src-vf/l1r/an/PBMessageALL6.java:1832: error: cannot find symbol
      public a.g x() {
              ^
  symbol:   class g
  location: class a
recovery/normalized-src-vf/l1r/an/PBMessageALL6.java:1842: error: cannot find symbol
      public a.g z() {
              ^
  symbol:   class g
  location: class a
recovery/normalized-src-vf/l1r/an/PBMessageALL6.java:1966: error: cannot find symbol
      public void a(a.i var1) throws IOException {
                     ^
  symbol:   class i
  location: class a
recovery/normalized-src-vf/l1r/an/PBMessageALL6.java:2109: error: cannot find symbol
      public static PBMessageALL6.c a(a.g var0) throws s {
                                       ^
  symbol:   class g
  location: class a
recovery/normalized-src-vf/l1r/an/PBMessageALL6.java:2113: error: cannot find symbol
      public static PBMessageALL6.c a(a.g var0, n var1) throws s {
                                       ^
  symbol:   class g
  location: class a
recovery/normalized-src-vf/l1r/an/PBMessageALL6.java:2141: error: cannot find symbol
      public static PBMessageALL6.c a(a.h var0) throws IOException {
                                       ^
  symbol:   class h
  location: class a
recovery/normalized-src-vf/l1r/an/PBMessageALL6.java:2145: error: cannot find symbol
      public static PBMessageALL6.c a(a.h var0, n var1) throws IOException {
                                       ^
  symbol:   class h
  location: class a
recovery/normalized-src-vf/l1r/an/PBMessageALL6.java:2165: error: cannot find symbol
      protected PBMessageALL6.c.a a(a.p.b var1) {
                                     ^
  symbol:   class p
  location: class a
recovery/normalized-src-vf/l1r/an/PBMessageALL6.java:2171: error: cannot find symbol
      public a.y.a O() {
              ^
  symbol:   class y
  location: class a
recovery/normalized-src-vf/l1r/an/PBMessageALL6.java:2195: error: cannot find symbol
      protected x.a b(a.p.b var1) {
                       ^
  symbol:   class p
  location: class a
recovery/normalized-src-vf/l1r/an/PBMessageALL6.java:2201: error: cannot find symbol
      public a.y.a P() {
              ^
  symbol:   class y
  location: class a
recovery/normalized-src-vf/l1r/an/PBMessageALL6.java:2212: error: cannot find symbol
      c(a.h var1, n var2, PBMessageALL6.c var3) throws s {
         ^
  symbol:   class h
  location: class a
recovery/normalized-src-vf/l1r/an/PBMessageALL6.java:2223: error: cannot find symbol
         private a.g b;
                  ^
  symbol:   class g
  location: class a
recovery/normalized-src-vf/l1r/an/PBMessageALL6.java:2224: error: cannot find symbol
         private a.g c;
                  ^
  symbol:   class g
  location: class a
recovery/normalized-src-vf/l1r/an/PBMessageALL6.java:2225: error: cannot find symbol
         private a.g d;
                  ^
  symbol:   class g
  location: class a
recovery/normalized-src-vf/l1r/an/PBMessageALL6.java:2226: error: cannot find symbol
         private a.g e;
                  ^
  symbol:   class g
  location: class a
recovery/normalized-src-vf/l1r/an/PBMessageALL6.java:2227: error: cannot find symbol
         private a.g f;
                  ^
  symbol:   class g
  location: class a
recovery/normalized-src-vf/l1r/an/PBMessageALL6.java:2228: error: cannot find symbol
         private a.g g;
                  ^
  symbol:   class g
  location: class a
recovery/normalized-src-vf/l1r/an/PBMessageALL6.java:2244: error: cannot find symbol
         protected a.p.g l() {
                    ^
  symbol:   class p
  location: class a
recovery/normalized-src-vf/l1r/an/PBMessageALL6.java:2258: error: cannot find symbol
         private a(a.p.b var1) {
                    ^
  symbol:   class p
  location: class a
recovery/normalized-src-vf/l1r/an/PBMessageALL6.java:2501: error: cannot find symbol
         public PBMessageALL6.c.a e(a.h var1, n var2) throws IOException {
                                     ^
  symbol:   class h
  location: class a
recovery/normalized-src-vf/l1r/an/PBMessageALL6.java:2524: error: cannot find symbol
         public a.g p() {
                 ^
  symbol:   class g
  location: class a
recovery/normalized-src-vf/l1r/an/PBMessageALL6.java:2528: error: cannot find symbol
         public PBMessageALL6.c.a e(a.g var1) {
                                     ^
  symbol:   class g
  location: class a
recovery/normalized-src-vf/l1r/an/PBMessageALL6.java:2552: error: cannot find symbol
         public a.g r() {
                 ^
  symbol:   class g
  location: class a
recovery/normalized-src-vf/l1r/an/PBMessageALL6.java:2556: error: cannot find symbol
         public PBMessageALL6.c.a f(a.g var1) {
                                     ^
  symbol:   class g
  location: class a
recovery/normalized-src-vf/l1r/an/PBMessageALL6.java:2580: error: cannot find symbol
         public a.g t() {
                 ^
  symbol:   class g
  location: class a
recovery/normalized-src-vf/l1r/an/PBMessageALL6.java:2584: error: cannot find symbol
         public PBMessageALL6.c.a g(a.g var1) {
                                     ^
  symbol:   class g
  location: class a
recovery/normalized-src-vf/l1r/an/PBMessageALL6.java:2608: error: cannot find symbol
         public a.g v() {
                 ^
  symbol:   class g
  location: class a
recovery/normalized-src-vf/l1r/an/PBMessageALL6.java:2612: error: cannot find symbol
         public PBMessageALL6.c.a h(a.g var1) {
                                     ^
  symbol:   class g
  location: class a
recovery/normalized-src-vf/l1r/an/PBMessageALL6.java:2636: error: cannot find symbol
         public a.g x() {
                 ^
  symbol:   class g
  location: class a
recovery/normalized-src-vf/l1r/an/PBMessageALL6.java:2640: error: cannot find symbol
         public PBMessageALL6.c.a i(a.g var1) {
                                     ^
  symbol:   class g
  location: class a
recovery/normalized-src-vf/l1r/an/PBMessageALL6.java:2664: error: cannot find symbol
         public a.g z() {
                 ^
  symbol:   class g
  location: class a
recovery/normalized-src-vf/l1r/an/PBMessageALL6.java:2668: error: cannot find symbol
         public PBMessageALL6.c.a j(a.g var1) {
                                     ^
  symbol:   class g
  location: class a
recovery/normalized-src-vf/l1r/an/PBMessageALL6.java:2934: error: cannot find symbol
         public y.a c(a.h var1, n var2) throws IOException {
                       ^
  symbol:   class h
  location: class a
recovery/normalized-src-vf/l1r/an/PBMessageALL6.java:2940: error: cannot find symbol
         public x.a d(a.h var1, n var2) throws IOException {
                       ^
  symbol:   class h
  location: class a
recovery/normalized-src-vf/l1r/an/PBMessageALL6.java:2946: error: cannot find symbol
         public a.a.a a(a.h var1, n var2) throws IOException {
                         ^
  symbol:   class h
  location: class a
recovery/normalized-src-vf/l1r/an/PBMessageALL6.java:2946: error: a.p.a.a has private access in a.p.a
         public a.a.a a(a.h var1, n var2) throws IOException {
                 ^
recovery/normalized-src-vf/l1r/an/PBMessageALL6.java:2958: error: a.p.a.a has private access in a.p.a
         public a.a.a a(x var1) {
                 ^
recovery/normalized-src-vf/l1r/an/PBMessageALL6.java:3005: error: cannot find symbol
         a(a.p.b var1, PBMessageALL6.c.a var2) {
            ^
  symbol:   class p
  location: class a
recovery/normalized-src-vf/l1r/an/PBMessageALL6.java:3093: error: cannot find symbol
      private a.g w;
               ^
  symbol:   class g
  location: class a
recovery/normalized-src-vf/l1r/an/PBMessageALL6.java:3095: error: cannot find symbol
      private a.g x;
               ^
  symbol:   class g
  location: class a
recovery/normalized-src-vf/l1r/an/PBMessageALL6.java:3148: error: cannot find symbol
      private e(a.h var1, n var2) throws s {
                 ^
  symbol:   class h
  location: class a
recovery/normalized-src-vf/l1r/an/PBMessageALL6.java:3267: error: cannot find symbol
      protected a.p.g l() {
                 ^
  symbol:   class p
  location: class a
recovery/normalized-src-vf/l1r/an/PBMessageALL6.java:3307: error: cannot find symbol
      public a.g t() {
              ^
  symbol:   class g
  location: class a
recovery/normalized-src-vf/l1r/an/PBMessageALL6.java:3317: error: cannot find symbol
      public a.g v() {
              ^
  symbol:   class g
  location: class a
recovery/normalized-src-vf/l1r/an/PBMessageALL6.java:3461: error: cannot find symbol
      public void a(a.i var1) throws IOException {
                     ^
  symbol:   class i
  location: class a
recovery/normalized-src-vf/l1r/an/PBMessageALL6.java:3609: error: cannot find symbol
      public static PBMessageALL6.e a(a.g var0) throws s {
                                       ^
  symbol:   class g
  location: class a
recovery/normalized-src-vf/l1r/an/PBMessageALL6.java:3613: error: cannot find symbol
      public static PBMessageALL6.e a(a.g var0, n var1) throws s {
                                       ^
  symbol:   class g
  location: class a
recovery/normalized-src-vf/l1r/an/PBMessageALL6.java:3641: error: cannot find symbol
      public static PBMessageALL6.e a(a.h var0) throws IOException {
                                       ^
  symbol:   class h
  location: class a
recovery/normalized-src-vf/l1r/an/PBMessageALL6.java:3645: error: cannot find symbol
      public static PBMessageALL6.e a(a.h var0, n var1) throws IOException {
                                       ^
  symbol:   class h
  location: class a
recovery/normalized-src-vf/l1r/an/PBMessageALL6.java:3665: error: cannot find symbol
      protected PBMessageALL6.e.a a(a.p.b var1) {
                                     ^
  symbol:   class p
  location: class a
recovery/normalized-src-vf/l1r/an/PBMessageALL6.java:3671: error: cannot find symbol
      public a.y.a O() {
              ^
  symbol:   class y
  location: class a
recovery/normalized-src-vf/l1r/an/PBMessageALL6.java:3695: error: cannot find symbol
      protected x.a b(a.p.b var1) {
                       ^
  symbol:   class p
  location: class a
recovery/normalized-src-vf/l1r/an/PBMessageALL6.java:3701: error: cannot find symbol
      public a.y.a P() {
              ^
  symbol:   class y
  location: class a
recovery/normalized-src-vf/l1r/an/PBMessageALL6.java:3712: error: cannot find symbol
      e(a.h var1, n var2, PBMessageALL6.e var3) throws s {
         ^
  symbol:   class h
  location: class a
recovery/normalized-src-vf/l1r/an/PBMessageALL6.java:3725: error: cannot find symbol
         private a.g d;
                  ^
  symbol:   class g
  location: class a
recovery/normalized-src-vf/l1r/an/PBMessageALL6.java:3726: error: cannot find symbol
         private a.g e;
                  ^
  symbol:   class g
  location: class a
recovery/normalized-src-vf/l1r/an/PBMessageALL6.java:3744: error: cannot find symbol
         protected a.p.g l() {
                    ^
  symbol:   class p
  location: class a
recovery/normalized-src-vf/l1r/an/PBMessageALL6.java:3754: error: cannot find symbol
         private a(a.p.b var1) {
                    ^
  symbol:   class p
  location: class a
recovery/normalized-src-vf/l1r/an/PBMessageALL6.java:4002: error: cannot find symbol
         public PBMessageALL6.e.a e(a.h var1, n var2) throws IOException {
                                     ^
  symbol:   class h
  location: class a
recovery/normalized-src-vf/l1r/an/PBMessageALL6.java:4099: error: cannot find symbol
         public a.g t() {
                 ^
  symbol:   class g
  location: class a
recovery/normalized-src-vf/l1r/an/PBMessageALL6.java:4103: error: cannot find symbol
         public PBMessageALL6.e.a e(a.g var1) {
                                     ^
  symbol:   class g
  location: class a
recovery/normalized-src-vf/l1r/an/PBMessageALL6.java:4127: error: cannot find symbol
         public a.g v() {
                 ^
  symbol:   class g
  location: class a
recovery/normalized-src-vf/l1r/an/PBMessageALL6.java:4131: error: cannot find symbol
         public PBMessageALL6.e.a f(a.g var1) {
                                     ^
  symbol:   class g
  location: class a
recovery/normalized-src-vf/l1r/an/PBMessageALL6.java:4445: error: cannot find symbol
         public y.a c(a.h var1, n var2) throws IOException {
                       ^
  symbol:   class h
  location: class a
recovery/normalized-src-vf/l1r/an/PBMessageALL6.java:4451: error: cannot find symbol
         public x.a d(a.h var1, n var2) throws IOException {
                       ^
  symbol:   class h
  location: class a
recovery/normalized-src-vf/l1r/an/PBMessageALL6.java:4457: error: cannot find symbol
         public a.a.a a(a.h var1, n var2) throws IOException {
                         ^
  symbol:   class h
  location: class a
recovery/normalized-src-vf/l1r/an/PBMessageALL6.java:4457: error: a.p.a.a has private access in a.p.a
         public a.a.a a(a.h var1, n var2) throws IOException {
                 ^
recovery/normalized-src-vf/l1r/an/PBMessageALL6.java:4469: error: a.p.a.a has private access in a.p.a
         public a.a.a a(x var1) {
                 ^
recovery/normalized-src-vf/l1r/an/PBMessageALL6.java:4516: error: cannot find symbol
         a(a.p.b var1, PBMessageALL6.e.a var2) {
            ^
  symbol:   class p
  location: class a
recovery/normalized-src-vf/l1r/an/PBMessageALL6.java:4604: error: cannot find symbol
      private List<a.g> v;
                    ^
  symbol:   class g
  location: class a
recovery/normalized-src-vf/l1r/an/PBMessageALL6.java:4606: error: cannot find symbol
      private List<a.g> w;
                    ^
  symbol:   class g
  location: class a
recovery/normalized-src-vf/l1r/an/PBMessageALL6.java:4608: error: cannot find symbol
      private a.g x;
               ^
  symbol:   class g
  location: class a
recovery/normalized-src-vf/l1r/an/PBMessageALL6.java:4661: error: cannot find symbol
      private g(a.h var1, n var2) throws s {
                 ^
  symbol:   class h
  location: class a
recovery/normalized-src-vf/l1r/an/PBMessageALL6.java:4772: error: cannot find symbol
      protected a.p.g l() {
                 ^
  symbol:   class p
  location: class a
recovery/normalized-src-vf/l1r/an/PBMessageALL6.java:4792: error: cannot find symbol
      public List<a.g> q() {
                   ^
  symbol:   class g
  location: class a
recovery/normalized-src-vf/l1r/an/PBMessageALL6.java:4802: error: cannot find symbol
      public a.g a(int var1) {
              ^
  symbol:   class g
  location: class a
recovery/normalized-src-vf/l1r/an/PBMessageALL6.java:4807: error: cannot find symbol
      public List<a.g> s() {
                   ^
  symbol:   class g
  location: class a
recovery/normalized-src-vf/l1r/an/PBMessageALL6.java:4817: error: cannot find symbol
      public a.g b(int var1) {
              ^
  symbol:   class g
  location: class a
recovery/normalized-src-vf/l1r/an/PBMessageALL6.java:4827: error: cannot find symbol
      public a.g v() {
              ^
  symbol:   class g
  location: class a
recovery/normalized-src-vf/l1r/an/PBMessageALL6.java:4971: error: cannot find symbol
      public void a(a.i var1) throws IOException {
                     ^
  symbol:   class i
  location: class a
recovery/normalized-src-vf/l1r/an/PBMessageALL6.java:5122: error: cannot find symbol
      public static PBMessageALL6.g a(a.g var0) throws s {
                                       ^
  symbol:   class g
  location: class a
recovery/normalized-src-vf/l1r/an/PBMessageALL6.java:5126: error: cannot find symbol
      public static PBMessageALL6.g a(a.g var0, n var1) throws s {
                                       ^
  symbol:   class g
  location: class a
recovery/normalized-src-vf/l1r/an/PBMessageALL6.java:5154: error: cannot find symbol
      public static PBMessageALL6.g a(a.h var0) throws IOException {
                                       ^
  symbol:   class h
  location: class a
recovery/normalized-src-vf/l1r/an/PBMessageALL6.java:5158: error: cannot find symbol
      public static PBMessageALL6.g a(a.h var0, n var1) throws IOException {
                                       ^
  symbol:   class h
  location: class a
recovery/normalized-src-vf/l1r/an/PBMessageALL6.java:5178: error: cannot find symbol
      protected PBMessageALL6.g.a a(a.p.b var1) {
                                     ^
  symbol:   class p
  location: class a
recovery/normalized-src-vf/l1r/an/PBMessageALL6.java:5184: error: cannot find symbol
      public a.y.a O() {
              ^
  symbol:   class y
  location: class a
recovery/normalized-src-vf/l1r/an/PBMessageALL6.java:5208: error: cannot find symbol
      protected x.a b(a.p.b var1) {
                       ^
  symbol:   class p
  location: class a
recovery/normalized-src-vf/l1r/an/PBMessageALL6.java:5214: error: cannot find symbol
      public a.y.a P() {
              ^
  symbol:   class y
  location: class a
recovery/normalized-src-vf/l1r/an/PBMessageALL6.java:5225: error: cannot find symbol
      g(a.h var1, n var2, PBMessageALL6.g var3) throws s {
         ^
  symbol:   class h
  location: class a
recovery/normalized-src-vf/l1r/an/PBMessageALL6.java:5237: error: cannot find symbol
         private List<a.g> c = Collections.emptyList();
                       ^
  symbol:   class g
  location: class a
recovery/normalized-src-vf/l1r/an/PBMessageALL6.java:5238: error: cannot find symbol
         private List<a.g> d = Collections.emptyList();
                       ^
  symbol:   class g
  location: class a
recovery/normalized-src-vf/l1r/an/PBMessageALL6.java:5239: error: cannot find symbol
         private a.g e = a.g.d;
                  ^
  symbol:   class g
  location: class a
recovery/normalized-src-vf/l1r/an/PBMessageALL6.java:5257: error: cannot find symbol
         protected a.p.g l() {
                    ^
  symbol:   class p
  location: class a
recovery/normalized-src-vf/l1r/an/PBMessageALL6.java:5265: error: cannot find symbol
         private a(a.p.b var1) {
                    ^
  symbol:   class p
  location: class a
recovery/normalized-src-vf/l1r/an/PBMessageALL6.java:5520: error: cannot find symbol
         public PBMessageALL6.g.a e(a.h var1, n var2) throws IOException {
                                     ^
  symbol:   class h
  location: class a
recovery/normalized-src-vf/l1r/an/PBMessageALL6.java:5569: error: cannot find symbol
         public List<a.g> q() {
                      ^
  symbol:   class g
  location: class a
recovery/normalized-src-vf/l1r/an/PBMessageALL6.java:5579: error: cannot find symbol
         public a.g a(int var1) {
                 ^
  symbol:   class g
  location: class a
recovery/normalized-src-vf/l1r/an/PBMessageALL6.java:5583: error: cannot find symbol
         public PBMessageALL6.g.a a(int var1, a.g var2) {
                                               ^
  symbol:   class g
  location: class a
recovery/normalized-src-vf/l1r/an/PBMessageALL6.java:5594: error: cannot find symbol
         public PBMessageALL6.g.a e(a.g var1) {
                                     ^
  symbol:   class g
  location: class a
recovery/normalized-src-vf/l1r/an/PBMessageALL6.java:5605: error: cannot find symbol
         public PBMessageALL6.g.a a(Iterable<? extends a.g> var1) {
                                                        ^
  symbol:   class g
  location: class a
recovery/normalized-src-vf/l1r/an/PBMessageALL6.java:5627: error: cannot find symbol
         public List<a.g> s() {
                      ^
  symbol:   class g
  location: class a
recovery/normalized-src-vf/l1r/an/PBMessageALL6.java:5637: error: cannot find symbol
         public a.g b(int var1) {
                 ^
  symbol:   class g
  location: class a
recovery/normalized-src-vf/l1r/an/PBMessageALL6.java:5641: error: cannot find symbol
         public PBMessageALL6.g.a b(int var1, a.g var2) {
                                               ^
  symbol:   class g
  location: class a
recovery/normalized-src-vf/l1r/an/PBMessageALL6.java:5652: error: cannot find symbol
         public PBMessageALL6.g.a f(a.g var1) {
                                     ^
  symbol:   class g
  location: class a
recovery/normalized-src-vf/l1r/an/PBMessageALL6.java:5663: error: cannot find symbol
         public PBMessageALL6.g.a b(Iterable<? extends a.g> var1) {
                                                        ^
  symbol:   class g
  location: class a
recovery/normalized-src-vf/l1r/an/PBMessageALL6.java:5683: error: cannot find symbol
         public a.g v() {
                 ^
  symbol:   class g
  location: class a
recovery/normalized-src-vf/l1r/an/PBMessageALL6.java:5687: error: cannot find symbol
         public PBMessageALL6.g.a g(a.g var1) {
                                     ^
  symbol:   class g
  location: class a
recovery/normalized-src-vf/l1r/an/PBMessageALL6.java:6001: error: cannot find symbol
         public y.a c(a.h var1, n var2) throws IOException {
                       ^
  symbol:   class h
  location: class a
recovery/normalized-src-vf/l1r/an/PBMessageALL6.java:6007: error: cannot find symbol
         public x.a d(a.h var1, n var2) throws IOException {
                       ^
  symbol:   class h
  location: class a
recovery/normalized-src-vf/l1r/an/PBMessageALL6.java:6013: error: cannot find symbol
         public a.a.a a(a.h var1, n var2) throws IOException {
                         ^
  symbol:   class h
  location: class a
recovery/normalized-src-vf/l1r/an/PBMessageALL6.java:6013: error: a.p.a.a has private access in a.p.a
         public a.a.a a(a.h var1, n var2) throws IOException {
                 ^
recovery/normalized-src-vf/l1r/an/PBMessageALL6.java:6025: error: a.p.a.a has private access in a.p.a
         public a.a.a a(x var1) {
                 ^
recovery/normalized-src-vf/l1r/an/PBMessageALL6.java:6072: error: cannot find symbol
         a(a.p.b var1, PBMessageALL6.g.a var2) {
            ^
  symbol:   class p
  location: class a
recovery/normalized-src-vf/l1r/an/PBMessageALL6.java:6160: error: cannot find symbol
      private a.g u;
               ^
  symbol:   class g
  location: class a
recovery/normalized-src-vf/l1r/an/PBMessageALL6.java:6162: error: cannot find symbol
      private a.g v;
               ^
  symbol:   class g
  location: class a
recovery/normalized-src-vf/l1r/an/PBMessageALL6.java:6168: error: cannot find symbol
      private List<a.g> y;
                    ^
  symbol:   class g
  location: class a
recovery/normalized-src-vf/l1r/an/PBMessageALL6.java:6170: error: cannot find symbol
      private a.g z;
               ^
  symbol:   class g
  location: class a
recovery/normalized-src-vf/l1r/an/PBMessageALL6.java:6172: error: cannot find symbol
      private a.g A;
               ^
  symbol:   class g
  location: class a
recovery/normalized-src-vf/l1r/an/PBMessageALL6.java:6219: error: cannot find symbol
      private i(a.h var1, n var2) throws s {
                 ^
  symbol:   class h
  location: class a
recovery/normalized-src-vf/l1r/an/PBMessageALL6.java:6322: error: cannot find symbol
      protected a.p.g l() {
                 ^
  symbol:   class p
  location: class a
recovery/normalized-src-vf/l1r/an/PBMessageALL6.java:6337: error: cannot find symbol
      public a.g p() {
              ^
  symbol:   class g
  location: class a
recovery/normalized-src-vf/l1r/an/PBMessageALL6.java:6347: error: cannot find symbol
      public a.g r() {
              ^
  symbol:   class g
  location: class a
recovery/normalized-src-vf/l1r/an/PBMessageALL6.java:6372: error: cannot find symbol
      public List<a.g> w() {
                   ^
  symbol:   class g
  location: class a
recovery/normalized-src-vf/l1r/an/PBMessageALL6.java:6382: error: cannot find symbol
      public a.g a(int var1) {
              ^
  symbol:   class g
  location: class a
recovery/normalized-src-vf/l1r/an/PBMessageALL6.java:6392: error: cannot find symbol
      public a.g z() {
              ^
  symbol:   class g
  location: class a
recovery/normalized-src-vf/l1r/an/PBMessageALL6.java:6402: error: cannot find symbol
      public a.g B() {
              ^
  symbol:   class g
  location: class a
recovery/normalized-src-vf/l1r/an/PBMessageALL6.java:6516: error: cannot find symbol
      public void a(a.i var1) throws IOException {
                     ^
  symbol:   class i
  location: class a
recovery/normalized-src-vf/l1r/an/PBMessageALL6.java:6663: error: cannot find symbol
      public static PBMessageALL6.i a(a.g var0) throws s {
                                       ^
  symbol:   class g
  location: class a
recovery/normalized-src-vf/l1r/an/PBMessageALL6.java:6667: error: cannot find symbol
      public static PBMessageALL6.i a(a.g var0, n var1) throws s {
                                       ^
  symbol:   class g
  location: class a
recovery/normalized-src-vf/l1r/an/PBMessageALL6.java:6695: error: cannot find symbol
      public static PBMessageALL6.i a(a.h var0) throws IOException {
                                       ^
  symbol:   class h
  location: class a
recovery/normalized-src-vf/l1r/an/PBMessageALL6.java:6699: error: cannot find symbol
      public static PBMessageALL6.i a(a.h var0, n var1) throws IOException {
                                       ^
  symbol:   class h
  location: class a
recovery/normalized-src-vf/l1r/an/PBMessageALL6.java:6719: error: cannot find symbol
      protected PBMessageALL6.i.a a(a.p.b var1) {
                                     ^
  symbol:   class p
  location: class a
recovery/normalized-src-vf/l1r/an/PBMessageALL6.java:6725: error: cannot find symbol
      public a.y.a O() {
              ^
  symbol:   class y
  location: class a
recovery/normalized-src-vf/l1r/an/PBMessageALL6.java:6749: error: cannot find symbol
      protected x.a b(a.p.b var1) {
                       ^
  symbol:   class p
  location: class a
recovery/normalized-src-vf/l1r/an/PBMessageALL6.java:6755: error: cannot find symbol
      public a.y.a P() {
              ^
  symbol:   class y
  location: class a
recovery/normalized-src-vf/l1r/an/PBMessageALL6.java:6766: error: cannot find symbol
      i(a.h var1, n var2, PBMessageALL6.i var3) throws s {
         ^
  symbol:   class h
  location: class a
recovery/normalized-src-vf/l1r/an/PBMessageALL6.java:6777: error: cannot find symbol
         private a.g b = a.g.d;
                  ^
  symbol:   class g
  location: class a
recovery/normalized-src-vf/l1r/an/PBMessageALL6.java:6778: error: cannot find symbol
         private a.g c = a.g.d;
                  ^
  symbol:   class g
  location: class a
recovery/normalized-src-vf/l1r/an/PBMessageALL6.java:6781: error: cannot find symbol
         private List<a.g> f = Collections.emptyList();
                       ^
  symbol:   class g
  location: class a
recovery/normalized-src-vf/l1r/an/PBMessageALL6.java:6782: error: cannot find symbol
         private a.g g = a.g.d;
                  ^
  symbol:   class g
  location: class a
recovery/normalized-src-vf/l1r/an/PBMessageALL6.java:6783: error: cannot find symbol
         private a.g h = a.g.d;
                  ^
  symbol:   class g
  location: class a
recovery/normalized-src-vf/l1r/an/PBMessageALL6.java:6798: error: cannot find symbol
         protected a.p.g l() {
                    ^
  symbol:   class p
  location: class a
recovery/normalized-src-vf/l1r/an/PBMessageALL6.java:6806: error: cannot find symbol
         private a(a.p.b var1) {
                    ^
  symbol:   class p
  location: class a
recovery/normalized-src-vf/l1r/an/PBMessageALL6.java:7052: error: cannot find symbol
         public PBMessageALL6.i.a e(a.h var1, n var2) throws IOException {
                                     ^
  symbol:   class h
  location: class a
recovery/normalized-src-vf/l1r/an/PBMessageALL6.java:7075: error: cannot find symbol
         public a.g p() {
                 ^
  symbol:   class g
  location: class a
recovery/normalized-src-vf/l1r/an/PBMessageALL6.java:7079: error: cannot find symbol
         public PBMessageALL6.i.a e(a.g var1) {
                                     ^
  symbol:   class g
  location: class a
recovery/normalized-src-vf/l1r/an/PBMessageALL6.java:7103: error: cannot find symbol
         public a.g r() {
                 ^
  symbol:   class g
  location: class a
recovery/normalized-src-vf/l1r/an/PBMessageALL6.java:7107: error: cannot find symbol
         public PBMessageALL6.i.a f(a.g var1) {
                                     ^
  symbol:   class g
  location: class a
recovery/normalized-src-vf/l1r/an/PBMessageALL6.java:7181: error: cannot find symbol
         public List<a.g> w() {
                      ^
  symbol:   class g
  location: class a
recovery/normalized-src-vf/l1r/an/PBMessageALL6.java:7191: error: cannot find symbol
         public a.g a(int var1) {
                 ^
  symbol:   class g
  location: class a
recovery/normalized-src-vf/l1r/an/PBMessageALL6.java:7195: error: cannot find symbol
         public PBMessageALL6.i.a a(int var1, a.g var2) {
                                               ^
  symbol:   class g
  location: class a
recovery/normalized-src-vf/l1r/an/PBMessageALL6.java:7206: error: cannot find symbol
         public PBMessageALL6.i.a g(a.g var1) {
                                     ^
  symbol:   class g
  location: class a
recovery/normalized-src-vf/l1r/an/PBMessageALL6.java:7217: error: cannot find symbol
         public PBMessageALL6.i.a a(Iterable<? extends a.g> var1) {
                                                        ^
  symbol:   class g
  location: class a
recovery/normalized-src-vf/l1r/an/PBMessageALL6.java:7237: error: cannot find symbol
         public a.g z() {
                 ^
  symbol:   class g
  location: class a
recovery/normalized-src-vf/l1r/an/PBMessageALL6.java:7241: error: cannot find symbol
         public PBMessageALL6.i.a h(a.g var1) {
                                     ^
  symbol:   class g
  location: class a
recovery/normalized-src-vf/l1r/an/PBMessageALL6.java:7265: error: cannot find symbol
         public a.g B() {
                 ^
  symbol:   class g
  location: class a
recovery/normalized-src-vf/l1r/an/PBMessageALL6.java:7269: error: cannot find symbol
         public PBMessageALL6.i.a i(a.g var1) {
                                     ^
  symbol:   class g
  location: class a
recovery/normalized-src-vf/l1r/an/PBMessageALL6.java:7511: error: cannot find symbol
         public y.a c(a.h var1, n var2) throws IOException {
                       ^
  symbol:   class h
  location: class a
recovery/normalized-src-vf/l1r/an/PBMessageALL6.java:7517: error: cannot find symbol
         public x.a d(a.h var1, n var2) throws IOException {
                       ^
  symbol:   class h
  location: class a
recovery/normalized-src-vf/l1r/an/PBMessageALL6.java:7523: error: cannot find symbol
         public a.a.a a(a.h var1, n var2) throws IOException {
                         ^
  symbol:   class h
  location: class a
recovery/normalized-src-vf/l1r/an/PBMessageALL6.java:7523: error: a.p.a.a has private access in a.p.a
         public a.a.a a(a.h var1, n var2) throws IOException {
                 ^
recovery/normalized-src-vf/l1r/an/PBMessageALL6.java:7535: error: a.p.a.a has private access in a.p.a
         public a.a.a a(x var1) {
                 ^
recovery/normalized-src-vf/l1r/an/PBMessageALL6.java:7582: error: cannot find symbol
         a(a.p.b var1, PBMessageALL6.i.a var2) {
            ^
  symbol:   class p
  location: class a
recovery/normalized-src-vf/l1r/an/PBMessageALL7.java:841: error: cannot find symbol
         protected a.p.g l() {
                    ^
  symbol:   class p
  location: class a
recovery/normalized-src-vf/l1r/an/PBMessageALL7.java:849: error: cannot find symbol
         private a(a.p.b var1) {
                    ^
  symbol:   class p
  location: class a
recovery/normalized-src-vf/l1r/an/PBMessageALL7.java:1095: error: cannot find symbol
         public PBMessageALL7.a.a e(a.h var1, n var2) throws IOException {
                                     ^
  symbol:   class h
  location: class a
recovery/normalized-src-vf/l1r/an/PBMessageALL7.java:1530: error: cannot find symbol
         public y.a c(a.h var1, n var2) throws IOException {
                       ^
  symbol:   class h
  location: class a
recovery/normalized-src-vf/l1r/an/PBMessageALL7.java:1536: error: cannot find symbol
         public x.a d(a.h var1, n var2) throws IOException {
                       ^
  symbol:   class h
  location: class a
recovery/normalized-src-vf/l1r/an/PBMessageALL7.java:1542: error: cannot find symbol
         public a.a.a a(a.h var1, n var2) throws IOException {
                         ^
  symbol:   class h
  location: class a
recovery/normalized-src-vf/l1r/an/PBMessageALL7.java:1542: error: a.p.a.a has private access in a.p.a
         public a.a.a a(a.h var1, n var2) throws IOException {
                 ^
recovery/normalized-src-vf/l1r/an/PBMessageALL7.java:1554: error: a.p.a.a has private access in a.p.a
         public a.a.a a(x var1) {
                 ^
recovery/normalized-src-vf/l1r/an/PBMessageALL7.java:1601: error: cannot find symbol
         a(a.p.b var1, PBMessageALL7.a.a var2) {
            ^
  symbol:   class p
  location: class a
recovery/normalized-src-vf/l1r/an/PBMessageALL7.java:1691: error: cannot find symbol
      private a.g C;
               ^
  symbol:   class g
  location: class a
recovery/normalized-src-vf/l1r/an/PBMessageALL7.java:1721: error: cannot find symbol
      private a.g R;
               ^
  symbol:   class g
  location: class a
recovery/normalized-src-vf/l1r/an/PBMessageALL7.java:1758: error: cannot find symbol
      private c(a.h var1, n var2) throws s {
                 ^
  symbol:   class h
  location: class a
recovery/normalized-src-vf/l1r/an/PBMessageALL7.java:1901: error: cannot find symbol
      protected a.p.g l() {
                 ^
  symbol:   class p
  location: class a
recovery/normalized-src-vf/l1r/an/PBMessageALL7.java:1936: error: cannot find symbol
      public a.g t() {
              ^
  symbol:   class g
  location: class a
recovery/normalized-src-vf/l1r/an/PBMessageALL7.java:2086: error: cannot find symbol
      public a.g I_() {
              ^
  symbol:   class g
  location: class a
recovery/normalized-src-vf/l1r/an/PBMessageALL7.java:2161: error: cannot find symbol
      public void a(a.i var1) throws IOException {
                     ^
  symbol:   class i
  location: class a
recovery/normalized-src-vf/l1r/an/PBMessageALL7.java:2356: error: cannot find symbol
      public static PBMessageALL7.c a(a.g var0) throws s {
                                       ^
  symbol:   class g
  location: class a
recovery/normalized-src-vf/l1r/an/PBMessageALL7.java:2360: error: cannot find symbol
      public static PBMessageALL7.c a(a.g var0, n var1) throws s {
                                       ^
  symbol:   class g
  location: class a
recovery/normalized-src-vf/l1r/an/PBMessageALL7.java:2388: error: cannot find symbol
      public static PBMessageALL7.c a(a.h var0) throws IOException {
                                       ^
  symbol:   class h
  location: class a
recovery/normalized-src-vf/l1r/an/PBMessageALL7.java:2392: error: cannot find symbol
      public static PBMessageALL7.c a(a.h var0, n var1) throws IOException {
                                       ^
  symbol:   class h
  location: class a
recovery/normalized-src-vf/l1r/an/PBMessageALL7.java:2412: error: cannot find symbol
      protected PBMessageALL7.c.a a(a.p.b var1) {
                                     ^
  symbol:   class p
  location: class a
recovery/normalized-src-vf/l1r/an/PBMessageALL7.java:2418: error: cannot find symbol
      public a.y.a O() {
              ^
  symbol:   class y
  location: class a
recovery/normalized-src-vf/l1r/an/PBMessageALL7.java:2442: error: cannot find symbol
      protected x.a b(a.p.b var1) {
                       ^
  symbol:   class p
  location: class a
recovery/normalized-src-vf/l1r/an/PBMessageALL7.java:2448: error: cannot find symbol
      public a.y.a P() {
              ^
  symbol:   class y
  location: class a
recovery/normalized-src-vf/l1r/an/PBMessageALL7.java:2459: error: cannot find symbol
      c(a.h var1, n var2, PBMessageALL7.c var3) throws s {
         ^
  symbol:   class h
  location: class a
recovery/normalized-src-vf/l1r/an/PBMessageALL7.java:2472: error: cannot find symbol
         private a.g d;
                  ^
  symbol:   class g
  location: class a
recovery/normalized-src-vf/l1r/an/PBMessageALL7.java:2487: error: cannot find symbol
         private a.g s;
                  ^
  symbol:   class g
  location: class a
recovery/normalized-src-vf/l1r/an/PBMessageALL7.java:2497: error: cannot find symbol
         protected a.p.g l() {
                    ^
  symbol:   class p
  location: class a
recovery/normalized-src-vf/l1r/an/PBMessageALL7.java:2508: error: cannot find symbol
         private a(a.p.b var1) {
                    ^
  symbol:   class p
  location: class a
recovery/normalized-src-vf/l1r/an/PBMessageALL7.java:2823: error: cannot find symbol
         public PBMessageALL7.c.a e(a.h var1, n var2) throws IOException {
                                     ^
  symbol:   class h
  location: class a
recovery/normalized-src-vf/l1r/an/PBMessageALL7.java:2894: error: cannot find symbol
         public a.g t() {
                 ^
  symbol:   class g
  location: class a
recovery/normalized-src-vf/l1r/an/PBMessageALL7.java:2898: error: cannot find symbol
         public PBMessageALL7.c.a e(a.g var1) {
                                     ^
  symbol:   class g
  location: class a
recovery/normalized-src-vf/l1r/an/PBMessageALL7.java:3258: error: cannot find symbol
         public a.g I_() {
                 ^
  symbol:   class g
  location: class a
recovery/normalized-src-vf/l1r/an/PBMessageALL7.java:3262: error: cannot find symbol
         public PBMessageALL7.c.a f(a.g var1) {
                                     ^
  symbol:   class g
  location: class a
recovery/normalized-src-vf/l1r/an/PBMessageALL7.java:3410: error: cannot find symbol
         public y.a c(a.h var1, n var2) throws IOException {
                       ^
  symbol:   class h
  location: class a
recovery/normalized-src-vf/l1r/an/PBMessageALL7.java:3416: error: cannot find symbol
         public x.a d(a.h var1, n var2) throws IOException {
                       ^
  symbol:   class h
  location: class a
recovery/normalized-src-vf/l1r/an/PBMessageALL7.java:3422: error: cannot find symbol
         public a.a.a a(a.h var1, n var2) throws IOException {
                         ^
  symbol:   class h
  location: class a
recovery/normalized-src-vf/l1r/an/PBMessageALL7.java:3422: error: a.p.a.a has private access in a.p.a
         public a.a.a a(a.h var1, n var2) throws IOException {
                 ^
recovery/normalized-src-vf/l1r/an/PBMessageALL7.java:3434: error: a.p.a.a has private access in a.p.a
         public a.a.a a(x var1) {
                 ^
recovery/normalized-src-vf/l1r/an/PBMessageALL7.java:3481: error: cannot find symbol
         a(a.p.b var1, PBMessageALL7.c.a var2) {
            ^
  symbol:   class p
  location: class a
recovery/normalized-src-vf/l1r/an/PBMessageALL7.java:3650: error: cannot find symbol
      private e(a.h var1, n var2) throws s {
                 ^
  symbol:   class h
  location: class a
recovery/normalized-src-vf/l1r/an/PBMessageALL7.java:3857: error: cannot find symbol
      protected a.p.g l() {
                 ^
  symbol:   class p
  location: class a
recovery/normalized-src-vf/l1r/an/PBMessageALL7.java:4071: error: cannot find symbol
      public void a(a.i var1) throws IOException {
                     ^
  symbol:   class i
  location: class a
recovery/normalized-src-vf/l1r/an/PBMessageALL7.java:4234: error: cannot find symbol
      public static PBMessageALL7.e a(a.g var0) throws s {
                                       ^
  symbol:   class g
  location: class a
recovery/normalized-src-vf/l1r/an/PBMessageALL7.java:4238: error: cannot find symbol
      public static PBMessageALL7.e a(a.g var0, n var1) throws s {
                                       ^
  symbol:   class g
  location: class a
recovery/normalized-src-vf/l1r/an/PBMessageALL7.java:4266: error: cannot find symbol
      public static PBMessageALL7.e a(a.h var0) throws IOException {
                                       ^
  symbol:   class h
  location: class a
recovery/normalized-src-vf/l1r/an/PBMessageALL7.java:4270: error: cannot find symbol
      public static PBMessageALL7.e a(a.h var0, n var1) throws IOException {
                                       ^
  symbol:   class h
  location: class a
recovery/normalized-src-vf/l1r/an/PBMessageALL7.java:4290: error: cannot find symbol
      protected PBMessageALL7.e.a a(a.p.b var1) {
                                     ^
  symbol:   class p
  location: class a
recovery/normalized-src-vf/l1r/an/PBMessageALL7.java:4296: error: cannot find symbol
      public a.y.a O() {
              ^
  symbol:   class y
  location: class a
recovery/normalized-src-vf/l1r/an/PBMessageALL7.java:4320: error: cannot find symbol
      protected x.a b(a.p.b var1) {
                       ^
  symbol:   class p
  location: class a
recovery/normalized-src-vf/l1r/an/PBMessageALL7.java:4326: error: cannot find symbol
      public a.y.a P() {
              ^
  symbol:   class y
  location: class a
recovery/normalized-src-vf/l1r/an/PBMessageALL7.java:4337: error: cannot find symbol
      e(a.h var1, n var2, PBMessageALL7.e var3) throws s {
         ^
  symbol:   class h
  location: class a
recovery/normalized-src-vf/l1r/an/PBMessageALL7.java:4369: error: cannot find symbol
         protected a.p.g l() {
                    ^
  symbol:   class p
  location: class a
recovery/normalized-src-vf/l1r/an/PBMessageALL7.java:4377: error: cannot find symbol
         private a(a.p.b var1) {
                    ^
  symbol:   class p
  location: class a
recovery/normalized-src-vf/l1r/an/PBMessageALL7.java:4659: error: cannot find symbol
         public PBMessageALL7.e.a e(a.h var1, n var2) throws IOException {
                                     ^
  symbol:   class h
  location: class a
recovery/normalized-src-vf/l1r/an/PBMessageALL7.java:5198: error: cannot find symbol
         public y.a c(a.h var1, n var2) throws IOException {
                       ^
  symbol:   class h
  location: class a
recovery/normalized-src-vf/l1r/an/PBMessageALL7.java:5204: error: cannot find symbol
         public x.a d(a.h var1, n var2) throws IOException {
                       ^
  symbol:   class h
  location: class a
recovery/normalized-src-vf/l1r/an/PBMessageALL7.java:5210: error: cannot find symbol
         public a.a.a a(a.h var1, n var2) throws IOException {
                         ^
  symbol:   class h
  location: class a
recovery/normalized-src-vf/l1r/an/PBMessageALL7.java:5210: error: a.p.a.a has private access in a.p.a
         public a.a.a a(a.h var1, n var2) throws IOException {
                 ^
recovery/normalized-src-vf/l1r/an/PBMessageALL7.java:5222: error: a.p.a.a has private access in a.p.a
         public a.a.a a(x var1) {
                 ^
recovery/normalized-src-vf/l1r/an/PBMessageALL7.java:5269: error: cannot find symbol
         a(a.p.b var1, PBMessageALL7.e.a var2) {
            ^
  symbol:   class p
  location: class a
recovery/normalized-src-vf/l1r/an/PBMessageALL7.java:5365: error: cannot find symbol
      private List<a.g> v;
                    ^
  symbol:   class g
  location: class a
recovery/normalized-src-vf/l1r/an/PBMessageALL7.java:5367: error: cannot find symbol
      private List<a.g> w;
                    ^
  symbol:   class g
  location: class a
recovery/normalized-src-vf/l1r/an/PBMessageALL7.java:5422: error: cannot find symbol
      private g(a.h var1, n var2) throws s {
                 ^
  symbol:   class h
  location: class a
recovery/normalized-src-vf/l1r/an/PBMessageALL7.java:5533: error: cannot find symbol
      protected a.p.g l() {
                 ^
  symbol:   class p
  location: class a
recovery/normalized-src-vf/l1r/an/PBMessageALL7.java:5553: error: cannot find symbol
      public List<a.g> q() {
                   ^
  symbol:   class g
  location: class a
recovery/normalized-src-vf/l1r/an/PBMessageALL7.java:5563: error: cannot find symbol
      public a.g a(int var1) {
              ^
  symbol:   class g
  location: class a
recovery/normalized-src-vf/l1r/an/PBMessageALL7.java:5568: error: cannot find symbol
      public List<a.g> s() {
                   ^
  symbol:   class g
  location: class a
recovery/normalized-src-vf/l1r/an/PBMessageALL7.java:5578: error: cannot find symbol
      public a.g b(int var1) {
              ^
  symbol:   class g
  location: class a
recovery/normalized-src-vf/l1r/an/PBMessageALL7.java:5732: error: cannot find symbol
      public void a(a.i var1) throws IOException {
                     ^
  symbol:   class i
  location: class a
recovery/normalized-src-vf/l1r/an/PBMessageALL7.java:5883: error: cannot find symbol
      public static PBMessageALL7.g a(a.g var0) throws s {
                                       ^
  symbol:   class g
  location: class a
recovery/normalized-src-vf/l1r/an/PBMessageALL7.java:5887: error: cannot find symbol
      public static PBMessageALL7.g a(a.g var0, n var1) throws s {
                                       ^
  symbol:   class g
  location: class a
recovery/normalized-src-vf/l1r/an/PBMessageALL7.java:5915: error: cannot find symbol
      public static PBMessageALL7.g a(a.h var0) throws IOException {
                                       ^
  symbol:   class h
  location: class a
recovery/normalized-src-vf/l1r/an/PBMessageALL7.java:5919: error: cannot find symbol
      public static PBMessageALL7.g a(a.h var0, n var1) throws IOException {
                                       ^
  symbol:   class h
  location: class a
recovery/normalized-src-vf/l1r/an/PBMessageALL7.java:5939: error: cannot find symbol
      protected PBMessageALL7.g.a a(a.p.b var1) {
                                     ^
  symbol:   class p
  location: class a
recovery/normalized-src-vf/l1r/an/PBMessageALL7.java:5945: error: cannot find symbol
      public a.y.a O() {
              ^
  symbol:   class y
  location: class a
recovery/normalized-src-vf/l1r/an/PBMessageALL7.java:5969: error: cannot find symbol
      protected x.a b(a.p.b var1) {
                       ^
  symbol:   class p
  location: class a
recovery/normalized-src-vf/l1r/an/PBMessageALL7.java:5975: error: cannot find symbol
      public a.y.a P() {
              ^
  symbol:   class y
  location: class a
recovery/normalized-src-vf/l1r/an/PBMessageALL7.java:5986: error: cannot find symbol
      g(a.h var1, n var2, PBMessageALL7.g var3) throws s {
         ^
  symbol:   class h
  location: class a
recovery/normalized-src-vf/l1r/an/PBMessageALL7.java:5998: error: cannot find symbol
         private List<a.g> c = Collections.emptyList();
                       ^
  symbol:   class g
  location: class a
recovery/normalized-src-vf/l1r/an/PBMessageALL7.java:5999: error: cannot find symbol
         private List<a.g> d = Collections.emptyList();
                       ^
  symbol:   class g
  location: class a
recovery/normalized-src-vf/l1r/an/PBMessageALL7.java:6018: error: cannot find symbol
         protected a.p.g l() {
                    ^
  symbol:   class p
  location: class a
recovery/normalized-src-vf/l1r/an/PBMessageALL7.java:6026: error: cannot find symbol
         private a(a.p.b var1) {
                    ^
  symbol:   class p
  location: class a
recovery/normalized-src-vf/l1r/an/PBMessageALL7.java:6281: error: cannot find symbol
         public PBMessageALL7.g.a e(a.h var1, n var2) throws IOException {
                                     ^
  symbol:   class h
  location: class a
recovery/normalized-src-vf/l1r/an/PBMessageALL7.java:6330: error: cannot find symbol
         public List<a.g> q() {
                      ^
  symbol:   class g
  location: class a
recovery/normalized-src-vf/l1r/an/PBMessageALL7.java:6340: error: cannot find symbol
         public a.g a(int var1) {
                 ^
  symbol:   class g
  location: class a
recovery/normalized-src-vf/l1r/an/PBMessageALL7.java:6344: error: cannot find symbol
         public PBMessageALL7.g.a a(int var1, a.g var2) {
                                               ^
  symbol:   class g
  location: class a
recovery/normalized-src-vf/l1r/an/PBMessageALL7.java:6355: error: cannot find symbol
         public PBMessageALL7.g.a e(a.g var1) {
                                     ^
  symbol:   class g
  location: class a
recovery/normalized-src-vf/l1r/an/PBMessageALL7.java:6366: error: cannot find symbol
         public PBMessageALL7.g.a a(Iterable<? extends a.g> var1) {
                                                        ^
  symbol:   class g
  location: class a
recovery/normalized-src-vf/l1r/an/PBMessageALL7.java:6388: error: cannot find symbol
         public List<a.g> s() {
                      ^
  symbol:   class g
  location: class a
recovery/normalized-src-vf/l1r/an/PBMessageALL7.java:6398: error: cannot find symbol
         public a.g b(int var1) {
                 ^
  symbol:   class g
  location: class a
recovery/normalized-src-vf/l1r/an/PBMessageALL7.java:6402: error: cannot find symbol
         public PBMessageALL7.g.a b(int var1, a.g var2) {
                                               ^
  symbol:   class g
  location: class a
recovery/normalized-src-vf/l1r/an/PBMessageALL7.java:6413: error: cannot find symbol
         public PBMessageALL7.g.a f(a.g var1) {
                                     ^
  symbol:   class g
  location: class a
recovery/normalized-src-vf/l1r/an/PBMessageALL7.java:6424: error: cannot find symbol
         public PBMessageALL7.g.a b(Iterable<? extends a.g> var1) {
                                                        ^
  symbol:   class g
  location: class a
recovery/normalized-src-vf/l1r/an/PBMessageALL7.java:6758: error: cannot find symbol
         public y.a c(a.h var1, n var2) throws IOException {
                       ^
  symbol:   class h
  location: class a
recovery/normalized-src-vf/l1r/an/PBMessageALL7.java:6764: error: cannot find symbol
         public x.a d(a.h var1, n var2) throws IOException {
                       ^
  symbol:   class h
  location: class a
recovery/normalized-src-vf/l1r/an/PBMessageALL7.java:6770: error: cannot find symbol
         public a.a.a a(a.h var1, n var2) throws IOException {
                         ^
  symbol:   class h
  location: class a
recovery/normalized-src-vf/l1r/an/PBMessageALL7.java:6770: error: a.p.a.a has private access in a.p.a
         public a.a.a a(a.h var1, n var2) throws IOException {
                 ^
recovery/normalized-src-vf/l1r/an/PBMessageALL7.java:6782: error: a.p.a.a has private access in a.p.a
         public a.a.a a(x var1) {
                 ^
recovery/normalized-src-vf/l1r/an/PBMessageALL7.java:6829: error: cannot find symbol
         a(a.p.b var1, PBMessageALL7.g.a var2) {
            ^
  symbol:   class p
  location: class a
recovery/normalized-src-vf/l1r/an/PBMessageALL7.java:6917: error: cannot find symbol
      private a.g u;
               ^
  symbol:   class g
  location: class a
recovery/normalized-src-vf/l1r/an/PBMessageALL7.java:6919: error: cannot find symbol
      private List<a.g> v;
                    ^
  symbol:   class g
  location: class a
recovery/normalized-src-vf/l1r/an/PBMessageALL7.java:6976: error: cannot find symbol
      private i(a.h var1, n var2) throws s {
                 ^
  symbol:   class h
  location: class a
recovery/normalized-src-vf/l1r/an/PBMessageALL7.java:7079: error: cannot find symbol
      protected a.p.g l() {
                 ^
  symbol:   class p
  location: class a
recovery/normalized-src-vf/l1r/an/PBMessageALL7.java:7094: error: cannot find symbol
      public a.g p() {
              ^
  symbol:   class g
  location: class a
recovery/normalized-src-vf/l1r/an/PBMessageALL7.java:7099: error: cannot find symbol
      public List<a.g> q() {
                   ^
  symbol:   class g
  location: class a
recovery/normalized-src-vf/l1r/an/PBMessageALL7.java:7109: error: cannot find symbol
      public a.g a(int var1) {
              ^
  symbol:   class g
  location: class a
recovery/normalized-src-vf/l1r/an/PBMessageALL7.java:7273: error: cannot find symbol
      public void a(a.i var1) throws IOException {
                     ^
  symbol:   class i
  location: class a
recovery/normalized-src-vf/l1r/an/PBMessageALL7.java:7420: error: cannot find symbol
      public static PBMessageALL7.i a(a.g var0) throws s {
                                       ^
  symbol:   class g
  location: class a
recovery/normalized-src-vf/l1r/an/PBMessageALL7.java:7424: error: cannot find symbol
      public static PBMessageALL7.i a(a.g var0, n var1) throws s {
                                       ^
  symbol:   class g
  location: class a
recovery/normalized-src-vf/l1r/an/PBMessageALL7.java:7452: error: cannot find symbol
      public static PBMessageALL7.i a(a.h var0) throws IOException {
                                       ^
  symbol:   class h
  location: class a
recovery/normalized-src-vf/l1r/an/PBMessageALL7.java:7456: error: cannot find symbol
      public static PBMessageALL7.i a(a.h var0, n var1) throws IOException {
                                       ^
  symbol:   class h
  location: class a
recovery/normalized-src-vf/l1r/an/PBMessageALL7.java:7476: error: cannot find symbol
      protected PBMessageALL7.i.a a(a.p.b var1) {
                                     ^
  symbol:   class p
  location: class a
recovery/normalized-src-vf/l1r/an/PBMessageALL7.java:7482: error: cannot find symbol
      public a.y.a O() {
              ^
  symbol:   class y
  location: class a
recovery/normalized-src-vf/l1r/an/PBMessageALL7.java:7506: error: cannot find symbol
      protected x.a b(a.p.b var1) {
                       ^
  symbol:   class p
  location: class a
recovery/normalized-src-vf/l1r/an/PBMessageALL7.java:7512: error: cannot find symbol
      public a.y.a P() {
              ^
  symbol:   class y
  location: class a
recovery/normalized-src-vf/l1r/an/PBMessageALL7.java:7523: error: cannot find symbol
      i(a.h var1, n var2, PBMessageALL7.i var3) throws s {
         ^
  symbol:   class h
  location: class a
recovery/normalized-src-vf/l1r/an/PBMessageALL7.java:7534: error: cannot find symbol
         private a.g b = a.g.d;
                  ^
  symbol:   class g
  location: class a
recovery/normalized-src-vf/l1r/an/PBMessageALL7.java:7535: error: cannot find symbol
         private List<a.g> c = Collections.emptyList();
                       ^
  symbol:   class g
  location: class a
recovery/normalized-src-vf/l1r/an/PBMessageALL7.java:7555: error: cannot find symbol
         protected a.p.g l() {
                    ^
  symbol:   class p
  location: class a
recovery/normalized-src-vf/l1r/an/PBMessageALL7.java:7563: error: cannot find symbol
         private a(a.p.b var1) {
                    ^
  symbol:   class p
  location: class a
recovery/normalized-src-vf/l1r/an/PBMessageALL7.java:7809: error: cannot find symbol
         public PBMessageALL7.i.a e(a.h var1, n var2) throws IOException {
                                     ^
  symbol:   class h
  location: class a
recovery/normalized-src-vf/l1r/an/PBMessageALL7.java:7832: error: cannot find symbol
         public a.g p() {
                 ^
  symbol:   class g
  location: class a
recovery/normalized-src-vf/l1r/an/PBMessageALL7.java:7836: error: cannot find symbol
         public PBMessageALL7.i.a e(a.g var1) {
                                     ^
  symbol:   class g
  location: class a
recovery/normalized-src-vf/l1r/an/PBMessageALL7.java:7862: error: cannot find symbol
         public List<a.g> q() {
                      ^
  symbol:   class g
  location: class a
recovery/normalized-src-vf/l1r/an/PBMessageALL7.java:7872: error: cannot find symbol
         public a.g a(int var1) {
                 ^
  symbol:   class g
  location: class a
recovery/normalized-src-vf/l1r/an/PBMessageALL7.java:7876: error: cannot find symbol
         public PBMessageALL7.i.a a(int var1, a.g var2) {
                                               ^
  symbol:   class g
  location: class a
recovery/normalized-src-vf/l1r/an/PBMessageALL7.java:7887: error: cannot find symbol
         public PBMessageALL7.i.a f(a.g var1) {
                                     ^
  symbol:   class g
  location: class a
recovery/normalized-src-vf/l1r/an/PBMessageALL7.java:7898: error: cannot find symbol
         public PBMessageALL7.i.a a(Iterable<? extends a.g> var1) {
                                                        ^
  symbol:   class g
  location: class a
recovery/normalized-src-vf/l1r/an/PBMessageALL7.java:8256: error: cannot find symbol
         public y.a c(a.h var1, n var2) throws IOException {
                       ^
  symbol:   class h
  location: class a
recovery/normalized-src-vf/l1r/an/PBMessageALL7.java:8262: error: cannot find symbol
         public x.a d(a.h var1, n var2) throws IOException {
                       ^
  symbol:   class h
  location: class a
recovery/normalized-src-vf/l1r/an/PBMessageALL7.java:8268: error: cannot find symbol
         public a.a.a a(a.h var1, n var2) throws IOException {
                         ^
  symbol:   class h
  location: class a
recovery/normalized-src-vf/l1r/an/PBMessageALL7.java:8268: error: a.p.a.a has private access in a.p.a
         public a.a.a a(a.h var1, n var2) throws IOException {
                 ^
recovery/normalized-src-vf/l1r/an/PBMessageALL7.java:8280: error: a.p.a.a has private access in a.p.a
         public a.a.a a(x var1) {
                 ^
recovery/normalized-src-vf/l1r/an/PBMessageALL7.java:8327: error: cannot find symbol
         a(a.p.b var1, PBMessageALL7.i.a var2) {
            ^
  symbol:   class p
  location: class a
recovery/normalized-src-vf/l1r/an/PBMessageALL8.java:817: error: cannot find symbol
         private List<a.g> d = Collections.emptyList();
                       ^
  symbol:   class g
  location: class a
recovery/normalized-src-vf/l1r/an/PBMessageALL8.java:818: error: cannot find symbol
         private List<a.g> e = Collections.emptyList();
                       ^
  symbol:   class g
  location: class a
recovery/normalized-src-vf/l1r/an/PBMessageALL8.java:836: error: cannot find symbol
         protected a.p.g l() {
                    ^
  symbol:   class p
  location: class a
recovery/normalized-src-vf/l1r/an/PBMessageALL8.java:844: error: cannot find symbol
         private a(a.p.b var1) {
                    ^
  symbol:   class p
  location: class a
recovery/normalized-src-vf/l1r/an/PBMessageALL8.java:1099: error: cannot find symbol
         public PBMessageALL8.a.a e(a.h var1, n var2) throws IOException {
                                     ^
  symbol:   class h
  location: class a
recovery/normalized-src-vf/l1r/an/PBMessageALL8.java:1172: error: cannot find symbol
         public List<a.g> s() {
                      ^
  symbol:   class g
  location: class a
recovery/normalized-src-vf/l1r/an/PBMessageALL8.java:1182: error: cannot find symbol
         public a.g a(int var1) {
                 ^
  symbol:   class g
  location: class a
recovery/normalized-src-vf/l1r/an/PBMessageALL8.java:1186: error: cannot find symbol
         public PBMessageALL8.a.a a(int var1, a.g var2) {
                                               ^
  symbol:   class g
  location: class a
recovery/normalized-src-vf/l1r/an/PBMessageALL8.java:1197: error: cannot find symbol
         public PBMessageALL8.a.a e(a.g var1) {
                                     ^
  symbol:   class g
  location: class a
recovery/normalized-src-vf/l1r/an/PBMessageALL8.java:1208: error: cannot find symbol
         public PBMessageALL8.a.a a(Iterable<? extends a.g> var1) {
                                                        ^
  symbol:   class g
  location: class a
recovery/normalized-src-vf/l1r/an/PBMessageALL8.java:1230: error: cannot find symbol
         public List<a.g> u() {
                      ^
  symbol:   class g
  location: class a
recovery/normalized-src-vf/l1r/an/PBMessageALL8.java:1240: error: cannot find symbol
         public a.g b(int var1) {
                 ^
  symbol:   class g
  location: class a
recovery/normalized-src-vf/l1r/an/PBMessageALL8.java:1244: error: cannot find symbol
         public PBMessageALL8.a.a b(int var1, a.g var2) {
                                               ^
  symbol:   class g
  location: class a
recovery/normalized-src-vf/l1r/an/PBMessageALL8.java:1255: error: cannot find symbol
         public PBMessageALL8.a.a f(a.g var1) {
                                     ^
  symbol:   class g
  location: class a
recovery/normalized-src-vf/l1r/an/PBMessageALL8.java:1266: error: cannot find symbol
         public PBMessageALL8.a.a b(Iterable<? extends a.g> var1) {
                                                        ^
  symbol:   class g
  location: class a
recovery/normalized-src-vf/l1r/an/PBMessageALL8.java:1576: error: cannot find symbol
         public y.a c(a.h var1, n var2) throws IOException {
                       ^
  symbol:   class h
  location: class a
recovery/normalized-src-vf/l1r/an/PBMessageALL8.java:1582: error: cannot find symbol
         public x.a d(a.h var1, n var2) throws IOException {
                       ^
  symbol:   class h
  location: class a
recovery/normalized-src-vf/l1r/an/PBMessageALL8.java:1588: error: cannot find symbol
         public a.a.a a(a.h var1, n var2) throws IOException {
                         ^
  symbol:   class h
  location: class a
recovery/normalized-src-vf/l1r/an/PBMessageALL8.java:1588: error: a.p.a.a has private access in a.p.a
         public a.a.a a(a.h var1, n var2) throws IOException {
                 ^
recovery/normalized-src-vf/l1r/an/PBMessageALL8.java:1600: error: a.p.a.a has private access in a.p.a
         public a.a.a a(x var1) {
                 ^
recovery/normalized-src-vf/l1r/an/PBMessageALL8.java:1647: error: cannot find symbol
         a(a.p.b var1, PBMessageALL8.a.a var2) {
            ^
  symbol:   class p
  location: class a
recovery/normalized-src-vf/l1r/an/PBMessageALL8.java:1739: error: cannot find symbol
      private a.g w;
               ^
  symbol:   class g
  location: class a
recovery/normalized-src-vf/l1r/an/PBMessageALL8.java:1743: error: cannot find symbol
      private a.g y;
               ^
  symbol:   class g
  location: class a
recovery/normalized-src-vf/l1r/an/PBMessageALL8.java:1745: error: cannot find symbol
      private a.g z;
               ^
  symbol:   class g
  location: class a
recovery/normalized-src-vf/l1r/an/PBMessageALL8.java:1747: error: cannot find symbol
      private a.g A;
               ^
  symbol:   class g
  location: class a
recovery/normalized-src-vf/l1r/an/PBMessageALL8.java:1749: error: cannot find symbol
      private a.g B;
               ^
  symbol:   class g
  location: class a
recovery/normalized-src-vf/l1r/an/PBMessageALL8.java:1751: error: cannot find symbol
      private a.g C;
               ^
  symbol:   class g
  location: class a
recovery/normalized-src-vf/l1r/an/PBMessageALL8.java:1794: error: cannot find symbol
      private c(a.h var1, n var2) throws s {
                 ^
  symbol:   class h
  location: class a
recovery/normalized-src-vf/l1r/an/PBMessageALL8.java:1889: error: cannot find symbol
      protected a.p.g l() {
                 ^
  symbol:   class p
  location: class a
recovery/normalized-src-vf/l1r/an/PBMessageALL8.java:1924: error: cannot find symbol
      public a.g t() {
              ^
  symbol:   class g
  location: class a
recovery/normalized-src-vf/l1r/an/PBMessageALL8.java:1944: error: cannot find symbol
      public a.g x() {
              ^
  symbol:   class g
  location: class a
recovery/normalized-src-vf/l1r/an/PBMessageALL8.java:1954: error: cannot find symbol
      public a.g z() {
              ^
  symbol:   class g
  location: class a
recovery/normalized-src-vf/l1r/an/PBMessageALL8.java:1964: error: cannot find symbol
      public a.g B() {
              ^
  symbol:   class g
  location: class a
recovery/normalized-src-vf/l1r/an/PBMessageALL8.java:1974: error: cannot find symbol
      public a.g D() {
              ^
  symbol:   class g
  location: class a
recovery/normalized-src-vf/l1r/an/PBMessageALL8.java:1984: error: cannot find symbol
      public a.g F() {
              ^
  symbol:   class g
  location: class a
recovery/normalized-src-vf/l1r/an/PBMessageALL8.java:2078: error: cannot find symbol
      public void a(a.i var1) throws IOException {
                     ^
  symbol:   class i
  location: class a
recovery/normalized-src-vf/l1r/an/PBMessageALL8.java:2221: error: cannot find symbol
      public static PBMessageALL8.c a(a.g var0) throws s {
                                       ^
  symbol:   class g
  location: class a
recovery/normalized-src-vf/l1r/an/PBMessageALL8.java:2225: error: cannot find symbol
      public static PBMessageALL8.c a(a.g var0, n var1) throws s {
                                       ^
  symbol:   class g
  location: class a
recovery/normalized-src-vf/l1r/an/PBMessageALL8.java:2253: error: cannot find symbol
      public static PBMessageALL8.c a(a.h var0) throws IOException {
                                       ^
  symbol:   class h
  location: class a
recovery/normalized-src-vf/l1r/an/PBMessageALL8.java:2257: error: cannot find symbol
      public static PBMessageALL8.c a(a.h var0, n var1) throws IOException {
                                       ^
  symbol:   class h
  location: class a
recovery/normalized-src-vf/l1r/an/PBMessageALL8.java:2277: error: cannot find symbol
      protected PBMessageALL8.c.a a(a.p.b var1) {
                                     ^
  symbol:   class p
  location: class a
recovery/normalized-src-vf/l1r/an/PBMessageALL8.java:2283: error: cannot find symbol
      public a.y.a O() {
              ^
  symbol:   class y
  location: class a
recovery/normalized-src-vf/l1r/an/PBMessageALL8.java:2307: error: cannot find symbol
      protected x.a b(a.p.b var1) {
                       ^
  symbol:   class p
  location: class a
recovery/normalized-src-vf/l1r/an/PBMessageALL8.java:2313: error: cannot find symbol
      public a.y.a P() {
              ^
  symbol:   class y
  location: class a
recovery/normalized-src-vf/l1r/an/PBMessageALL8.java:2324: error: cannot find symbol
      c(a.h var1, n var2, PBMessageALL8.c var3) throws s {
         ^
  symbol:   class h
  location: class a
recovery/normalized-src-vf/l1r/an/PBMessageALL8.java:2337: error: cannot find symbol
         private a.g d;
                  ^
  symbol:   class g
  location: class a
recovery/normalized-src-vf/l1r/an/PBMessageALL8.java:2339: error: cannot find symbol
         private a.g f;
                  ^
  symbol:   class g
  location: class a
recovery/normalized-src-vf/l1r/an/PBMessageALL8.java:2340: error: cannot find symbol
         private a.g g;
                  ^
  symbol:   class g
  location: class a
recovery/normalized-src-vf/l1r/an/PBMessageALL8.java:2341: error: cannot find symbol
         private a.g h;
                  ^
  symbol:   class g
  location: class a
recovery/normalized-src-vf/l1r/an/PBMessageALL8.java:2342: error: cannot find symbol
         private a.g i;
                  ^
  symbol:   class g
  location: class a
recovery/normalized-src-vf/l1r/an/PBMessageALL8.java:2343: error: cannot find symbol
         private a.g j;
                  ^
  symbol:   class g
  location: class a
recovery/normalized-src-vf/l1r/an/PBMessageALL8.java:2356: error: cannot find symbol
         protected a.p.g l() {
                    ^
  symbol:   class p
  location: class a
recovery/normalized-src-vf/l1r/an/PBMessageALL8.java:2370: error: cannot find symbol
         private a(a.p.b var1) {
                    ^
  symbol:   class p
  location: class a
recovery/normalized-src-vf/l1r/an/PBMessageALL8.java:2613: error: cannot find symbol
         public PBMessageALL8.c.a e(a.h var1, n var2) throws IOException {
                                     ^
  symbol:   class h
  location: class a
recovery/normalized-src-vf/l1r/an/PBMessageALL8.java:2684: error: cannot find symbol
         public a.g t() {
                 ^
  symbol:   class g
  location: class a
recovery/normalized-src-vf/l1r/an/PBMessageALL8.java:2688: error: cannot find symbol
         public PBMessageALL8.c.a e(a.g var1) {
                                     ^
  symbol:   class g
  location: class a
recovery/normalized-src-vf/l1r/an/PBMessageALL8.java:2736: error: cannot find symbol
         public a.g x() {
                 ^
  symbol:   class g
  location: class a
recovery/normalized-src-vf/l1r/an/PBMessageALL8.java:2740: error: cannot find symbol
         public PBMessageALL8.c.a f(a.g var1) {
                                     ^
  symbol:   class g
  location: class a
recovery/normalized-src-vf/l1r/an/PBMessageALL8.java:2764: error: cannot find symbol
         public a.g z() {
                 ^
  symbol:   class g
  location: class a
recovery/normalized-src-vf/l1r/an/PBMessageALL8.java:2768: error: cannot find symbol
         public PBMessageALL8.c.a g(a.g var1) {
                                     ^
  symbol:   class g
  location: class a
recovery/normalized-src-vf/l1r/an/PBMessageALL8.java:2792: error: cannot find symbol
         public a.g B() {
                 ^
  symbol:   class g
  location: class a
recovery/normalized-src-vf/l1r/an/PBMessageALL8.java:2796: error: cannot find symbol
         public PBMessageALL8.c.a h(a.g var1) {
                                     ^
  symbol:   class g
  location: class a
recovery/normalized-src-vf/l1r/an/PBMessageALL8.java:2820: error: cannot find symbol
         public a.g D() {
                 ^
  symbol:   class g
  location: class a
recovery/normalized-src-vf/l1r/an/PBMessageALL8.java:2824: error: cannot find symbol
         public PBMessageALL8.c.a i(a.g var1) {
                                     ^
  symbol:   class g
  location: class a
recovery/normalized-src-vf/l1r/an/PBMessageALL8.java:2848: error: cannot find symbol
         public a.g F() {
                 ^
  symbol:   class g
  location: class a
recovery/normalized-src-vf/l1r/an/PBMessageALL8.java:2852: error: cannot find symbol
         public PBMessageALL8.c.a j(a.g var1) {
                                     ^
  symbol:   class g
  location: class a
recovery/normalized-src-vf/l1r/an/PBMessageALL8.java:3046: error: cannot find symbol
         public y.a c(a.h var1, n var2) throws IOException {
                       ^
  symbol:   class h
  location: class a
recovery/normalized-src-vf/l1r/an/PBMessageALL8.java:3052: error: cannot find symbol
         public x.a d(a.h var1, n var2) throws IOException {
                       ^
  symbol:   class h
  location: class a
recovery/normalized-src-vf/l1r/an/PBMessageALL8.java:3058: error: cannot find symbol
         public a.a.a a(a.h var1, n var2) throws IOException {
                         ^
  symbol:   class h
  location: class a
recovery/normalized-src-vf/l1r/an/PBMessageALL8.java:3058: error: a.p.a.a has private access in a.p.a
         public a.a.a a(a.h var1, n var2) throws IOException {
                 ^
recovery/normalized-src-vf/l1r/an/PBMessageALL8.java:3070: error: a.p.a.a has private access in a.p.a
         public a.a.a a(x var1) {
                 ^
recovery/normalized-src-vf/l1r/an/PBMessageALL8.java:3117: error: cannot find symbol
         a(a.p.b var1, PBMessageALL8.c.a var2) {
            ^
  symbol:   class p
  location: class a
recovery/normalized-src-vf/l1r/an/PBMessageALL8.java:3205: error: cannot find symbol
      private a.g w;
               ^
  symbol:   class g
  location: class a
recovery/normalized-src-vf/l1r/an/PBMessageALL8.java:3207: error: cannot find symbol
      private a.g x;
               ^
  symbol:   class g
  location: class a
recovery/normalized-src-vf/l1r/an/PBMessageALL8.java:3213: error: cannot find symbol
      private a.g A;
               ^
  symbol:   class g
  location: class a
recovery/normalized-src-vf/l1r/an/PBMessageALL8.java:3260: error: cannot find symbol
      private e(a.h var1, n var2) throws s {
                 ^
  symbol:   class h
  location: class a
recovery/normalized-src-vf/l1r/an/PBMessageALL8.java:3355: error: cannot find symbol
      protected a.p.g l() {
                 ^
  symbol:   class p
  location: class a
recovery/normalized-src-vf/l1r/an/PBMessageALL8.java:3390: error: cannot find symbol
      public a.g t() {
              ^
  symbol:   class g
  location: class a
recovery/normalized-src-vf/l1r/an/PBMessageALL8.java:3400: error: cannot find symbol
      public a.g v() {
              ^
  symbol:   class g
  location: class a
recovery/normalized-src-vf/l1r/an/PBMessageALL8.java:3430: error: cannot find symbol
      public a.g B() {
              ^
  symbol:   class g
  location: class a
recovery/normalized-src-vf/l1r/an/PBMessageALL8.java:3544: error: cannot find symbol
      public void a(a.i var1) throws IOException {
                     ^
  symbol:   class i
  location: class a
recovery/normalized-src-vf/l1r/an/PBMessageALL8.java:3687: error: cannot find symbol
      public static PBMessageALL8.e a(a.g var0) throws s {
                                       ^
  symbol:   class g
  location: class a
recovery/normalized-src-vf/l1r/an/PBMessageALL8.java:3691: error: cannot find symbol
      public static PBMessageALL8.e a(a.g var0, n var1) throws s {
                                       ^
  symbol:   class g
  location: class a
recovery/normalized-src-vf/l1r/an/PBMessageALL8.java:3719: error: cannot find symbol
      public static PBMessageALL8.e a(a.h var0) throws IOException {
                                       ^
  symbol:   class h
  location: class a
recovery/normalized-src-vf/l1r/an/PBMessageALL8.java:3723: error: cannot find symbol
      public static PBMessageALL8.e a(a.h var0, n var1) throws IOException {
                                       ^
  symbol:   class h
  location: class a
recovery/normalized-src-vf/l1r/an/PBMessageALL8.java:3743: error: cannot find symbol
      protected PBMessageALL8.e.a a(a.p.b var1) {
                                     ^
  symbol:   class p
  location: class a
recovery/normalized-src-vf/l1r/an/PBMessageALL8.java:3749: error: cannot find symbol
      public a.y.a O() {
              ^
  symbol:   class y
  location: class a
recovery/normalized-src-vf/l1r/an/PBMessageALL8.java:3773: error: cannot find symbol
      protected x.a b(a.p.b var1) {
                       ^
  symbol:   class p
  location: class a
recovery/normalized-src-vf/l1r/an/PBMessageALL8.java:3779: error: cannot find symbol
      public a.y.a P() {
              ^
  symbol:   class y
  location: class a
recovery/normalized-src-vf/l1r/an/PBMessageALL8.java:3790: error: cannot find symbol
      e(a.h var1, n var2, PBMessageALL8.e var3) throws s {
         ^
  symbol:   class h
  location: class a
recovery/normalized-src-vf/l1r/an/PBMessageALL8.java:3803: error: cannot find symbol
         private a.g d;
                  ^
  symbol:   class g
  location: class a
recovery/normalized-src-vf/l1r/an/PBMessageALL8.java:3804: error: cannot find symbol
         private a.g e;
                  ^
  symbol:   class g
  location: class a
recovery/normalized-src-vf/l1r/an/PBMessageALL8.java:3807: error: cannot find symbol
         private a.g h;
                  ^
  symbol:   class g
  location: class a
recovery/normalized-src-vf/l1r/an/PBMessageALL8.java:3822: error: cannot find symbol
         protected a.p.g l() {
                    ^
  symbol:   class p
  location: class a
recovery/normalized-src-vf/l1r/an/PBMessageALL8.java:3833: error: cannot find symbol
         private a(a.p.b var1) {
                    ^
  symbol:   class p
  location: class a
recovery/normalized-src-vf/l1r/an/PBMessageALL8.java:4073: error: cannot find symbol
         public PBMessageALL8.e.a e(a.h var1, n var2) throws IOException {
                                     ^
  symbol:   class h
  location: class a
recovery/normalized-src-vf/l1r/an/PBMessageALL8.java:4144: error: cannot find symbol
         public a.g t() {
                 ^
  symbol:   class g
  location: class a
recovery/normalized-src-vf/l1r/an/PBMessageALL8.java:4148: error: cannot find symbol
         public PBMessageALL8.e.a e(a.g var1) {
                                     ^
  symbol:   class g
  location: class a
recovery/normalized-src-vf/l1r/an/PBMessageALL8.java:4172: error: cannot find symbol
         public a.g v() {
                 ^
  symbol:   class g
  location: class a
recovery/normalized-src-vf/l1r/an/PBMessageALL8.java:4176: error: cannot find symbol
         public PBMessageALL8.e.a f(a.g var1) {
                                     ^
  symbol:   class g
  location: class a
recovery/normalized-src-vf/l1r/an/PBMessageALL8.java:4248: error: cannot find symbol
         public a.g B() {
                 ^
  symbol:   class g
  location: class a
recovery/normalized-src-vf/l1r/an/PBMessageALL8.java:4252: error: cannot find symbol
         public PBMessageALL8.e.a g(a.g var1) {
                                     ^
  symbol:   class g
  location: class a
recovery/normalized-src-vf/l1r/an/PBMessageALL8.java:4494: error: cannot find symbol
         public y.a c(a.h var1, n var2) throws IOException {
                       ^
  symbol:   class h
  location: class a
recovery/normalized-src-vf/l1r/an/PBMessageALL8.java:4500: error: cannot find symbol
         public x.a d(a.h var1, n var2) throws IOException {
                       ^
  symbol:   class h
  location: class a
recovery/normalized-src-vf/l1r/an/PBMessageALL8.java:4506: error: cannot find symbol
         public a.a.a a(a.h var1, n var2) throws IOException {
                         ^
  symbol:   class h
  location: class a
recovery/normalized-src-vf/l1r/an/PBMessageALL8.java:4506: error: a.p.a.a has private access in a.p.a
         public a.a.a a(a.h var1, n var2) throws IOException {
                 ^
recovery/normalized-src-vf/l1r/an/PBMessageALL8.java:4518: error: a.p.a.a has private access in a.p.a
         public a.a.a a(x var1) {
                 ^
recovery/normalized-src-vf/l1r/an/PBMessageALL8.java:4565: error: cannot find symbol
         a(a.p.b var1, PBMessageALL8.e.a var2) {
            ^
  symbol:   class p
  location: class a
recovery/normalized-src-vf/l1r/an/PBMessageALL8.java:4653: error: cannot find symbol
      private a.g w;
               ^
  symbol:   class g
  location: class a
recovery/normalized-src-vf/l1r/an/PBMessageALL8.java:4655: error: cannot find symbol
      private a.g x;
               ^
  symbol:   class g
  location: class a
recovery/normalized-src-vf/l1r/an/PBMessageALL8.java:4657: error: cannot find symbol
      private a.g y;
               ^
  symbol:   class g
  location: class a
recovery/normalized-src-vf/l1r/an/PBMessageALL8.java:4659: error: cannot find symbol
      private a.g z;
               ^
  symbol:   class g
  location: class a
recovery/normalized-src-vf/l1r/an/PBMessageALL8.java:4661: error: cannot find symbol
      private a.g A;
               ^
  symbol:   class g
  location: class a
recovery/normalized-src-vf/l1r/an/PBMessageALL8.java:4663: error: cannot find symbol
      private a.g B;
               ^
  symbol:   class g
  location: class a
recovery/normalized-src-vf/l1r/an/PBMessageALL8.java:4665: error: cannot find symbol
      private a.g C;
               ^
  symbol:   class g
  location: class a
recovery/normalized-src-vf/l1r/an/PBMessageALL8.java:4708: error: cannot find symbol
      private g(a.h var1, n var2) throws s {
                 ^
  symbol:   class h
  location: class a
recovery/normalized-src-vf/l1r/an/PBMessageALL8.java:4803: error: cannot find symbol
      protected a.p.g l() {
                 ^
  symbol:   class p
  location: class a
recovery/normalized-src-vf/l1r/an/PBMessageALL8.java:4838: error: cannot find symbol
      public a.g t() {
              ^
  symbol:   class g
  location: class a
recovery/normalized-src-vf/l1r/an/PBMessageALL8.java:4848: error: cannot find symbol
      public a.g v() {
              ^
  symbol:   class g
  location: class a
recovery/normalized-src-vf/l1r/an/PBMessageALL8.java:4858: error: cannot find symbol
      public a.g x() {
              ^
  symbol:   class g
  location: class a
recovery/normalized-src-vf/l1r/an/PBMessageALL8.java:4868: error: cannot find symbol
      public a.g z() {
              ^
  symbol:   class g
  location: class a
recovery/normalized-src-vf/l1r/an/PBMessageALL8.java:4878: error: cannot find symbol
      public a.g B() {
              ^
  symbol:   class g
  location: class a
recovery/normalized-src-vf/l1r/an/PBMessageALL8.java:4888: error: cannot find symbol
      public a.g D() {
              ^
  symbol:   class g
  location: class a
recovery/normalized-src-vf/l1r/an/PBMessageALL8.java:4898: error: cannot find symbol
      public a.g F() {
              ^
  symbol:   class g
  location: class a
recovery/normalized-src-vf/l1r/an/PBMessageALL8.java:4992: error: cannot find symbol
      public void a(a.i var1) throws IOException {
                     ^
  symbol:   class i
  location: class a
recovery/normalized-src-vf/l1r/an/PBMessageALL8.java:5135: error: cannot find symbol
      public static PBMessageALL8.g a(a.g var0) throws s {
                                       ^
  symbol:   class g
  location: class a
recovery/normalized-src-vf/l1r/an/PBMessageALL8.java:5139: error: cannot find symbol
      public static PBMessageALL8.g a(a.g var0, n var1) throws s {
                                       ^
  symbol:   class g
  location: class a
recovery/normalized-src-vf/l1r/an/PBMessageALL8.java:5167: error: cannot find symbol
      public static PBMessageALL8.g a(a.h var0) throws IOException {
                                       ^
  symbol:   class h
  location: class a
recovery/normalized-src-vf/l1r/an/PBMessageALL8.java:5171: error: cannot find symbol
      public static PBMessageALL8.g a(a.h var0, n var1) throws IOException {
                                       ^
  symbol:   class h
  location: class a
recovery/normalized-src-vf/l1r/an/PBMessageALL8.java:5191: error: cannot find symbol
      protected PBMessageALL8.g.a a(a.p.b var1) {
                                     ^
  symbol:   class p
  location: class a
recovery/normalized-src-vf/l1r/an/PBMessageALL8.java:5197: error: cannot find symbol
      public a.y.a O() {
              ^
  symbol:   class y
  location: class a
recovery/normalized-src-vf/l1r/an/PBMessageALL8.java:5221: error: cannot find symbol
      protected x.a b(a.p.b var1) {
                       ^
  symbol:   class p
  location: class a
recovery/normalized-src-vf/l1r/an/PBMessageALL8.java:5227: error: cannot find symbol
      public a.y.a P() {
              ^
  symbol:   class y
  location: class a
recovery/normalized-src-vf/l1r/an/PBMessageALL8.java:5238: error: cannot find symbol
      g(a.h var1, n var2, PBMessageALL8.g var3) throws s {
         ^
  symbol:   class h
  location: class a
recovery/normalized-src-vf/l1r/an/PBMessageALL8.java:5251: error: cannot find symbol
         private a.g d;
                  ^
  symbol:   class g
  location: class a
recovery/normalized-src-vf/l1r/an/PBMessageALL8.java:5252: error: cannot find symbol
         private a.g e;
                  ^
  symbol:   class g
  location: class a
recovery/normalized-src-vf/l1r/an/PBMessageALL8.java:5253: error: cannot find symbol
         private a.g f;
                  ^
  symbol:   class g
  location: class a
recovery/normalized-src-vf/l1r/an/PBMessageALL8.java:5254: error: cannot find symbol
         private a.g g;
                  ^
  symbol:   class g
  location: class a
recovery/normalized-src-vf/l1r/an/PBMessageALL8.java:5255: error: cannot find symbol
         private a.g h;
                  ^
  symbol:   class g
  location: class a
recovery/normalized-src-vf/l1r/an/PBMessageALL8.java:5256: error: cannot find symbol
         private a.g i;
                  ^
  symbol:   class g
  location: class a
recovery/normalized-src-vf/l1r/an/PBMessageALL8.java:5257: error: cannot find symbol
         private a.g j;
                  ^
  symbol:   class g
  location: class a
recovery/normalized-src-vf/l1r/an/PBMessageALL8.java:5270: error: cannot find symbol
         protected a.p.g l() {
                    ^
  symbol:   class p
  location: class a
recovery/normalized-src-vf/l1r/an/PBMessageALL8.java:5285: error: cannot find symbol
         private a(a.p.b var1) {
                    ^
  symbol:   class p
  location: class a
recovery/normalized-src-vf/l1r/an/PBMessageALL8.java:5529: error: cannot find symbol
         public PBMessageALL8.g.a e(a.h var1, n var2) throws IOException {
                                     ^
  symbol:   class h
  location: class a
recovery/normalized-src-vf/l1r/an/PBMessageALL8.java:5600: error: cannot find symbol
         public a.g t() {
                 ^
  symbol:   class g
  location: class a
recovery/normalized-src-vf/l1r/an/PBMessageALL8.java:5604: error: cannot find symbol
         public PBMessageALL8.g.a e(a.g var1) {
                                     ^
  symbol:   class g
  location: class a
recovery/normalized-src-vf/l1r/an/PBMessageALL8.java:5628: error: cannot find symbol
         public a.g v() {
                 ^
  symbol:   class g
  location: class a
recovery/normalized-src-vf/l1r/an/PBMessageALL8.java:5632: error: cannot find symbol
         public PBMessageALL8.g.a f(a.g var1) {
                                     ^
  symbol:   class g
  location: class a
recovery/normalized-src-vf/l1r/an/PBMessageALL8.java:5656: error: cannot find symbol
         public a.g x() {
                 ^
  symbol:   class g
  location: class a
recovery/normalized-src-vf/l1r/an/PBMessageALL8.java:5660: error: cannot find symbol
         public PBMessageALL8.g.a g(a.g var1) {
                                     ^
  symbol:   class g
  location: class a
recovery/normalized-src-vf/l1r/an/PBMessageALL8.java:5684: error: cannot find symbol
         public a.g z() {
                 ^
  symbol:   class g
  location: class a
recovery/normalized-src-vf/l1r/an/PBMessageALL8.java:5688: error: cannot find symbol
         public PBMessageALL8.g.a h(a.g var1) {
                                     ^
  symbol:   class g
  location: class a
recovery/normalized-src-vf/l1r/an/PBMessageALL8.java:5712: error: cannot find symbol
         public a.g B() {
                 ^
  symbol:   class g
  location: class a
recovery/normalized-src-vf/l1r/an/PBMessageALL8.java:5716: error: cannot find symbol
         public PBMessageALL8.g.a i(a.g var1) {
                                     ^
  symbol:   class g
  location: class a
recovery/normalized-src-vf/l1r/an/PBMessageALL8.java:5740: error: cannot find symbol
         public a.g D() {
                 ^
  symbol:   class g
  location: class a
recovery/normalized-src-vf/l1r/an/PBMessageALL8.java:5744: error: cannot find symbol
         public PBMessageALL8.g.a j(a.g var1) {
                                     ^
  symbol:   class g
  location: class a
recovery/normalized-src-vf/l1r/an/PBMessageALL8.java:5768: error: cannot find symbol
         public a.g F() {
                 ^
  symbol:   class g
  location: class a
recovery/normalized-src-vf/l1r/an/PBMessageALL8.java:5772: error: cannot find symbol
         public PBMessageALL8.g.a k(a.g var1) {
                                     ^
  symbol:   class g
  location: class a
recovery/normalized-src-vf/l1r/an/PBMessageALL8.java:5966: error: cannot find symbol
         public y.a c(a.h var1, n var2) throws IOException {
                       ^
  symbol:   class h
  location: class a
recovery/normalized-src-vf/l1r/an/PBMessageALL8.java:5972: error: cannot find symbol
         public x.a d(a.h var1, n var2) throws IOException {
                       ^
  symbol:   class h
  location: class a
recovery/normalized-src-vf/l1r/an/PBMessageALL8.java:5978: error: cannot find symbol
         public a.a.a a(a.h var1, n var2) throws IOException {
                         ^
  symbol:   class h
  location: class a
recovery/normalized-src-vf/l1r/an/PBMessageALL8.java:5978: error: a.p.a.a has private access in a.p.a
         public a.a.a a(a.h var1, n var2) throws IOException {
                 ^
recovery/normalized-src-vf/l1r/an/PBMessageALL8.java:5990: error: a.p.a.a has private access in a.p.a
         public a.a.a a(x var1) {
                 ^
recovery/normalized-src-vf/l1r/an/PBMessageALL8.java:6037: error: cannot find symbol
         a(a.p.b var1, PBMessageALL8.g.a var2) {
            ^
  symbol:   class p
  location: class a
recovery/normalized-src-vf/l1r/an/PBMessageALL8.java:6121: error: cannot find symbol
      private a.g u;
               ^
  symbol:   class g
  location: class a
recovery/normalized-src-vf/l1r/an/PBMessageALL8.java:6180: error: cannot find symbol
      private i(a.h var1, n var2) throws s {
                 ^
  symbol:   class h
  location: class a
recovery/normalized-src-vf/l1r/an/PBMessageALL8.java:6275: error: cannot find symbol
      protected a.p.g l() {
                 ^
  symbol:   class p
  location: class a
recovery/normalized-src-vf/l1r/an/PBMessageALL8.java:6290: error: cannot find symbol
      public a.g p() {
              ^
  symbol:   class g
  location: class a
recovery/normalized-src-vf/l1r/an/PBMessageALL8.java:6464: error: cannot find symbol
      public void a(a.i var1) throws IOException {
                     ^
  symbol:   class i
  location: class a
recovery/normalized-src-vf/l1r/an/PBMessageALL8.java:6607: error: cannot find symbol
      public static PBMessageALL8.i a(a.g var0) throws s {
                                       ^
  symbol:   class g
  location: class a
recovery/normalized-src-vf/l1r/an/PBMessageALL8.java:6611: error: cannot find symbol
      public static PBMessageALL8.i a(a.g var0, n var1) throws s {
                                       ^
  symbol:   class g
  location: class a
recovery/normalized-src-vf/l1r/an/PBMessageALL8.java:6639: error: cannot find symbol
      public static PBMessageALL8.i a(a.h var0) throws IOException {
                                       ^
  symbol:   class h
  location: class a
recovery/normalized-src-vf/l1r/an/PBMessageALL8.java:6643: error: cannot find symbol
      public static PBMessageALL8.i a(a.h var0, n var1) throws IOException {
                                       ^
  symbol:   class h
  location: class a
recovery/normalized-src-vf/l1r/an/PBMessageALL8.java:6663: error: cannot find symbol
      protected PBMessageALL8.i.a a(a.p.b var1) {
                                     ^
  symbol:   class p
  location: class a
recovery/normalized-src-vf/l1r/an/PBMessageALL8.java:6669: error: cannot find symbol
      public a.y.a O() {
              ^
  symbol:   class y
  location: class a
recovery/normalized-src-vf/l1r/an/PBMessageALL8.java:6693: error: cannot find symbol
      protected x.a b(a.p.b var1) {
                       ^
  symbol:   class p
  location: class a
recovery/normalized-src-vf/l1r/an/PBMessageALL8.java:6699: error: cannot find symbol
      public a.y.a P() {
              ^
  symbol:   class y
  location: class a
recovery/normalized-src-vf/l1r/an/PBMessageALL8.java:6710: error: cannot find symbol
      i(a.h var1, n var2, PBMessageALL8.i var3) throws s {
         ^
  symbol:   class h
  location: class a
recovery/normalized-src-vf/l1r/an/PBMessageALL8.java:6721: error: cannot find symbol
         private a.g b = a.g.d;
                  ^
  symbol:   class g
  location: class a
recovery/normalized-src-vf/l1r/an/PBMessageALL8.java:6742: error: cannot find symbol
         protected a.p.g l() {
                    ^
  symbol:   class p
  location: class a
recovery/normalized-src-vf/l1r/an/PBMessageALL8.java:6750: error: cannot find symbol
         private a(a.p.b var1) {
                    ^
  symbol:   class p
  location: class a
recovery/normalized-src-vf/l1r/an/PBMessageALL8.java:6987: error: cannot find symbol
         public PBMessageALL8.i.a e(a.h var1, n var2) throws IOException {
                                     ^
  symbol:   class h
  location: class a
recovery/normalized-src-vf/l1r/an/PBMessageALL8.java:7010: error: cannot find symbol
         public a.g p() {
                 ^
  symbol:   class g
  location: class a
recovery/normalized-src-vf/l1r/an/PBMessageALL8.java:7014: error: cannot find symbol
         public PBMessageALL8.i.a e(a.g var1) {
                                     ^
  symbol:   class g
  location: class a
recovery/normalized-src-vf/l1r/an/PBMessageALL8.java:7400: error: cannot find symbol
         public y.a c(a.h var1, n var2) throws IOException {
                       ^
  symbol:   class h
  location: class a
recovery/normalized-src-vf/l1r/an/PBMessageALL8.java:7406: error: cannot find symbol
         public x.a d(a.h var1, n var2) throws IOException {
                       ^
  symbol:   class h
  location: class a
recovery/normalized-src-vf/l1r/an/PBMessageALL8.java:7412: error: cannot find symbol
         public a.a.a a(a.h var1, n var2) throws IOException {
                         ^
  symbol:   class h
  location: class a
recovery/normalized-src-vf/l1r/an/PBMessageALL8.java:7412: error: a.p.a.a has private access in a.p.a
         public a.a.a a(a.h var1, n var2) throws IOException {
                 ^
recovery/normalized-src-vf/l1r/an/PBMessageALL8.java:7424: error: a.p.a.a has private access in a.p.a
         public a.a.a a(x var1) {
                 ^
recovery/normalized-src-vf/l1r/an/PBMessageALL8.java:7471: error: cannot find symbol
         a(a.p.b var1, PBMessageALL8.i.a var2) {
            ^
  symbol:   class p
  location: class a
recovery/normalized-src-vf/l1r/an/PBMessageALL9.java:599: error: cannot find symbol
         private a.g f = a.g.d;
                  ^
  symbol:   class g
  location: class a
recovery/normalized-src-vf/l1r/an/PBMessageALL9.java:600: error: cannot find symbol
         private List<a.g> g = Collections.emptyList();
                       ^
  symbol:   class g
  location: class a
recovery/normalized-src-vf/l1r/an/PBMessageALL9.java:610: error: cannot find symbol
         protected a.p.g l() {
                    ^
  symbol:   class p
  location: class a
recovery/normalized-src-vf/l1r/an/PBMessageALL9.java:618: error: cannot find symbol
         private a(a.p.b var1) {
                    ^
  symbol:   class p
  location: class a
recovery/normalized-src-vf/l1r/an/PBMessageALL9.java:798: error: cannot find symbol
         public PBMessageALL9.a.a e(a.h var1, n var2) throws IOException {
                                     ^
  symbol:   class h
  location: class a
recovery/normalized-src-vf/l1r/an/PBMessageALL9.java:917: error: cannot find symbol
         public a.g x() {
                 ^
  symbol:   class g
  location: class a
recovery/normalized-src-vf/l1r/an/PBMessageALL9.java:921: error: cannot find symbol
         public PBMessageALL9.a.a e(a.g var1) {
                                     ^
  symbol:   class g
  location: class a
recovery/normalized-src-vf/l1r/an/PBMessageALL9.java:947: error: cannot find symbol
         public List<a.g> y() {
                      ^
  symbol:   class g
  location: class a
recovery/normalized-src-vf/l1r/an/PBMessageALL9.java:957: error: cannot find symbol
         public a.g a(int var1) {
                 ^
  symbol:   class g
  location: class a
recovery/normalized-src-vf/l1r/an/PBMessageALL9.java:961: error: cannot find symbol
         public PBMessageALL9.a.a a(int var1, a.g var2) {
                                               ^
  symbol:   class g
  location: class a
recovery/normalized-src-vf/l1r/an/PBMessageALL9.java:972: error: cannot find symbol
         public PBMessageALL9.a.a f(a.g var1) {
                                     ^
  symbol:   class g
  location: class a
recovery/normalized-src-vf/l1r/an/PBMessageALL9.java:983: error: cannot find symbol
         public PBMessageALL9.a.a a(Iterable<? extends a.g> var1) {
                                                        ^
  symbol:   class g
  location: class a
recovery/normalized-src-vf/l1r/an/PBMessageALL9.java:1101: error: cannot find symbol
         public y.a c(a.h var1, n var2) throws IOException {
                       ^
  symbol:   class h
  location: class a
recovery/normalized-src-vf/l1r/an/PBMessageALL9.java:1107: error: cannot find symbol
         public x.a d(a.h var1, n var2) throws IOException {
                       ^
  symbol:   class h
  location: class a
recovery/normalized-src-vf/l1r/an/PBMessageALL9.java:1113: error: cannot find symbol
         public a.a.a a(a.h var1, n var2) throws IOException {
                         ^
  symbol:   class h
  location: class a
recovery/normalized-src-vf/l1r/an/PBMessageALL9.java:1113: error: a.p.a.a has private access in a.p.a
         public a.a.a a(a.h var1, n var2) throws IOException {
                 ^
recovery/normalized-src-vf/l1r/an/PBMessageALL9.java:1125: error: a.p.a.a has private access in a.p.a
         public a.a.a a(x var1) {
                 ^
recovery/normalized-src-vf/l1r/an/PBMessageALL9.java:1172: error: cannot find symbol
         a(a.p.b var1, PBMessageALL9.a.a var2) {
            ^
  symbol:   class p
  location: class a
recovery/normalized-src-vf/l1r/an/PBMessageALL9.java:1268: error: cannot find symbol
      private a.g P;
               ^
  symbol:   class g
  location: class a
recovery/normalized-src-vf/l1r/an/PBMessageALL9.java:1270: error: cannot find symbol
      private a.g Q;
               ^
  symbol:   class g
  location: class a
recovery/normalized-src-vf/l1r/an/PBMessageALL9.java:1301: error: cannot find symbol
      private c(a.h var1, n var2) throws s {
                 ^
  symbol:   class h
  location: class a
recovery/normalized-src-vf/l1r/an/PBMessageALL9.java:1412: error: cannot find symbol
      protected a.p.g l() {
                 ^
  symbol:   class p
  location: class a
recovery/normalized-src-vf/l1r/an/PBMessageALL9.java:1597: error: cannot find symbol
      public a.g O_() {
              ^
  symbol:   class g
  location: class a
recovery/normalized-src-vf/l1r/an/PBMessageALL9.java:1607: error: cannot find symbol
      public a.g Q_() {
              ^
  symbol:   class g
  location: class a
recovery/normalized-src-vf/l1r/an/PBMessageALL9.java:1820: error: cannot find symbol
      public static PBMessageALL9.c a(a.g var0) throws s {
                                       ^
  symbol:   class g
  location: class a
recovery/normalized-src-vf/l1r/an/PBMessageALL9.java:1824: error: cannot find symbol
      public static PBMessageALL9.c a(a.g var0, n var1) throws s {
                                       ^
  symbol:   class g
  location: class a
recovery/normalized-src-vf/l1r/an/PBMessageALL9.java:1852: error: cannot find symbol
      public static PBMessageALL9.c a(a.h var0) throws IOException {
                                       ^
  symbol:   class h
  location: class a
recovery/normalized-src-vf/l1r/an/PBMessageALL9.java:1856: error: cannot find symbol
      public static PBMessageALL9.c a(a.h var0, n var1) throws IOException {
                                       ^
  symbol:   class h
  location: class a
recovery/normalized-src-vf/l1r/an/PBMessageALL9.java:1876: error: cannot find symbol
      protected PBMessageALL9.c.a a(a.p.b var1) {
                                     ^
  symbol:   class p
  location: class a
recovery/normalized-src-vf/l1r/an/PBMessageALL9.java:1882: error: cannot find symbol
      public a.y.a O() {
              ^
  symbol:   class y
  location: class a
recovery/normalized-src-vf/l1r/an/PBMessageALL9.java:1906: error: cannot find symbol
      protected x.a b(a.p.b var1) {
                       ^
  symbol:   class p
  location: class a
recovery/normalized-src-vf/l1r/an/PBMessageALL9.java:1912: error: cannot find symbol
      public a.y.a P() {
              ^
  symbol:   class y
  location: class a
recovery/normalized-src-vf/l1r/an/PBMessageALL9.java:1923: error: cannot find symbol
      c(a.h var1, n var2, PBMessageALL9.c var3) throws s {
         ^
  symbol:   class h
  location: class a
recovery/normalized-src-vf/l1r/an/PBMessageALL9.java:1951: error: cannot find symbol
         private a.g s = a.g.d;
                  ^
  symbol:   class g
  location: class a
recovery/normalized-src-vf/l1r/an/PBMessageALL9.java:1952: error: cannot find symbol
         private a.g t = a.g.d;
                  ^
  symbol:   class g
  location: class a
recovery/normalized-src-vf/l1r/an/PBMessageALL9.java:1959: error: cannot find symbol
         protected a.p.g l() {
                    ^
  symbol:   class p
  location: class a
recovery/normalized-src-vf/l1r/an/PBMessageALL9.java:1967: error: cannot find symbol
         private a(a.p.b var1) {
                    ^
  symbol:   class p
  location: class a
recovery/normalized-src-vf/l1r/an/PBMessageALL9.java:2248: error: cannot find symbol
         public PBMessageALL9.c.a e(a.h var1, n var2) throws IOException {
                                     ^
  symbol:   class h
  location: class a
recovery/normalized-src-vf/l1r/an/PBMessageALL9.java:2679: error: cannot find symbol
         public a.g O_() {
                 ^
  symbol:   class g
  location: class a
recovery/normalized-src-vf/l1r/an/PBMessageALL9.java:2683: error: cannot find symbol
         public PBMessageALL9.c.a e(a.g var1) {
                                     ^
  symbol:   class g
  location: class a
recovery/normalized-src-vf/l1r/an/PBMessageALL9.java:2707: error: cannot find symbol
         public a.g Q_() {
                 ^
  symbol:   class g
  location: class a
recovery/normalized-src-vf/l1r/an/PBMessageALL9.java:2711: error: cannot find symbol
         public PBMessageALL9.c.a f(a.g var1) {
                                     ^
  symbol:   class g
  location: class a
recovery/normalized-src-vf/l1r/an/PBMessageALL9.java:2761: error: cannot find symbol
         public y.a c(a.h var1, n var2) throws IOException {
                       ^
  symbol:   class h
  location: class a
recovery/normalized-src-vf/l1r/an/PBMessageALL9.java:2767: error: cannot find symbol
         public x.a d(a.h var1, n var2) throws IOException {
                       ^
  symbol:   class h
  location: class a
recovery/normalized-src-vf/l1r/an/PBMessageALL9.java:2773: error: cannot find symbol
         public a.a.a a(a.h var1, n var2) throws IOException {
                         ^
  symbol:   class h
  location: class a
recovery/normalized-src-vf/l1r/an/PBMessageALL9.java:2773: error: a.p.a.a has private access in a.p.a
         public a.a.a a(a.h var1, n var2) throws IOException {
                 ^
recovery/normalized-src-vf/l1r/an/PBMessageALL9.java:2785: error: a.p.a.a has private access in a.p.a
         public a.a.a a(x var1) {
                 ^
recovery/normalized-src-vf/l1r/an/PBMessageALL9.java:2832: error: cannot find symbol
         a(a.p.b var1, PBMessageALL9.c.a var2) {
            ^
  symbol:   class p
  location: class a
recovery/normalized-src-vf/l1r/an/PBMessageALL9.java:2942: error: cannot find symbol
      private List<a.g> t;
                    ^
  symbol:   class g
  location: class a
recovery/normalized-src-vf/l1r/an/PBMessageALL9.java:2979: error: cannot find symbol
      private e(a.h var1, n var2) throws s {
                 ^
  symbol:   class h
  location: class a
recovery/normalized-src-vf/l1r/an/PBMessageALL9.java:3058: error: cannot find symbol
      protected a.p.g l() {
                 ^
  symbol:   class p
  location: class a
recovery/normalized-src-vf/l1r/an/PBMessageALL9.java:3118: error: cannot find symbol
      public List<a.g> y() {
                   ^
  symbol:   class g
  location: class a
recovery/normalized-src-vf/l1r/an/PBMessageALL9.java:3128: error: cannot find symbol
      public a.g a(int var1) {
              ^
  symbol:   class g
  location: class a
recovery/normalized-src-vf/l1r/an/PBMessageALL9.java:3285: error: cannot find symbol
      public static PBMessageALL9.e a(a.g var0) throws s {
                                       ^
  symbol:   class g
  location: class a
recovery/normalized-src-vf/l1r/an/PBMessageALL9.java:3289: error: cannot find symbol
      public static PBMessageALL9.e a(a.g var0, n var1) throws s {
                                       ^
  symbol:   class g
  location: class a
recovery/normalized-src-vf/l1r/an/PBMessageALL9.java:3317: error: cannot find symbol
      public static PBMessageALL9.e a(a.h var0) throws IOException {
                                       ^
  symbol:   class h
  location: class a
recovery/normalized-src-vf/l1r/an/PBMessageALL9.java:3321: error: cannot find symbol
      public static PBMessageALL9.e a(a.h var0, n var1) throws IOException {
                                       ^
  symbol:   class h
  location: class a
recovery/normalized-src-vf/l1r/an/PBMessageALL9.java:3341: error: cannot find symbol
      protected PBMessageALL9.e.a a(a.p.b var1) {
                                     ^
  symbol:   class p
  location: class a
recovery/normalized-src-vf/l1r/an/PBMessageALL9.java:3347: error: cannot find symbol
      public a.y.a O() {
              ^
  symbol:   class y
  location: class a
recovery/normalized-src-vf/l1r/an/PBMessageALL9.java:3371: error: cannot find symbol
      protected x.a b(a.p.b var1) {
                       ^
  symbol:   class p
  location: class a
recovery/normalized-src-vf/l1r/an/PBMessageALL9.java:3377: error: cannot find symbol
      public a.y.a P() {
              ^
  symbol:   class y
  location: class a
recovery/normalized-src-vf/l1r/an/PBMessageALL9.java:3388: error: cannot find symbol
      e(a.h var1, n var2, PBMessageALL9.e var3) throws s {
         ^
  symbol:   class h
  location: class a
recovery/normalized-src-vf/l1r/an/PBMessageALL9.java:3404: error: cannot find symbol
         private List<a.g> g = Collections.emptyList();
                       ^
  symbol:   class g
  location: class a
recovery/normalized-src-vf/l1r/an/PBMessageALL9.java:3414: error: cannot find symbol
         protected a.p.g l() {
                    ^
  symbol:   class p
  location: class a
recovery/normalized-src-vf/l1r/an/PBMessageALL9.java:3422: error: cannot find symbol
         private a(a.p.b var1) {
                    ^
  symbol:   class p
  location: class a
recovery/normalized-src-vf/l1r/an/PBMessageALL9.java:3602: error: cannot find symbol
         public PBMessageALL9.e.a e(a.h var1, n var2) throws IOException {
                                     ^
  symbol:   class h
  location: class a
recovery/normalized-src-vf/l1r/an/PBMessageALL9.java:3747: error: cannot find symbol
         public List<a.g> y() {
                      ^
  symbol:   class g
  location: class a
recovery/normalized-src-vf/l1r/an/PBMessageALL9.java:3757: error: cannot find symbol
         public a.g a(int var1) {
                 ^
  symbol:   class g
  location: class a
recovery/normalized-src-vf/l1r/an/PBMessageALL9.java:3761: error: cannot find symbol
         public PBMessageALL9.e.a a(int var1, a.g var2) {
                                               ^
  symbol:   class g
  location: class a
recovery/normalized-src-vf/l1r/an/PBMessageALL9.java:3772: error: cannot find symbol
         public PBMessageALL9.e.a e(a.g var1) {
                                     ^
  symbol:   class g
  location: class a
recovery/normalized-src-vf/l1r/an/PBMessageALL9.java:3783: error: cannot find symbol
         public PBMessageALL9.e.a a(Iterable<? extends a.g> var1) {
                                                        ^
  symbol:   class g
  location: class a
recovery/normalized-src-vf/l1r/an/PBMessageALL9.java:3901: error: cannot find symbol
         public y.a c(a.h var1, n var2) throws IOException {
                       ^
  symbol:   class h
  location: class a
recovery/normalized-src-vf/l1r/an/PBMessageALL9.java:3907: error: cannot find symbol
         public x.a d(a.h var1, n var2) throws IOException {
                       ^
  symbol:   class h
  location: class a
recovery/normalized-src-vf/l1r/an/PBMessageALL9.java:3913: error: cannot find symbol
         public a.a.a a(a.h var1, n var2) throws IOException {
                         ^
  symbol:   class h
  location: class a
recovery/normalized-src-vf/l1r/an/PBMessageALL9.java:3913: error: a.p.a.a has private access in a.p.a
         public a.a.a a(a.h var1, n var2) throws IOException {
                 ^
recovery/normalized-src-vf/l1r/an/PBMessageALL9.java:3925: error: a.p.a.a has private access in a.p.a
         public a.a.a a(x var1) {
                 ^
recovery/normalized-src-vf/l1r/an/PBMessageALL9.java:3972: error: cannot find symbol
         a(a.p.b var1, PBMessageALL9.e.a var2) {
            ^
  symbol:   class p
  location: class a
recovery/normalized-src-vf/l1r/an/PBMessageALL9.java:4101: error: cannot find symbol
      private g(a.h var1, n var2) throws s {
                 ^
  symbol:   class h
  location: class a
recovery/normalized-src-vf/l1r/an/PBMessageALL9.java:4212: error: cannot find symbol
      protected a.p.g l() {
                 ^
  symbol:   class p
  location: class a
recovery/normalized-src-vf/l1r/an/PBMessageALL9.java:4620: error: cannot find symbol
      public static PBMessageALL9.g a(a.g var0) throws s {
                                       ^
  symbol:   class g
  location: class a
recovery/normalized-src-vf/l1r/an/PBMessageALL9.java:4624: error: cannot find symbol
      public static PBMessageALL9.g a(a.g var0, n var1) throws s {
                                       ^
  symbol:   class g
  location: class a
recovery/normalized-src-vf/l1r/an/PBMessageALL9.java:4652: error: cannot find symbol
      public static PBMessageALL9.g a(a.h var0) throws IOException {
                                       ^
  symbol:   class h
  location: class a
recovery/normalized-src-vf/l1r/an/PBMessageALL9.java:4656: error: cannot find symbol
      public static PBMessageALL9.g a(a.h var0, n var1) throws IOException {
                                       ^
  symbol:   class h
  location: class a
recovery/normalized-src-vf/l1r/an/PBMessageALL9.java:4676: error: cannot find symbol
      protected PBMessageALL9.g.a a(a.p.b var1) {
                                     ^
  symbol:   class p
  location: class a
recovery/normalized-src-vf/l1r/an/PBMessageALL9.java:4682: error: cannot find symbol
      public a.y.a O() {
              ^
  symbol:   class y
  location: class a
recovery/normalized-src-vf/l1r/an/PBMessageALL9.java:4706: error: cannot find symbol
      protected x.a b(a.p.b var1) {
                       ^
  symbol:   class p
  location: class a
recovery/normalized-src-vf/l1r/an/PBMessageALL9.java:4712: error: cannot find symbol
      public a.y.a P() {
              ^
  symbol:   class y
  location: class a
recovery/normalized-src-vf/l1r/an/PBMessageALL9.java:4723: error: cannot find symbol
      g(a.h var1, n var2, PBMessageALL9.g var3) throws s {
         ^
  symbol:   class h
  location: class a
recovery/normalized-src-vf/l1r/an/PBMessageALL9.java:4759: error: cannot find symbol
         protected a.p.g l() {
                    ^
  symbol:   class p
  location: class a
recovery/normalized-src-vf/l1r/an/PBMessageALL9.java:4767: error: cannot find symbol
         private a(a.p.b var1) {
                    ^
  symbol:   class p
  location: class a
recovery/normalized-src-vf/l1r/an/PBMessageALL9.java:5048: error: cannot find symbol
         public PBMessageALL9.g.a e(a.h var1, n var2) throws IOException {
                                     ^
  symbol:   class h
  location: class a
recovery/normalized-src-vf/l1r/an/PBMessageALL9.java:5553: error: cannot find symbol
         public y.a c(a.h var1, n var2) throws IOException {
                       ^
  symbol:   class h
  location: class a
recovery/normalized-src-vf/l1r/an/PBMessageALL9.java:5559: error: cannot find symbol
         public x.a d(a.h var1, n var2) throws IOException {
                       ^
  symbol:   class h
  location: class a
recovery/normalized-src-vf/l1r/an/PBMessageALL9.java:5565: error: cannot find symbol
         public a.a.a a(a.h var1, n var2) throws IOException {
                         ^
  symbol:   class h
  location: class a
recovery/normalized-src-vf/l1r/an/PBMessageALL9.java:5565: error: a.p.a.a has private access in a.p.a
         public a.a.a a(a.h var1, n var2) throws IOException {
                 ^
recovery/normalized-src-vf/l1r/an/PBMessageALL9.java:5577: error: a.p.a.a has private access in a.p.a
         public a.a.a a(x var1) {
                 ^
recovery/normalized-src-vf/l1r/an/PBMessageALL9.java:5624: error: cannot find symbol
         a(a.p.b var1, PBMessageALL9.g.a var2) {
            ^
  symbol:   class p
  location: class a
recovery/normalized-src-vf/l1r/an/PBMessageALL.java:40: error: cannot find symbol
      a.k.g.a var1 = new a.k.g.a() {
       ^
  symbol:   class k
  location: class a
recovery/normalized-src-vf/l1r/an/PBMessageALL.java:40: error: cannot find symbol
      a.k.g.a var1 = new a.k.g.a() {
                          ^
  symbol:   class k
  location: class a
recovery/normalized-src-vf/l1r/an/PBMessageALL.java:41: error: method does not override or implement a method from a supertype
         @Override
         ^
recovery/normalized-src-vf/l1r/an/PBMessageALL.java:153: error: g has private access in g
      k.g.a(var0, new k.g[0], var1);
       ^
recovery/normalized-src-vf/l1r/an/PBMessageALL.java:754: error: b(b) in l1r.an.PBMessageALL.a cannot implement b(OutputStream) in y
      protected x.a b(a.p.b var1) {
                    ^
  attempting to assign weaker access privileges; was public
recovery/normalized-src-vf/l1r/an/PBMessageALL.java:724: error: a(b) in l1r.an.PBMessageALL.a cannot implement a(OutputStream) in y
      protected PBMessageALL.a.a a(a.p.b var1) {
                                 ^
  attempting to assign weaker access privileges; was public
recovery/normalized-src-vf/l1r/an/PBMessageALL.java:169: error: cannot find symbol
      public static ab<PBMessageALL.a> a = new a.c<PBMessageALL.a>() {
                                                ^
  symbol:   class c
  location: class a
recovery/normalized-src-vf/l1r/an/PBMessageALL.java:170: error: cannot find symbol
         public PBMessageALL.a c(a.h var1, n var2) throws s {
                                  ^
  symbol:   class h
  location: class a
recovery/normalized-src-vf/l1r/an/PBMessageALL.java:176: error: cannot find symbol
         public Object d(a.h var1, n var2) throws s {
                          ^
  symbol:   class h
  location: class a
recovery/normalized-src-vf/l1r/an/PBMessageALL.java:175: error: method does not override or implement a method from a supertype
         @Override
         ^
recovery/normalized-src-vf/l1r/an/PBMessageALL.java:345: error: method does not override or implement a method from a supertype
      @Override
      ^
recovery/normalized-src-vf/l1r/an/PBMessageALL.java:350: error: method does not override or implement a method from a supertype
      @Override
      ^
recovery/normalized-src-vf/l1r/an/PBMessageALL.java:355: error: method does not override or implement a method from a supertype
      @Override
      ^
recovery/normalized-src-vf/l1r/an/PBMessageALL.java:360: error: method does not override or implement a method from a supertype
      @Override
      ^
recovery/normalized-src-vf/l1r/an/PBMessageALL.java:365: error: method does not override or implement a method from a supertype
      @Override
      ^
recovery/normalized-src-vf/l1r/an/PBMessageALL.java:370: error: method does not override or implement a method from a supertype
      @Override
      ^
recovery/normalized-src-vf/l1r/an/PBMessageALL.java:375: error: method does not override or implement a method from a supertype
      @Override
      ^
recovery/normalized-src-vf/l1r/an/PBMessageALL.java:380: error: method does not override or implement a method from a supertype
      @Override
      ^
recovery/normalized-src-vf/l1r/an/PBMessageALL.java:385: error: method does not override or implement a method from a supertype
      @Override
      ^
recovery/normalized-src-vf/l1r/an/PBMessageALL.java:390: error: method does not override or implement a method from a supertype
      @Override
      ^
recovery/normalized-src-vf/l1r/an/PBMessageALL.java:395: error: method does not override or implement a method from a supertype
      @Override
      ^
recovery/normalized-src-vf/l1r/an/PBMessageALL.java:400: error: method does not override or implement a method from a supertype
      @Override
      ^
recovery/normalized-src-vf/l1r/an/PBMessageALL.java:405: error: method does not override or implement a method from a supertype
      @Override
      ^
recovery/normalized-src-vf/l1r/an/PBMessageALL.java:410: error: method does not override or implement a method from a supertype
      @Override
      ^
recovery/normalized-src-vf/l1r/an/PBMessageALL.java:415: error: method does not override or implement a method from a supertype
      @Override
      ^
recovery/normalized-src-vf/l1r/an/PBMessageALL.java:420: error: method does not override or implement a method from a supertype
      @Override
      ^
recovery/normalized-src-vf/l1r/an/PBMessageALL.java:425: error: method does not override or implement a method from a supertype
      @Override
      ^
recovery/normalized-src-vf/l1r/an/PBMessageALL.java:430: error: method does not override or implement a method from a supertype
      @Override
      ^
recovery/normalized-src-vf/l1r/an/PBMessageALL.java:435: error: method does not override or implement a method from a supertype
      @Override
      ^
recovery/normalized-src-vf/l1r/an/PBMessageALL.java:440: error: method does not override or implement a method from a supertype
      @Override
      ^
recovery/normalized-src-vf/l1r/an/PBMessageALL.java:445: error: method does not override or implement a method from a supertype
      @Override
      ^
recovery/normalized-src-vf/l1r/an/PBMessageALL.java:450: error: method does not override or implement a method from a supertype
      @Override
      ^
recovery/normalized-src-vf/l1r/an/PBMessageALL.java:455: error: method does not override or implement a method from a supertype
      @Override
      ^
recovery/normalized-src-vf/l1r/an/PBMessageALL.java:460: error: method does not override or implement a method from a supertype
      @Override
      ^
recovery/normalized-src-vf/l1r/an/PBMessageALL.java:465: error: method does not override or implement a method from a supertype
      @Override
      ^
recovery/normalized-src-vf/l1r/an/PBMessageALL.java:470: error: method does not override or implement a method from a supertype
      @Override
      ^
recovery/normalized-src-vf/l1r/an/PBMessageALL.java:475: error: method does not override or implement a method from a supertype
      @Override
      ^
recovery/normalized-src-vf/l1r/an/PBMessageALL.java:480: error: method does not override or implement a method from a supertype
      @Override
      ^
recovery/normalized-src-vf/l1r/an/PBMessageALL.java:485: error: method does not override or implement a method from a supertype
      @Override
      ^
recovery/normalized-src-vf/l1r/an/PBMessageALL.java:490: error: method does not override or implement a method from a supertype
      @Override
      ^
recovery/normalized-src-vf/l1r/an/PBMessageALL.java:525: error: a(i) in l1r.an.PBMessageALL.a cannot override a(List<? extends a.r.a>) in a.a
      public void a(a.i var1) throws IOException {
                  ^
  overridden method is static
recovery/normalized-src-vf/l1r/an/PBMessageALL.java:599: error: cannot find symbol
            var1 += a.i.g(1, this.u);
                     ^
  symbol:   variable i
  location: variable a of type ab<a>
recovery/normalized-src-vf/l1r/an/PBMessageALL.java:603: error: cannot find symbol
            var1 += a.i.g(2, this.v);
                     ^
  symbol:   variable i
  location: variable a of type ab<a>
recovery/normalized-src-vf/l1r/an/PBMessageALL.java:607: error: cannot find symbol
            var1 += a.i.g(3, this.w);
                     ^
  symbol:   variable i
  location: variable a of type ab<a>
recovery/normalized-src-vf/l1r/an/PBMessageALL.java:611: error: cannot find symbol
            var1 += a.i.g(4, this.x);
                     ^
  symbol:   variable i
  location: variable a of type ab<a>
recovery/normalized-src-vf/l1r/an/PBMessageALL.java:615: error: cannot find symbol
            var1 += a.i.g(5, this.y);
                     ^
  symbol:   variable i
  location: variable a of type ab<a>
recovery/normalized-src-vf/l1r/an/PBMessageALL.java:619: error: cannot find symbol
            var1 += a.i.g(6, this.z);
                     ^
  symbol:   variable i
  location: variable a of type ab<a>
recovery/normalized-src-vf/l1r/an/PBMessageALL.java:623: error: cannot find symbol
            var1 += a.i.g(7, this.A);
                     ^
  symbol:   variable i
  location: variable a of type ab<a>
recovery/normalized-src-vf/l1r/an/PBMessageALL.java:627: error: cannot find symbol
            var1 += a.i.g(8, this.B);
                     ^
  symbol:   variable i
  location: variable a of type ab<a>
recovery/normalized-src-vf/l1r/an/PBMessageALL.java:631: error: cannot find symbol
            var1 += a.i.g(9, this.C);
                     ^
  symbol:   variable i
  location: variable a of type ab<a>
recovery/normalized-src-vf/l1r/an/PBMessageALL.java:635: error: cannot find symbol
            var1 += a.i.g(10, this.D);
                     ^
  symbol:   variable i
  location: variable a of type ab<a>
recovery/normalized-src-vf/l1r/an/PBMessageALL.java:639: error: cannot find symbol
            var1 += a.i.g(11, this.E);
                     ^
  symbol:   variable i
  location: variable a of type ab<a>
recovery/normalized-src-vf/l1r/an/PBMessageALL.java:643: error: cannot find symbol
            var1 += a.i.g(12, this.F);
                     ^
  symbol:   variable i
  location: variable a of type ab<a>
recovery/normalized-src-vf/l1r/an/PBMessageALL.java:647: error: cannot find symbol
            var1 += a.i.g(13, this.G);
                     ^
  symbol:   variable i
  location: variable a of type ab<a>
recovery/normalized-src-vf/l1r/an/PBMessageALL.java:651: error: cannot find symbol
            var1 += a.i.g(14, this.H);
                     ^
  symbol:   variable i
  location: variable a of type ab<a>
recovery/normalized-src-vf/l1r/an/PBMessageALL.java:655: error: cannot find symbol
            var1 += a.i.g(15, this.I);
                     ^
  symbol:   variable i
  location: variable a of type ab<a>
recovery/normalized-src-vf/l1r/an/PBMessageALL.java:668: error: a(g) in l1r.an.PBMessageALL.a cannot hide a(List<? extends a.r.a>) in a.a
      public static PBMessageALL.a a(a.g var0) throws s {
                                   ^
  return type l1r.an.PBMessageALL.a is not compatible with int
recovery/normalized-src-vf/l1r/an/PBMessageALL.java:700: error: a(h) in l1r.an.PBMessageALL.a cannot hide a(List<? extends a.r.a>) in a.a
      public static PBMessageALL.a a(a.h var0) throws IOException {
                                   ^
  return type l1r.an.PBMessageALL.a is not compatible with int
recovery/normalized-src-vf/l1r/an/PBMessageALL.java:709: error: a has private access in a
         return PBMessageALL.a.a.av();
                              ^
recovery/normalized-src-vf/l1r/an/PBMessageALL.java:709: error: int cannot be dereferenced
         return PBMessageALL.a.a.av();
                                ^
recovery/normalized-src-vf/l1r/an/PBMessageALL.java:717: error: incompatible types: a.a.a cannot be converted to a.p.a
         return aa().a(var0);
                      ^
recovery/normalized-src-vf/l1r/an/PBMessageALL.java:721: error: reference to a is ambiguous
         return a(this);
                ^
  both method a(h) in l1r.an.PBMessageALL.a and method a(b) in l1r.an.PBMessageALL.a match
recovery/normalized-src-vf/l1r/an/PBMessageALL.java:721: error: incompatible types: l1r.an.PBMessageALL.a cannot be converted to a.p.a
         return a(this);
                 ^
recovery/normalized-src-vf/l1r/an/PBMessageALL.java:1463: error: d(h,n) in l1r.an.PBMessageALL.a.a cannot implement d(byte[],n) in a.x.a
         public x.a d(a.h var1, n var2) throws IOException {
                    ^
  overridden method does not throw IOException
recovery/normalized-src-vf/l1r/an/PBMessageALL.java:1457: error: c(h,n) in l1r.an.PBMessageALL.a.a cannot implement c(byte[],n) in a.y.a
         public y.a c(a.h var1, n var2) throws IOException {
                    ^
  overridden method does not throw IOException
recovery/normalized-src-vf/l1r/an/PBMessageALL.java:817: error: cannot find symbol
            PBMessageALL.a.af();
                          ^
  symbol:   method af()
  location: variable a of type a
recovery/normalized-src-vf/l1r/an/PBMessageALL.java:869: error: incompatible types: List<f> cannot be converted to a
            return PBMessageALL.a.h();
                                   ^
recovery/normalized-src-vf/l1r/an/PBMessageALL.java:882: error: reference to a is ambiguous
            PBMessageALL.a var1 = new PBMessageALL.a(this, null);
                                  ^
  both constructor l1r.an.PBMessageALL.a(h,n) in l1r.an.PBMessageALL.a and constructor l1r.an.PBMessageALL.a(a.p.a,l1r.an.PBMessageALL.a) in l1r.an.PBMessageALL.a match
recovery/normalized-src-vf/l1r/an/PBMessageALL.java:975: error: incomparable types: a and List<f>
            if (var1 == PBMessageALL.a.h()) {
                     ^
recovery/normalized-src-vf/l1r/an/PBMessageALL.java:1052: error: a has private access in a
               var3 = PBMessageALL.a.a.d(var1, var2);
                                    ^
recovery/normalized-src-vf/l1r/an/PBMessageALL.java:1052: error: int cannot be dereferenced
               var3 = PBMessageALL.a.a.d(var1, var2);
                                      ^
recovery/normalized-src-vf/l1r/an/PBMessageALL.java:1451: error: ai() in l1r.an.PBMessageALL.a.a cannot override ai() in a.p.a
         public p.a ai() {
                    ^
  return type a.p.a is not compatible with l1r.an.PBMessageALL.a.a
  where BuilderType is a type-variable:
    BuilderType extends a.p.a declared in class a.p.a
recovery/normalized-src-vf/l1r/an/PBMessageALL.java:1450: error: method does not override or implement a method from a supertype
         @Override
         ^
recovery/normalized-src-vf/l1r/an/PBMessageALL.java:1469: error: a(h,n) in l1r.an.PBMessageALL.a.a cannot override a(byte[],n) in a.a.a
         public a.a.a a(a.h var1, n var2) throws IOException {
                      ^
  overridden method does not throw IOException
  where BuilderType#1,BuilderType#2 are type-variables:
    BuilderType#1 extends a.p.a declared in class a.p.a
    BuilderType#2 extends a.a.a declared in class a.a.a
recovery/normalized-src-vf/l1r/an/PBMessageALL.java:1511: error: ah() in l1r.an.PBMessageALL.a.a cannot override ah() in a.p.a
         public p.a ah() {
                    ^
  return type a.p.a is not compatible with l1r.an.PBMessageALL.a.a
  where BuilderType is a type-variable:
    BuilderType extends a.p.a declared in class a.p.a
recovery/normalized-src-vf/l1r/an/PBMessageALL.java:1510: error: method does not override or implement a method from a supertype
         @Override
         ^
recovery/normalized-src-vf/l1r/an/PBMessageALL.java:2171: error: a(b) in c cannot implement a(int) in d
      protected PBMessageALL.c.a a(a.p.b var1) {
                                 ^
  attempting to assign weaker access privileges; was public
recovery/normalized-src-vf/l1r/an/PBMessageALL.java:2201: error: b(b) in c cannot implement b(OutputStream) in y
      protected x.a b(a.p.b var1) {
                    ^
  attempting to assign weaker access privileges; was public
recovery/normalized-src-vf/l1r/an/PBMessageALL.java:1599: error: cannot find symbol
      public static ab<PBMessageALL.c> a = new a.c<PBMessageALL.c>() {
                                                ^
  symbol:   class c
  location: class a
recovery/normalized-src-vf/l1r/an/PBMessageALL.java:1600: error: cannot find symbol
         public PBMessageALL.c c(a.h var1, n var2) throws s {
                                  ^
  symbol:   class h
  location: class a
recovery/normalized-src-vf/l1r/an/PBMessageALL.java:1606: error: cannot find symbol
         public Object d(a.h var1, n var2) throws s {
                          ^
  symbol:   class h
  location: class a
recovery/normalized-src-vf/l1r/an/PBMessageALL.java:1605: error: method does not override or implement a method from a supertype
         @Override
         ^
recovery/normalized-src-vf/l1r/an/PBMessageALL.java:1814: error: name clash: class c has two methods with the same erasure, yet neither overrides the other
      public a.g a(int var1) {
                 ^
  first method:  a(b) in c
  second method: a(List<? extends a.r.a>) in a.a
recovery/normalized-src-vf/l1r/an/PBMessageALL.java:1968: error: a(i) in c cannot override a(List<? extends a.r.a>) in a.a
      public void a(a.i var1) throws IOException {
                  ^
  overridden method is static
recovery/normalized-src-vf/l1r/an/PBMessageALL.java:2042: error: cannot find symbol
            var1 += a.i.g(1, this.u);
                     ^
  symbol:   variable i
  location: variable a of type ab<c>
recovery/normalized-src-vf/l1r/an/PBMessageALL.java:2046: error: cannot find symbol
            var1 += a.i.g(2, this.v);
                     ^
  symbol:   variable i
  location: variable a of type ab<c>
recovery/normalized-src-vf/l1r/an/PBMessageALL.java:2052: error: cannot find symbol
            var2 += a.i.b(this.w.get(var3));
                     ^
  symbol:   variable i
  location: variable a of type ab<c>
recovery/normalized-src-vf/l1r/an/PBMessageALL.java:2058: error: cannot find symbol
            var1 += a.i.g(4, this.x);
                     ^
  symbol:   variable i
  location: variable a of type ab<c>
recovery/normalized-src-vf/l1r/an/PBMessageALL.java:2062: error: cannot find symbol
            var1 += a.i.g(5, this.y);
                     ^
  symbol:   variable i
  location: variable a of type ab<c>
recovery/normalized-src-vf/l1r/an/PBMessageALL.java:2066: error: cannot find symbol
            var1 += a.i.g(6, this.z);
                     ^
  symbol:   variable i
  location: variable a of type ab<c>
recovery/normalized-src-vf/l1r/an/PBMessageALL.java:2070: error: cannot find symbol
            var1 += a.i.g(7, this.A);
                     ^
  symbol:   variable i
  location: variable a of type ab<c>
recovery/normalized-src-vf/l1r/an/PBMessageALL.java:2074: error: cannot find symbol
            var1 += a.i.g(8, this.B);
                     ^
  symbol:   variable i
  location: variable a of type ab<c>
recovery/normalized-src-vf/l1r/an/PBMessageALL.java:2078: error: cannot find symbol
            var1 += a.i.g(9, this.C);
                     ^
  symbol:   variable i
  location: variable a of type ab<c>
recovery/normalized-src-vf/l1r/an/PBMessageALL.java:2082: error: cannot find symbol
            var1 += a.i.g(10, this.D);
                     ^
  symbol:   variable i
  location: variable a of type ab<c>
recovery/normalized-src-vf/l1r/an/PBMessageALL.java:2086: error: cannot find symbol
            var1 += a.i.g(11, this.E);
                     ^
  symbol:   variable i
  location: variable a of type ab<c>
recovery/normalized-src-vf/l1r/an/PBMessageALL.java:2090: error: cannot find symbol
            var1 += a.i.g(12, this.F);
                     ^
  symbol:   variable i
  location: variable a of type ab<c>
recovery/normalized-src-vf/l1r/an/PBMessageALL.java:2094: error: cannot find symbol
            var1 += a.i.g(13, this.G);
                     ^
  symbol:   variable i
  location: variable a of type ab<c>
recovery/normalized-src-vf/l1r/an/PBMessageALL.java:2098: error: cannot find symbol
            var1 += a.i.g(14, this.H);
                     ^
  symbol:   variable i
  location: variable a of type ab<c>
recovery/normalized-src-vf/l1r/an/PBMessageALL.java:2102: error: cannot find symbol
            var1 += a.i.g(15, this.I);
                     ^
  symbol:   variable i
  location: variable a of type ab<c>
recovery/normalized-src-vf/l1r/an/PBMessageALL.java:2115: error: a(g) in c cannot hide a(List<? extends a.r.a>) in a.a
      public static PBMessageALL.c a(a.g var0) throws s {
                                   ^
  return type c is not compatible with int
recovery/normalized-src-vf/l1r/an/PBMessageALL.java:2147: error: a(h) in c cannot hide a(List<? extends a.r.a>) in a.a
      public static PBMessageALL.c a(a.h var0) throws IOException {
                                   ^
  return type c is not compatible with int
recovery/normalized-src-vf/l1r/an/PBMessageALL.java:2156: error: a has private access in a
         return PBMessageALL.c.a.av();
                              ^
recovery/normalized-src-vf/l1r/an/PBMessageALL.java:2156: error: int cannot be dereferenced
         return PBMessageALL.c.a.av();
                                ^
recovery/normalized-src-vf/l1r/an/PBMessageALL.java:2168: error: reference to a is ambiguous
         return a(this);
                ^
  both method a(h) in c and method a(b) in c match
recovery/normalized-src-vf/l1r/an/PBMessageALL.java:2168: error: incompatible types: c cannot be converted to a
         return a(this);
                 ^
recovery/normalized-src-vf/l1r/an/PBMessageALL.java:2227: error: l1r.an.PBMessageALL.c.a is not abstract and does not override abstract method d() in a.a.a
      public static final class a extends p.a<PBMessageALL.c.a> implements PBMessageALL.d {
                          ^
recovery/normalized-src-vf/l1r/an/PBMessageALL.java:2953: error: d(h,n) in l1r.an.PBMessageALL.c.a cannot implement d(byte[],n) in a.x.a
         public x.a d(a.h var1, n var2) throws IOException {
                    ^
  overridden method does not throw IOException
recovery/normalized-src-vf/l1r/an/PBMessageALL.java:2947: error: c(h,n) in l1r.an.PBMessageALL.c.a cannot implement c(byte[],n) in a.y.a
         public y.a c(a.h var1, n var2) throws IOException {
                    ^
  overridden method does not throw IOException
recovery/normalized-src-vf/l1r/an/PBMessageALL.java:2264: error: cannot find symbol
            PBMessageALL.c.af();
                          ^
  symbol:   method af()
  location: variable c of type a
recovery/normalized-src-vf/l1r/an/PBMessageALL.java:2316: error: incompatible types: List<f> cannot be converted to c
            return PBMessageALL.c.h();
                                   ^
recovery/normalized-src-vf/l1r/an/PBMessageALL.java:2329: error: reference to c is ambiguous
            PBMessageALL.c var1 = new PBMessageALL.c(this, null);
                                  ^
  both constructor c(h,n) in c and constructor c(a,c) in c match
recovery/normalized-src-vf/l1r/an/PBMessageALL.java:2423: error: incomparable types: c and List<f>
            if (var1 == PBMessageALL.c.h()) {
                     ^
recovery/normalized-src-vf/l1r/an/PBMessageALL.java:2508: error: a has private access in a
               var3 = PBMessageALL.c.a.d(var1, var2);
                                    ^
recovery/normalized-src-vf/l1r/an/PBMessageALL.java:2508: error: int cannot be dereferenced
               var3 = PBMessageALL.c.a.d(var1, var2);
                                      ^
recovery/normalized-src-vf/l1r/an/PBMessageALL.java:2591: error: name clash: class a has two methods with the same erasure, yet neither overrides the other
         public PBMessageALL.c.a a(int var1, a.g var2) {
                                 ^
  first method:  a(h,n) in l1r.an.PBMessageALL.c.a
  second method: a(InputStream,n) in a.a.a
recovery/normalized-src-vf/l1r/an/PBMessageALL.java:2615: error: int cannot be dereferenced
            p.a.a(var1, this.d);
             ^
recovery/normalized-src-vf/l1r/an/PBMessageALL.java:2661: error: name clash: class a has two methods with the same erasure, yet neither overrides the other
         public PBMessageALL.c.a e(int var1) {
                                 ^
  first method:  e(g) in l1r.an.PBMessageALL.c.a
  second method: e(InputStream) in a.x.a
recovery/normalized-src-vf/l1r/an/PBMessageALL.java:2941: error: ai() in l1r.an.PBMessageALL.c.a cannot override ai() in a.p.a
         public p.a ai() {
                    ^
  return type a.p.a is not compatible with l1r.an.PBMessageALL.c.a
  where BuilderType is a type-variable:
    BuilderType extends a.p.a declared in class a.p.a
recovery/normalized-src-vf/l1r/an/PBMessageALL.java:2940: error: method does not override or implement a method from a supertype
         @Override
         ^
recovery/normalized-src-vf/l1r/an/PBMessageALL.java:2959: error: a(h,n) in l1r.an.PBMessageALL.c.a cannot override a(byte[],n) in a.a.a
         public a.a.a a(a.h var1, n var2) throws IOException {
                      ^
  overridden method does not throw IOException
  where BuilderType#1,BuilderType#2 are type-variables:
    BuilderType#1 extends a.p.a declared in class a.p.a
    BuilderType#2 extends a.a.a declared in class a.a.a
recovery/normalized-src-vf/l1r/an/PBMessageALL.java:3001: error: ah() in l1r.an.PBMessageALL.c.a cannot override ah() in a.p.a
         public p.a ah() {
                    ^
  return type a.p.a is not compatible with l1r.an.PBMessageALL.c.a
  where BuilderType is a type-variable:
    BuilderType extends a.p.a declared in class a.p.a
recovery/normalized-src-vf/l1r/an/PBMessageALL.java:3000: error: method does not override or implement a method from a supertype
         @Override
         ^
recovery/normalized-src-vf/l1r/an/PBMessageALL.java:3701: error: b(b) in e cannot implement b(OutputStream) in y
      protected x.a b(a.p.b var1) {
                    ^
  attempting to assign weaker access privileges; was public
recovery/normalized-src-vf/l1r/an/PBMessageALL.java:3671: error: a(b) in e cannot implement a(OutputStream) in y
      protected PBMessageALL.e.a a(a.p.b var1) {
                                 ^
  attempting to assign weaker access privileges; was public
recovery/normalized-src-vf/l1r/an/PBMessageALL.java:3091: error: cannot find symbol
      public static ab<PBMessageALL.e> a = new a.c<PBMessageALL.e>() {
                                                ^
  symbol:   class c
  location: class a
recovery/normalized-src-vf/l1r/an/PBMessageALL.java:3092: error: cannot find symbol
         public PBMessageALL.e c(a.h var1, n var2) throws s {
                                  ^
  symbol:   class h
  location: class a
recovery/normalized-src-vf/l1r/an/PBMessageALL.java:3098: error: cannot find symbol
         public Object d(a.h var1, n var2) throws s {
                          ^
  symbol:   class h
  location: class a
recovery/normalized-src-vf/l1r/an/PBMessageALL.java:3097: error: method does not override or implement a method from a supertype
         @Override
         ^
recovery/normalized-src-vf/l1r/an/PBMessageALL.java:3441: error: cannot find symbol
         this.C = a.g.d;
                   ^
  symbol:   variable g
  location: variable a of type ab<e>
recovery/normalized-src-vf/l1r/an/PBMessageALL.java:3445: error: cannot find symbol
         this.G = a.g.d;
                   ^
  symbol:   variable g
  location: variable a of type ab<e>
recovery/normalized-src-vf/l1r/an/PBMessageALL.java:3446: error: cannot find symbol
         this.H = a.g.d;
                   ^
  symbol:   variable g
  location: variable a of type ab<e>
recovery/normalized-src-vf/l1r/an/PBMessageALL.java:3464: error: a(i) in e cannot override a(List<? extends a.r.a>) in a.a
      public void a(a.i var1) throws IOException {
                  ^
  overridden method is static
recovery/normalized-src-vf/l1r/an/PBMessageALL.java:3542: error: cannot find symbol
            var1 += a.i.g(1, this.v);
                     ^
  symbol:   variable i
  location: variable a of type ab<e>
recovery/normalized-src-vf/l1r/an/PBMessageALL.java:3546: error: cannot find symbol
            var1 += a.i.g(2, this.w);
                     ^
  symbol:   variable i
  location: variable a of type ab<e>
recovery/normalized-src-vf/l1r/an/PBMessageALL.java:3550: error: cannot find symbol
            var1 += a.i.g(3, this.x);
                     ^
  symbol:   variable i
  location: variable a of type ab<e>
recovery/normalized-src-vf/l1r/an/PBMessageALL.java:3554: error: cannot find symbol
            var1 += a.i.g(4, this.y);
                     ^
  symbol:   variable i
  location: variable a of type ab<e>
recovery/normalized-src-vf/l1r/an/PBMessageALL.java:3558: error: cannot find symbol
            var1 += a.i.g(5, this.z);
                     ^
  symbol:   variable i
  location: variable a of type ab<e>
recovery/normalized-src-vf/l1r/an/PBMessageALL.java:3562: error: cannot find symbol
            var1 += a.i.g(6, this.A);
                     ^
  symbol:   variable i
  location: variable a of type ab<e>
recovery/normalized-src-vf/l1r/an/PBMessageALL.java:3566: error: cannot find symbol
            var1 += a.i.g(7, this.B);
                     ^
  symbol:   variable i
  location: variable a of type ab<e>
recovery/normalized-src-vf/l1r/an/PBMessageALL.java:3570: error: cannot find symbol
            var1 += a.i.c(8, this.C);
                     ^
  symbol:   variable i
  location: variable a of type ab<e>
recovery/normalized-src-vf/l1r/an/PBMessageALL.java:3574: error: cannot find symbol
            var1 += a.i.g(9, this.D);
                     ^
  symbol:   variable i
  location: variable a of type ab<e>
recovery/normalized-src-vf/l1r/an/PBMessageALL.java:3578: error: cannot find symbol
            var1 += a.i.g(10, this.E);
                     ^
  symbol:   variable i
  location: variable a of type ab<e>
recovery/normalized-src-vf/l1r/an/PBMessageALL.java:3582: error: cannot find symbol
            var1 += a.i.g(11, this.F);
                     ^
  symbol:   variable i
  location: variable a of type ab<e>
recovery/normalized-src-vf/l1r/an/PBMessageALL.java:3586: error: cannot find symbol
            var1 += a.i.c(12, this.G);
                     ^
  symbol:   variable i
  location: variable a of type ab<e>
recovery/normalized-src-vf/l1r/an/PBMessageALL.java:3590: error: cannot find symbol
            var1 += a.i.c(13, this.H);
                     ^
  symbol:   variable i
  location: variable a of type ab<e>
recovery/normalized-src-vf/l1r/an/PBMessageALL.java:3594: error: cannot find symbol
            var1 += a.i.g(14, this.I);
                     ^
  symbol:   variable i
  location: variable a of type ab<e>
recovery/normalized-src-vf/l1r/an/PBMessageALL.java:3598: error: cannot find symbol
            var1 += a.i.g(15, this.J);
                     ^
  symbol:   variable i
  location: variable a of type ab<e>
recovery/normalized-src-vf/l1r/an/PBMessageALL.java:3602: error: cannot find symbol
            var1 += a.i.g(16, this.K);
                     ^
  symbol:   variable i
  location: variable a of type ab<e>
recovery/normalized-src-vf/l1r/an/PBMessageALL.java:3615: error: a(g) in e cannot hide a(List<? extends a.r.a>) in a.a
      public static PBMessageALL.e a(a.g var0) throws s {
                                   ^
  return type e is not compatible with int
recovery/normalized-src-vf/l1r/an/PBMessageALL.java:3647: error: a(h) in e cannot hide a(List<? extends a.r.a>) in a.a
      public static PBMessageALL.e a(a.h var0) throws IOException {
                                   ^
  return type e is not compatible with int
recovery/normalized-src-vf/l1r/an/PBMessageALL.java:3656: error: a has private access in a
         return PBMessageALL.e.a.ay();
                              ^
recovery/normalized-src-vf/l1r/an/PBMessageALL.java:3656: error: int cannot be dereferenced
         return PBMessageALL.e.a.ay();
                                ^
recovery/normalized-src-vf/l1r/an/PBMessageALL.java:3668: error: reference to a is ambiguous
         return a(this);
                ^
  both method a(h) in e and method a(b) in e match
recovery/normalized-src-vf/l1r/an/PBMessageALL.java:3668: error: incompatible types: e cannot be converted to a
         return a(this);
                 ^
recovery/normalized-src-vf/l1r/an/PBMessageALL.java:3727: error: l1r.an.PBMessageALL.e.a is not abstract and does not override abstract method d() in a.a.a
      public static final class a extends p.a<PBMessageALL.e.a> implements PBMessageALL.f {
                          ^
recovery/normalized-src-vf/l1r/an/PBMessageALL.java:4458: error: d(h,n) in l1r.an.PBMessageALL.e.a cannot implement d(byte[],n) in a.x.a
         public x.a d(a.h var1, n var2) throws IOException {
                    ^
  overridden method does not throw IOException
recovery/normalized-src-vf/l1r/an/PBMessageALL.java:4452: error: c(h,n) in l1r.an.PBMessageALL.e.a cannot implement c(byte[],n) in a.y.a
         public y.a c(a.h var1, n var2) throws IOException {
                    ^
  overridden method does not throw IOException
recovery/normalized-src-vf/l1r/an/PBMessageALL.java:3736: error: int cannot be dereferenced
         private a.g i = a.g.d;
                          ^
recovery/normalized-src-vf/l1r/an/PBMessageALL.java:3740: error: int cannot be dereferenced
         private a.g m = a.g.d;
                          ^
recovery/normalized-src-vf/l1r/an/PBMessageALL.java:3741: error: int cannot be dereferenced
         private a.g n = a.g.d;
                          ^
recovery/normalized-src-vf/l1r/an/PBMessageALL.java:3765: error: cannot find symbol
            PBMessageALL.e.ah();
                          ^
  symbol:   method ah()
  location: variable e of type a
recovery/normalized-src-vf/l1r/an/PBMessageALL.java:3788: error: int cannot be dereferenced
            this.i = a.g.d;
                      ^
recovery/normalized-src-vf/l1r/an/PBMessageALL.java:3796: error: int cannot be dereferenced
            this.m = a.g.d;
                      ^
recovery/normalized-src-vf/l1r/an/PBMessageALL.java:3798: error: int cannot be dereferenced
            this.n = a.g.d;
                      ^
recovery/normalized-src-vf/l1r/an/PBMessageALL.java:3819: error: incompatible types: List<f> cannot be converted to e
            return PBMessageALL.e.h();
                                   ^
recovery/normalized-src-vf/l1r/an/PBMessageALL.java:3832: error: reference to e is ambiguous
            PBMessageALL.e var1 = new PBMessageALL.e(this, null);
                                  ^
  both constructor e(h,n) in e and constructor e(a,e) in e match
recovery/normalized-src-vf/l1r/an/PBMessageALL.java:3930: error: incomparable types: e and List<f>
            if (var1 == PBMessageALL.e.h()) {
                     ^
recovery/normalized-src-vf/l1r/an/PBMessageALL.java:3951: error: reference to e is ambiguous
               this.e(var1.x());
                   ^
  both method e(int) in a and method e(g) in a match
recovery/normalized-src-vf/l1r/an/PBMessageALL.java:3955: error: reference to f is ambiguous
               this.f(var1.z());
                   ^
  both method f(int) in a and method f(g) in a match
recovery/normalized-src-vf/l1r/an/PBMessageALL.java:3959: error: reference to g is ambiguous
               this.g(var1.B());
                   ^
  both method g(int) in a and method g(g) in a match
recovery/normalized-src-vf/l1r/an/PBMessageALL.java:4011: error: a has private access in a
               var3 = PBMessageALL.e.a.d(var1, var2);
                                    ^
recovery/normalized-src-vf/l1r/an/PBMessageALL.java:4011: error: int cannot be dereferenced
               var3 = PBMessageALL.e.a.d(var1, var2);
                                      ^
recovery/normalized-src-vf/l1r/an/PBMessageALL.java:4130: error: name clash: class a has two methods with the same erasure, yet neither overrides the other
         public PBMessageALL.e.a e(int var1) {
                                 ^
  first method:  e(g) in l1r.an.PBMessageALL.e.a
  second method: e(InputStream) in a.x.a
recovery/normalized-src-vf/l1r/an/PBMessageALL.java:4154: error: name clash: class a has two methods with the same erasure, yet neither overrides the other
         public PBMessageALL.e.a f(int var1) {
                                 ^
  first method:  f(g) in l1r.an.PBMessageALL.e.a
  second method: f(f) in a.x.a
recovery/normalized-src-vf/l1r/an/PBMessageALL.java:4178: error: name clash: class a has two methods with the same erasure, yet neither overrides the other
         public PBMessageALL.e.a g(int var1) {
                                 ^
  first method:  g(g) in l1r.an.PBMessageALL.e.a
  second method: g(f) in a.p.a
recovery/normalized-src-vf/l1r/an/PBMessageALL.java:4215: error: cannot find symbol
            this.i = PBMessageALL.e.h().D();
                                       ^
  symbol:   method D()
  location: interface List<f>
recovery/normalized-src-vf/l1r/an/PBMessageALL.java:4315: error: cannot find symbol
            this.m = PBMessageALL.e.h().T();
                                       ^
  symbol:   method T()
  location: interface List<f>
recovery/normalized-src-vf/l1r/an/PBMessageALL.java:4343: error: cannot find symbol
            this.n = PBMessageALL.e.h().V();
                                       ^
  symbol:   method V()
  location: interface List<f>
recovery/normalized-src-vf/l1r/an/PBMessageALL.java:4446: error: ai() in l1r.an.PBMessageALL.e.a cannot override ai() in a.p.a
         public p.a ai() {
                    ^
  return type a.p.a is not compatible with l1r.an.PBMessageALL.e.a
  where BuilderType is a type-variable:
    BuilderType extends a.p.a declared in class a.p.a
recovery/normalized-src-vf/l1r/an/PBMessageALL.java:4445: error: method does not override or implement a method from a supertype
         @Override
         ^
recovery/normalized-src-vf/l1r/an/PBMessageALL.java:4464: error: a(h,n) in l1r.an.PBMessageALL.e.a cannot override a(byte[],n) in a.a.a
         public a.a.a a(a.h var1, n var2) throws IOException {
                      ^
  overridden method does not throw IOException
  where BuilderType#1,BuilderType#2 are type-variables:
    BuilderType#1 extends a.p.a declared in class a.p.a
    BuilderType#2 extends a.a.a declared in class a.a.a
recovery/normalized-src-vf/l1r/an/PBMessageALL.java:4506: error: ah() in l1r.an.PBMessageALL.e.a cannot override ah() in a.p.a
         public p.a ah() {
                    ^
  return type a.p.a is not compatible with l1r.an.PBMessageALL.e.a
  where BuilderType is a type-variable:
    BuilderType extends a.p.a declared in class a.p.a
recovery/normalized-src-vf/l1r/an/PBMessageALL.java:4505: error: method does not override or implement a method from a supertype
         @Override
         ^
recovery/normalized-src-vf/l1r/an/PBMessageALL.java:5183: error: b(b) in g cannot implement b(OutputStream) in y
      protected x.a b(a.p.b var1) {
                    ^
  attempting to assign weaker access privileges; was public
recovery/normalized-src-vf/l1r/an/PBMessageALL.java:5153: error: a(b) in g cannot implement a(OutputStream) in y
      protected PBMessageALL.g.a a(a.p.b var1) {
                                 ^
  attempting to assign weaker access privileges; was public
recovery/normalized-src-vf/l1r/an/PBMessageALL.java:4598: error: cannot find symbol
      public static ab<PBMessageALL.g> a = new a.c<PBMessageALL.g>() {
                                                ^
  symbol:   class c
  location: class a
recovery/normalized-src-vf/l1r/an/PBMessageALL.java:4599: error: cannot find symbol
         public PBMessageALL.g c(a.h var1, n var2) throws s {
                                  ^
  symbol:   class h
  location: class a
recovery/normalized-src-vf/l1r/an/PBMessageALL.java:4605: error: cannot find symbol
         public Object d(a.h var1, n var2) throws s {
                          ^
  symbol:   class h
  location: class a
recovery/normalized-src-vf/l1r/an/PBMessageALL.java:4604: error: method does not override or implement a method from a supertype
         @Override
         ^
recovery/normalized-src-vf/l1r/an/PBMessageALL.java:4925: error: cannot find symbol
         this.u = a.g.d;
                   ^
  symbol:   variable g
  location: variable a of type ab<g>
recovery/normalized-src-vf/l1r/an/PBMessageALL.java:4926: error: cannot find symbol
         this.v = a.g.d;
                   ^
  symbol:   variable g
  location: variable a of type ab<g>
recovery/normalized-src-vf/l1r/an/PBMessageALL.java:4929: error: cannot find symbol
         this.y = a.g.d;
                   ^
  symbol:   variable g
  location: variable a of type ab<g>
recovery/normalized-src-vf/l1r/an/PBMessageALL.java:4930: error: cannot find symbol
         this.z = a.g.d;
                   ^
  symbol:   variable g
  location: variable a of type ab<g>
recovery/normalized-src-vf/l1r/an/PBMessageALL.java:4931: error: cannot find symbol
         this.A = a.g.d;
                   ^
  symbol:   variable g
  location: variable a of type ab<g>
recovery/normalized-src-vf/l1r/an/PBMessageALL.java:4954: error: a(i) in g cannot override a(List<? extends a.r.a>) in a.a
      public void a(a.i var1) throws IOException {
                  ^
  overridden method is static
recovery/normalized-src-vf/l1r/an/PBMessageALL.java:5028: error: cannot find symbol
            var1 += a.i.c(1, this.u);
                     ^
  symbol:   variable i
  location: variable a of type ab<g>
recovery/normalized-src-vf/l1r/an/PBMessageALL.java:5032: error: cannot find symbol
            var1 += a.i.c(2, this.v);
                     ^
  symbol:   variable i
  location: variable a of type ab<g>
recovery/normalized-src-vf/l1r/an/PBMessageALL.java:5036: error: cannot find symbol
            var1 += a.i.g(3, this.w);
                     ^
  symbol:   variable i
  location: variable a of type ab<g>
recovery/normalized-src-vf/l1r/an/PBMessageALL.java:5040: error: cannot find symbol
            var1 += a.i.g(4, this.x);
                     ^
  symbol:   variable i
  location: variable a of type ab<g>
recovery/normalized-src-vf/l1r/an/PBMessageALL.java:5044: error: cannot find symbol
            var1 += a.i.c(5, this.y);
                     ^
  symbol:   variable i
  location: variable a of type ab<g>
recovery/normalized-src-vf/l1r/an/PBMessageALL.java:5048: error: cannot find symbol
            var1 += a.i.c(6, this.z);
                     ^
  symbol:   variable i
  location: variable a of type ab<g>
recovery/normalized-src-vf/l1r/an/PBMessageALL.java:5052: error: cannot find symbol
            var1 += a.i.c(7, this.A);
                     ^
  symbol:   variable i
  location: variable a of type ab<g>
recovery/normalized-src-vf/l1r/an/PBMessageALL.java:5056: error: cannot find symbol
            var1 += a.i.g(8, this.B);
                     ^
  symbol:   variable i
  location: variable a of type ab<g>
recovery/normalized-src-vf/l1r/an/PBMessageALL.java:5060: error: cannot find symbol
            var1 += a.i.g(9, this.C);
                     ^
  symbol:   variable i
  location: variable a of type ab<g>
recovery/normalized-src-vf/l1r/an/PBMessageALL.java:5064: error: cannot find symbol
            var1 += a.i.g(10, this.D);
                     ^
  symbol:   variable i
  location: variable a of type ab<g>
recovery/normalized-src-vf/l1r/an/PBMessageALL.java:5068: error: cannot find symbol
            var1 += a.i.g(11, this.E);
                     ^
  symbol:   variable i
  location: variable a of type ab<g>
recovery/normalized-src-vf/l1r/an/PBMessageALL.java:5072: error: cannot find symbol
            var1 += a.i.g(12, this.F);
                     ^
  symbol:   variable i
  location: variable a of type ab<g>
recovery/normalized-src-vf/l1r/an/PBMessageALL.java:5076: error: cannot find symbol
            var1 += a.i.g(13, this.G);
                     ^
  symbol:   variable i
  location: variable a of type ab<g>
recovery/normalized-src-vf/l1r/an/PBMessageALL.java:5080: error: cannot find symbol
            var1 += a.i.g(14, this.H);
                     ^
  symbol:   variable i
  location: variable a of type ab<g>
recovery/normalized-src-vf/l1r/an/PBMessageALL.java:5084: error: cannot find symbol
            var1 += a.i.g(15, this.I);
                     ^
  symbol:   variable i
  location: variable a of type ab<g>
recovery/normalized-src-vf/l1r/an/PBMessageALL.java:5097: error: a(g) in g cannot hide a(List<? extends a.r.a>) in a.a
      public static PBMessageALL.g a(a.g var0) throws s {
                                   ^
  return type g is not compatible with int
recovery/normalized-src-vf/l1r/an/PBMessageALL.java:5129: error: a(h) in g cannot hide a(List<? extends a.r.a>) in a.a
      public static PBMessageALL.g a(a.h var0) throws IOException {
                                   ^
  return type g is not compatible with int
recovery/normalized-src-vf/l1r/an/PBMessageALL.java:5138: error: a has private access in a
         return PBMessageALL.g.a.av();
                              ^
recovery/normalized-src-vf/l1r/an/PBMessageALL.java:5138: error: int cannot be dereferenced
         return PBMessageALL.g.a.av();
                                ^
recovery/normalized-src-vf/l1r/an/PBMessageALL.java:5150: error: reference to a is ambiguous
         return a(this);
                ^
  both method a(h) in g and method a(b) in g match
recovery/normalized-src-vf/l1r/an/PBMessageALL.java:5150: error: incompatible types: g cannot be converted to a
         return a(this);
                 ^
recovery/normalized-src-vf/l1r/an/PBMessageALL.java:5209: error: l1r.an.PBMessageALL.g.a is not abstract and does not override abstract method d() in a.a.a
      public static final class a extends p.a<PBMessageALL.g.a> implements PBMessageALL.h {
                          ^
recovery/normalized-src-vf/l1r/an/PBMessageALL.java:5912: error: d(h,n) in l1r.an.PBMessageALL.g.a cannot implement d(byte[],n) in a.x.a
         public x.a d(a.h var1, n var2) throws IOException {
                    ^
  overridden method does not throw IOException
recovery/normalized-src-vf/l1r/an/PBMessageALL.java:5906: error: c(h,n) in l1r.an.PBMessageALL.g.a cannot implement c(byte[],n) in a.y.a
         public y.a c(a.h var1, n var2) throws IOException {
                    ^
  overridden method does not throw IOException
recovery/normalized-src-vf/l1r/an/PBMessageALL.java:5211: error: int cannot be dereferenced
         private a.g b = a.g.d;
                          ^
recovery/normalized-src-vf/l1r/an/PBMessageALL.java:5212: error: int cannot be dereferenced
         private a.g c = a.g.d;
                          ^
recovery/normalized-src-vf/l1r/an/PBMessageALL.java:5215: error: int cannot be dereferenced
         private a.g f = a.g.d;
                          ^
recovery/normalized-src-vf/l1r/an/PBMessageALL.java:5216: error: int cannot be dereferenced
         private a.g g = a.g.d;
                          ^
recovery/normalized-src-vf/l1r/an/PBMessageALL.java:5217: error: int cannot be dereferenced
         private a.g h = a.g.d;
                          ^
recovery/normalized-src-vf/l1r/an/PBMessageALL.java:5246: error: cannot find symbol
            PBMessageALL.g.af();
                          ^
  symbol:   method af()
  location: variable g of type a
recovery/normalized-src-vf/l1r/an/PBMessageALL.java:5255: error: int cannot be dereferenced
            this.b = a.g.d;
                      ^
recovery/normalized-src-vf/l1r/an/PBMessageALL.java:5257: error: int cannot be dereferenced
            this.c = a.g.d;
                      ^
recovery/normalized-src-vf/l1r/an/PBMessageALL.java:5263: error: int cannot be dereferenced
            this.f = a.g.d;
                      ^
recovery/normalized-src-vf/l1r/an/PBMessageALL.java:5265: error: int cannot be dereferenced
            this.g = a.g.d;
                      ^
recovery/normalized-src-vf/l1r/an/PBMessageALL.java:5267: error: int cannot be dereferenced
            this.h = a.g.d;
                      ^
recovery/normalized-src-vf/l1r/an/PBMessageALL.java:5298: error: incompatible types: List<f> cannot be converted to g
            return PBMessageALL.g.h();
                                   ^
recovery/normalized-src-vf/l1r/an/PBMessageALL.java:5311: error: reference to g is ambiguous
            PBMessageALL.g var1 = new PBMessageALL.g(this, null);
                                  ^
  both constructor g(h,n) in g and constructor g(a,g) in g match
recovery/normalized-src-vf/l1r/an/PBMessageALL.java:5404: error: incomparable types: g and List<f>
            if (var1 == PBMessageALL.g.h()) {
                     ^
recovery/normalized-src-vf/l1r/an/PBMessageALL.java:5481: error: a has private access in a
               var3 = PBMessageALL.g.a.d(var1, var2);
                                    ^
recovery/normalized-src-vf/l1r/an/PBMessageALL.java:5481: error: int cannot be dereferenced
               var3 = PBMessageALL.g.a.d(var1, var2);
                                      ^
recovery/normalized-src-vf/l1r/an/PBMessageALL.java:5517: error: cannot find symbol
            this.b = PBMessageALL.g.h().p();
                                       ^
  symbol:   method p()
  location: interface List<f>
recovery/normalized-src-vf/l1r/an/PBMessageALL.java:5545: error: cannot find symbol
            this.c = PBMessageALL.g.h().r();
                                       ^
  symbol:   method r()
  location: interface List<f>
recovery/normalized-src-vf/l1r/an/PBMessageALL.java:5621: error: cannot find symbol
            this.f = PBMessageALL.g.h().x();
                                       ^
  symbol:   method x()
  location: interface List<f>
recovery/normalized-src-vf/l1r/an/PBMessageALL.java:5649: error: cannot find symbol
            this.g = PBMessageALL.g.h().z();
                                       ^
  symbol:   method z()
  location: interface List<f>
recovery/normalized-src-vf/l1r/an/PBMessageALL.java:5677: error: cannot find symbol
            this.h = PBMessageALL.g.h().B();
                                       ^
  symbol:   method B()
  location: interface List<f>
recovery/normalized-src-vf/l1r/an/PBMessageALL.java:5740: error: name clash: class a has two methods with the same erasure, yet neither overrides the other
         public PBMessageALL.g.a e(int var1) {
                                 ^
  first method:  e(g) in l1r.an.PBMessageALL.g.a
  second method: e(InputStream) in a.x.a
recovery/normalized-src-vf/l1r/an/PBMessageALL.java:5764: error: name clash: class a has two methods with the same erasure, yet neither overrides the other
         public PBMessageALL.g.a f(int var1) {
                                 ^
  first method:  f(g) in l1r.an.PBMessageALL.g.a
  second method: f(f) in a.x.a
recovery/normalized-src-vf/l1r/an/PBMessageALL.java:5788: error: name clash: class a has two methods with the same erasure, yet neither overrides the other
         public PBMessageALL.g.a g(int var1) {
                                 ^
  first method:  g(g) in l1r.an.PBMessageALL.g.a
  second method: g(f) in a.p.a
recovery/normalized-src-vf/l1r/an/PBMessageALL.java:5900: error: ai() in l1r.an.PBMessageALL.g.a cannot override ai() in a.p.a
         public p.a ai() {
                    ^
  return type a.p.a is not compatible with l1r.an.PBMessageALL.g.a
  where BuilderType is a type-variable:
    BuilderType extends a.p.a declared in class a.p.a
recovery/normalized-src-vf/l1r/an/PBMessageALL.java:5899: error: method does not override or implement a method from a supertype
         @Override
         ^
recovery/normalized-src-vf/l1r/an/PBMessageALL.java:5918: error: a(h,n) in l1r.an.PBMessageALL.g.a cannot override a(byte[],n) in a.a.a
         public a.a.a a(a.h var1, n var2) throws IOException {
                      ^
  overridden method does not throw IOException
  where BuilderType#1,BuilderType#2 are type-variables:
    BuilderType#1 extends a.p.a declared in class a.p.a
    BuilderType#2 extends a.a.a declared in class a.a.a
recovery/normalized-src-vf/l1r/an/PBMessageALL.java:5960: error: ah() in l1r.an.PBMessageALL.g.a cannot override ah() in a.p.a
         public p.a ah() {
                    ^
  return type a.p.a is not compatible with l1r.an.PBMessageALL.g.a
  where BuilderType is a type-variable:
    BuilderType extends a.p.a declared in class a.p.a
recovery/normalized-src-vf/l1r/an/PBMessageALL.java:5959: error: method does not override or implement a method from a supertype
         @Override
         ^
recovery/normalized-src-vf/l1r/an/PBMessageALL.java:6633: error: b(b) in i cannot implement b(OutputStream) in y
      protected x.a b(a.p.b var1) {
                    ^
  attempting to assign weaker access privileges; was public
recovery/normalized-src-vf/l1r/an/PBMessageALL.java:6603: error: a(b) in i cannot implement a(OutputStream) in y
      protected PBMessageALL.i.a a(a.p.b var1) {
                                 ^
  attempting to assign weaker access privileges; was public
recovery/normalized-src-vf/l1r/an/PBMessageALL.java:6048: error: cannot find symbol
      public static ab<PBMessageALL.i> a = new a.c<PBMessageALL.i>() {
                                                ^
  symbol:   class c
  location: class a
recovery/normalized-src-vf/l1r/an/PBMessageALL.java:6049: error: cannot find symbol
         public PBMessageALL.i c(a.h var1, n var2) throws s {
                                  ^
  symbol:   class h
  location: class a
recovery/normalized-src-vf/l1r/an/PBMessageALL.java:6055: error: cannot find symbol
         public Object d(a.h var1, n var2) throws s {
                          ^
  symbol:   class h
  location: class a
recovery/normalized-src-vf/l1r/an/PBMessageALL.java:6054: error: method does not override or implement a method from a supertype
         @Override
         ^
recovery/normalized-src-vf/l1r/an/PBMessageALL.java:6375: error: cannot find symbol
         this.u = a.g.d;
                   ^
  symbol:   variable g
  location: variable a of type ab<i>
recovery/normalized-src-vf/l1r/an/PBMessageALL.java:6376: error: cannot find symbol
         this.v = a.g.d;
                   ^
  symbol:   variable g
  location: variable a of type ab<i>
recovery/normalized-src-vf/l1r/an/PBMessageALL.java:6404: error: a(i) in i cannot override a(List<? extends a.r.a>) in a.a
      public void a(a.i var1) throws IOException {
                  ^
  overridden method is static
recovery/normalized-src-vf/l1r/an/PBMessageALL.java:6478: error: cannot find symbol
            var1 += a.i.c(1, this.u);
                     ^
  symbol:   variable i
  location: variable a of type ab<i>
recovery/normalized-src-vf/l1r/an/PBMessageALL.java:6482: error: cannot find symbol
            var1 += a.i.c(2, this.v);
                     ^
  symbol:   variable i
  location: variable a of type ab<i>
recovery/normalized-src-vf/l1r/an/PBMessageALL.java:6486: error: cannot find symbol
            var1 += a.i.g(3, this.w);
                     ^
  symbol:   variable i
  location: variable a of type ab<i>
recovery/normalized-src-vf/l1r/an/PBMessageALL.java:6490: error: cannot find symbol
            var1 += a.i.g(4, this.x);
                     ^
  symbol:   variable i
  location: variable a of type ab<i>
recovery/normalized-src-vf/l1r/an/PBMessageALL.java:6494: error: cannot find symbol
            var1 += a.i.g(5, this.y);
                     ^
  symbol:   variable i
  location: variable a of type ab<i>
recovery/normalized-src-vf/l1r/an/PBMessageALL.java:6498: error: cannot find symbol
            var1 += a.i.g(6, this.z);
                     ^
  symbol:   variable i
  location: variable a of type ab<i>
recovery/normalized-src-vf/l1r/an/PBMessageALL.java:6502: error: cannot find symbol
            var1 += a.i.g(7, this.A);
                     ^
  symbol:   variable i
  location: variable a of type ab<i>
recovery/normalized-src-vf/l1r/an/PBMessageALL.java:6506: error: cannot find symbol
            var1 += a.i.g(8, this.B);
                     ^
  symbol:   variable i
  location: variable a of type ab<i>
recovery/normalized-src-vf/l1r/an/PBMessageALL.java:6510: error: cannot find symbol
            var1 += a.i.g(9, this.C);
                     ^
  symbol:   variable i
  location: variable a of type ab<i>
recovery/normalized-src-vf/l1r/an/PBMessageALL.java:6514: error: cannot find symbol
            var1 += a.i.g(10, this.D);
                     ^
  symbol:   variable i
  location: variable a of type ab<i>
recovery/normalized-src-vf/l1r/an/PBMessageALL.java:6518: error: cannot find symbol
            var1 += a.i.g(11, this.E);
                     ^
  symbol:   variable i
  location: variable a of type ab<i>
recovery/normalized-src-vf/l1r/an/PBMessageALL.java:6522: error: cannot find symbol
            var1 += a.i.g(12, this.F);
                     ^
  symbol:   variable i
  location: variable a of type ab<i>
recovery/normalized-src-vf/l1r/an/PBMessageALL.java:6526: error: cannot find symbol
            var1 += a.i.g(13, this.G);
                     ^
  symbol:   variable i
  location: variable a of type ab<i>
recovery/normalized-src-vf/l1r/an/PBMessageALL.java:6530: error: cannot find symbol
            var1 += a.i.g(14, this.H);
                     ^
  symbol:   variable i
  location: variable a of type ab<i>
recovery/normalized-src-vf/l1r/an/PBMessageALL.java:6534: error: cannot find symbol
            var1 += a.i.g(15, this.I);
                     ^
  symbol:   variable i
  location: variable a of type ab<i>
recovery/normalized-src-vf/l1r/an/PBMessageALL.java:6547: error: a(g) in i cannot hide a(List<? extends a.r.a>) in a.a
      public static PBMessageALL.i a(a.g var0) throws s {
                                   ^
  return type i is not compatible with int
recovery/normalized-src-vf/l1r/an/PBMessageALL.java:6579: error: a(h) in i cannot hide a(List<? extends a.r.a>) in a.a
      public static PBMessageALL.i a(a.h var0) throws IOException {
                                   ^
  return type i is not compatible with int
recovery/normalized-src-vf/l1r/an/PBMessageALL.java:6588: error: a has private access in a
         return PBMessageALL.i.a.av();
                              ^
recovery/normalized-src-vf/l1r/an/PBMessageALL.java:6588: error: int cannot be dereferenced
         return PBMessageALL.i.a.av();
                                ^
recovery/normalized-src-vf/l1r/an/PBMessageALL.java:6600: error: reference to a is ambiguous
         return a(this);
                ^
  both method a(h) in i and method a(b) in i match
recovery/normalized-src-vf/l1r/an/PBMessageALL.java:6600: error: incompatible types: i cannot be converted to a
         return a(this);
                 ^
recovery/normalized-src-vf/l1r/an/PBMessageALL.java:6659: error: l1r.an.PBMessageALL.i.a is not abstract and does not override abstract method d() in a.a.a
      public static final class a extends p.a<PBMessageALL.i.a> implements PBMessageALL.j {
                          ^
recovery/normalized-src-vf/l1r/an/PBMessageALL.java:7350: error: d(h,n) in l1r.an.PBMessageALL.i.a cannot implement d(byte[],n) in a.x.a
         public x.a d(a.h var1, n var2) throws IOException {
                    ^
  overridden method does not throw IOException
recovery/normalized-src-vf/l1r/an/PBMessageALL.java:7344: error: c(h,n) in l1r.an.PBMessageALL.i.a cannot implement c(byte[],n) in a.y.a
         public y.a c(a.h var1, n var2) throws IOException {
                    ^
  overridden method does not throw IOException
recovery/normalized-src-vf/l1r/an/PBMessageALL.java:6661: error: int cannot be dereferenced
         private a.g b = a.g.d;
                          ^
recovery/normalized-src-vf/l1r/an/PBMessageALL.java:6662: error: int cannot be dereferenced
         private a.g c = a.g.d;
                          ^
recovery/normalized-src-vf/l1r/an/PBMessageALL.java:6696: error: cannot find symbol
            PBMessageALL.i.af();
                          ^
  symbol:   method af()
  location: variable i of type a
recovery/normalized-src-vf/l1r/an/PBMessageALL.java:6705: error: int cannot be dereferenced
            this.b = a.g.d;
                      ^
recovery/normalized-src-vf/l1r/an/PBMessageALL.java:6707: error: int cannot be dereferenced
            this.c = a.g.d;
                      ^
recovery/normalized-src-vf/l1r/an/PBMessageALL.java:6748: error: incompatible types: List<f> cannot be converted to i
            return PBMessageALL.i.h();
                                   ^
recovery/normalized-src-vf/l1r/an/PBMessageALL.java:6761: error: reference to i is ambiguous
            PBMessageALL.i var1 = new PBMessageALL.i(this, null);
                                  ^
  both constructor i(h,n) in i and constructor i(a,i) in i match
recovery/normalized-src-vf/l1r/an/PBMessageALL.java:6854: error: incomparable types: i and List<f>
            if (var1 == PBMessageALL.i.h()) {
                     ^
recovery/normalized-src-vf/l1r/an/PBMessageALL.java:6931: error: a has private access in a
               var3 = PBMessageALL.i.a.d(var1, var2);
                                    ^
recovery/normalized-src-vf/l1r/an/PBMessageALL.java:6931: error: int cannot be dereferenced
               var3 = PBMessageALL.i.a.d(var1, var2);
                                      ^
recovery/normalized-src-vf/l1r/an/PBMessageALL.java:6967: error: cannot find symbol
            this.b = PBMessageALL.i.h().p();
                                       ^
  symbol:   method p()
  location: interface List<f>
recovery/normalized-src-vf/l1r/an/PBMessageALL.java:6995: error: cannot find symbol
            this.c = PBMessageALL.i.h().r();
                                       ^
  symbol:   method r()
  location: interface List<f>
recovery/normalized-src-vf/l1r/an/PBMessageALL.java:7106: error: name clash: class a has two methods with the same erasure, yet neither overrides the other
         public PBMessageALL.i.a e(int var1) {
                                 ^
  first method:  e(g) in l1r.an.PBMessageALL.i.a
  second method: e(InputStream) in a.x.a
recovery/normalized-src-vf/l1r/an/PBMessageALL.java:7130: error: name clash: class a has two methods with the same erasure, yet neither overrides the other
         public PBMessageALL.i.a f(int var1) {
                                 ^
  first method:  f(g) in l1r.an.PBMessageALL.i.a
  second method: f(f) in a.x.a
recovery/normalized-src-vf/l1r/an/PBMessageALL.java:7338: error: ai() in l1r.an.PBMessageALL.i.a cannot override ai() in a.p.a
         public p.a ai() {
                    ^
  return type a.p.a is not compatible with l1r.an.PBMessageALL.i.a
  where BuilderType is a type-variable:
    BuilderType extends a.p.a declared in class a.p.a
recovery/normalized-src-vf/l1r/an/PBMessageALL.java:7337: error: method does not override or implement a method from a supertype
         @Override
         ^
recovery/normalized-src-vf/l1r/an/PBMessageALL.java:7356: error: a(h,n) in l1r.an.PBMessageALL.i.a cannot override a(byte[],n) in a.a.a
         public a.a.a a(a.h var1, n var2) throws IOException {
                      ^
  overridden method does not throw IOException
  where BuilderType#1,BuilderType#2 are type-variables:
    BuilderType#1 extends a.p.a declared in class a.p.a
    BuilderType#2 extends a.a.a declared in class a.a.a
recovery/normalized-src-vf/l1r/an/PBMessageALL.java:7398: error: ah() in l1r.an.PBMessageALL.i.a cannot override ah() in a.p.a
         public p.a ah() {
                    ^
  return type a.p.a is not compatible with l1r.an.PBMessageALL.i.a
  where BuilderType is a type-variable:
    BuilderType extends a.p.a declared in class a.p.a
recovery/normalized-src-vf/l1r/an/PBMessageALL.java:7397: error: method does not override or implement a method from a supertype
         @Override
         ^
recovery/normalized-src-vf/l1r/an/PBMessageALL2.java:41: error: cannot find symbol
      a.k.g.a var1 = new a.k.g.a() {
       ^
  symbol:   class k
  location: class a
recovery/normalized-src-vf/l1r/an/PBMessageALL2.java:41: error: cannot find symbol
      a.k.g.a var1 = new a.k.g.a() {
                          ^
  symbol:   class k
  location: class a
recovery/normalized-src-vf/l1r/an/PBMessageALL2.java:42: error: method does not override or implement a method from a supertype
         @Override
         ^
recovery/normalized-src-vf/l1r/an/PBMessageALL2.java:157: error: g has private access in g
      k.g.a(var0, new k.g[0], var1);
       ^
recovery/normalized-src-vf/l1r/an/PBMessageALL2.java:484: error: b(b) in l1r.an.PBMessageALL2.a cannot implement b(OutputStream) in y
      protected x.a b(a.p.b var1) {
                    ^
  attempting to assign weaker access privileges; was public
recovery/normalized-src-vf/l1r/an/PBMessageALL2.java:478: error: a(b) in l1r.an.PBMessageALL2.a cannot implement a(OutputStream) in y
      protected PBMessageALL2.a.a a(a.p.b var1) {
                                  ^
  attempting to assign weaker access privileges; was public
recovery/normalized-src-vf/l1r/an/PBMessageALL2.java:173: error: cannot find symbol
      public static ab<PBMessageALL2.a> a = new a.c<PBMessageALL2.a>() {
                                                 ^
  symbol:   class c
  location: class a
recovery/normalized-src-vf/l1r/an/PBMessageALL2.java:174: error: cannot find symbol
         public PBMessageALL2.a c(a.h var1, n var2) throws s {
                                   ^
  symbol:   class h
  location: class a
recovery/normalized-src-vf/l1r/an/PBMessageALL2.java:180: error: cannot find symbol
         public Object d(a.h var1, n var2) throws s {
                          ^
  symbol:   class h
  location: class a
recovery/normalized-src-vf/l1r/an/PBMessageALL2.java:179: error: method does not override or implement a method from a supertype
         @Override
         ^
recovery/normalized-src-vf/l1r/an/PBMessageALL2.java:289: error: method does not override or implement a method from a supertype
      @Override
      ^
recovery/normalized-src-vf/l1r/an/PBMessageALL2.java:294: error: method does not override or implement a method from a supertype
      @Override
      ^
recovery/normalized-src-vf/l1r/an/PBMessageALL2.java:299: error: method does not override or implement a method from a supertype
      @Override
      ^
recovery/normalized-src-vf/l1r/an/PBMessageALL2.java:304: error: method does not override or implement a method from a supertype
      @Override
      ^
recovery/normalized-src-vf/l1r/an/PBMessageALL2.java:309: error: method does not override or implement a method from a supertype
      @Override
      ^
recovery/normalized-src-vf/l1r/an/PBMessageALL2.java:314: error: method does not override or implement a method from a supertype
      @Override
      ^
recovery/normalized-src-vf/l1r/an/PBMessageALL2.java:319: error: method does not override or implement a method from a supertype
      @Override
      ^
recovery/normalized-src-vf/l1r/an/PBMessageALL2.java:324: error: method does not override or implement a method from a supertype
      @Override
      ^
recovery/normalized-src-vf/l1r/an/PBMessageALL2.java:329: error: method does not override or implement a method from a supertype
      @Override
      ^
recovery/normalized-src-vf/l1r/an/PBMessageALL2.java:334: error: method does not override or implement a method from a supertype
      @Override
      ^
recovery/normalized-src-vf/l1r/an/PBMessageALL2.java:344: error: cannot find symbol
         this.o = a.g.d;
                   ^
  symbol:   variable g
  location: variable a of type ab<a>
recovery/normalized-src-vf/l1r/an/PBMessageALL2.java:359: error: a(i) in l1r.an.PBMessageALL2.a cannot override a(List<? extends a.r.a>) in a.a
      public void a(a.i var1) throws IOException {
                  ^
  overridden method is static
recovery/normalized-src-vf/l1r/an/PBMessageALL2.java:393: error: cannot find symbol
            var1 += a.i.g(1, this.j);
                     ^
  symbol:   variable i
  location: variable a of type ab<a>
recovery/normalized-src-vf/l1r/an/PBMessageALL2.java:397: error: cannot find symbol
            var1 += a.i.g(2, this.k);
                     ^
  symbol:   variable i
  location: variable a of type ab<a>
recovery/normalized-src-vf/l1r/an/PBMessageALL2.java:401: error: cannot find symbol
            var1 += a.i.g(3, this.l);
                     ^
  symbol:   variable i
  location: variable a of type ab<a>
recovery/normalized-src-vf/l1r/an/PBMessageALL2.java:405: error: cannot find symbol
            var1 += a.i.g(4, this.n);
                     ^
  symbol:   variable i
  location: variable a of type ab<a>
recovery/normalized-src-vf/l1r/an/PBMessageALL2.java:409: error: cannot find symbol
            var1 += a.i.c(5, this.o);
                     ^
  symbol:   variable i
  location: variable a of type ab<a>
recovery/normalized-src-vf/l1r/an/PBMessageALL2.java:422: error: a(g) in l1r.an.PBMessageALL2.a cannot hide a(List<? extends a.r.a>) in a.a
      public static PBMessageALL2.a a(a.g var0) throws s {
                                    ^
  return type l1r.an.PBMessageALL2.a is not compatible with int
recovery/normalized-src-vf/l1r/an/PBMessageALL2.java:454: error: a(h) in l1r.an.PBMessageALL2.a cannot hide a(List<? extends a.r.a>) in a.a
      public static PBMessageALL2.a a(a.h var0) throws IOException {
                                    ^
  return type l1r.an.PBMessageALL2.a is not compatible with int
recovery/normalized-src-vf/l1r/an/PBMessageALL2.java:463: error: a has private access in a
         return PBMessageALL2.a.a.I();
                               ^
recovery/normalized-src-vf/l1r/an/PBMessageALL2.java:463: error: int cannot be dereferenced
         return PBMessageALL2.a.a.I();
                                 ^
recovery/normalized-src-vf/l1r/an/PBMessageALL2.java:471: error: incompatible types: a.a.a cannot be converted to a.p.a
         return y().a(var0);
                     ^
recovery/normalized-src-vf/l1r/an/PBMessageALL2.java:475: error: reference to a is ambiguous
         return a(this);
                ^
  both method a(h) in l1r.an.PBMessageALL2.a and method a(b) in l1r.an.PBMessageALL2.a match
recovery/normalized-src-vf/l1r/an/PBMessageALL2.java:475: error: incompatible types: l1r.an.PBMessageALL2.a cannot be converted to a.p.a
         return a(this);
                 ^
recovery/normalized-src-vf/l1r/an/PBMessageALL2.java:861: error: d(h,n) in l1r.an.PBMessageALL2.a.a cannot implement d(byte[],n) in a.x.a
         public x.a d(a.h var1, n var2) throws IOException {
                    ^
  overridden method does not throw IOException
recovery/normalized-src-vf/l1r/an/PBMessageALL2.java:855: error: c(h,n) in l1r.an.PBMessageALL2.a.a cannot implement c(byte[],n) in a.y.a
         public y.a c(a.h var1, n var2) throws IOException {
                    ^
  overridden method does not throw IOException
recovery/normalized-src-vf/l1r/an/PBMessageALL2.java:540: error: int cannot be dereferenced
         private a.g f = a.g.d;
                          ^
recovery/normalized-src-vf/l1r/an/PBMessageALL2.java:561: error: cannot find symbol
            PBMessageALL2.a.B();
                           ^
  symbol:   method B()
  location: variable a of type a
recovery/normalized-src-vf/l1r/an/PBMessageALL2.java:578: error: int cannot be dereferenced
            this.f = a.g.d;
                      ^
recovery/normalized-src-vf/l1r/an/PBMessageALL2.java:593: error: incompatible types: List<f> cannot be converted to a
            return PBMessageALL2.a.h();
                                    ^
recovery/normalized-src-vf/l1r/an/PBMessageALL2.java:606: error: reference to a is ambiguous
            PBMessageALL2.a var1 = new PBMessageALL2.a(this, null);
                                   ^
  both constructor l1r.an.PBMessageALL2.a(h,n) in l1r.an.PBMessageALL2.a and constructor l1r.an.PBMessageALL2.a(a.p.a,l1r.an.PBMessageALL2.a) in l1r.an.PBMessageALL2.a match
recovery/normalized-src-vf/l1r/an/PBMessageALL2.java:649: error: incomparable types: a and List<f>
            if (var1 == PBMessageALL2.a.h()) {
                     ^
recovery/normalized-src-vf/l1r/an/PBMessageALL2.java:686: error: a has private access in a
               var3 = PBMessageALL2.a.a.d(var1, var2);
                                     ^
recovery/normalized-src-vf/l1r/an/PBMessageALL2.java:686: error: int cannot be dereferenced
               var3 = PBMessageALL2.a.a.d(var1, var2);
                                       ^
recovery/normalized-src-vf/l1r/an/PBMessageALL2.java:818: error: cannot find symbol
            this.f = PBMessageALL2.a.h().x();
                                        ^
  symbol:   method x()
  location: interface List<f>
recovery/normalized-src-vf/l1r/an/PBMessageALL2.java:849: error: ai() in l1r.an.PBMessageALL2.a.a cannot override ai() in a.p.a
         public p.a ai() {
                    ^
  return type a.p.a is not compatible with l1r.an.PBMessageALL2.a.a
  where BuilderType is a type-variable:
    BuilderType extends a.p.a declared in class a.p.a
recovery/normalized-src-vf/l1r/an/PBMessageALL2.java:848: error: method does not override or implement a method from a supertype
         @Override
         ^
recovery/normalized-src-vf/l1r/an/PBMessageALL2.java:867: error: a(h,n) in l1r.an.PBMessageALL2.a.a cannot override a(byte[],n) in a.a.a
         public a.a.a a(a.h var1, n var2) throws IOException {
                      ^
  overridden method does not throw IOException
  where BuilderType#1,BuilderType#2 are type-variables:
    BuilderType#1 extends a.p.a declared in class a.p.a
    BuilderType#2 extends a.a.a declared in class a.a.a
recovery/normalized-src-vf/l1r/an/PBMessageALL2.java:909: error: ah() in l1r.an.PBMessageALL2.a.a cannot override ah() in a.p.a
         public p.a ah() {
                    ^
  return type a.p.a is not compatible with l1r.an.PBMessageALL2.a.a
  where BuilderType is a type-variable:
    BuilderType extends a.p.a declared in class a.p.a
recovery/normalized-src-vf/l1r/an/PBMessageALL2.java:908: error: method does not override or implement a method from a supertype
         @Override
         ^
recovery/normalized-src-vf/l1r/an/PBMessageALL2.java:1220: error: a(b) in c cannot implement a(int) in d
      protected PBMessageALL2.c.a a(a.p.b var1) {
                                  ^
  attempting to assign weaker access privileges; was public
recovery/normalized-src-vf/l1r/an/PBMessageALL2.java:1226: error: b(b) in c cannot implement b(OutputStream) in y
      protected x.a b(a.p.b var1) {
                    ^
  attempting to assign weaker access privileges; was public
recovery/normalized-src-vf/l1r/an/PBMessageALL2.java:957: error: cannot find symbol
      public static ab<PBMessageALL2.c> a = new a.c<PBMessageALL2.c>() {
                                                 ^
  symbol:   class c
  location: class a
recovery/normalized-src-vf/l1r/an/PBMessageALL2.java:958: error: cannot find symbol
         public PBMessageALL2.c c(a.h var1, n var2) throws s {
                                   ^
  symbol:   class h
  location: class a
recovery/normalized-src-vf/l1r/an/PBMessageALL2.java:964: error: cannot find symbol
         public Object d(a.h var1, n var2) throws s {
                          ^
  symbol:   class h
  location: class a
recovery/normalized-src-vf/l1r/an/PBMessageALL2.java:963: error: method does not override or implement a method from a supertype
         @Override
         ^
recovery/normalized-src-vf/l1r/an/PBMessageALL2.java:1100: error: name clash: class c has two methods with the same erasure, yet neither overrides the other
      public int a(int var1) {
                 ^
  first method:  a(b) in c
  second method: a(List<? extends a.r.a>) in a.a
recovery/normalized-src-vf/l1r/an/PBMessageALL2.java:1121: error: a(i) in c cannot override a(List<? extends a.r.a>) in a.a
      public void a(a.i var1) throws IOException {
                  ^
  overridden method is static
recovery/normalized-src-vf/l1r/an/PBMessageALL2.java:1143: error: cannot find symbol
            var1 += a.i.g(1, this.g);
                     ^
  symbol:   variable i
  location: variable a of type ab<c>
recovery/normalized-src-vf/l1r/an/PBMessageALL2.java:1149: error: cannot find symbol
            var2 += a.i.h(this.h.get(var3));
                     ^
  symbol:   variable i
  location: variable a of type ab<c>
recovery/normalized-src-vf/l1r/an/PBMessageALL2.java:1164: error: a(g) in c cannot hide a(List<? extends a.r.a>) in a.a
      public static PBMessageALL2.c a(a.g var0) throws s {
                                    ^
  return type c is not compatible with int
recovery/normalized-src-vf/l1r/an/PBMessageALL2.java:1196: error: a(h) in c cannot hide a(List<? extends a.r.a>) in a.a
      public static PBMessageALL2.c a(a.h var0) throws IOException {
                                    ^
  return type c is not compatible with int
recovery/normalized-src-vf/l1r/an/PBMessageALL2.java:1205: error: a has private access in a
         return PBMessageALL2.c.a.z();
                               ^
recovery/normalized-src-vf/l1r/an/PBMessageALL2.java:1205: error: int cannot be dereferenced
         return PBMessageALL2.c.a.z();
                                 ^
recovery/normalized-src-vf/l1r/an/PBMessageALL2.java:1217: error: reference to a is ambiguous
         return a(this);
                ^
  both method a(h) in c and method a(b) in c match
recovery/normalized-src-vf/l1r/an/PBMessageALL2.java:1217: error: incompatible types: c cannot be converted to a
         return a(this);
                 ^
recovery/normalized-src-vf/l1r/an/PBMessageALL2.java:1276: error: l1r.an.PBMessageALL2.c.a is not abstract and does not override abstract method d() in a.a.a
      public static final class a extends p.a<PBMessageALL2.c.a> implements PBMessageALL2.d {
                          ^
recovery/normalized-src-vf/l1r/an/PBMessageALL2.java:1532: error: d(h,n) in l1r.an.PBMessageALL2.c.a cannot implement d(byte[],n) in a.x.a
         public x.a d(a.h var1, n var2) throws IOException {
                    ^
  overridden method does not throw IOException
recovery/normalized-src-vf/l1r/an/PBMessageALL2.java:1526: error: c(h,n) in l1r.an.PBMessageALL2.c.a cannot implement c(byte[],n) in a.y.a
         public y.a c(a.h var1, n var2) throws IOException {
                    ^
  overridden method does not throw IOException
recovery/normalized-src-vf/l1r/an/PBMessageALL2.java:1300: error: cannot find symbol
            PBMessageALL2.c.v();
                           ^
  symbol:   method v()
  location: variable c of type a
recovery/normalized-src-vf/l1r/an/PBMessageALL2.java:1326: error: incompatible types: List<f> cannot be converted to c
            return PBMessageALL2.c.h();
                                    ^
recovery/normalized-src-vf/l1r/an/PBMessageALL2.java:1339: error: reference to c is ambiguous
            PBMessageALL2.c var1 = new PBMessageALL2.c(this, null);
                                   ^
  both constructor c(h,n) in c and constructor c(a,c) in c match
recovery/normalized-src-vf/l1r/an/PBMessageALL2.java:1368: error: incomparable types: c and List<f>
            if (var1 == PBMessageALL2.c.h()) {
                     ^
recovery/normalized-src-vf/l1r/an/PBMessageALL2.java:1401: error: a has private access in a
               var3 = PBMessageALL2.c.a.d(var1, var2);
                                     ^
recovery/normalized-src-vf/l1r/an/PBMessageALL2.java:1401: error: int cannot be dereferenced
               var3 = PBMessageALL2.c.a.d(var1, var2);
                                       ^
recovery/normalized-src-vf/l1r/an/PBMessageALL2.java:1538: error: a(h,n) in l1r.an.PBMessageALL2.c.a cannot override a(byte[],n) in a.a.a
         public a.a.a a(a.h var1, n var2) throws IOException {
                      ^
  overridden method does not throw IOException
  where BuilderType#1,BuilderType#2 are type-variables:
    BuilderType#1 extends a.p.a declared in class a.p.a
    BuilderType#2 extends a.a.a declared in class a.a.a
recovery/normalized-src-vf/l1r/an/PBMessageALL2.java:1568: error: ai() in l1r.an.PBMessageALL2.c.a cannot override ai() in a.p.a
         public p.a ai() {
                    ^
  return type a.p.a is not compatible with l1r.an.PBMessageALL2.c.a
  where BuilderType is a type-variable:
    BuilderType extends a.p.a declared in class a.p.a
recovery/normalized-src-vf/l1r/an/PBMessageALL2.java:1567: error: method does not override or implement a method from a supertype
         @Override
         ^
recovery/normalized-src-vf/l1r/an/PBMessageALL2.java:1586: error: ah() in l1r.an.PBMessageALL2.c.a cannot override ah() in a.p.a
         public p.a ah() {
                    ^
  return type a.p.a is not compatible with l1r.an.PBMessageALL2.c.a
  where BuilderType is a type-variable:
    BuilderType extends a.p.a declared in class a.p.a
recovery/normalized-src-vf/l1r/an/PBMessageALL2.java:1585: error: method does not override or implement a method from a supertype
         @Override
         ^
recovery/normalized-src-vf/l1r/an/PBMessageALL2.java:2662: error: b(b) in e cannot implement b(OutputStream) in y
      protected x.a b(a.p.b var1) {
                    ^
  attempting to assign weaker access privileges; was public
recovery/normalized-src-vf/l1r/an/PBMessageALL2.java:2644: error: a(b) in e cannot implement a(OutputStream) in y
      protected PBMessageALL2.e.a a(a.p.b var1) {
                                  ^
  attempting to assign weaker access privileges; was public
recovery/normalized-src-vf/l1r/an/PBMessageALL2.java:1612: error: cannot find symbol
      public static ab<PBMessageALL2.e> a = new a.c<PBMessageALL2.e>() {
                                                 ^
  symbol:   class c
  location: class a
recovery/normalized-src-vf/l1r/an/PBMessageALL2.java:1613: error: cannot find symbol
         public PBMessageALL2.e c(a.h var1, n var2) throws s {
                                   ^
  symbol:   class h
  location: class a
recovery/normalized-src-vf/l1r/an/PBMessageALL2.java:1619: error: cannot find symbol
         public Object d(a.h var1, n var2) throws s {
                          ^
  symbol:   class h
  location: class a
recovery/normalized-src-vf/l1r/an/PBMessageALL2.java:1618: error: method does not override or implement a method from a supertype
         @Override
         ^
recovery/normalized-src-vf/l1r/an/PBMessageALL2.java:1707: error: int cannot be dereferenced
         this.L = ap.c();
                    ^
recovery/normalized-src-vf/l1r/an/PBMessageALL2.java:1727: error: int cannot be dereferenced
         ap.a var5 = ap.b();
                       ^
recovery/normalized-src-vf/l1r/an/PBMessageALL2.java:2253: error: cannot find symbol
         this.W = a.g.d;
                   ^
  symbol:   variable g
  location: variable a of type ab<e>
recovery/normalized-src-vf/l1r/an/PBMessageALL2.java:2254: error: cannot find symbol
         this.X = a.g.d;
                   ^
  symbol:   variable g
  location: variable a of type ab<e>
recovery/normalized-src-vf/l1r/an/PBMessageALL2.java:2264: error: cannot find symbol
         this.ah = a.g.d;
                    ^
  symbol:   variable g
  location: variable a of type ab<e>
recovery/normalized-src-vf/l1r/an/PBMessageALL2.java:2265: error: cannot find symbol
         this.ai = a.g.d;
                    ^
  symbol:   variable g
  location: variable a of type ab<e>
recovery/normalized-src-vf/l1r/an/PBMessageALL2.java:2269: error: cannot find symbol
         this.am = a.g.d;
                    ^
  symbol:   variable g
  location: variable a of type ab<e>
recovery/normalized-src-vf/l1r/an/PBMessageALL2.java:2293: error: a(i) in e cannot override a(List<? extends a.r.a>) in a.a
      public void a(a.i var1) throws IOException {
                  ^
  overridden method is static
recovery/normalized-src-vf/l1r/an/PBMessageALL2.java:2443: error: cannot find symbol
            var1 += a.i.i(1, this.O);
                     ^
  symbol:   variable i
  location: variable a of type ab<e>
recovery/normalized-src-vf/l1r/an/PBMessageALL2.java:2447: error: cannot find symbol
            var1 += a.i.g(2, this.P);
                     ^
  symbol:   variable i
  location: variable a of type ab<e>
recovery/normalized-src-vf/l1r/an/PBMessageALL2.java:2451: error: cannot find symbol
            var1 += a.i.g(3, this.Q);
                     ^
  symbol:   variable i
  location: variable a of type ab<e>
recovery/normalized-src-vf/l1r/an/PBMessageALL2.java:2455: error: cannot find symbol
            var1 += a.i.g(4, this.R);
                     ^
  symbol:   variable i
  location: variable a of type ab<e>
recovery/normalized-src-vf/l1r/an/PBMessageALL2.java:2459: error: cannot find symbol
            var1 += a.i.g(5, this.S);
                     ^
  symbol:   variable i
  location: variable a of type ab<e>
recovery/normalized-src-vf/l1r/an/PBMessageALL2.java:2463: error: cannot find symbol
            var1 += a.i.g(6, this.T);
                     ^
  symbol:   variable i
  location: variable a of type ab<e>
recovery/normalized-src-vf/l1r/an/PBMessageALL2.java:2467: error: cannot find symbol
            var1 += a.i.g(7, this.U);
                     ^
  symbol:   variable i
  location: variable a of type ab<e>
recovery/normalized-src-vf/l1r/an/PBMessageALL2.java:2471: error: cannot find symbol
            var1 += a.i.g(8, this.V);
                     ^
  symbol:   variable i
  location: variable a of type ab<e>
recovery/normalized-src-vf/l1r/an/PBMessageALL2.java:2475: error: cannot find symbol
            var1 += a.i.c(9, this.W);
                     ^
  symbol:   variable i
  location: variable a of type ab<e>
recovery/normalized-src-vf/l1r/an/PBMessageALL2.java:2479: error: cannot find symbol
            var1 += a.i.c(10, this.X);
                     ^
  symbol:   variable i
  location: variable a of type ab<e>
recovery/normalized-src-vf/l1r/an/PBMessageALL2.java:2483: error: cannot find symbol
            var1 += a.i.g(11, this.Y);
                     ^
  symbol:   variable i
  location: variable a of type ab<e>
recovery/normalized-src-vf/l1r/an/PBMessageALL2.java:2487: error: cannot find symbol
            var1 += a.i.g(12, this.Z);
                     ^
  symbol:   variable i
  location: variable a of type ab<e>
recovery/normalized-src-vf/l1r/an/PBMessageALL2.java:2491: error: cannot find symbol
            var1 += a.i.g(13, this.aa);
                     ^
  symbol:   variable i
  location: variable a of type ab<e>
recovery/normalized-src-vf/l1r/an/PBMessageALL2.java:2495: error: cannot find symbol
            var1 += a.i.g(14, this.ab);
                     ^
  symbol:   variable i
  location: variable a of type ab<e>
recovery/normalized-src-vf/l1r/an/PBMessageALL2.java:2499: error: cannot find symbol
            var1 += a.i.g(15, this.ac);
                     ^
  symbol:   variable i
  location: variable a of type ab<e>
recovery/normalized-src-vf/l1r/an/PBMessageALL2.java:2503: error: cannot find symbol
            var1 += a.i.g(16, this.ad);
                     ^
  symbol:   variable i
  location: variable a of type ab<e>
recovery/normalized-src-vf/l1r/an/PBMessageALL2.java:2507: error: cannot find symbol
            var1 += a.i.g(17, this.ae);
                     ^
  symbol:   variable i
  location: variable a of type ab<e>
recovery/normalized-src-vf/l1r/an/PBMessageALL2.java:2511: error: cannot find symbol
            var1 += a.i.g(18, this.af);
                     ^
  symbol:   variable i
  location: variable a of type ab<e>
recovery/normalized-src-vf/l1r/an/PBMessageALL2.java:2515: error: cannot find symbol
            var1 += a.i.g(19, this.ag);
                     ^
  symbol:   variable i
  location: variable a of type ab<e>
recovery/normalized-src-vf/l1r/an/PBMessageALL2.java:2519: error: cannot find symbol
            var1 += a.i.c(20, this.ah);
                     ^
  symbol:   variable i
  location: variable a of type ab<e>
recovery/normalized-src-vf/l1r/an/PBMessageALL2.java:2523: error: cannot find symbol
            var1 += a.i.c(21, this.ai);
                     ^
  symbol:   variable i
  location: variable a of type ab<e>
recovery/normalized-src-vf/l1r/an/PBMessageALL2.java:2527: error: cannot find symbol
            var1 += a.i.g(22, this.aj);
                     ^
  symbol:   variable i
  location: variable a of type ab<e>
recovery/normalized-src-vf/l1r/an/PBMessageALL2.java:2531: error: cannot find symbol
            var1 += a.i.g(23, this.ak);
                     ^
  symbol:   variable i
  location: variable a of type ab<e>
recovery/normalized-src-vf/l1r/an/PBMessageALL2.java:2535: error: cannot find symbol
            var1 += a.i.g(24, this.al);
                     ^
  symbol:   variable i
  location: variable a of type ab<e>
recovery/normalized-src-vf/l1r/an/PBMessageALL2.java:2539: error: cannot find symbol
            var1 += a.i.c(25, this.am);
                     ^
  symbol:   variable i
  location: variable a of type ab<e>
recovery/normalized-src-vf/l1r/an/PBMessageALL2.java:2543: error: cannot find symbol
            var1 += a.i.g(26, this.an);
                     ^
  symbol:   variable i
  location: variable a of type ab<e>
recovery/normalized-src-vf/l1r/an/PBMessageALL2.java:2547: error: cannot find symbol
            var1 += a.i.g(27, this.ao);
                     ^
  symbol:   variable i
  location: variable a of type ab<e>
recovery/normalized-src-vf/l1r/an/PBMessageALL2.java:2551: error: cannot find symbol
            var1 += a.i.g(28, this.ap);
                     ^
  symbol:   variable i
  location: variable a of type ab<e>
recovery/normalized-src-vf/l1r/an/PBMessageALL2.java:2555: error: cannot find symbol
            var1 += a.i.g(29, this.aq);
                     ^
  symbol:   variable i
  location: variable a of type ab<e>
recovery/normalized-src-vf/l1r/an/PBMessageALL2.java:2559: error: cannot find symbol
            var1 += a.i.g(30, this.ar);
                     ^
  symbol:   variable i
  location: variable a of type ab<e>
recovery/normalized-src-vf/l1r/an/PBMessageALL2.java:2563: error: cannot find symbol
            var1 += a.i.g(31, this.as);
                     ^
  symbol:   variable i
  location: variable a of type ab<e>
recovery/normalized-src-vf/l1r/an/PBMessageALL2.java:2567: error: cannot find symbol
            var1 += a.i.g(32, this.at);
                     ^
  symbol:   variable i
  location: variable a of type ab<e>
recovery/normalized-src-vf/l1r/an/PBMessageALL2.java:2571: error: cannot find symbol
            var1 += a.i.g(33, this.au);
                     ^
  symbol:   variable i
  location: variable a of type ab<e>
recovery/normalized-src-vf/l1r/an/PBMessageALL2.java:2575: error: cannot find symbol
            var1 += a.i.g(34, this.av);
                     ^
  symbol:   variable i
  location: variable a of type ab<e>
recovery/normalized-src-vf/l1r/an/PBMessageALL2.java:2588: error: a(g) in e cannot hide a(List<? extends a.r.a>) in a.a
      public static PBMessageALL2.e a(a.g var0) throws s {
                                    ^
  return type e is not compatible with int
recovery/normalized-src-vf/l1r/an/PBMessageALL2.java:2620: error: a(h) in e cannot hide a(List<? extends a.r.a>) in a.a
      public static PBMessageALL2.e a(a.h var0) throws IOException {
                                    ^
  return type e is not compatible with int
recovery/normalized-src-vf/l1r/an/PBMessageALL2.java:2629: error: a has private access in a
         return PBMessageALL2.e.a.bu();
                               ^
recovery/normalized-src-vf/l1r/an/PBMessageALL2.java:2629: error: int cannot be dereferenced
         return PBMessageALL2.e.a.bu();
                                 ^
recovery/normalized-src-vf/l1r/an/PBMessageALL2.java:2641: error: reference to a is ambiguous
         return a(this);
                ^
  both method a(h) in e and method a(b) in e match
recovery/normalized-src-vf/l1r/an/PBMessageALL2.java:2641: error: incompatible types: e cannot be converted to a
         return a(this);
                 ^
recovery/normalized-src-vf/l1r/an/PBMessageALL2.java:2700: error: l1r.an.PBMessageALL2.e.a is not abstract and does not override abstract method d() in a.a.a
      public static final class a extends p.a<PBMessageALL2.e.a> implements PBMessageALL2.f {
                          ^
recovery/normalized-src-vf/l1r/an/PBMessageALL2.java:4079: error: d(h,n) in l1r.an.PBMessageALL2.e.a cannot implement d(byte[],n) in a.x.a
         public x.a d(a.h var1, n var2) throws IOException {
                    ^
  overridden method does not throw IOException
recovery/normalized-src-vf/l1r/an/PBMessageALL2.java:4073: error: c(h,n) in l1r.an.PBMessageALL2.e.a cannot implement c(byte[],n) in a.y.a
         public y.a c(a.h var1, n var2) throws IOException {
                    ^
  overridden method does not throw IOException
recovery/normalized-src-vf/l1r/an/PBMessageALL2.java:2711: error: int cannot be dereferenced
         private a.g k = a.g.d;
                          ^
recovery/normalized-src-vf/l1r/an/PBMessageALL2.java:2712: error: int cannot be dereferenced
         private a.g l = a.g.d;
                          ^
recovery/normalized-src-vf/l1r/an/PBMessageALL2.java:2722: error: int cannot be dereferenced
         private a.g v = a.g.d;
                          ^
recovery/normalized-src-vf/l1r/an/PBMessageALL2.java:2723: error: int cannot be dereferenced
         private a.g w = a.g.d;
                          ^
recovery/normalized-src-vf/l1r/an/PBMessageALL2.java:2727: error: int cannot be dereferenced
         private a.g A = a.g.d;
                          ^
recovery/normalized-src-vf/l1r/an/PBMessageALL2.java:2757: error: cannot find symbol
            PBMessageALL2.e.aR();
                           ^
  symbol:   method aR()
  location: variable e of type a
recovery/normalized-src-vf/l1r/an/PBMessageALL2.java:2782: error: int cannot be dereferenced
            this.k = a.g.d;
                      ^
recovery/normalized-src-vf/l1r/an/PBMessageALL2.java:2784: error: int cannot be dereferenced
            this.l = a.g.d;
                      ^
recovery/normalized-src-vf/l1r/an/PBMessageALL2.java:2804: error: int cannot be dereferenced
            this.v = a.g.d;
                      ^
recovery/normalized-src-vf/l1r/an/PBMessageALL2.java:2806: error: int cannot be dereferenced
            this.w = a.g.d;
                      ^
recovery/normalized-src-vf/l1r/an/PBMessageALL2.java:2814: error: int cannot be dereferenced
            this.A = a.g.d;
                      ^
recovery/normalized-src-vf/l1r/an/PBMessageALL2.java:2847: error: incompatible types: List<f> cannot be converted to e
            return PBMessageALL2.e.h();
                                    ^
recovery/normalized-src-vf/l1r/an/PBMessageALL2.java:2860: error: reference to e is ambiguous
            PBMessageALL2.e var1 = new PBMessageALL2.e(this, null);
                                   ^
  both constructor e(h,n) in e and constructor e(a,e) in e match
recovery/normalized-src-vf/l1r/an/PBMessageALL2.java:3051: error: incomparable types: e and List<f>
            if (var1 == PBMessageALL2.e.h()) {
                     ^
recovery/normalized-src-vf/l1r/an/PBMessageALL2.java:3072: error: reference to e is ambiguous
               this.e(var1.x());
                   ^
  both method e(int) in a and method e(g) in a match
recovery/normalized-src-vf/l1r/an/PBMessageALL2.java:3076: error: reference to f is ambiguous
               this.f(var1.z());
                   ^
  both method f(int) in a and method f(g) in a match
recovery/normalized-src-vf/l1r/an/PBMessageALL2.java:3080: error: reference to g is ambiguous
               this.g(var1.B());
                   ^
  both method g(int) in a and method g(g) in a match
recovery/normalized-src-vf/l1r/an/PBMessageALL2.java:3084: error: reference to h is ambiguous
               this.h(var1.D());
                   ^
  both method h(int) in a and method h(g) in a match
recovery/normalized-src-vf/l1r/an/PBMessageALL2.java:3096: error: reference to i is ambiguous
               this.i(var1.L());
                   ^
  both method i(int) in a and method i(g) in a match
recovery/normalized-src-vf/l1r/an/PBMessageALL2.java:3204: error: a has private access in a
               var3 = PBMessageALL2.e.a.d(var1, var2);
                                     ^
recovery/normalized-src-vf/l1r/an/PBMessageALL2.java:3204: error: int cannot be dereferenced
               var3 = PBMessageALL2.e.a.d(var1, var2);
                                       ^
recovery/normalized-src-vf/l1r/an/PBMessageALL2.java:3323: error: name clash: class a has two methods with the same erasure, yet neither overrides the other
         public PBMessageALL2.e.a e(int var1) {
                                  ^
  first method:  e(g) in l1r.an.PBMessageALL2.e.a
  second method: e(InputStream) in a.x.a
recovery/normalized-src-vf/l1r/an/PBMessageALL2.java:3347: error: name clash: class a has two methods with the same erasure, yet neither overrides the other
         public PBMessageALL2.e.a f(int var1) {
                                  ^
  first method:  f(g) in l1r.an.PBMessageALL2.e.a
  second method: f(f) in a.x.a
recovery/normalized-src-vf/l1r/an/PBMessageALL2.java:3371: error: name clash: class a has two methods with the same erasure, yet neither overrides the other
         public PBMessageALL2.e.a g(int var1) {
                                  ^
  first method:  g(g) in l1r.an.PBMessageALL2.e.a
  second method: g(f) in a.p.a
recovery/normalized-src-vf/l1r/an/PBMessageALL2.java:3432: error: cannot find symbol
            this.k = PBMessageALL2.e.h().F();
                                        ^
  symbol:   method F()
  location: interface List<f>
recovery/normalized-src-vf/l1r/an/PBMessageALL2.java:3460: error: cannot find symbol
            this.l = PBMessageALL2.e.h().H();
                                        ^
  symbol:   method H()
  location: interface List<f>
recovery/normalized-src-vf/l1r/an/PBMessageALL2.java:3704: error: cannot find symbol
            this.v = PBMessageALL2.e.h().m_();
                                        ^
  symbol:   method m_()
  location: interface List<f>
recovery/normalized-src-vf/l1r/an/PBMessageALL2.java:3732: error: cannot find symbol
            this.w = PBMessageALL2.e.h().an();
                                        ^
  symbol:   method an()
  location: interface List<f>
recovery/normalized-src-vf/l1r/an/PBMessageALL2.java:3832: error: cannot find symbol
            this.A = PBMessageALL2.e.h().av();
                                        ^
  symbol:   method av()
  location: interface List<f>
recovery/normalized-src-vf/l1r/an/PBMessageALL2.java:4067: error: ah() in l1r.an.PBMessageALL2.e.a cannot override ah() in a.p.a
         public p.a ah() {
                    ^
  return type a.p.a is not compatible with l1r.an.PBMessageALL2.e.a
  where BuilderType is a type-variable:
    BuilderType extends a.p.a declared in class a.p.a
recovery/normalized-src-vf/l1r/an/PBMessageALL2.java:4066: error: method does not override or implement a method from a supertype
         @Override
         ^
recovery/normalized-src-vf/l1r/an/PBMessageALL2.java:4085: error: a(h,n) in l1r.an.PBMessageALL2.e.a cannot override a(byte[],n) in a.a.a
         public a.a.a a(a.h var1, n var2) throws IOException {
                      ^
  overridden method does not throw IOException
  where BuilderType#1,BuilderType#2 are type-variables:
    BuilderType#1 extends a.p.a declared in class a.p.a
    BuilderType#2 extends a.a.a declared in class a.a.a
recovery/normalized-src-vf/l1r/an/PBMessageALL2.java:4115: error: ai() in l1r.an.PBMessageALL2.e.a cannot override ai() in a.p.a
         public p.a ai() {
                    ^
  return type a.p.a is not compatible with l1r.an.PBMessageALL2.e.a
  where BuilderType is a type-variable:
    BuilderType extends a.p.a declared in class a.p.a
recovery/normalized-src-vf/l1r/an/PBMessageALL2.java:4114: error: method does not override or implement a method from a supertype
         @Override
         ^
recovery/normalized-src-vf/l1r/an/PBMessageALL2.java:5351: error: b(b) in l1r.an.PBMessageALL2.g cannot implement b(int) in h
      protected x.a b(a.p.b var1) {
                    ^
  attempting to assign weaker access privileges; was public
recovery/normalized-src-vf/l1r/an/PBMessageALL2.java:5333: error: a(b) in g cannot implement a(int) in h
      protected PBMessageALL2.g.a a(a.p.b var1) {
                                  ^
  attempting to assign weaker access privileges; was public
recovery/normalized-src-vf/l1r/an/PBMessageALL2.java:4303: error: cannot find symbol
      public static ab<PBMessageALL2.g> a = new a.c<PBMessageALL2.g>() {
                                                 ^
  symbol:   class c
  location: class a
recovery/normalized-src-vf/l1r/an/PBMessageALL2.java:4304: error: cannot find symbol
         public PBMessageALL2.g c(a.h var1, n var2) throws s {
                                   ^
  symbol:   class h
  location: class a
recovery/normalized-src-vf/l1r/an/PBMessageALL2.java:4310: error: cannot find symbol
         public Object d(a.h var1, n var2) throws s {
                          ^
  symbol:   class h
  location: class a
recovery/normalized-src-vf/l1r/an/PBMessageALL2.java:4309: error: method does not override or implement a method from a supertype
         @Override
         ^
recovery/normalized-src-vf/l1r/an/PBMessageALL2.java:4393: error: int cannot be dereferenced
         this.J = ap.c();
                    ^
recovery/normalized-src-vf/l1r/an/PBMessageALL2.java:4412: error: int cannot be dereferenced
         ap.a var4 = ap.b();
                       ^
recovery/normalized-src-vf/l1r/an/PBMessageALL2.java:4714: error: name clash: class g has two methods with the same erasure, yet neither overrides the other
      public int a(int var1) {
                 ^
  first method:  a(b) in g
  second method: a(List<? extends a.r.a>) in a.a
recovery/normalized-src-vf/l1r/an/PBMessageALL2.java:4729: error: name clash: class g has two methods with the same erasure, yet neither overrides the other
      public a.g b(int var1) {
                 ^
  first method:  b(b) in g
  second method: b(InputStream) in g
recovery/normalized-src-vf/l1r/an/PBMessageALL2.java:4947: error: cannot find symbol
         this.O = a.g.d;
                   ^
  symbol:   variable g
  location: variable a of type ab<g>
recovery/normalized-src-vf/l1r/an/PBMessageALL2.java:4948: error: cannot find symbol
         this.P = a.g.d;
                   ^
  symbol:   variable g
  location: variable a of type ab<g>
recovery/normalized-src-vf/l1r/an/PBMessageALL2.java:4990: error: a(i) in g cannot override a(List<? extends a.r.a>) in a.a
      public void a(a.i var1) throws IOException {
                  ^
  overridden method is static
recovery/normalized-src-vf/l1r/an/PBMessageALL2.java:5132: error: cannot find symbol
            var1 += a.i.g(1, this.L);
                     ^
  symbol:   variable i
  location: variable a of type ab<g>
recovery/normalized-src-vf/l1r/an/PBMessageALL2.java:5136: error: cannot find symbol
            var1 += a.i.g(2, this.M);
                     ^
  symbol:   variable i
  location: variable a of type ab<g>
recovery/normalized-src-vf/l1r/an/PBMessageALL2.java:5140: error: cannot find symbol
            var1 += a.i.g(3, this.N);
                     ^
  symbol:   variable i
  location: variable a of type ab<g>
recovery/normalized-src-vf/l1r/an/PBMessageALL2.java:5144: error: cannot find symbol
            var1 += a.i.c(4, this.O);
                     ^
  symbol:   variable i
  location: variable a of type ab<g>
recovery/normalized-src-vf/l1r/an/PBMessageALL2.java:5148: error: cannot find symbol
            var1 += a.i.c(5, this.P);
                     ^
  symbol:   variable i
  location: variable a of type ab<g>
recovery/normalized-src-vf/l1r/an/PBMessageALL2.java:5152: error: cannot find symbol
            var1 += a.i.g(6, this.Q);
                     ^
  symbol:   variable i
  location: variable a of type ab<g>
recovery/normalized-src-vf/l1r/an/PBMessageALL2.java:5156: error: cannot find symbol
            var1 += a.i.g(7, this.R);
                     ^
  symbol:   variable i
  location: variable a of type ab<g>
recovery/normalized-src-vf/l1r/an/PBMessageALL2.java:5160: error: cannot find symbol
            var1 += a.i.g(8, this.S);
                     ^
  symbol:   variable i
  location: variable a of type ab<g>
recovery/normalized-src-vf/l1r/an/PBMessageALL2.java:5164: error: cannot find symbol
            var1 += a.i.g(9, this.T);
                     ^
  symbol:   variable i
  location: variable a of type ab<g>
recovery/normalized-src-vf/l1r/an/PBMessageALL2.java:5170: error: cannot find symbol
            var2 += a.i.h(this.U.get(var3));
                     ^
  symbol:   variable i
  location: variable a of type ab<g>
recovery/normalized-src-vf/l1r/an/PBMessageALL2.java:5178: error: cannot find symbol
            var2 += a.i.b(this.V.get(var11));
                     ^
  symbol:   variable i
  location: variable a of type ab<g>
recovery/normalized-src-vf/l1r/an/PBMessageALL2.java:5184: error: cannot find symbol
            var1 += a.i.g(12, this.W);
                     ^
  symbol:   variable i
  location: variable a of type ab<g>
recovery/normalized-src-vf/l1r/an/PBMessageALL2.java:5188: error: cannot find symbol
            var1 += a.i.g(13, this.X);
                     ^
  symbol:   variable i
  location: variable a of type ab<g>
recovery/normalized-src-vf/l1r/an/PBMessageALL2.java:5192: error: cannot find symbol
            var1 += a.i.g(14, this.Y);
                     ^
  symbol:   variable i
  location: variable a of type ab<g>
recovery/normalized-src-vf/l1r/an/PBMessageALL2.java:5196: error: cannot find symbol
            var1 += a.i.g(15, this.Z);
                     ^
  symbol:   variable i
  location: variable a of type ab<g>
recovery/normalized-src-vf/l1r/an/PBMessageALL2.java:5200: error: cannot find symbol
            var1 += a.i.g(16, this.aa);
                     ^
  symbol:   variable i
  location: variable a of type ab<g>
recovery/normalized-src-vf/l1r/an/PBMessageALL2.java:5204: error: cannot find symbol
            var1 += a.i.g(17, this.ab);
                     ^
  symbol:   variable i
  location: variable a of type ab<g>
recovery/normalized-src-vf/l1r/an/PBMessageALL2.java:5208: error: cannot find symbol
            var1 += a.i.g(18, this.ac);
                     ^
  symbol:   variable i
  location: variable a of type ab<g>
recovery/normalized-src-vf/l1r/an/PBMessageALL2.java:5212: error: cannot find symbol
            var1 += a.i.g(19, this.ad);
                     ^
  symbol:   variable i
  location: variable a of type ab<g>
recovery/normalized-src-vf/l1r/an/PBMessageALL2.java:5216: error: cannot find symbol
            var1 += a.i.g(20, this.ae);
                     ^
  symbol:   variable i
  location: variable a of type ab<g>
recovery/normalized-src-vf/l1r/an/PBMessageALL2.java:5220: error: cannot find symbol
            var1 += a.i.g(21, this.af);
                     ^
  symbol:   variable i
  location: variable a of type ab<g>
recovery/normalized-src-vf/l1r/an/PBMessageALL2.java:5224: error: cannot find symbol
            var1 += a.i.g(22, this.ag);
                     ^
  symbol:   variable i
  location: variable a of type ab<g>
recovery/normalized-src-vf/l1r/an/PBMessageALL2.java:5228: error: cannot find symbol
            var1 += a.i.g(23, this.ah);
                     ^
  symbol:   variable i
  location: variable a of type ab<g>
recovery/normalized-src-vf/l1r/an/PBMessageALL2.java:5232: error: cannot find symbol
            var1 += a.i.g(24, this.ai);
                     ^
  symbol:   variable i
  location: variable a of type ab<g>
recovery/normalized-src-vf/l1r/an/PBMessageALL2.java:5236: error: cannot find symbol
            var1 += a.i.g(25, this.aj);
                     ^
  symbol:   variable i
  location: variable a of type ab<g>
recovery/normalized-src-vf/l1r/an/PBMessageALL2.java:5240: error: cannot find symbol
            var1 += a.i.g(26, this.ak);
                     ^
  symbol:   variable i
  location: variable a of type ab<g>
recovery/normalized-src-vf/l1r/an/PBMessageALL2.java:5244: error: cannot find symbol
            var1 += a.i.g(27, this.al);
                     ^
  symbol:   variable i
  location: variable a of type ab<g>
recovery/normalized-src-vf/l1r/an/PBMessageALL2.java:5248: error: cannot find symbol
            var1 += a.i.g(28, this.am);
                     ^
  symbol:   variable i
  location: variable a of type ab<g>
recovery/normalized-src-vf/l1r/an/PBMessageALL2.java:5252: error: cannot find symbol
            var1 += a.i.g(29, this.an);
                     ^
  symbol:   variable i
  location: variable a of type ab<g>
recovery/normalized-src-vf/l1r/an/PBMessageALL2.java:5256: error: cannot find symbol
            var1 += a.i.g(30, this.ao);
                     ^
  symbol:   variable i
  location: variable a of type ab<g>
recovery/normalized-src-vf/l1r/an/PBMessageALL2.java:5260: error: cannot find symbol
            var1 += a.i.g(31, this.ap);
                     ^
  symbol:   variable i
  location: variable a of type ab<g>
recovery/normalized-src-vf/l1r/an/PBMessageALL2.java:5264: error: cannot find symbol
            var1 += a.i.g(32, this.aq);
                     ^
  symbol:   variable i
  location: variable a of type ab<g>
recovery/normalized-src-vf/l1r/an/PBMessageALL2.java:5277: error: a(g) in g cannot hide a(List<? extends a.r.a>) in a.a
      public static PBMessageALL2.g a(a.g var0) throws s {
                                    ^
  return type g is not compatible with int
recovery/normalized-src-vf/l1r/an/PBMessageALL2.java:5309: error: a(h) in g cannot hide a(List<? extends a.r.a>) in a.a
      public static PBMessageALL2.g a(a.h var0) throws IOException {
                                    ^
  return type g is not compatible with int
recovery/normalized-src-vf/l1r/an/PBMessageALL2.java:5318: error: a has private access in a
         return PBMessageALL2.g.a.bo();
                               ^
recovery/normalized-src-vf/l1r/an/PBMessageALL2.java:5318: error: int cannot be dereferenced
         return PBMessageALL2.g.a.bo();
                                 ^
recovery/normalized-src-vf/l1r/an/PBMessageALL2.java:5330: error: reference to a is ambiguous
         return a(this);
                ^
  both method a(h) in g and method a(b) in g match
recovery/normalized-src-vf/l1r/an/PBMessageALL2.java:5330: error: incompatible types: g cannot be converted to a
         return a(this);
                 ^
recovery/normalized-src-vf/l1r/an/PBMessageALL2.java:5389: error: l1r.an.PBMessageALL2.g.a is not abstract and does not override abstract method d() in a.a.a
      public static final class a extends p.a<PBMessageALL2.g.a> implements PBMessageALL2.h {
                          ^
recovery/normalized-src-vf/l1r/an/PBMessageALL2.java:6758: error: d(h,n) in l1r.an.PBMessageALL2.g.a cannot implement d(byte[],n) in a.x.a
         public x.a d(a.h var1, n var2) throws IOException {
                    ^
  overridden method does not throw IOException
recovery/normalized-src-vf/l1r/an/PBMessageALL2.java:6752: error: c(h,n) in l1r.an.PBMessageALL2.g.a cannot implement c(byte[],n) in a.y.a
         public y.a c(a.h var1, n var2) throws IOException {
                    ^
  overridden method does not throw IOException
recovery/normalized-src-vf/l1r/an/PBMessageALL2.java:5394: error: int cannot be dereferenced
         private a.g e = a.g.d;
                          ^
recovery/normalized-src-vf/l1r/an/PBMessageALL2.java:5395: error: int cannot be dereferenced
         private a.g f = a.g.d;
                          ^
recovery/normalized-src-vf/l1r/an/PBMessageALL2.java:5443: error: cannot find symbol
            PBMessageALL2.g.aN();
                           ^
  symbol:   method aN()
  location: variable g of type a
recovery/normalized-src-vf/l1r/an/PBMessageALL2.java:5458: error: int cannot be dereferenced
            this.e = a.g.d;
                      ^
recovery/normalized-src-vf/l1r/an/PBMessageALL2.java:5460: error: int cannot be dereferenced
            this.f = a.g.d;
                      ^
recovery/normalized-src-vf/l1r/an/PBMessageALL2.java:5529: error: incompatible types: List<f> cannot be converted to g
            return PBMessageALL2.g.h();
                                    ^
recovery/normalized-src-vf/l1r/an/PBMessageALL2.java:5542: error: reference to g is ambiguous
            PBMessageALL2.g var1 = new PBMessageALL2.g(this, null);
                                   ^
  both constructor g(h,n) in g and constructor g(a,g) in g match
recovery/normalized-src-vf/l1r/an/PBMessageALL2.java:5722: error: incomparable types: g and List<f>
            if (var1 == PBMessageALL2.g.h()) {
                     ^
recovery/normalized-src-vf/l1r/an/PBMessageALL2.java:5735: error: reference to e is ambiguous
               this.e(var1.t());
                   ^
  both method e(int) in a and method e(g) in a match
recovery/normalized-src-vf/l1r/an/PBMessageALL2.java:5751: error: reference to g is ambiguous
               this.g(var1.B());
                   ^
  both method g(int) in a and method g(g) in a match
recovery/normalized-src-vf/l1r/an/PBMessageALL2.java:5883: error: a has private access in a
               var3 = PBMessageALL2.g.a.d(var1, var2);
                                     ^
recovery/normalized-src-vf/l1r/an/PBMessageALL2.java:5883: error: int cannot be dereferenced
               var3 = PBMessageALL2.g.a.d(var1, var2);
                                       ^
recovery/normalized-src-vf/l1r/an/PBMessageALL2.java:5954: error: name clash: class a has two methods with the same erasure, yet neither overrides the other
         public PBMessageALL2.g.a e(int var1) {
                                  ^
  first method:  e(g) in l1r.an.PBMessageALL2.g.a
  second method: e(InputStream) in a.x.a
recovery/normalized-src-vf/l1r/an/PBMessageALL2.java:5991: error: cannot find symbol
            this.e = PBMessageALL2.g.h().v();
                                        ^
  symbol:   method v()
  location: interface List<f>
recovery/normalized-src-vf/l1r/an/PBMessageALL2.java:6019: error: cannot find symbol
            this.f = PBMessageALL2.g.h().x();
                                        ^
  symbol:   method x()
  location: interface List<f>
recovery/normalized-src-vf/l1r/an/PBMessageALL2.java:6034: error: name clash: class a has two methods with the same erasure, yet neither overrides the other
         public PBMessageALL2.g.a f(int var1) {
                                  ^
  first method:  f(g) in l1r.an.PBMessageALL2.g.a
  second method: f(f) in a.x.a
recovery/normalized-src-vf/l1r/an/PBMessageALL2.java:6058: error: name clash: class a has two methods with the same erasure, yet neither overrides the other
         public PBMessageALL2.g.a g(int var1) {
                                  ^
  first method:  g(g) in l1r.an.PBMessageALL2.g.a
  second method: g(f) in a.p.a
recovery/normalized-src-vf/l1r/an/PBMessageALL2.java:6142: error: name clash: class a has two methods with the same erasure, yet neither overrides the other
         public PBMessageALL2.g.a a(int var1, int var2) {
                                  ^
  first method:  a(int,g) in a
  second method: a(h,n) in a
recovery/normalized-src-vf/l1r/an/PBMessageALL2.java:6158: error: int cannot be dereferenced
            p.a.a(var1, this.k);
             ^
recovery/normalized-src-vf/l1r/an/PBMessageALL2.java:6192: error: name clash: class a has two methods with the same erasure, yet neither overrides the other
         public PBMessageALL2.g.a a(int var1, a.g var2) {
                                  ^
  first method:  a(h,n) in l1r.an.PBMessageALL2.g.a
  second method: a(InputStream,n) in a.a.a
recovery/normalized-src-vf/l1r/an/PBMessageALL2.java:6216: error: int cannot be dereferenced
            p.a.a(var1, this.l);
             ^
recovery/normalized-src-vf/l1r/an/PBMessageALL2.java:6746: error: ah() in l1r.an.PBMessageALL2.g.a cannot override ah() in a.p.a
         public p.a ah() {
                    ^
  return type a.p.a is not compatible with l1r.an.PBMessageALL2.g.a
  where BuilderType is a type-variable:
    BuilderType extends a.p.a declared in class a.p.a
recovery/normalized-src-vf/l1r/an/PBMessageALL2.java:6745: error: method does not override or implement a method from a supertype
         @Override
         ^
recovery/normalized-src-vf/l1r/an/PBMessageALL2.java:6764: error: a(h,n) in l1r.an.PBMessageALL2.g.a cannot override a(byte[],n) in a.a.a
         public a.a.a a(a.h var1, n var2) throws IOException {
                      ^
  overridden method does not throw IOException
  where BuilderType#1,BuilderType#2 are type-variables:
    BuilderType#1 extends a.p.a declared in class a.p.a
    BuilderType#2 extends a.a.a declared in class a.a.a
recovery/normalized-src-vf/l1r/an/PBMessageALL2.java:6794: error: ai() in l1r.an.PBMessageALL2.g.a cannot override ai() in a.p.a
         public p.a ai() {
                    ^
  return type a.p.a is not compatible with l1r.an.PBMessageALL2.g.a
  where BuilderType is a type-variable:
    BuilderType extends a.p.a declared in class a.p.a
recovery/normalized-src-vf/l1r/an/PBMessageALL2.java:6793: error: method does not override or implement a method from a supertype
         @Override
         ^
recovery/normalized-src-vf/l1r/an/PBMessageALL2.java:7700: error: a(b) in i cannot implement a(int) in j
      protected PBMessageALL2.i.a a(a.p.b var1) {
                                  ^
  attempting to assign weaker access privileges; was public
recovery/normalized-src-vf/l1r/an/PBMessageALL2.java:7730: error: b(b) in i cannot implement b(OutputStream) in y
      protected x.a b(a.p.b var1) {
                    ^
  attempting to assign weaker access privileges; was public
recovery/normalized-src-vf/l1r/an/PBMessageALL2.java:6978: error: cannot find symbol
      public static ab<PBMessageALL2.i> a = new a.c<PBMessageALL2.i>() {
                                                 ^
  symbol:   class c
  location: class a
recovery/normalized-src-vf/l1r/an/PBMessageALL2.java:6979: error: cannot find symbol
         public PBMessageALL2.i c(a.h var1, n var2) throws s {
                                   ^
  symbol:   class h
  location: class a
recovery/normalized-src-vf/l1r/an/PBMessageALL2.java:6985: error: cannot find symbol
         public Object d(a.h var1, n var2) throws s {
                          ^
  symbol:   class h
  location: class a
recovery/normalized-src-vf/l1r/an/PBMessageALL2.java:6984: error: method does not override or implement a method from a supertype
         @Override
         ^
recovery/normalized-src-vf/l1r/an/PBMessageALL2.java:7409: error: name clash: class i has two methods with the same erasure, yet neither overrides the other
      public a.g a(int var1) {
                 ^
  first method:  a(b) in i
  second method: a(List<? extends a.r.a>) in a.a
recovery/normalized-src-vf/l1r/an/PBMessageALL2.java:7416: error: cannot find symbol
         this.C = a.g.d;
                   ^
  symbol:   variable g
  location: variable a of type ab<i>
recovery/normalized-src-vf/l1r/an/PBMessageALL2.java:7431: error: cannot find symbol
         this.R = a.g.d;
                   ^
  symbol:   variable g
  location: variable a of type ab<i>
recovery/normalized-src-vf/l1r/an/PBMessageALL2.java:7449: error: a(i) in i cannot override a(List<? extends a.r.a>) in a.a
      public void a(a.i var1) throws IOException {
                  ^
  overridden method is static
recovery/normalized-src-vf/l1r/an/PBMessageALL2.java:7547: error: cannot find symbol
            var1 += a.i.g(1, this.A);
                     ^
  symbol:   variable i
  location: variable a of type ab<i>
recovery/normalized-src-vf/l1r/an/PBMessageALL2.java:7551: error: cannot find symbol
            var1 += a.i.g(2, this.B);
                     ^
  symbol:   variable i
  location: variable a of type ab<i>
recovery/normalized-src-vf/l1r/an/PBMessageALL2.java:7555: error: cannot find symbol
            var1 += a.i.c(3, this.C);
                     ^
  symbol:   variable i
  location: variable a of type ab<i>
recovery/normalized-src-vf/l1r/an/PBMessageALL2.java:7559: error: cannot find symbol
            var1 += a.i.g(4, this.D);
                     ^
  symbol:   variable i
  location: variable a of type ab<i>
recovery/normalized-src-vf/l1r/an/PBMessageALL2.java:7563: error: cannot find symbol
            var1 += a.i.g(5, this.E);
                     ^
  symbol:   variable i
  location: variable a of type ab<i>
recovery/normalized-src-vf/l1r/an/PBMessageALL2.java:7567: error: cannot find symbol
            var1 += a.i.g(6, this.F);
                     ^
  symbol:   variable i
  location: variable a of type ab<i>
recovery/normalized-src-vf/l1r/an/PBMessageALL2.java:7571: error: cannot find symbol
            var1 += a.i.g(7, this.G);
                     ^
  symbol:   variable i
  location: variable a of type ab<i>
recovery/normalized-src-vf/l1r/an/PBMessageALL2.java:7575: error: cannot find symbol
            var1 += a.i.g(8, this.H);
                     ^
  symbol:   variable i
  location: variable a of type ab<i>
recovery/normalized-src-vf/l1r/an/PBMessageALL2.java:7579: error: cannot find symbol
            var1 += a.i.g(9, this.I);
                     ^
  symbol:   variable i
  location: variable a of type ab<i>
recovery/normalized-src-vf/l1r/an/PBMessageALL2.java:7583: error: cannot find symbol
            var1 += a.i.g(10, this.J);
                     ^
  symbol:   variable i
  location: variable a of type ab<i>
recovery/normalized-src-vf/l1r/an/PBMessageALL2.java:7587: error: cannot find symbol
            var1 += a.i.g(11, this.K);
                     ^
  symbol:   variable i
  location: variable a of type ab<i>
recovery/normalized-src-vf/l1r/an/PBMessageALL2.java:7591: error: cannot find symbol
            var1 += a.i.g(12, this.L);
                     ^
  symbol:   variable i
  location: variable a of type ab<i>
recovery/normalized-src-vf/l1r/an/PBMessageALL2.java:7595: error: cannot find symbol
            var1 += a.i.g(13, this.M);
                     ^
  symbol:   variable i
  location: variable a of type ab<i>
recovery/normalized-src-vf/l1r/an/PBMessageALL2.java:7599: error: cannot find symbol
            var1 += a.i.g(14, this.N);
                     ^
  symbol:   variable i
  location: variable a of type ab<i>
recovery/normalized-src-vf/l1r/an/PBMessageALL2.java:7603: error: cannot find symbol
            var1 += a.i.g(15, this.O);
                     ^
  symbol:   variable i
  location: variable a of type ab<i>
recovery/normalized-src-vf/l1r/an/PBMessageALL2.java:7607: error: cannot find symbol
            var1 += a.i.g(16, this.P);
                     ^
  symbol:   variable i
  location: variable a of type ab<i>
recovery/normalized-src-vf/l1r/an/PBMessageALL2.java:7611: error: cannot find symbol
            var1 += a.i.g(17, this.Q);
                     ^
  symbol:   variable i
  location: variable a of type ab<i>
recovery/normalized-src-vf/l1r/an/PBMessageALL2.java:7615: error: cannot find symbol
            var1 += a.i.c(18, this.R);
                     ^
  symbol:   variable i
  location: variable a of type ab<i>
recovery/normalized-src-vf/l1r/an/PBMessageALL2.java:7619: error: cannot find symbol
            var1 += a.i.g(19, this.S);
                     ^
  symbol:   variable i
  location: variable a of type ab<i>
recovery/normalized-src-vf/l1r/an/PBMessageALL2.java:7623: error: cannot find symbol
            var1 += a.i.g(20, this.T);
                     ^
  symbol:   variable i
  location: variable a of type ab<i>
recovery/normalized-src-vf/l1r/an/PBMessageALL2.java:7629: error: cannot find symbol
            var2 += a.i.b(this.U.get(var3));
                     ^
  symbol:   variable i
  location: variable a of type ab<i>
recovery/normalized-src-vf/l1r/an/PBMessageALL2.java:7644: error: a(g) in i cannot hide a(List<? extends a.r.a>) in a.a
      public static PBMessageALL2.i a(a.g var0) throws s {
                                    ^
  return type i is not compatible with int
recovery/normalized-src-vf/l1r/an/PBMessageALL2.java:7676: error: a(h) in i cannot hide a(List<? extends a.r.a>) in a.a
      public static PBMessageALL2.i a(a.h var0) throws IOException {
                                    ^
  return type i is not compatible with int
recovery/normalized-src-vf/l1r/an/PBMessageALL2.java:7685: error: a has private access in a
         return PBMessageALL2.i.a.aN();
                               ^
recovery/normalized-src-vf/l1r/an/PBMessageALL2.java:7685: error: int cannot be dereferenced
         return PBMessageALL2.i.a.aN();
                                 ^
recovery/normalized-src-vf/l1r/an/PBMessageALL2.java:7697: error: reference to a is ambiguous
         return a(this);
                ^
  both method a(h) in i and method a(b) in i match
recovery/normalized-src-vf/l1r/an/PBMessageALL2.java:7697: error: incompatible types: i cannot be converted to a
         return a(this);
                 ^
recovery/normalized-src-vf/l1r/an/PBMessageALL2.java:7756: error: l1r.an.PBMessageALL2.i.a is not abstract and does not override abstract method d() in a.a.a
      public static final class a extends p.a<PBMessageALL2.i.a> implements PBMessageALL2.j {
                          ^
recovery/normalized-src-vf/l1r/an/PBMessageALL2.java:8712: error: d(h,n) in l1r.an.PBMessageALL2.i.a cannot implement d(byte[],n) in a.x.a
         public x.a d(a.h var1, n var2) throws IOException {
                    ^
  overridden method does not throw IOException
recovery/normalized-src-vf/l1r/an/PBMessageALL2.java:8706: error: c(h,n) in l1r.an.PBMessageALL2.i.a cannot implement c(byte[],n) in a.y.a
         public y.a c(a.h var1, n var2) throws IOException {
                    ^
  overridden method does not throw IOException
recovery/normalized-src-vf/l1r/an/PBMessageALL2.java:7790: error: int cannot be dereferenced
            this.d = a.g.d;
                      ^
recovery/normalized-src-vf/l1r/an/PBMessageALL2.java:7791: error: int cannot be dereferenced
            this.s = a.g.d;
                      ^
recovery/normalized-src-vf/l1r/an/PBMessageALL2.java:7798: error: int cannot be dereferenced
            this.d = a.g.d;
                      ^
recovery/normalized-src-vf/l1r/an/PBMessageALL2.java:7799: error: int cannot be dereferenced
            this.s = a.g.d;
                      ^
recovery/normalized-src-vf/l1r/an/PBMessageALL2.java:7805: error: cannot find symbol
            PBMessageALL2.i.ar();
                           ^
  symbol:   method ar()
  location: variable i of type a
recovery/normalized-src-vf/l1r/an/PBMessageALL2.java:7818: error: int cannot be dereferenced
            this.d = a.g.d;
                      ^
recovery/normalized-src-vf/l1r/an/PBMessageALL2.java:7848: error: int cannot be dereferenced
            this.s = a.g.d;
                      ^
recovery/normalized-src-vf/l1r/an/PBMessageALL2.java:7869: error: incompatible types: List<f> cannot be converted to i
            return PBMessageALL2.i.h();
                                    ^
recovery/normalized-src-vf/l1r/an/PBMessageALL2.java:7882: error: reference to i is ambiguous
            PBMessageALL2.i var1 = new PBMessageALL2.i(this, null);
                                   ^
  both constructor i(h,n) in i and constructor i(a,i) in i match
recovery/normalized-src-vf/l1r/an/PBMessageALL2.java:8006: error: incomparable types: i and List<f>
            if (var1 == PBMessageALL2.i.h()) {
                     ^
recovery/normalized-src-vf/l1r/an/PBMessageALL2.java:8031: error: reference to f is ambiguous
               this.f(var1.z());
                   ^
  both method f(int) in a and method f(g) in a match
recovery/normalized-src-vf/l1r/an/PBMessageALL2.java:8035: error: reference to g is ambiguous
               this.g(var1.B());
                   ^
  both method g(int) in a and method g(g) in a match
recovery/normalized-src-vf/l1r/an/PBMessageALL2.java:8115: error: a has private access in a
               var3 = PBMessageALL2.i.a.d(var1, var2);
                                     ^
recovery/normalized-src-vf/l1r/an/PBMessageALL2.java:8115: error: int cannot be dereferenced
               var3 = PBMessageALL2.i.a.d(var1, var2);
                                       ^
recovery/normalized-src-vf/l1r/an/PBMessageALL2.java:8199: error: cannot find symbol
            this.d = PBMessageALL2.i.h().t();
                                        ^
  symbol:   method t()
  location: interface List<f>
recovery/normalized-src-vf/l1r/an/PBMessageALL2.java:8238: error: name clash: class a has two methods with the same erasure, yet neither overrides the other
         public PBMessageALL2.i.a e(int var1) {
                                  ^
  first method:  e(g) in l1r.an.PBMessageALL2.i.a
  second method: e(InputStream) in a.x.a
recovery/normalized-src-vf/l1r/an/PBMessageALL2.java:8262: error: name clash: class a has two methods with the same erasure, yet neither overrides the other
         public PBMessageALL2.i.a f(int var1) {
                                  ^
  first method:  f(g) in l1r.an.PBMessageALL2.i.a
  second method: f(f) in a.x.a
recovery/normalized-src-vf/l1r/an/PBMessageALL2.java:8286: error: name clash: class a has two methods with the same erasure, yet neither overrides the other
         public PBMessageALL2.i.a g(int var1) {
                                  ^
  first method:  g(g) in l1r.an.PBMessageALL2.i.a
  second method: g(f) in a.p.a
recovery/normalized-src-vf/l1r/an/PBMessageALL2.java:8563: error: cannot find symbol
            this.s = PBMessageALL2.i.h().C_();
                                        ^
  symbol:   method C_()
  location: interface List<f>
recovery/normalized-src-vf/l1r/an/PBMessageALL2.java:8638: error: name clash: class a has two methods with the same erasure, yet neither overrides the other
         public PBMessageALL2.i.a a(int var1, a.g var2) {
                                  ^
  first method:  a(h,n) in l1r.an.PBMessageALL2.i.a
  second method: a(InputStream,n) in a.a.a
recovery/normalized-src-vf/l1r/an/PBMessageALL2.java:8662: error: int cannot be dereferenced
            p.a.a(var1, this.v);
             ^
recovery/normalized-src-vf/l1r/an/PBMessageALL2.java:8700: error: ai() in l1r.an.PBMessageALL2.i.a cannot override ai() in a.p.a
         public p.a ai() {
                    ^
  return type a.p.a is not compatible with l1r.an.PBMessageALL2.i.a
  where BuilderType is a type-variable:
    BuilderType extends a.p.a declared in class a.p.a
recovery/normalized-src-vf/l1r/an/PBMessageALL2.java:8699: error: method does not override or implement a method from a supertype
         @Override
         ^
recovery/normalized-src-vf/l1r/an/PBMessageALL2.java:8718: error: a(h,n) in l1r.an.PBMessageALL2.i.a cannot override a(byte[],n) in a.a.a
         public a.a.a a(a.h var1, n var2) throws IOException {
                      ^
  overridden method does not throw IOException
  where BuilderType#1,BuilderType#2 are type-variables:
    BuilderType#1 extends a.p.a declared in class a.p.a
    BuilderType#2 extends a.a.a declared in class a.a.a
recovery/normalized-src-vf/l1r/an/PBMessageALL2.java:8760: error: ah() in l1r.an.PBMessageALL2.i.a cannot override ah() in a.p.a
         public p.a ah() {
                    ^
  return type a.p.a is not compatible with l1r.an.PBMessageALL2.i.a
  where BuilderType is a type-variable:
    BuilderType extends a.p.a declared in class a.p.a
recovery/normalized-src-vf/l1r/an/PBMessageALL2.java:8759: error: method does not override or implement a method from a supertype
         @Override
         ^
recovery/normalized-src-vf/l1r/an/PBMessageALL3.java:40: error: cannot find symbol
      a.k.g.a var1 = new a.k.g.a() {
       ^
  symbol:   class k
  location: class a
recovery/normalized-src-vf/l1r/an/PBMessageALL3.java:40: error: cannot find symbol
      a.k.g.a var1 = new a.k.g.a() {
                          ^
  symbol:   class k
  location: class a
recovery/normalized-src-vf/l1r/an/PBMessageALL3.java:41: error: method does not override or implement a method from a supertype
         @Override
         ^
recovery/normalized-src-vf/l1r/an/PBMessageALL3.java:152: error: g has private access in g
      k.g.a(var0, new k.g[0], var1);
       ^
recovery/normalized-src-vf/l1r/an/PBMessageALL3.java:770: error: b(b) in l1r.an.PBMessageALL3.a cannot implement b(OutputStream) in y
      protected x.a b(a.p.b var1) {
                    ^
  attempting to assign weaker access privileges; was public
recovery/normalized-src-vf/l1r/an/PBMessageALL3.java:740: error: a(b) in l1r.an.PBMessageALL3.a cannot implement a(OutputStream) in y
      protected PBMessageALL3.a.a a(a.p.b var1) {
                                  ^
  attempting to assign weaker access privileges; was public
recovery/normalized-src-vf/l1r/an/PBMessageALL3.java:168: error: cannot find symbol
      public static ab<PBMessageALL3.a> a = new a.c<PBMessageALL3.a>() {
                                                 ^
  symbol:   class c
  location: class a
recovery/normalized-src-vf/l1r/an/PBMessageALL3.java:169: error: cannot find symbol
         public PBMessageALL3.a c(a.h var1, n var2) throws s {
                                   ^
  symbol:   class h
  location: class a
recovery/normalized-src-vf/l1r/an/PBMessageALL3.java:175: error: cannot find symbol
         public Object d(a.h var1, n var2) throws s {
                          ^
  symbol:   class h
  location: class a
recovery/normalized-src-vf/l1r/an/PBMessageALL3.java:174: error: method does not override or implement a method from a supertype
         @Override
         ^
recovery/normalized-src-vf/l1r/an/PBMessageALL3.java:352: error: method does not override or implement a method from a supertype
      @Override
      ^
recovery/normalized-src-vf/l1r/an/PBMessageALL3.java:357: error: method does not override or implement a method from a supertype
      @Override
      ^
recovery/normalized-src-vf/l1r/an/PBMessageALL3.java:362: error: method does not override or implement a method from a supertype
      @Override
      ^
recovery/normalized-src-vf/l1r/an/PBMessageALL3.java:367: error: method does not override or implement a method from a supertype
      @Override
      ^
recovery/normalized-src-vf/l1r/an/PBMessageALL3.java:373: error: name clash: class a has two methods with the same erasure, yet neither overrides the other
      public a.g a(int var1) {
                 ^
  first method:  a(b) in l1r.an.PBMessageALL3.a
  second method: a(List<? extends a.r.a>) in a.a
recovery/normalized-src-vf/l1r/an/PBMessageALL3.java:372: error: method does not override or implement a method from a supertype
      @Override
      ^
recovery/normalized-src-vf/l1r/an/PBMessageALL3.java:377: error: method does not override or implement a method from a supertype
      @Override
      ^
recovery/normalized-src-vf/l1r/an/PBMessageALL3.java:382: error: method does not override or implement a method from a supertype
      @Override
      ^
recovery/normalized-src-vf/l1r/an/PBMessageALL3.java:387: error: method does not override or implement a method from a supertype
      @Override
      ^
recovery/normalized-src-vf/l1r/an/PBMessageALL3.java:392: error: method does not override or implement a method from a supertype
      @Override
      ^
recovery/normalized-src-vf/l1r/an/PBMessageALL3.java:397: error: method does not override or implement a method from a supertype
      @Override
      ^
recovery/normalized-src-vf/l1r/an/PBMessageALL3.java:402: error: method does not override or implement a method from a supertype
      @Override
      ^
recovery/normalized-src-vf/l1r/an/PBMessageALL3.java:407: error: method does not override or implement a method from a supertype
      @Override
      ^
recovery/normalized-src-vf/l1r/an/PBMessageALL3.java:412: error: method does not override or implement a method from a supertype
      @Override
      ^
recovery/normalized-src-vf/l1r/an/PBMessageALL3.java:417: error: method does not override or implement a method from a supertype
      @Override
      ^
recovery/normalized-src-vf/l1r/an/PBMessageALL3.java:422: error: method does not override or implement a method from a supertype
      @Override
      ^
recovery/normalized-src-vf/l1r/an/PBMessageALL3.java:427: error: method does not override or implement a method from a supertype
      @Override
      ^
recovery/normalized-src-vf/l1r/an/PBMessageALL3.java:432: error: method does not override or implement a method from a supertype
      @Override
      ^
recovery/normalized-src-vf/l1r/an/PBMessageALL3.java:437: error: method does not override or implement a method from a supertype
      @Override
      ^
recovery/normalized-src-vf/l1r/an/PBMessageALL3.java:442: error: method does not override or implement a method from a supertype
      @Override
      ^
recovery/normalized-src-vf/l1r/an/PBMessageALL3.java:447: error: method does not override or implement a method from a supertype
      @Override
      ^
recovery/normalized-src-vf/l1r/an/PBMessageALL3.java:452: error: method does not override or implement a method from a supertype
      @Override
      ^
recovery/normalized-src-vf/l1r/an/PBMessageALL3.java:457: error: method does not override or implement a method from a supertype
      @Override
      ^
recovery/normalized-src-vf/l1r/an/PBMessageALL3.java:462: error: method does not override or implement a method from a supertype
      @Override
      ^
recovery/normalized-src-vf/l1r/an/PBMessageALL3.java:467: error: method does not override or implement a method from a supertype
      @Override
      ^
recovery/normalized-src-vf/l1r/an/PBMessageALL3.java:472: error: method does not override or implement a method from a supertype
      @Override
      ^
recovery/normalized-src-vf/l1r/an/PBMessageALL3.java:477: error: method does not override or implement a method from a supertype
      @Override
      ^
recovery/normalized-src-vf/l1r/an/PBMessageALL3.java:482: error: method does not override or implement a method from a supertype
      @Override
      ^
recovery/normalized-src-vf/l1r/an/PBMessageALL3.java:487: error: method does not override or implement a method from a supertype
      @Override
      ^
recovery/normalized-src-vf/l1r/an/PBMessageALL3.java:492: error: method does not override or implement a method from a supertype
      @Override
      ^
recovery/normalized-src-vf/l1r/an/PBMessageALL3.java:497: error: method does not override or implement a method from a supertype
      @Override
      ^
recovery/normalized-src-vf/l1r/an/PBMessageALL3.java:502: error: method does not override or implement a method from a supertype
      @Override
      ^
recovery/normalized-src-vf/l1r/an/PBMessageALL3.java:537: error: a(i) in l1r.an.PBMessageALL3.a cannot override a(List<? extends a.r.a>) in a.a
      public void a(a.i var1) throws IOException {
                  ^
  overridden method is static
recovery/normalized-src-vf/l1r/an/PBMessageALL3.java:611: error: cannot find symbol
            var1 += a.i.g(1, this.u);
                     ^
  symbol:   variable i
  location: variable a of type ab<a>
recovery/normalized-src-vf/l1r/an/PBMessageALL3.java:617: error: cannot find symbol
            var2 += a.i.b(this.v.get(var3));
                     ^
  symbol:   variable i
  location: variable a of type ab<a>
recovery/normalized-src-vf/l1r/an/PBMessageALL3.java:623: error: cannot find symbol
            var1 += a.i.g(3, this.w);
                     ^
  symbol:   variable i
  location: variable a of type ab<a>
recovery/normalized-src-vf/l1r/an/PBMessageALL3.java:627: error: cannot find symbol
            var1 += a.i.g(4, this.x);
                     ^
  symbol:   variable i
  location: variable a of type ab<a>
recovery/normalized-src-vf/l1r/an/PBMessageALL3.java:631: error: cannot find symbol
            var1 += a.i.g(5, this.y);
                     ^
  symbol:   variable i
  location: variable a of type ab<a>
recovery/normalized-src-vf/l1r/an/PBMessageALL3.java:635: error: cannot find symbol
            var1 += a.i.g(6, this.z);
                     ^
  symbol:   variable i
  location: variable a of type ab<a>
recovery/normalized-src-vf/l1r/an/PBMessageALL3.java:639: error: cannot find symbol
            var1 += a.i.g(7, this.A);
                     ^
  symbol:   variable i
  location: variable a of type ab<a>
recovery/normalized-src-vf/l1r/an/PBMessageALL3.java:643: error: cannot find symbol
            var1 += a.i.g(8, this.B);
                     ^
  symbol:   variable i
  location: variable a of type ab<a>
recovery/normalized-src-vf/l1r/an/PBMessageALL3.java:647: error: cannot find symbol
            var1 += a.i.g(9, this.C);
                     ^
  symbol:   variable i
  location: variable a of type ab<a>
recovery/normalized-src-vf/l1r/an/PBMessageALL3.java:651: error: cannot find symbol
            var1 += a.i.g(10, this.D);
                     ^
  symbol:   variable i
  location: variable a of type ab<a>
recovery/normalized-src-vf/l1r/an/PBMessageALL3.java:655: error: cannot find symbol
            var1 += a.i.g(11, this.E);
                     ^
  symbol:   variable i
  location: variable a of type ab<a>
recovery/normalized-src-vf/l1r/an/PBMessageALL3.java:659: error: cannot find symbol
            var1 += a.i.g(12, this.F);
                     ^
  symbol:   variable i
  location: variable a of type ab<a>
recovery/normalized-src-vf/l1r/an/PBMessageALL3.java:663: error: cannot find symbol
            var1 += a.i.g(13, this.G);
                     ^
  symbol:   variable i
  location: variable a of type ab<a>
recovery/normalized-src-vf/l1r/an/PBMessageALL3.java:667: error: cannot find symbol
            var1 += a.i.g(14, this.H);
                     ^
  symbol:   variable i
  location: variable a of type ab<a>
recovery/normalized-src-vf/l1r/an/PBMessageALL3.java:671: error: cannot find symbol
            var1 += a.i.g(15, this.I);
                     ^
  symbol:   variable i
  location: variable a of type ab<a>
recovery/normalized-src-vf/l1r/an/PBMessageALL3.java:684: error: a(g) in l1r.an.PBMessageALL3.a cannot hide a(List<? extends a.r.a>) in a.a
      public static PBMessageALL3.a a(a.g var0) throws s {
                                    ^
  return type l1r.an.PBMessageALL3.a is not compatible with int
recovery/normalized-src-vf/l1r/an/PBMessageALL3.java:716: error: a(h) in l1r.an.PBMessageALL3.a cannot hide a(List<? extends a.r.a>) in a.a
      public static PBMessageALL3.a a(a.h var0) throws IOException {
                                    ^
  return type l1r.an.PBMessageALL3.a is not compatible with int
recovery/normalized-src-vf/l1r/an/PBMessageALL3.java:725: error: a has private access in a
         return PBMessageALL3.a.a.av();
                               ^
recovery/normalized-src-vf/l1r/an/PBMessageALL3.java:725: error: int cannot be dereferenced
         return PBMessageALL3.a.a.av();
                                 ^
recovery/normalized-src-vf/l1r/an/PBMessageALL3.java:733: error: incompatible types: a.a.a cannot be converted to a.p.a
         return aa().a(var0);
                      ^
recovery/normalized-src-vf/l1r/an/PBMessageALL3.java:737: error: reference to a is ambiguous
         return a(this);
                ^
  both method a(h) in l1r.an.PBMessageALL3.a and method a(b) in l1r.an.PBMessageALL3.a match
recovery/normalized-src-vf/l1r/an/PBMessageALL3.java:737: error: incompatible types: l1r.an.PBMessageALL3.a cannot be converted to a.p.a
         return a(this);
                 ^
recovery/normalized-src-vf/l1r/an/PBMessageALL3.java:1522: error: d(h,n) in l1r.an.PBMessageALL3.a.a cannot implement d(byte[],n) in a.x.a
         public x.a d(a.h var1, n var2) throws IOException {
                    ^
  overridden method does not throw IOException
recovery/normalized-src-vf/l1r/an/PBMessageALL3.java:1516: error: c(h,n) in l1r.an.PBMessageALL3.a.a cannot implement c(byte[],n) in a.y.a
         public y.a c(a.h var1, n var2) throws IOException {
                    ^
  overridden method does not throw IOException
recovery/normalized-src-vf/l1r/an/PBMessageALL3.java:833: error: cannot find symbol
            PBMessageALL3.a.af();
                           ^
  symbol:   method af()
  location: variable a of type a
recovery/normalized-src-vf/l1r/an/PBMessageALL3.java:885: error: incompatible types: List<f> cannot be converted to a
            return PBMessageALL3.a.h();
                                    ^
recovery/normalized-src-vf/l1r/an/PBMessageALL3.java:898: error: reference to a is ambiguous
            PBMessageALL3.a var1 = new PBMessageALL3.a(this, null);
                                   ^
  both constructor l1r.an.PBMessageALL3.a(h,n) in l1r.an.PBMessageALL3.a and constructor l1r.an.PBMessageALL3.a(a.p.a,l1r.an.PBMessageALL3.a) in l1r.an.PBMessageALL3.a match
recovery/normalized-src-vf/l1r/an/PBMessageALL3.java:992: error: incomparable types: a and List<f>
            if (var1 == PBMessageALL3.a.h()) {
                     ^
recovery/normalized-src-vf/l1r/an/PBMessageALL3.java:1077: error: a has private access in a
               var3 = PBMessageALL3.a.a.d(var1, var2);
                                     ^
recovery/normalized-src-vf/l1r/an/PBMessageALL3.java:1077: error: int cannot be dereferenced
               var3 = PBMessageALL3.a.a.d(var1, var2);
                                       ^
recovery/normalized-src-vf/l1r/an/PBMessageALL3.java:1136: error: name clash: class a has two methods with the same erasure, yet neither overrides the other
         public PBMessageALL3.a.a a(int var1, a.g var2) {
                                  ^
  first method:  a(h,n) in l1r.an.PBMessageALL3.a.a
  second method: a(InputStream,n) in a.a.a
recovery/normalized-src-vf/l1r/an/PBMessageALL3.java:1160: error: int cannot be dereferenced
            p.a.a(var1, this.c);
             ^
recovery/normalized-src-vf/l1r/an/PBMessageALL3.java:1230: error: name clash: class a has two methods with the same erasure, yet neither overrides the other
         public PBMessageALL3.a.a e(int var1) {
                                  ^
  first method:  e(g) in l1r.an.PBMessageALL3.a.a
  second method: e(InputStream) in a.x.a
recovery/normalized-src-vf/l1r/an/PBMessageALL3.java:1510: error: ai() in l1r.an.PBMessageALL3.a.a cannot override ai() in a.p.a
         public p.a ai() {
                    ^
  return type a.p.a is not compatible with l1r.an.PBMessageALL3.a.a
  where BuilderType is a type-variable:
    BuilderType extends a.p.a declared in class a.p.a
recovery/normalized-src-vf/l1r/an/PBMessageALL3.java:1509: error: method does not override or implement a method from a supertype
         @Override
         ^
recovery/normalized-src-vf/l1r/an/PBMessageALL3.java:1528: error: a(h,n) in l1r.an.PBMessageALL3.a.a cannot override a(byte[],n) in a.a.a
         public a.a.a a(a.h var1, n var2) throws IOException {
                      ^
  overridden method does not throw IOException
  where BuilderType#1,BuilderType#2 are type-variables:
    BuilderType#1 extends a.p.a declared in class a.p.a
    BuilderType#2 extends a.a.a declared in class a.a.a
recovery/normalized-src-vf/l1r/an/PBMessageALL3.java:1570: error: ah() in l1r.an.PBMessageALL3.a.a cannot override ah() in a.p.a
         public p.a ah() {
                    ^
  return type a.p.a is not compatible with l1r.an.PBMessageALL3.a.a
  where BuilderType is a type-variable:
    BuilderType extends a.p.a declared in class a.p.a
recovery/normalized-src-vf/l1r/an/PBMessageALL3.java:1569: error: method does not override or implement a method from a supertype
         @Override
         ^
recovery/normalized-src-vf/l1r/an/PBMessageALL3.java:2245: error: b(b) in c cannot implement b(OutputStream) in y
      protected x.a b(a.p.b var1) {
                    ^
  attempting to assign weaker access privileges; was public
recovery/normalized-src-vf/l1r/an/PBMessageALL3.java:2215: error: a(b) in c cannot implement a(OutputStream) in y
      protected PBMessageALL3.c.a a(a.p.b var1) {
                                  ^
  attempting to assign weaker access privileges; was public
recovery/normalized-src-vf/l1r/an/PBMessageALL3.java:1660: error: cannot find symbol
      public static ab<PBMessageALL3.c> a = new a.c<PBMessageALL3.c>() {
                                                 ^
  symbol:   class c
  location: class a
recovery/normalized-src-vf/l1r/an/PBMessageALL3.java:1661: error: cannot find symbol
         public PBMessageALL3.c c(a.h var1, n var2) throws s {
                                   ^
  symbol:   class h
  location: class a
recovery/normalized-src-vf/l1r/an/PBMessageALL3.java:1667: error: cannot find symbol
         public Object d(a.h var1, n var2) throws s {
                          ^
  symbol:   class h
  location: class a
recovery/normalized-src-vf/l1r/an/PBMessageALL3.java:1666: error: method does not override or implement a method from a supertype
         @Override
         ^
recovery/normalized-src-vf/l1r/an/PBMessageALL3.java:1988: error: cannot find symbol
         this.v = a.g.d;
                   ^
  symbol:   variable g
  location: variable a of type ab<c>
recovery/normalized-src-vf/l1r/an/PBMessageALL3.java:1990: error: cannot find symbol
         this.x = a.g.d;
                   ^
  symbol:   variable g
  location: variable a of type ab<c>
recovery/normalized-src-vf/l1r/an/PBMessageALL3.java:1991: error: cannot find symbol
         this.y = a.g.d;
                   ^
  symbol:   variable g
  location: variable a of type ab<c>
recovery/normalized-src-vf/l1r/an/PBMessageALL3.java:1992: error: cannot find symbol
         this.z = a.g.d;
                   ^
  symbol:   variable g
  location: variable a of type ab<c>
recovery/normalized-src-vf/l1r/an/PBMessageALL3.java:1993: error: cannot find symbol
         this.A = a.g.d;
                   ^
  symbol:   variable g
  location: variable a of type ab<c>
recovery/normalized-src-vf/l1r/an/PBMessageALL3.java:1994: error: cannot find symbol
         this.B = a.g.d;
                   ^
  symbol:   variable g
  location: variable a of type ab<c>
recovery/normalized-src-vf/l1r/an/PBMessageALL3.java:2016: error: a(i) in c cannot override a(List<? extends a.r.a>) in a.a
      public void a(a.i var1) throws IOException {
                  ^
  overridden method is static
recovery/normalized-src-vf/l1r/an/PBMessageALL3.java:2090: error: cannot find symbol
            var1 += a.i.g(1, this.u);
                     ^
  symbol:   variable i
  location: variable a of type ab<c>
recovery/normalized-src-vf/l1r/an/PBMessageALL3.java:2094: error: cannot find symbol
            var1 += a.i.c(2, this.v);
                     ^
  symbol:   variable i
  location: variable a of type ab<c>
recovery/normalized-src-vf/l1r/an/PBMessageALL3.java:2098: error: cannot find symbol
            var1 += a.i.g(3, this.w);
                     ^
  symbol:   variable i
  location: variable a of type ab<c>
recovery/normalized-src-vf/l1r/an/PBMessageALL3.java:2102: error: cannot find symbol
            var1 += a.i.c(4, this.x);
                     ^
  symbol:   variable i
  location: variable a of type ab<c>
recovery/normalized-src-vf/l1r/an/PBMessageALL3.java:2106: error: cannot find symbol
            var1 += a.i.c(5, this.y);
                     ^
  symbol:   variable i
  location: variable a of type ab<c>
recovery/normalized-src-vf/l1r/an/PBMessageALL3.java:2110: error: cannot find symbol
            var1 += a.i.c(6, this.z);
                     ^
  symbol:   variable i
  location: variable a of type ab<c>
recovery/normalized-src-vf/l1r/an/PBMessageALL3.java:2114: error: cannot find symbol
            var1 += a.i.c(7, this.A);
                     ^
  symbol:   variable i
  location: variable a of type ab<c>
recovery/normalized-src-vf/l1r/an/PBMessageALL3.java:2118: error: cannot find symbol
            var1 += a.i.c(8, this.B);
                     ^
  symbol:   variable i
  location: variable a of type ab<c>
recovery/normalized-src-vf/l1r/an/PBMessageALL3.java:2122: error: cannot find symbol
            var1 += a.i.g(9, this.C);
                     ^
  symbol:   variable i
  location: variable a of type ab<c>
recovery/normalized-src-vf/l1r/an/PBMessageALL3.java:2126: error: cannot find symbol
            var1 += a.i.g(10, this.D);
                     ^
  symbol:   variable i
  location: variable a of type ab<c>
recovery/normalized-src-vf/l1r/an/PBMessageALL3.java:2130: error: cannot find symbol
            var1 += a.i.g(11, this.E);
                     ^
  symbol:   variable i
  location: variable a of type ab<c>
recovery/normalized-src-vf/l1r/an/PBMessageALL3.java:2134: error: cannot find symbol
            var1 += a.i.g(12, this.F);
                     ^
  symbol:   variable i
  location: variable a of type ab<c>
recovery/normalized-src-vf/l1r/an/PBMessageALL3.java:2138: error: cannot find symbol
            var1 += a.i.g(13, this.G);
                     ^
  symbol:   variable i
  location: variable a of type ab<c>
recovery/normalized-src-vf/l1r/an/PBMessageALL3.java:2142: error: cannot find symbol
            var1 += a.i.g(14, this.H);
                     ^
  symbol:   variable i
  location: variable a of type ab<c>
recovery/normalized-src-vf/l1r/an/PBMessageALL3.java:2146: error: cannot find symbol
            var1 += a.i.g(15, this.I);
                     ^
  symbol:   variable i
  location: variable a of type ab<c>
recovery/normalized-src-vf/l1r/an/PBMessageALL3.java:2159: error: a(g) in c cannot hide a(List<? extends a.r.a>) in a.a
      public static PBMessageALL3.c a(a.g var0) throws s {
                                    ^
  return type c is not compatible with int
recovery/normalized-src-vf/l1r/an/PBMessageALL3.java:2191: error: a(h) in c cannot hide a(List<? extends a.r.a>) in a.a
      public static PBMessageALL3.c a(a.h var0) throws IOException {
                                    ^
  return type c is not compatible with int
recovery/normalized-src-vf/l1r/an/PBMessageALL3.java:2200: error: a has private access in a
         return PBMessageALL3.c.a.av();
                               ^
recovery/normalized-src-vf/l1r/an/PBMessageALL3.java:2200: error: int cannot be dereferenced
         return PBMessageALL3.c.a.av();
                                 ^
recovery/normalized-src-vf/l1r/an/PBMessageALL3.java:2212: error: reference to a is ambiguous
         return a(this);
                ^
  both method a(h) in c and method a(b) in c match
recovery/normalized-src-vf/l1r/an/PBMessageALL3.java:2212: error: incompatible types: c cannot be converted to a
         return a(this);
                 ^
recovery/normalized-src-vf/l1r/an/PBMessageALL3.java:2271: error: l1r.an.PBMessageALL3.c.a is not abstract and does not override abstract method d() in a.a.a
      public static final class a extends p.a<PBMessageALL3.c.a> implements PBMessageALL3.d {
                          ^
recovery/normalized-src-vf/l1r/an/PBMessageALL3.java:2978: error: d(h,n) in l1r.an.PBMessageALL3.c.a cannot implement d(byte[],n) in a.x.a
         public x.a d(a.h var1, n var2) throws IOException {
                    ^
  overridden method does not throw IOException
recovery/normalized-src-vf/l1r/an/PBMessageALL3.java:2972: error: c(h,n) in l1r.an.PBMessageALL3.c.a cannot implement c(byte[],n) in a.y.a
         public y.a c(a.h var1, n var2) throws IOException {
                    ^
  overridden method does not throw IOException
recovery/normalized-src-vf/l1r/an/PBMessageALL3.java:2274: error: int cannot be dereferenced
         private a.g c = a.g.d;
                          ^
recovery/normalized-src-vf/l1r/an/PBMessageALL3.java:2276: error: int cannot be dereferenced
         private a.g e = a.g.d;
                          ^
recovery/normalized-src-vf/l1r/an/PBMessageALL3.java:2277: error: int cannot be dereferenced
         private a.g f = a.g.d;
                          ^
recovery/normalized-src-vf/l1r/an/PBMessageALL3.java:2278: error: int cannot be dereferenced
         private a.g g = a.g.d;
                          ^
recovery/normalized-src-vf/l1r/an/PBMessageALL3.java:2279: error: int cannot be dereferenced
         private a.g h = a.g.d;
                          ^
recovery/normalized-src-vf/l1r/an/PBMessageALL3.java:2280: error: int cannot be dereferenced
         private a.g i = a.g.d;
                          ^
recovery/normalized-src-vf/l1r/an/PBMessageALL3.java:2308: error: cannot find symbol
            PBMessageALL3.c.af();
                           ^
  symbol:   method af()
  location: variable c of type a
recovery/normalized-src-vf/l1r/an/PBMessageALL3.java:2319: error: int cannot be dereferenced
            this.c = a.g.d;
                      ^
recovery/normalized-src-vf/l1r/an/PBMessageALL3.java:2323: error: int cannot be dereferenced
            this.e = a.g.d;
                      ^
recovery/normalized-src-vf/l1r/an/PBMessageALL3.java:2325: error: int cannot be dereferenced
            this.f = a.g.d;
                      ^
recovery/normalized-src-vf/l1r/an/PBMessageALL3.java:2327: error: int cannot be dereferenced
            this.g = a.g.d;
                      ^
recovery/normalized-src-vf/l1r/an/PBMessageALL3.java:2329: error: int cannot be dereferenced
            this.h = a.g.d;
                      ^
recovery/normalized-src-vf/l1r/an/PBMessageALL3.java:2331: error: int cannot be dereferenced
            this.i = a.g.d;
                      ^
recovery/normalized-src-vf/l1r/an/PBMessageALL3.java:2360: error: incompatible types: List<f> cannot be converted to c
            return PBMessageALL3.c.h();
                                    ^
recovery/normalized-src-vf/l1r/an/PBMessageALL3.java:2373: error: reference to c is ambiguous
            PBMessageALL3.c var1 = new PBMessageALL3.c(this, null);
                                   ^
  both constructor c(h,n) in c and constructor c(a,c) in c match
recovery/normalized-src-vf/l1r/an/PBMessageALL3.java:2466: error: incomparable types: c and List<f>
            if (var1 == PBMessageALL3.c.h()) {
                     ^
recovery/normalized-src-vf/l1r/an/PBMessageALL3.java:2543: error: a has private access in a
               var3 = PBMessageALL3.c.a.d(var1, var2);
                                     ^
recovery/normalized-src-vf/l1r/an/PBMessageALL3.java:2543: error: int cannot be dereferenced
               var3 = PBMessageALL3.c.a.d(var1, var2);
                                       ^
recovery/normalized-src-vf/l1r/an/PBMessageALL3.java:2603: error: cannot find symbol
            this.c = PBMessageALL3.c.h().r();
                                        ^
  symbol:   method r()
  location: interface List<f>
recovery/normalized-src-vf/l1r/an/PBMessageALL3.java:2655: error: cannot find symbol
            this.e = PBMessageALL3.c.h().v();
                                        ^
  symbol:   method v()
  location: interface List<f>
recovery/normalized-src-vf/l1r/an/PBMessageALL3.java:2683: error: cannot find symbol
            this.f = PBMessageALL3.c.h().x();
                                        ^
  symbol:   method x()
  location: interface List<f>
recovery/normalized-src-vf/l1r/an/PBMessageALL3.java:2711: error: cannot find symbol
            this.g = PBMessageALL3.c.h().z();
                                        ^
  symbol:   method z()
  location: interface List<f>
recovery/normalized-src-vf/l1r/an/PBMessageALL3.java:2739: error: cannot find symbol
            this.h = PBMessageALL3.c.h().B();
                                        ^
  symbol:   method B()
  location: interface List<f>
recovery/normalized-src-vf/l1r/an/PBMessageALL3.java:2767: error: cannot find symbol
            this.i = PBMessageALL3.c.h().D();
                                        ^
  symbol:   method D()
  location: interface List<f>
recovery/normalized-src-vf/l1r/an/PBMessageALL3.java:2830: error: name clash: class a has two methods with the same erasure, yet neither overrides the other
         public PBMessageALL3.c.a e(int var1) {
                                  ^
  first method:  e(g) in l1r.an.PBMessageALL3.c.a
  second method: e(InputStream) in a.x.a
recovery/normalized-src-vf/l1r/an/PBMessageALL3.java:2854: error: name clash: class a has two methods with the same erasure, yet neither overrides the other
         public PBMessageALL3.c.a f(int var1) {
                                  ^
  first method:  f(g) in l1r.an.PBMessageALL3.c.a
  second method: f(f) in a.x.a
recovery/normalized-src-vf/l1r/an/PBMessageALL3.java:2878: error: name clash: class a has two methods with the same erasure, yet neither overrides the other
         public PBMessageALL3.c.a g(int var1) {
                                  ^
  first method:  g(g) in l1r.an.PBMessageALL3.c.a
  second method: g(f) in a.p.a
recovery/normalized-src-vf/l1r/an/PBMessageALL3.java:2966: error: ai() in l1r.an.PBMessageALL3.c.a cannot override ai() in a.p.a
         public p.a ai() {
                    ^
  return type a.p.a is not compatible with l1r.an.PBMessageALL3.c.a
  where BuilderType is a type-variable:
    BuilderType extends a.p.a declared in class a.p.a
recovery/normalized-src-vf/l1r/an/PBMessageALL3.java:2965: error: method does not override or implement a method from a supertype
         @Override
         ^
recovery/normalized-src-vf/l1r/an/PBMessageALL3.java:2984: error: a(h,n) in l1r.an.PBMessageALL3.c.a cannot override a(byte[],n) in a.a.a
         public a.a.a a(a.h var1, n var2) throws IOException {
                      ^
  overridden method does not throw IOException
  where BuilderType#1,BuilderType#2 are type-variables:
    BuilderType#1 extends a.p.a declared in class a.p.a
    BuilderType#2 extends a.a.a declared in class a.a.a
recovery/normalized-src-vf/l1r/an/PBMessageALL3.java:3026: error: ah() in l1r.an.PBMessageALL3.c.a cannot override ah() in a.p.a
         public p.a ah() {
                    ^
  return type a.p.a is not compatible with l1r.an.PBMessageALL3.c.a
  where BuilderType is a type-variable:
    BuilderType extends a.p.a declared in class a.p.a
recovery/normalized-src-vf/l1r/an/PBMessageALL3.java:3025: error: method does not override or implement a method from a supertype
         @Override
         ^
recovery/normalized-src-vf/l1r/an/PBMessageALL3.java:3699: error: b(b) in e cannot implement b(OutputStream) in y
      protected x.a b(a.p.b var1) {
                    ^
  attempting to assign weaker access privileges; was public
recovery/normalized-src-vf/l1r/an/PBMessageALL3.java:3669: error: a(b) in e cannot implement a(OutputStream) in y
      protected PBMessageALL3.e.a a(a.p.b var1) {
                                  ^
  attempting to assign weaker access privileges; was public
recovery/normalized-src-vf/l1r/an/PBMessageALL3.java:3114: error: cannot find symbol
      public static ab<PBMessageALL3.e> a = new a.c<PBMessageALL3.e>() {
                                                 ^
  symbol:   class c
  location: class a
recovery/normalized-src-vf/l1r/an/PBMessageALL3.java:3115: error: cannot find symbol
         public PBMessageALL3.e c(a.h var1, n var2) throws s {
                                   ^
  symbol:   class h
  location: class a
recovery/normalized-src-vf/l1r/an/PBMessageALL3.java:3121: error: cannot find symbol
         public Object d(a.h var1, n var2) throws s {
                          ^
  symbol:   class h
  location: class a
recovery/normalized-src-vf/l1r/an/PBMessageALL3.java:3120: error: method does not override or implement a method from a supertype
         @Override
         ^
recovery/normalized-src-vf/l1r/an/PBMessageALL3.java:3446: error: cannot find symbol
         this.z = a.g.d;
                   ^
  symbol:   variable g
  location: variable a of type ab<e>
recovery/normalized-src-vf/l1r/an/PBMessageALL3.java:3470: error: a(i) in e cannot override a(List<? extends a.r.a>) in a.a
      public void a(a.i var1) throws IOException {
                  ^
  overridden method is static
recovery/normalized-src-vf/l1r/an/PBMessageALL3.java:3544: error: cannot find symbol
            var1 += a.i.g(1, this.u);
                     ^
  symbol:   variable i
  location: variable a of type ab<e>
recovery/normalized-src-vf/l1r/an/PBMessageALL3.java:3548: error: cannot find symbol
            var1 += a.i.g(2, this.v);
                     ^
  symbol:   variable i
  location: variable a of type ab<e>
recovery/normalized-src-vf/l1r/an/PBMessageALL3.java:3552: error: cannot find symbol
            var1 += a.i.g(3, this.w);
                     ^
  symbol:   variable i
  location: variable a of type ab<e>
recovery/normalized-src-vf/l1r/an/PBMessageALL3.java:3556: error: cannot find symbol
            var1 += a.i.g(4, this.x);
                     ^
  symbol:   variable i
  location: variable a of type ab<e>
recovery/normalized-src-vf/l1r/an/PBMessageALL3.java:3560: error: cannot find symbol
            var1 += a.i.g(5, this.y);
                     ^
  symbol:   variable i
  location: variable a of type ab<e>
recovery/normalized-src-vf/l1r/an/PBMessageALL3.java:3564: error: cannot find symbol
            var1 += a.i.c(6, this.z);
                     ^
  symbol:   variable i
  location: variable a of type ab<e>
recovery/normalized-src-vf/l1r/an/PBMessageALL3.java:3568: error: cannot find symbol
            var1 += a.i.g(7, this.A);
                     ^
  symbol:   variable i
  location: variable a of type ab<e>
recovery/normalized-src-vf/l1r/an/PBMessageALL3.java:3572: error: cannot find symbol
            var1 += a.i.g(8, this.B);
                     ^
  symbol:   variable i
  location: variable a of type ab<e>
recovery/normalized-src-vf/l1r/an/PBMessageALL3.java:3576: error: cannot find symbol
            var1 += a.i.g(9, this.C);
                     ^
  symbol:   variable i
  location: variable a of type ab<e>
recovery/normalized-src-vf/l1r/an/PBMessageALL3.java:3580: error: cannot find symbol
            var1 += a.i.g(10, this.D);
                     ^
  symbol:   variable i
  location: variable a of type ab<e>
recovery/normalized-src-vf/l1r/an/PBMessageALL3.java:3584: error: cannot find symbol
            var1 += a.i.g(11, this.E);
                     ^
  symbol:   variable i
  location: variable a of type ab<e>
recovery/normalized-src-vf/l1r/an/PBMessageALL3.java:3588: error: cannot find symbol
            var1 += a.i.g(12, this.F);
                     ^
  symbol:   variable i
  location: variable a of type ab<e>
recovery/normalized-src-vf/l1r/an/PBMessageALL3.java:3592: error: cannot find symbol
            var1 += a.i.g(13, this.G);
                     ^
  symbol:   variable i
  location: variable a of type ab<e>
recovery/normalized-src-vf/l1r/an/PBMessageALL3.java:3596: error: cannot find symbol
            var1 += a.i.g(14, this.H);
                     ^
  symbol:   variable i
  location: variable a of type ab<e>
recovery/normalized-src-vf/l1r/an/PBMessageALL3.java:3600: error: cannot find symbol
            var1 += a.i.g(15, this.I);
                     ^
  symbol:   variable i
  location: variable a of type ab<e>
recovery/normalized-src-vf/l1r/an/PBMessageALL3.java:3613: error: a(g) in e cannot hide a(List<? extends a.r.a>) in a.a
      public static PBMessageALL3.e a(a.g var0) throws s {
                                    ^
  return type e is not compatible with int
recovery/normalized-src-vf/l1r/an/PBMessageALL3.java:3645: error: a(h) in e cannot hide a(List<? extends a.r.a>) in a.a
      public static PBMessageALL3.e a(a.h var0) throws IOException {
                                    ^
  return type e is not compatible with int
recovery/normalized-src-vf/l1r/an/PBMessageALL3.java:3654: error: a has private access in a
         return PBMessageALL3.e.a.av();
                               ^
recovery/normalized-src-vf/l1r/an/PBMessageALL3.java:3654: error: int cannot be dereferenced
         return PBMessageALL3.e.a.av();
                                 ^
recovery/normalized-src-vf/l1r/an/PBMessageALL3.java:3666: error: reference to a is ambiguous
         return a(this);
                ^
  both method a(h) in e and method a(b) in e match
recovery/normalized-src-vf/l1r/an/PBMessageALL3.java:3666: error: incompatible types: e cannot be converted to a
         return a(this);
                 ^
recovery/normalized-src-vf/l1r/an/PBMessageALL3.java:3725: error: l1r.an.PBMessageALL3.e.a is not abstract and does not override abstract method d() in a.a.a
      public static final class a extends p.a<PBMessageALL3.e.a> implements PBMessageALL3.f {
                          ^
recovery/normalized-src-vf/l1r/an/PBMessageALL3.java:4412: error: d(h,n) in l1r.an.PBMessageALL3.e.a cannot implement d(byte[],n) in a.x.a
         public x.a d(a.h var1, n var2) throws IOException {
                    ^
  overridden method does not throw IOException
recovery/normalized-src-vf/l1r/an/PBMessageALL3.java:4406: error: c(h,n) in l1r.an.PBMessageALL3.e.a cannot implement c(byte[],n) in a.y.a
         public y.a c(a.h var1, n var2) throws IOException {
                    ^
  overridden method does not throw IOException
recovery/normalized-src-vf/l1r/an/PBMessageALL3.java:3732: error: int cannot be dereferenced
         private a.g g = a.g.d;
                          ^
recovery/normalized-src-vf/l1r/an/PBMessageALL3.java:3762: error: cannot find symbol
            PBMessageALL3.e.af();
                           ^
  symbol:   method af()
  location: variable e of type a
recovery/normalized-src-vf/l1r/an/PBMessageALL3.java:3781: error: int cannot be dereferenced
            this.g = a.g.d;
                      ^
recovery/normalized-src-vf/l1r/an/PBMessageALL3.java:3814: error: incompatible types: List<f> cannot be converted to e
            return PBMessageALL3.e.h();
                                    ^
recovery/normalized-src-vf/l1r/an/PBMessageALL3.java:3827: error: reference to e is ambiguous
            PBMessageALL3.e var1 = new PBMessageALL3.e(this, null);
                                   ^
  both constructor e(h,n) in e and constructor e(a,e) in e match
recovery/normalized-src-vf/l1r/an/PBMessageALL3.java:3920: error: incomparable types: e and List<f>
            if (var1 == PBMessageALL3.e.h()) {
                     ^
recovery/normalized-src-vf/l1r/an/PBMessageALL3.java:3941: error: reference to e is ambiguous
               this.e(var1.x());
                   ^
  both method e(int) in a and method e(g) in a match
recovery/normalized-src-vf/l1r/an/PBMessageALL3.java:3997: error: a has private access in a
               var3 = PBMessageALL3.e.a.d(var1, var2);
                                     ^
recovery/normalized-src-vf/l1r/an/PBMessageALL3.java:3997: error: int cannot be dereferenced
               var3 = PBMessageALL3.e.a.d(var1, var2);
                                       ^
recovery/normalized-src-vf/l1r/an/PBMessageALL3.java:4116: error: name clash: class a has two methods with the same erasure, yet neither overrides the other
         public PBMessageALL3.e.a e(int var1) {
                                  ^
  first method:  e(g) in l1r.an.PBMessageALL3.e.a
  second method: e(InputStream) in a.x.a
recovery/normalized-src-vf/l1r/an/PBMessageALL3.java:4153: error: cannot find symbol
            this.g = PBMessageALL3.e.h().z();
                                        ^
  symbol:   method z()
  location: interface List<f>
recovery/normalized-src-vf/l1r/an/PBMessageALL3.java:4400: error: ai() in l1r.an.PBMessageALL3.e.a cannot override ai() in a.p.a
         public p.a ai() {
                    ^
  return type a.p.a is not compatible with l1r.an.PBMessageALL3.e.a
  where BuilderType is a type-variable:
    BuilderType extends a.p.a declared in class a.p.a
recovery/normalized-src-vf/l1r/an/PBMessageALL3.java:4399: error: method does not override or implement a method from a supertype
         @Override
         ^
recovery/normalized-src-vf/l1r/an/PBMessageALL3.java:4418: error: a(h,n) in l1r.an.PBMessageALL3.e.a cannot override a(byte[],n) in a.a.a
         public a.a.a a(a.h var1, n var2) throws IOException {
                      ^
  overridden method does not throw IOException
  where BuilderType#1,BuilderType#2 are type-variables:
    BuilderType#1 extends a.p.a declared in class a.p.a
    BuilderType#2 extends a.a.a declared in class a.a.a
recovery/normalized-src-vf/l1r/an/PBMessageALL3.java:4460: error: ah() in l1r.an.PBMessageALL3.e.a cannot override ah() in a.p.a
         public p.a ah() {
                    ^
  return type a.p.a is not compatible with l1r.an.PBMessageALL3.e.a
  where BuilderType is a type-variable:
    BuilderType extends a.p.a declared in class a.p.a
recovery/normalized-src-vf/l1r/an/PBMessageALL3.java:4459: error: method does not override or implement a method from a supertype
         @Override
         ^
recovery/normalized-src-vf/l1r/an/PBMessageALL3.java:5121: error: a(b) in l1r.an.PBMessageALL3.g cannot implement a(int) in h
      protected PBMessageALL3.g.a a(a.p.b var1) {
                                  ^
  attempting to assign weaker access privileges; was public
recovery/normalized-src-vf/l1r/an/PBMessageALL3.java:5151: error: b(b) in g cannot implement b(OutputStream) in y
      protected x.a b(a.p.b var1) {
                    ^
  attempting to assign weaker access privileges; was public
recovery/normalized-src-vf/l1r/an/PBMessageALL3.java:4548: error: cannot find symbol
      public static ab<PBMessageALL3.g> a = new a.c<PBMessageALL3.g>() {
                                                 ^
  symbol:   class c
  location: class a
recovery/normalized-src-vf/l1r/an/PBMessageALL3.java:4549: error: cannot find symbol
         public PBMessageALL3.g c(a.h var1, n var2) throws s {
                                   ^
  symbol:   class h
  location: class a
recovery/normalized-src-vf/l1r/an/PBMessageALL3.java:4555: error: cannot find symbol
         public Object d(a.h var1, n var2) throws s {
                          ^
  symbol:   class h
  location: class a
recovery/normalized-src-vf/l1r/an/PBMessageALL3.java:4554: error: method does not override or implement a method from a supertype
         @Override
         ^
recovery/normalized-src-vf/l1r/an/PBMessageALL3.java:4743: error: name clash: class g has two methods with the same erasure, yet neither overrides the other
      public a.g a(int var1) {
                 ^
  first method:  a(b) in g
  second method: a(List<? extends a.r.a>) in a.a
recovery/normalized-src-vf/l1r/an/PBMessageALL3.java:4917: error: a(i) in g cannot override a(List<? extends a.r.a>) in a.a
      public void a(a.i var1) throws IOException {
                  ^
  overridden method is static
recovery/normalized-src-vf/l1r/an/PBMessageALL3.java:4994: error: cannot find symbol
            var2 += a.i.b(this.u.get(var3));
                     ^
  symbol:   variable i
  location: variable a of type ab<g>
recovery/normalized-src-vf/l1r/an/PBMessageALL3.java:5000: error: cannot find symbol
            var4 += a.i.g(2, this.v);
                     ^
  symbol:   variable i
  location: variable a of type ab<g>
recovery/normalized-src-vf/l1r/an/PBMessageALL3.java:5004: error: cannot find symbol
            var4 += a.i.g(3, this.w);
                     ^
  symbol:   variable i
  location: variable a of type ab<g>
recovery/normalized-src-vf/l1r/an/PBMessageALL3.java:5008: error: cannot find symbol
            var4 += a.i.g(4, this.x);
                     ^
  symbol:   variable i
  location: variable a of type ab<g>
recovery/normalized-src-vf/l1r/an/PBMessageALL3.java:5012: error: cannot find symbol
            var4 += a.i.g(5, this.y);
                     ^
  symbol:   variable i
  location: variable a of type ab<g>
recovery/normalized-src-vf/l1r/an/PBMessageALL3.java:5016: error: cannot find symbol
            var4 += a.i.g(6, this.z);
                     ^
  symbol:   variable i
  location: variable a of type ab<g>
recovery/normalized-src-vf/l1r/an/PBMessageALL3.java:5020: error: cannot find symbol
            var4 += a.i.g(7, this.A);
                     ^
  symbol:   variable i
  location: variable a of type ab<g>
recovery/normalized-src-vf/l1r/an/PBMessageALL3.java:5024: error: cannot find symbol
            var4 += a.i.g(8, this.B);
                     ^
  symbol:   variable i
  location: variable a of type ab<g>
recovery/normalized-src-vf/l1r/an/PBMessageALL3.java:5028: error: cannot find symbol
            var4 += a.i.g(9, this.C);
                     ^
  symbol:   variable i
  location: variable a of type ab<g>
recovery/normalized-src-vf/l1r/an/PBMessageALL3.java:5032: error: cannot find symbol
            var4 += a.i.g(10, this.D);
                     ^
  symbol:   variable i
  location: variable a of type ab<g>
recovery/normalized-src-vf/l1r/an/PBMessageALL3.java:5036: error: cannot find symbol
            var4 += a.i.g(11, this.E);
                     ^
  symbol:   variable i
  location: variable a of type ab<g>
recovery/normalized-src-vf/l1r/an/PBMessageALL3.java:5040: error: cannot find symbol
            var4 += a.i.g(12, this.F);
                     ^
  symbol:   variable i
  location: variable a of type ab<g>
recovery/normalized-src-vf/l1r/an/PBMessageALL3.java:5044: error: cannot find symbol
            var4 += a.i.g(13, this.G);
                     ^
  symbol:   variable i
  location: variable a of type ab<g>
recovery/normalized-src-vf/l1r/an/PBMessageALL3.java:5048: error: cannot find symbol
            var4 += a.i.g(14, this.H);
                     ^
  symbol:   variable i
  location: variable a of type ab<g>
recovery/normalized-src-vf/l1r/an/PBMessageALL3.java:5052: error: cannot find symbol
            var4 += a.i.g(15, this.I);
                     ^
  symbol:   variable i
  location: variable a of type ab<g>
recovery/normalized-src-vf/l1r/an/PBMessageALL3.java:5065: error: a(g) in g cannot hide a(List<? extends a.r.a>) in a.a
      public static PBMessageALL3.g a(a.g var0) throws s {
                                    ^
  return type g is not compatible with int
recovery/normalized-src-vf/l1r/an/PBMessageALL3.java:5097: error: a(h) in g cannot hide a(List<? extends a.r.a>) in a.a
      public static PBMessageALL3.g a(a.h var0) throws IOException {
                                    ^
  return type g is not compatible with int
recovery/normalized-src-vf/l1r/an/PBMessageALL3.java:5106: error: a has private access in a
         return PBMessageALL3.g.a.av();
                               ^
recovery/normalized-src-vf/l1r/an/PBMessageALL3.java:5106: error: int cannot be dereferenced
         return PBMessageALL3.g.a.av();
                                 ^
recovery/normalized-src-vf/l1r/an/PBMessageALL3.java:5118: error: reference to a is ambiguous
         return a(this);
                ^
  both method a(h) in g and method a(b) in g match
recovery/normalized-src-vf/l1r/an/PBMessageALL3.java:5118: error: incompatible types: g cannot be converted to a
         return a(this);
                 ^
recovery/normalized-src-vf/l1r/an/PBMessageALL3.java:5177: error: l1r.an.PBMessageALL3.g.a is not abstract and does not override abstract method d() in a.a.a
      public static final class a extends p.a<PBMessageALL3.g.a> implements PBMessageALL3.h {
                          ^
recovery/normalized-src-vf/l1r/an/PBMessageALL3.java:5903: error: d(h,n) in l1r.an.PBMessageALL3.g.a cannot implement d(byte[],n) in a.x.a
         public x.a d(a.h var1, n var2) throws IOException {
                    ^
  overridden method does not throw IOException
recovery/normalized-src-vf/l1r/an/PBMessageALL3.java:5897: error: c(h,n) in l1r.an.PBMessageALL3.g.a cannot implement c(byte[],n) in a.y.a
         public y.a c(a.h var1, n var2) throws IOException {
                    ^
  overridden method does not throw IOException
recovery/normalized-src-vf/l1r/an/PBMessageALL3.java:5214: error: cannot find symbol
            PBMessageALL3.g.af();
                           ^
  symbol:   method af()
  location: variable g of type a
recovery/normalized-src-vf/l1r/an/PBMessageALL3.java:5266: error: incompatible types: List<f> cannot be converted to g
            return PBMessageALL3.g.h();
                                    ^
recovery/normalized-src-vf/l1r/an/PBMessageALL3.java:5279: error: reference to g is ambiguous
            PBMessageALL3.g var1 = new PBMessageALL3.g(this, null);
                                   ^
  both constructor g(h,n) in g and constructor g(a,g) in g match
recovery/normalized-src-vf/l1r/an/PBMessageALL3.java:5373: error: incomparable types: g and List<f>
            if (var1 == PBMessageALL3.g.h()) {
                     ^
recovery/normalized-src-vf/l1r/an/PBMessageALL3.java:5458: error: a has private access in a
               var3 = PBMessageALL3.g.a.d(var1, var2);
                                     ^
recovery/normalized-src-vf/l1r/an/PBMessageALL3.java:5458: error: int cannot be dereferenced
               var3 = PBMessageALL3.g.a.d(var1, var2);
                                       ^
recovery/normalized-src-vf/l1r/an/PBMessageALL3.java:5493: error: name clash: class a has two methods with the same erasure, yet neither overrides the other
         public PBMessageALL3.g.a a(int var1, a.g var2) {
                                  ^
  first method:  a(h,n) in l1r.an.PBMessageALL3.g.a
  second method: a(InputStream,n) in a.a.a
recovery/normalized-src-vf/l1r/an/PBMessageALL3.java:5517: error: int cannot be dereferenced
            p.a.a(var1, this.b);
             ^
recovery/normalized-src-vf/l1r/an/PBMessageALL3.java:5611: error: name clash: class a has two methods with the same erasure, yet neither overrides the other
         public PBMessageALL3.g.a e(int var1) {
                                  ^
  first method:  e(g) in l1r.an.PBMessageALL3.g.a
  second method: e(InputStream) in a.x.a
recovery/normalized-src-vf/l1r/an/PBMessageALL3.java:5891: error: ai() in l1r.an.PBMessageALL3.g.a cannot override ai() in a.p.a
         public p.a ai() {
                    ^
  return type a.p.a is not compatible with l1r.an.PBMessageALL3.g.a
  where BuilderType is a type-variable:
    BuilderType extends a.p.a declared in class a.p.a
recovery/normalized-src-vf/l1r/an/PBMessageALL3.java:5890: error: method does not override or implement a method from a supertype
         @Override
         ^
recovery/normalized-src-vf/l1r/an/PBMessageALL3.java:5909: error: a(h,n) in l1r.an.PBMessageALL3.g.a cannot override a(byte[],n) in a.a.a
         public a.a.a a(a.h var1, n var2) throws IOException {
                      ^
  overridden method does not throw IOException
  where BuilderType#1,BuilderType#2 are type-variables:
    BuilderType#1 extends a.p.a declared in class a.p.a
    BuilderType#2 extends a.a.a declared in class a.a.a
recovery/normalized-src-vf/l1r/an/PBMessageALL3.java:5951: error: ah() in l1r.an.PBMessageALL3.g.a cannot override ah() in a.p.a
         public p.a ah() {
                    ^
  return type a.p.a is not compatible with l1r.an.PBMessageALL3.g.a
  where BuilderType is a type-variable:
    BuilderType extends a.p.a declared in class a.p.a
recovery/normalized-src-vf/l1r/an/PBMessageALL3.java:5950: error: method does not override or implement a method from a supertype
         @Override
         ^
recovery/normalized-src-vf/l1r/an/PBMessageALL3.java:6626: error: b(b) in i cannot implement b(OutputStream) in y
      protected x.a b(a.p.b var1) {
                    ^
  attempting to assign weaker access privileges; was public
recovery/normalized-src-vf/l1r/an/PBMessageALL3.java:6596: error: a(b) in i cannot implement a(OutputStream) in y
      protected PBMessageALL3.i.a a(a.p.b var1) {
                                  ^
  attempting to assign weaker access privileges; was public
recovery/normalized-src-vf/l1r/an/PBMessageALL3.java:6041: error: cannot find symbol
      public static ab<PBMessageALL3.i> a = new a.c<PBMessageALL3.i>() {
                                                 ^
  symbol:   class c
  location: class a
recovery/normalized-src-vf/l1r/an/PBMessageALL3.java:6042: error: cannot find symbol
         public PBMessageALL3.i c(a.h var1, n var2) throws s {
                                   ^
  symbol:   class h
  location: class a
recovery/normalized-src-vf/l1r/an/PBMessageALL3.java:6048: error: cannot find symbol
         public Object d(a.h var1, n var2) throws s {
                          ^
  symbol:   class h
  location: class a
recovery/normalized-src-vf/l1r/an/PBMessageALL3.java:6047: error: method does not override or implement a method from a supertype
         @Override
         ^
recovery/normalized-src-vf/l1r/an/PBMessageALL3.java:6368: error: cannot find symbol
         this.u = a.g.d;
                   ^
  symbol:   variable g
  location: variable a of type ab<i>
recovery/normalized-src-vf/l1r/an/PBMessageALL3.java:6369: error: cannot find symbol
         this.v = a.g.d;
                   ^
  symbol:   variable g
  location: variable a of type ab<i>
recovery/normalized-src-vf/l1r/an/PBMessageALL3.java:6373: error: cannot find symbol
         this.z = a.g.d;
                   ^
  symbol:   variable g
  location: variable a of type ab<i>
recovery/normalized-src-vf/l1r/an/PBMessageALL3.java:6397: error: a(i) in i cannot override a(List<? extends a.r.a>) in a.a
      public void a(a.i var1) throws IOException {
                  ^
  overridden method is static
recovery/normalized-src-vf/l1r/an/PBMessageALL3.java:6471: error: cannot find symbol
            var1 += a.i.c(1, this.u);
                     ^
  symbol:   variable i
  location: variable a of type ab<i>
recovery/normalized-src-vf/l1r/an/PBMessageALL3.java:6475: error: cannot find symbol
            var1 += a.i.c(2, this.v);
                     ^
  symbol:   variable i
  location: variable a of type ab<i>
recovery/normalized-src-vf/l1r/an/PBMessageALL3.java:6479: error: cannot find symbol
            var1 += a.i.g(3, this.w);
                     ^
  symbol:   variable i
  location: variable a of type ab<i>
recovery/normalized-src-vf/l1r/an/PBMessageALL3.java:6483: error: cannot find symbol
            var1 += a.i.g(4, this.x);
                     ^
  symbol:   variable i
  location: variable a of type ab<i>
recovery/normalized-src-vf/l1r/an/PBMessageALL3.java:6487: error: cannot find symbol
            var1 += a.i.g(5, this.y);
                     ^
  symbol:   variable i
  location: variable a of type ab<i>
recovery/normalized-src-vf/l1r/an/PBMessageALL3.java:6491: error: cannot find symbol
            var1 += a.i.c(6, this.z);
                     ^
  symbol:   variable i
  location: variable a of type ab<i>
recovery/normalized-src-vf/l1r/an/PBMessageALL3.java:6495: error: cannot find symbol
            var1 += a.i.g(7, this.A);
                     ^
  symbol:   variable i
  location: variable a of type ab<i>
recovery/normalized-src-vf/l1r/an/PBMessageALL3.java:6499: error: cannot find symbol
            var1 += a.i.g(8, this.B);
                     ^
  symbol:   variable i
  location: variable a of type ab<i>
recovery/normalized-src-vf/l1r/an/PBMessageALL3.java:6503: error: cannot find symbol
            var1 += a.i.g(9, this.C);
                     ^
  symbol:   variable i
  location: variable a of type ab<i>
recovery/normalized-src-vf/l1r/an/PBMessageALL3.java:6507: error: cannot find symbol
            var1 += a.i.g(10, this.D);
                     ^
  symbol:   variable i
  location: variable a of type ab<i>
recovery/normalized-src-vf/l1r/an/PBMessageALL3.java:6511: error: cannot find symbol
            var1 += a.i.g(11, this.E);
                     ^
  symbol:   variable i
  location: variable a of type ab<i>
recovery/normalized-src-vf/l1r/an/PBMessageALL3.java:6515: error: cannot find symbol
            var1 += a.i.g(12, this.F);
                     ^
  symbol:   variable i
  location: variable a of type ab<i>
recovery/normalized-src-vf/l1r/an/PBMessageALL3.java:6519: error: cannot find symbol
            var1 += a.i.g(13, this.G);
                     ^
  symbol:   variable i
  location: variable a of type ab<i>
recovery/normalized-src-vf/l1r/an/PBMessageALL3.java:6523: error: cannot find symbol
            var1 += a.i.g(14, this.H);
                     ^
  symbol:   variable i
  location: variable a of type ab<i>
recovery/normalized-src-vf/l1r/an/PBMessageALL3.java:6527: error: cannot find symbol
            var1 += a.i.g(15, this.I);
                     ^
  symbol:   variable i
  location: variable a of type ab<i>
recovery/normalized-src-vf/l1r/an/PBMessageALL3.java:6540: error: a(g) in i cannot hide a(List<? extends a.r.a>) in a.a
      public static PBMessageALL3.i a(a.g var0) throws s {
                                    ^
  return type i is not compatible with int
recovery/normalized-src-vf/l1r/an/PBMessageALL3.java:6572: error: a(h) in i cannot hide a(List<? extends a.r.a>) in a.a
      public static PBMessageALL3.i a(a.h var0) throws IOException {
                                    ^
  return type i is not compatible with int
recovery/normalized-src-vf/l1r/an/PBMessageALL3.java:6581: error: a has private access in a
         return PBMessageALL3.i.a.av();
                               ^
recovery/normalized-src-vf/l1r/an/PBMessageALL3.java:6581: error: int cannot be dereferenced
         return PBMessageALL3.i.a.av();
                                 ^
recovery/normalized-src-vf/l1r/an/PBMessageALL3.java:6593: error: reference to a is ambiguous
         return a(this);
                ^
  both method a(h) in i and method a(b) in i match
recovery/normalized-src-vf/l1r/an/PBMessageALL3.java:6593: error: incompatible types: i cannot be converted to a
         return a(this);
                 ^
recovery/normalized-src-vf/l1r/an/PBMessageALL3.java:6652: error: l1r.an.PBMessageALL3.i.a is not abstract and does not override abstract method d() in a.a.a
      public static final class a extends p.a<PBMessageALL3.i.a> implements PBMessageALL3.j {
                          ^
recovery/normalized-src-vf/l1r/an/PBMessageALL3.java:7347: error: d(h,n) in l1r.an.PBMessageALL3.i.a cannot implement d(byte[],n) in a.x.a
         public x.a d(a.h var1, n var2) throws IOException {
                    ^
  overridden method does not throw IOException
recovery/normalized-src-vf/l1r/an/PBMessageALL3.java:7341: error: c(h,n) in l1r.an.PBMessageALL3.i.a cannot implement c(byte[],n) in a.y.a
         public y.a c(a.h var1, n var2) throws IOException {
                    ^
  overridden method does not throw IOException
recovery/normalized-src-vf/l1r/an/PBMessageALL3.java:6654: error: int cannot be dereferenced
         private a.g b = a.g.d;
                          ^
recovery/normalized-src-vf/l1r/an/PBMessageALL3.java:6655: error: int cannot be dereferenced
         private a.g c = a.g.d;
                          ^
recovery/normalized-src-vf/l1r/an/PBMessageALL3.java:6659: error: int cannot be dereferenced
         private a.g g = a.g.d;
                          ^
recovery/normalized-src-vf/l1r/an/PBMessageALL3.java:6689: error: cannot find symbol
            PBMessageALL3.i.af();
                           ^
  symbol:   method af()
  location: variable i of type a
recovery/normalized-src-vf/l1r/an/PBMessageALL3.java:6698: error: int cannot be dereferenced
            this.b = a.g.d;
                      ^
recovery/normalized-src-vf/l1r/an/PBMessageALL3.java:6700: error: int cannot be dereferenced
            this.c = a.g.d;
                      ^
recovery/normalized-src-vf/l1r/an/PBMessageALL3.java:6708: error: int cannot be dereferenced
            this.g = a.g.d;
                      ^
recovery/normalized-src-vf/l1r/an/PBMessageALL3.java:6741: error: incompatible types: List<f> cannot be converted to i
            return PBMessageALL3.i.h();
                                    ^
recovery/normalized-src-vf/l1r/an/PBMessageALL3.java:6754: error: reference to i is ambiguous
            PBMessageALL3.i var1 = new PBMessageALL3.i(this, null);
                                   ^
  both constructor i(h,n) in i and constructor i(a,i) in i match
recovery/normalized-src-vf/l1r/an/PBMessageALL3.java:6847: error: incomparable types: i and List<f>
            if (var1 == PBMessageALL3.i.h()) {
                     ^
recovery/normalized-src-vf/l1r/an/PBMessageALL3.java:6924: error: a has private access in a
               var3 = PBMessageALL3.i.a.d(var1, var2);
                                     ^
recovery/normalized-src-vf/l1r/an/PBMessageALL3.java:6924: error: int cannot be dereferenced
               var3 = PBMessageALL3.i.a.d(var1, var2);
                                       ^
recovery/normalized-src-vf/l1r/an/PBMessageALL3.java:6960: error: cannot find symbol
            this.b = PBMessageALL3.i.h().p();
                                        ^
  symbol:   method p()
  location: interface List<f>
recovery/normalized-src-vf/l1r/an/PBMessageALL3.java:6988: error: cannot find symbol
            this.c = PBMessageALL3.i.h().r();
                                        ^
  symbol:   method r()
  location: interface List<f>
recovery/normalized-src-vf/l1r/an/PBMessageALL3.java:7088: error: cannot find symbol
            this.g = PBMessageALL3.i.h().z();
                                        ^
  symbol:   method z()
  location: interface List<f>
recovery/normalized-src-vf/l1r/an/PBMessageALL3.java:7127: error: name clash: class a has two methods with the same erasure, yet neither overrides the other
         public PBMessageALL3.i.a e(int var1) {
                                  ^
  first method:  e(g) in l1r.an.PBMessageALL3.i.a
  second method: e(InputStream) in a.x.a
recovery/normalized-src-vf/l1r/an/PBMessageALL3.java:7151: error: name clash: class a has two methods with the same erasure, yet neither overrides the other
         public PBMessageALL3.i.a f(int var1) {
                                  ^
  first method:  f(g) in l1r.an.PBMessageALL3.i.a
  second method: f(f) in a.x.a
recovery/normalized-src-vf/l1r/an/PBMessageALL3.java:7175: error: name clash: class a has two methods with the same erasure, yet neither overrides the other
         public PBMessageALL3.i.a g(int var1) {
                                  ^
  first method:  g(g) in l1r.an.PBMessageALL3.i.a
  second method: g(f) in a.p.a
recovery/normalized-src-vf/l1r/an/PBMessageALL3.java:7335: error: ai() in l1r.an.PBMessageALL3.i.a cannot override ai() in a.p.a
         public p.a ai() {
                    ^
  return type a.p.a is not compatible with l1r.an.PBMessageALL3.i.a
  where BuilderType is a type-variable:
    BuilderType extends a.p.a declared in class a.p.a
recovery/normalized-src-vf/l1r/an/PBMessageALL3.java:7334: error: method does not override or implement a method from a supertype
         @Override
         ^
recovery/normalized-src-vf/l1r/an/PBMessageALL3.java:7353: error: a(h,n) in l1r.an.PBMessageALL3.i.a cannot override a(byte[],n) in a.a.a
         public a.a.a a(a.h var1, n var2) throws IOException {
                      ^
  overridden method does not throw IOException
  where BuilderType#1,BuilderType#2 are type-variables:
    BuilderType#1 extends a.p.a declared in class a.p.a
    BuilderType#2 extends a.a.a declared in class a.a.a
recovery/normalized-src-vf/l1r/an/PBMessageALL3.java:7395: error: ah() in l1r.an.PBMessageALL3.i.a cannot override ah() in a.p.a
         public p.a ah() {
                    ^
  return type a.p.a is not compatible with l1r.an.PBMessageALL3.i.a
  where BuilderType is a type-variable:
    BuilderType extends a.p.a declared in class a.p.a
recovery/normalized-src-vf/l1r/an/PBMessageALL3.java:7394: error: method does not override or implement a method from a supertype
         @Override
         ^
recovery/normalized-src-vf/l1r/an/PBMessageALL4.java:40: error: cannot find symbol
      a.k.g.a var1 = new a.k.g.a() {
       ^
  symbol:   class k
  location: class a
recovery/normalized-src-vf/l1r/an/PBMessageALL4.java:40: error: cannot find symbol
      a.k.g.a var1 = new a.k.g.a() {
                          ^
  symbol:   class k
  location: class a
recovery/normalized-src-vf/l1r/an/PBMessageALL4.java:41: error: method does not override or implement a method from a supertype
         @Override
         ^
recovery/normalized-src-vf/l1r/an/PBMessageALL4.java:152: error: g has private access in g
      k.g.a(var0, new k.g[0], var1);
       ^
recovery/normalized-src-vf/l1r/an/PBMessageALL4.java:753: error: b(b) in l1r.an.PBMessageALL4.a cannot implement b(OutputStream) in y
      protected x.a b(a.p.b var1) {
                    ^
  attempting to assign weaker access privileges; was public
recovery/normalized-src-vf/l1r/an/PBMessageALL4.java:723: error: a(b) in l1r.an.PBMessageALL4.a cannot implement a(OutputStream) in y
      protected PBMessageALL4.a.a a(a.p.b var1) {
                                  ^
  attempting to assign weaker access privileges; was public
recovery/normalized-src-vf/l1r/an/PBMessageALL4.java:168: error: cannot find symbol
      public static ab<PBMessageALL4.a> a = new a.c<PBMessageALL4.a>() {
                                                 ^
  symbol:   class c
  location: class a
recovery/normalized-src-vf/l1r/an/PBMessageALL4.java:169: error: cannot find symbol
         public PBMessageALL4.a c(a.h var1, n var2) throws s {
                                   ^
  symbol:   class h
  location: class a
recovery/normalized-src-vf/l1r/an/PBMessageALL4.java:175: error: cannot find symbol
         public Object d(a.h var1, n var2) throws s {
                          ^
  symbol:   class h
  location: class a
recovery/normalized-src-vf/l1r/an/PBMessageALL4.java:174: error: method does not override or implement a method from a supertype
         @Override
         ^
recovery/normalized-src-vf/l1r/an/PBMessageALL4.java:344: error: method does not override or implement a method from a supertype
      @Override
      ^
recovery/normalized-src-vf/l1r/an/PBMessageALL4.java:349: error: method does not override or implement a method from a supertype
      @Override
      ^
recovery/normalized-src-vf/l1r/an/PBMessageALL4.java:354: error: method does not override or implement a method from a supertype
      @Override
      ^
recovery/normalized-src-vf/l1r/an/PBMessageALL4.java:359: error: method does not override or implement a method from a supertype
      @Override
      ^
recovery/normalized-src-vf/l1r/an/PBMessageALL4.java:364: error: method does not override or implement a method from a supertype
      @Override
      ^
recovery/normalized-src-vf/l1r/an/PBMessageALL4.java:369: error: method does not override or implement a method from a supertype
      @Override
      ^
recovery/normalized-src-vf/l1r/an/PBMessageALL4.java:374: error: method does not override or implement a method from a supertype
      @Override
      ^
recovery/normalized-src-vf/l1r/an/PBMessageALL4.java:379: error: method does not override or implement a method from a supertype
      @Override
      ^
recovery/normalized-src-vf/l1r/an/PBMessageALL4.java:384: error: method does not override or implement a method from a supertype
      @Override
      ^
recovery/normalized-src-vf/l1r/an/PBMessageALL4.java:389: error: method does not override or implement a method from a supertype
      @Override
      ^
recovery/normalized-src-vf/l1r/an/PBMessageALL4.java:394: error: method does not override or implement a method from a supertype
      @Override
      ^
recovery/normalized-src-vf/l1r/an/PBMessageALL4.java:399: error: method does not override or implement a method from a supertype
      @Override
      ^
recovery/normalized-src-vf/l1r/an/PBMessageALL4.java:404: error: method does not override or implement a method from a supertype
      @Override
      ^
recovery/normalized-src-vf/l1r/an/PBMessageALL4.java:409: error: method does not override or implement a method from a supertype
      @Override
      ^
recovery/normalized-src-vf/l1r/an/PBMessageALL4.java:414: error: method does not override or implement a method from a supertype
      @Override
      ^
recovery/normalized-src-vf/l1r/an/PBMessageALL4.java:419: error: method does not override or implement a method from a supertype
      @Override
      ^
recovery/normalized-src-vf/l1r/an/PBMessageALL4.java:424: error: method does not override or implement a method from a supertype
      @Override
      ^
recovery/normalized-src-vf/l1r/an/PBMessageALL4.java:429: error: method does not override or implement a method from a supertype
      @Override
      ^
recovery/normalized-src-vf/l1r/an/PBMessageALL4.java:434: error: method does not override or implement a method from a supertype
      @Override
      ^
recovery/normalized-src-vf/l1r/an/PBMessageALL4.java:439: error: method does not override or implement a method from a supertype
      @Override
      ^
recovery/normalized-src-vf/l1r/an/PBMessageALL4.java:444: error: method does not override or implement a method from a supertype
      @Override
      ^
recovery/normalized-src-vf/l1r/an/PBMessageALL4.java:449: error: method does not override or implement a method from a supertype
      @Override
      ^
recovery/normalized-src-vf/l1r/an/PBMessageALL4.java:454: error: method does not override or implement a method from a supertype
      @Override
      ^
recovery/normalized-src-vf/l1r/an/PBMessageALL4.java:459: error: method does not override or implement a method from a supertype
      @Override
      ^
recovery/normalized-src-vf/l1r/an/PBMessageALL4.java:464: error: method does not override or implement a method from a supertype
      @Override
      ^
recovery/normalized-src-vf/l1r/an/PBMessageALL4.java:469: error: method does not override or implement a method from a supertype
      @Override
      ^
recovery/normalized-src-vf/l1r/an/PBMessageALL4.java:474: error: method does not override or implement a method from a supertype
      @Override
      ^
recovery/normalized-src-vf/l1r/an/PBMessageALL4.java:479: error: method does not override or implement a method from a supertype
      @Override
      ^
recovery/normalized-src-vf/l1r/an/PBMessageALL4.java:484: error: method does not override or implement a method from a supertype
      @Override
      ^
recovery/normalized-src-vf/l1r/an/PBMessageALL4.java:489: error: method does not override or implement a method from a supertype
      @Override
      ^
recovery/normalized-src-vf/l1r/an/PBMessageALL4.java:524: error: a(i) in l1r.an.PBMessageALL4.a cannot override a(List<? extends a.r.a>) in a.a
      public void a(a.i var1) throws IOException {
                  ^
  overridden method is static
recovery/normalized-src-vf/l1r/an/PBMessageALL4.java:598: error: cannot find symbol
            var1 += a.i.g(1, this.u);
                     ^
  symbol:   variable i
  location: variable a of type ab<a>
recovery/normalized-src-vf/l1r/an/PBMessageALL4.java:602: error: cannot find symbol
            var1 += a.i.g(2, this.v);
                     ^
  symbol:   variable i
  location: variable a of type ab<a>
recovery/normalized-src-vf/l1r/an/PBMessageALL4.java:606: error: cannot find symbol
            var1 += a.i.g(3, this.w);
                     ^
  symbol:   variable i
  location: variable a of type ab<a>
recovery/normalized-src-vf/l1r/an/PBMessageALL4.java:610: error: cannot find symbol
            var1 += a.i.g(4, this.x);
                     ^
  symbol:   variable i
  location: variable a of type ab<a>
recovery/normalized-src-vf/l1r/an/PBMessageALL4.java:614: error: cannot find symbol
            var1 += a.i.g(5, this.y);
                     ^
  symbol:   variable i
  location: variable a of type ab<a>
recovery/normalized-src-vf/l1r/an/PBMessageALL4.java:618: error: cannot find symbol
            var1 += a.i.g(6, this.z);
                     ^
  symbol:   variable i
  location: variable a of type ab<a>
recovery/normalized-src-vf/l1r/an/PBMessageALL4.java:622: error: cannot find symbol
            var1 += a.i.g(7, this.A);
                     ^
  symbol:   variable i
  location: variable a of type ab<a>
recovery/normalized-src-vf/l1r/an/PBMessageALL4.java:626: error: cannot find symbol
            var1 += a.i.g(8, this.B);
                     ^
  symbol:   variable i
  location: variable a of type ab<a>
recovery/normalized-src-vf/l1r/an/PBMessageALL4.java:630: error: cannot find symbol
            var1 += a.i.g(9, this.C);
                     ^
  symbol:   variable i
  location: variable a of type ab<a>
recovery/normalized-src-vf/l1r/an/PBMessageALL4.java:634: error: cannot find symbol
            var1 += a.i.g(10, this.D);
                     ^
  symbol:   variable i
  location: variable a of type ab<a>
recovery/normalized-src-vf/l1r/an/PBMessageALL4.java:638: error: cannot find symbol
            var1 += a.i.g(11, this.E);
                     ^
  symbol:   variable i
  location: variable a of type ab<a>
recovery/normalized-src-vf/l1r/an/PBMessageALL4.java:642: error: cannot find symbol
            var1 += a.i.g(12, this.F);
                     ^
  symbol:   variable i
  location: variable a of type ab<a>
recovery/normalized-src-vf/l1r/an/PBMessageALL4.java:646: error: cannot find symbol
            var1 += a.i.g(13, this.G);
                     ^
  symbol:   variable i
  location: variable a of type ab<a>
recovery/normalized-src-vf/l1r/an/PBMessageALL4.java:650: error: cannot find symbol
            var1 += a.i.g(14, this.H);
                     ^
  symbol:   variable i
  location: variable a of type ab<a>
recovery/normalized-src-vf/l1r/an/PBMessageALL4.java:654: error: cannot find symbol
            var1 += a.i.g(15, this.I);
                     ^
  symbol:   variable i
  location: variable a of type ab<a>
recovery/normalized-src-vf/l1r/an/PBMessageALL4.java:667: error: a(g) in l1r.an.PBMessageALL4.a cannot hide a(List<? extends a.r.a>) in a.a
      public static PBMessageALL4.a a(a.g var0) throws s {
                                    ^
  return type l1r.an.PBMessageALL4.a is not compatible with int
recovery/normalized-src-vf/l1r/an/PBMessageALL4.java:699: error: a(h) in l1r.an.PBMessageALL4.a cannot hide a(List<? extends a.r.a>) in a.a
      public static PBMessageALL4.a a(a.h var0) throws IOException {
                                    ^
  return type l1r.an.PBMessageALL4.a is not compatible with int
recovery/normalized-src-vf/l1r/an/PBMessageALL4.java:708: error: a has private access in a
         return PBMessageALL4.a.a.av();
                               ^
recovery/normalized-src-vf/l1r/an/PBMessageALL4.java:708: error: int cannot be dereferenced
         return PBMessageALL4.a.a.av();
                                 ^
recovery/normalized-src-vf/l1r/an/PBMessageALL4.java:716: error: incompatible types: a.a.a cannot be converted to a.p.a
         return aa().a(var0);
                      ^
recovery/normalized-src-vf/l1r/an/PBMessageALL4.java:720: error: reference to a is ambiguous
         return a(this);
                ^
  both method a(h) in l1r.an.PBMessageALL4.a and method a(b) in l1r.an.PBMessageALL4.a match
recovery/normalized-src-vf/l1r/an/PBMessageALL4.java:720: error: incompatible types: l1r.an.PBMessageALL4.a cannot be converted to a.p.a
         return a(this);
                 ^
recovery/normalized-src-vf/l1r/an/PBMessageALL4.java:1462: error: d(h,n) in l1r.an.PBMessageALL4.a.a cannot implement d(byte[],n) in a.x.a
         public x.a d(a.h var1, n var2) throws IOException {
                    ^
  overridden method does not throw IOException
recovery/normalized-src-vf/l1r/an/PBMessageALL4.java:1456: error: c(h,n) in l1r.an.PBMessageALL4.a.a cannot implement c(byte[],n) in a.y.a
         public y.a c(a.h var1, n var2) throws IOException {
                    ^
  overridden method does not throw IOException
recovery/normalized-src-vf/l1r/an/PBMessageALL4.java:816: error: cannot find symbol
            PBMessageALL4.a.af();
                           ^
  symbol:   method af()
  location: variable a of type a
recovery/normalized-src-vf/l1r/an/PBMessageALL4.java:868: error: incompatible types: List<f> cannot be converted to a
            return PBMessageALL4.a.h();
                                    ^
recovery/normalized-src-vf/l1r/an/PBMessageALL4.java:881: error: reference to a is ambiguous
            PBMessageALL4.a var1 = new PBMessageALL4.a(this, null);
                                   ^
  both constructor l1r.an.PBMessageALL4.a(h,n) in l1r.an.PBMessageALL4.a and constructor l1r.an.PBMessageALL4.a(a.p.a,l1r.an.PBMessageALL4.a) in l1r.an.PBMessageALL4.a match
recovery/normalized-src-vf/l1r/an/PBMessageALL4.java:974: error: incomparable types: a and List<f>
            if (var1 == PBMessageALL4.a.h()) {
                     ^
recovery/normalized-src-vf/l1r/an/PBMessageALL4.java:1051: error: a has private access in a
               var3 = PBMessageALL4.a.a.d(var1, var2);
                                     ^
recovery/normalized-src-vf/l1r/an/PBMessageALL4.java:1051: error: int cannot be dereferenced
               var3 = PBMessageALL4.a.a.d(var1, var2);
                                       ^
recovery/normalized-src-vf/l1r/an/PBMessageALL4.java:1450: error: ai() in l1r.an.PBMessageALL4.a.a cannot override ai() in a.p.a
         public p.a ai() {
                    ^
  return type a.p.a is not compatible with l1r.an.PBMessageALL4.a.a
  where BuilderType is a type-variable:
    BuilderType extends a.p.a declared in class a.p.a
recovery/normalized-src-vf/l1r/an/PBMessageALL4.java:1449: error: method does not override or implement a method from a supertype
         @Override
         ^
recovery/normalized-src-vf/l1r/an/PBMessageALL4.java:1468: error: a(h,n) in l1r.an.PBMessageALL4.a.a cannot override a(byte[],n) in a.a.a
         public a.a.a a(a.h var1, n var2) throws IOException {
                      ^
  overridden method does not throw IOException
  where BuilderType#1,BuilderType#2 are type-variables:
    BuilderType#1 extends a.p.a declared in class a.p.a
    BuilderType#2 extends a.a.a declared in class a.a.a
recovery/normalized-src-vf/l1r/an/PBMessageALL4.java:1510: error: ah() in l1r.an.PBMessageALL4.a.a cannot override ah() in a.p.a
         public p.a ah() {
                    ^
  return type a.p.a is not compatible with l1r.an.PBMessageALL4.a.a
  where BuilderType is a type-variable:
    BuilderType extends a.p.a declared in class a.p.a
recovery/normalized-src-vf/l1r/an/PBMessageALL4.java:1509: error: method does not override or implement a method from a supertype
         @Override
         ^
recovery/normalized-src-vf/l1r/an/PBMessageALL4.java:2183: error: b(b) in c cannot implement b(OutputStream) in y
      protected x.a b(a.p.b var1) {
                    ^
  attempting to assign weaker access privileges; was public
recovery/normalized-src-vf/l1r/an/PBMessageALL4.java:2153: error: a(b) in c cannot implement a(OutputStream) in y
      protected PBMessageALL4.c.a a(a.p.b var1) {
                                  ^
  attempting to assign weaker access privileges; was public
recovery/normalized-src-vf/l1r/an/PBMessageALL4.java:1598: error: cannot find symbol
      public static ab<PBMessageALL4.c> a = new a.c<PBMessageALL4.c>() {
                                                 ^
  symbol:   class c
  location: class a
recovery/normalized-src-vf/l1r/an/PBMessageALL4.java:1599: error: cannot find symbol
         public PBMessageALL4.c c(a.h var1, n var2) throws s {
                                   ^
  symbol:   class h
  location: class a
recovery/normalized-src-vf/l1r/an/PBMessageALL4.java:1605: error: cannot find symbol
         public Object d(a.h var1, n var2) throws s {
                          ^
  symbol:   class h
  location: class a
recovery/normalized-src-vf/l1r/an/PBMessageALL4.java:1604: error: method does not override or implement a method from a supertype
         @Override
         ^
recovery/normalized-src-vf/l1r/an/PBMessageALL4.java:1926: error: cannot find symbol
         this.v = a.g.d;
                   ^
  symbol:   variable g
  location: variable a of type ab<c>
recovery/normalized-src-vf/l1r/an/PBMessageALL4.java:1927: error: cannot find symbol
         this.w = a.g.d;
                   ^
  symbol:   variable g
  location: variable a of type ab<c>
recovery/normalized-src-vf/l1r/an/PBMessageALL4.java:1954: error: a(i) in c cannot override a(List<? extends a.r.a>) in a.a
      public void a(a.i var1) throws IOException {
                  ^
  overridden method is static
recovery/normalized-src-vf/l1r/an/PBMessageALL4.java:2028: error: cannot find symbol
            var1 += a.i.g(1, this.u);
                     ^
  symbol:   variable i
  location: variable a of type ab<c>
recovery/normalized-src-vf/l1r/an/PBMessageALL4.java:2032: error: cannot find symbol
            var1 += a.i.c(2, this.v);
                     ^
  symbol:   variable i
  location: variable a of type ab<c>
recovery/normalized-src-vf/l1r/an/PBMessageALL4.java:2036: error: cannot find symbol
            var1 += a.i.c(3, this.w);
                     ^
  symbol:   variable i
  location: variable a of type ab<c>
recovery/normalized-src-vf/l1r/an/PBMessageALL4.java:2040: error: cannot find symbol
            var1 += a.i.g(4, this.x);
                     ^
  symbol:   variable i
  location: variable a of type ab<c>
recovery/normalized-src-vf/l1r/an/PBMessageALL4.java:2044: error: cannot find symbol
            var1 += a.i.g(5, this.y);
                     ^
  symbol:   variable i
  location: variable a of type ab<c>
recovery/normalized-src-vf/l1r/an/PBMessageALL4.java:2048: error: cannot find symbol
            var1 += a.i.g(6, this.z);
                     ^
  symbol:   variable i
  location: variable a of type ab<c>
recovery/normalized-src-vf/l1r/an/PBMessageALL4.java:2052: error: cannot find symbol
            var1 += a.i.g(7, this.A);
                     ^
  symbol:   variable i
  location: variable a of type ab<c>
recovery/normalized-src-vf/l1r/an/PBMessageALL4.java:2056: error: cannot find symbol
            var1 += a.i.g(8, this.B);
                     ^
  symbol:   variable i
  location: variable a of type ab<c>
recovery/normalized-src-vf/l1r/an/PBMessageALL4.java:2060: error: cannot find symbol
            var1 += a.i.g(9, this.C);
                     ^
  symbol:   variable i
  location: variable a of type ab<c>
recovery/normalized-src-vf/l1r/an/PBMessageALL4.java:2064: error: cannot find symbol
            var1 += a.i.g(10, this.D);
                     ^
  symbol:   variable i
  location: variable a of type ab<c>
recovery/normalized-src-vf/l1r/an/PBMessageALL4.java:2068: error: cannot find symbol
            var1 += a.i.g(11, this.E);
                     ^
  symbol:   variable i
  location: variable a of type ab<c>
recovery/normalized-src-vf/l1r/an/PBMessageALL4.java:2072: error: cannot find symbol
            var1 += a.i.g(12, this.F);
                     ^
  symbol:   variable i
  location: variable a of type ab<c>
recovery/normalized-src-vf/l1r/an/PBMessageALL4.java:2076: error: cannot find symbol
            var1 += a.i.g(13, this.G);
                     ^
  symbol:   variable i
  location: variable a of type ab<c>
recovery/normalized-src-vf/l1r/an/PBMessageALL4.java:2080: error: cannot find symbol
            var1 += a.i.g(14, this.H);
                     ^
  symbol:   variable i
  location: variable a of type ab<c>
recovery/normalized-src-vf/l1r/an/PBMessageALL4.java:2084: error: cannot find symbol
            var1 += a.i.g(15, this.I);
                     ^
  symbol:   variable i
  location: variable a of type ab<c>
recovery/normalized-src-vf/l1r/an/PBMessageALL4.java:2097: error: a(g) in c cannot hide a(List<? extends a.r.a>) in a.a
      public static PBMessageALL4.c a(a.g var0) throws s {
                                    ^
  return type c is not compatible with int
recovery/normalized-src-vf/l1r/an/PBMessageALL4.java:2129: error: a(h) in c cannot hide a(List<? extends a.r.a>) in a.a
      public static PBMessageALL4.c a(a.h var0) throws IOException {
                                    ^
  return type c is not compatible with int
recovery/normalized-src-vf/l1r/an/PBMessageALL4.java:2138: error: a has private access in a
         return PBMessageALL4.c.a.av();
                               ^
recovery/normalized-src-vf/l1r/an/PBMessageALL4.java:2138: error: int cannot be dereferenced
         return PBMessageALL4.c.a.av();
                                 ^
recovery/normalized-src-vf/l1r/an/PBMessageALL4.java:2150: error: reference to a is ambiguous
         return a(this);
                ^
  both method a(h) in c and method a(b) in c match
recovery/normalized-src-vf/l1r/an/PBMessageALL4.java:2150: error: incompatible types: c cannot be converted to a
         return a(this);
                 ^
recovery/normalized-src-vf/l1r/an/PBMessageALL4.java:2209: error: l1r.an.PBMessageALL4.c.a is not abstract and does not override abstract method d() in a.a.a
      public static final class a extends p.a<PBMessageALL4.c.a> implements PBMessageALL4.d {
                          ^
recovery/normalized-src-vf/l1r/an/PBMessageALL4.java:2904: error: d(h,n) in l1r.an.PBMessageALL4.c.a cannot implement d(byte[],n) in a.x.a
         public x.a d(a.h var1, n var2) throws IOException {
                    ^
  overridden method does not throw IOException
recovery/normalized-src-vf/l1r/an/PBMessageALL4.java:2898: error: c(h,n) in l1r.an.PBMessageALL4.c.a cannot implement c(byte[],n) in a.y.a
         public y.a c(a.h var1, n var2) throws IOException {
                    ^
  overridden method does not throw IOException
recovery/normalized-src-vf/l1r/an/PBMessageALL4.java:2237: error: int cannot be dereferenced
            this.c = a.g.d;
                      ^
recovery/normalized-src-vf/l1r/an/PBMessageALL4.java:2238: error: int cannot be dereferenced
            this.d = a.g.d;
                      ^
recovery/normalized-src-vf/l1r/an/PBMessageALL4.java:2244: error: int cannot be dereferenced
            this.c = a.g.d;
                      ^
recovery/normalized-src-vf/l1r/an/PBMessageALL4.java:2245: error: int cannot be dereferenced
            this.d = a.g.d;
                      ^
recovery/normalized-src-vf/l1r/an/PBMessageALL4.java:2250: error: cannot find symbol
            PBMessageALL4.c.af();
                           ^
  symbol:   method af()
  location: variable c of type a
recovery/normalized-src-vf/l1r/an/PBMessageALL4.java:2261: error: int cannot be dereferenced
            this.c = a.g.d;
                      ^
recovery/normalized-src-vf/l1r/an/PBMessageALL4.java:2263: error: int cannot be dereferenced
            this.d = a.g.d;
                      ^
recovery/normalized-src-vf/l1r/an/PBMessageALL4.java:2302: error: incompatible types: List<f> cannot be converted to c
            return PBMessageALL4.c.h();
                                    ^
recovery/normalized-src-vf/l1r/an/PBMessageALL4.java:2315: error: reference to c is ambiguous
            PBMessageALL4.c var1 = new PBMessageALL4.c(this, null);
                                   ^
  both constructor c(h,n) in c and constructor c(a,c) in c match
recovery/normalized-src-vf/l1r/an/PBMessageALL4.java:2408: error: incomparable types: c and List<f>
            if (var1 == PBMessageALL4.c.h()) {
                     ^
recovery/normalized-src-vf/l1r/an/PBMessageALL4.java:2485: error: a has private access in a
               var3 = PBMessageALL4.c.a.d(var1, var2);
                                     ^
recovery/normalized-src-vf/l1r/an/PBMessageALL4.java:2485: error: int cannot be dereferenced
               var3 = PBMessageALL4.c.a.d(var1, var2);
                                       ^
recovery/normalized-src-vf/l1r/an/PBMessageALL4.java:2545: error: cannot find symbol
            this.c = PBMessageALL4.c.h().r();
                                        ^
  symbol:   method r()
  location: interface List<f>
recovery/normalized-src-vf/l1r/an/PBMessageALL4.java:2573: error: cannot find symbol
            this.d = PBMessageALL4.c.h().t();
                                        ^
  symbol:   method t()
  location: interface List<f>
recovery/normalized-src-vf/l1r/an/PBMessageALL4.java:2732: error: name clash: class a has two methods with the same erasure, yet neither overrides the other
         public PBMessageALL4.c.a e(int var1) {
                                  ^
  first method:  e(g) in l1r.an.PBMessageALL4.c.a
  second method: e(InputStream) in a.x.a
recovery/normalized-src-vf/l1r/an/PBMessageALL4.java:2756: error: name clash: class a has two methods with the same erasure, yet neither overrides the other
         public PBMessageALL4.c.a f(int var1) {
                                  ^
  first method:  f(g) in l1r.an.PBMessageALL4.c.a
  second method: f(f) in a.x.a
recovery/normalized-src-vf/l1r/an/PBMessageALL4.java:2892: error: ai() in l1r.an.PBMessageALL4.c.a cannot override ai() in a.p.a
         public p.a ai() {
                    ^
  return type a.p.a is not compatible with l1r.an.PBMessageALL4.c.a
  where BuilderType is a type-variable:
    BuilderType extends a.p.a declared in class a.p.a
recovery/normalized-src-vf/l1r/an/PBMessageALL4.java:2891: error: method does not override or implement a method from a supertype
         @Override
         ^
recovery/normalized-src-vf/l1r/an/PBMessageALL4.java:2910: error: a(h,n) in l1r.an.PBMessageALL4.c.a cannot override a(byte[],n) in a.a.a
         public a.a.a a(a.h var1, n var2) throws IOException {
                      ^
  overridden method does not throw IOException
  where BuilderType#1,BuilderType#2 are type-variables:
    BuilderType#1 extends a.p.a declared in class a.p.a
    BuilderType#2 extends a.a.a declared in class a.a.a
recovery/normalized-src-vf/l1r/an/PBMessageALL4.java:2952: error: ah() in l1r.an.PBMessageALL4.c.a cannot override ah() in a.p.a
         public p.a ah() {
                    ^
  return type a.p.a is not compatible with l1r.an.PBMessageALL4.c.a
  where BuilderType is a type-variable:
    BuilderType extends a.p.a declared in class a.p.a
recovery/normalized-src-vf/l1r/an/PBMessageALL4.java:2951: error: method does not override or implement a method from a supertype
         @Override
         ^
recovery/normalized-src-vf/l1r/an/PBMessageALL4.java:3625: error: b(b) in e cannot implement b(OutputStream) in y
      protected x.a b(a.p.b var1) {
                    ^
  attempting to assign weaker access privileges; was public
recovery/normalized-src-vf/l1r/an/PBMessageALL4.java:3595: error: a(b) in e cannot implement a(OutputStream) in y
      protected PBMessageALL4.e.a a(a.p.b var1) {
                                  ^
  attempting to assign weaker access privileges; was public
recovery/normalized-src-vf/l1r/an/PBMessageALL4.java:3040: error: cannot find symbol
      public static ab<PBMessageALL4.e> a = new a.c<PBMessageALL4.e>() {
                                                 ^
  symbol:   class c
  location: class a
recovery/normalized-src-vf/l1r/an/PBMessageALL4.java:3041: error: cannot find symbol
         public PBMessageALL4.e c(a.h var1, n var2) throws s {
                                   ^
  symbol:   class h
  location: class a
recovery/normalized-src-vf/l1r/an/PBMessageALL4.java:3047: error: cannot find symbol
         public Object d(a.h var1, n var2) throws s {
                          ^
  symbol:   class h
  location: class a
recovery/normalized-src-vf/l1r/an/PBMessageALL4.java:3046: error: method does not override or implement a method from a supertype
         @Override
         ^
recovery/normalized-src-vf/l1r/an/PBMessageALL4.java:3371: error: cannot find symbol
         this.y = a.g.d;
                   ^
  symbol:   variable g
  location: variable a of type ab<e>
recovery/normalized-src-vf/l1r/an/PBMessageALL4.java:3396: error: a(i) in e cannot override a(List<? extends a.r.a>) in a.a
      public void a(a.i var1) throws IOException {
                  ^
  overridden method is static
recovery/normalized-src-vf/l1r/an/PBMessageALL4.java:3470: error: cannot find symbol
            var1 += a.i.g(1, this.u);
                     ^
  symbol:   variable i
  location: variable a of type ab<e>
recovery/normalized-src-vf/l1r/an/PBMessageALL4.java:3474: error: cannot find symbol
            var1 += a.i.g(2, this.v);
                     ^
  symbol:   variable i
  location: variable a of type ab<e>
recovery/normalized-src-vf/l1r/an/PBMessageALL4.java:3478: error: cannot find symbol
            var1 += a.i.g(3, this.w);
                     ^
  symbol:   variable i
  location: variable a of type ab<e>
recovery/normalized-src-vf/l1r/an/PBMessageALL4.java:3482: error: cannot find symbol
            var1 += a.i.g(4, this.x);
                     ^
  symbol:   variable i
  location: variable a of type ab<e>
recovery/normalized-src-vf/l1r/an/PBMessageALL4.java:3486: error: cannot find symbol
            var1 += a.i.c(5, this.y);
                     ^
  symbol:   variable i
  location: variable a of type ab<e>
recovery/normalized-src-vf/l1r/an/PBMessageALL4.java:3490: error: cannot find symbol
            var1 += a.i.g(6, this.z);
                     ^
  symbol:   variable i
  location: variable a of type ab<e>
recovery/normalized-src-vf/l1r/an/PBMessageALL4.java:3494: error: cannot find symbol
            var1 += a.i.g(7, this.A);
                     ^
  symbol:   variable i
  location: variable a of type ab<e>
recovery/normalized-src-vf/l1r/an/PBMessageALL4.java:3498: error: cannot find symbol
            var1 += a.i.g(8, this.B);
                     ^
  symbol:   variable i
  location: variable a of type ab<e>
recovery/normalized-src-vf/l1r/an/PBMessageALL4.java:3502: error: cannot find symbol
            var1 += a.i.g(9, this.C);
                     ^
  symbol:   variable i
  location: variable a of type ab<e>
recovery/normalized-src-vf/l1r/an/PBMessageALL4.java:3506: error: cannot find symbol
            var1 += a.i.g(10, this.D);
                     ^
  symbol:   variable i
  location: variable a of type ab<e>
recovery/normalized-src-vf/l1r/an/PBMessageALL4.java:3510: error: cannot find symbol
            var1 += a.i.g(11, this.E);
                     ^
  symbol:   variable i
  location: variable a of type ab<e>
recovery/normalized-src-vf/l1r/an/PBMessageALL4.java:3514: error: cannot find symbol
            var1 += a.i.g(12, this.F);
                     ^
  symbol:   variable i
  location: variable a of type ab<e>
recovery/normalized-src-vf/l1r/an/PBMessageALL4.java:3518: error: cannot find symbol
            var1 += a.i.g(13, this.G);
                     ^
  symbol:   variable i
  location: variable a of type ab<e>
recovery/normalized-src-vf/l1r/an/PBMessageALL4.java:3522: error: cannot find symbol
            var1 += a.i.g(14, this.H);
                     ^
  symbol:   variable i
  location: variable a of type ab<e>
recovery/normalized-src-vf/l1r/an/PBMessageALL4.java:3526: error: cannot find symbol
            var1 += a.i.g(15, this.I);
                     ^
  symbol:   variable i
  location: variable a of type ab<e>
recovery/normalized-src-vf/l1r/an/PBMessageALL4.java:3539: error: a(g) in e cannot hide a(List<? extends a.r.a>) in a.a
      public static PBMessageALL4.e a(a.g var0) throws s {
                                    ^
  return type e is not compatible with int
recovery/normalized-src-vf/l1r/an/PBMessageALL4.java:3571: error: a(h) in e cannot hide a(List<? extends a.r.a>) in a.a
      public static PBMessageALL4.e a(a.h var0) throws IOException {
                                    ^
  return type e is not compatible with int
recovery/normalized-src-vf/l1r/an/PBMessageALL4.java:3580: error: a has private access in a
         return PBMessageALL4.e.a.av();
                               ^
recovery/normalized-src-vf/l1r/an/PBMessageALL4.java:3580: error: int cannot be dereferenced
         return PBMessageALL4.e.a.av();
                                 ^
recovery/normalized-src-vf/l1r/an/PBMessageALL4.java:3592: error: reference to a is ambiguous
         return a(this);
                ^
  both method a(h) in e and method a(b) in e match
recovery/normalized-src-vf/l1r/an/PBMessageALL4.java:3592: error: incompatible types: e cannot be converted to a
         return a(this);
                 ^
recovery/normalized-src-vf/l1r/an/PBMessageALL4.java:3651: error: l1r.an.PBMessageALL4.e.a is not abstract and does not override abstract method d() in a.a.a
      public static final class a extends p.a<PBMessageALL4.e.a> implements PBMessageALL4.f {
                          ^
recovery/normalized-src-vf/l1r/an/PBMessageALL4.java:4338: error: d(h,n) in l1r.an.PBMessageALL4.e.a cannot implement d(byte[],n) in a.x.a
         public x.a d(a.h var1, n var2) throws IOException {
                    ^
  overridden method does not throw IOException
recovery/normalized-src-vf/l1r/an/PBMessageALL4.java:4332: error: c(h,n) in l1r.an.PBMessageALL4.e.a cannot implement c(byte[],n) in a.y.a
         public y.a c(a.h var1, n var2) throws IOException {
                    ^
  overridden method does not throw IOException
recovery/normalized-src-vf/l1r/an/PBMessageALL4.java:3657: error: int cannot be dereferenced
         private a.g f = a.g.d;
                          ^
recovery/normalized-src-vf/l1r/an/PBMessageALL4.java:3688: error: cannot find symbol
            PBMessageALL4.e.af();
                           ^
  symbol:   method af()
  location: variable e of type a
recovery/normalized-src-vf/l1r/an/PBMessageALL4.java:3705: error: int cannot be dereferenced
            this.f = a.g.d;
                      ^
recovery/normalized-src-vf/l1r/an/PBMessageALL4.java:3740: error: incompatible types: List<f> cannot be converted to e
            return PBMessageALL4.e.h();
                                    ^
recovery/normalized-src-vf/l1r/an/PBMessageALL4.java:3753: error: reference to e is ambiguous
            PBMessageALL4.e var1 = new PBMessageALL4.e(this, null);
                                   ^
  both constructor e(h,n) in e and constructor e(a,e) in e match
recovery/normalized-src-vf/l1r/an/PBMessageALL4.java:3846: error: incomparable types: e and List<f>
            if (var1 == PBMessageALL4.e.h()) {
                     ^
recovery/normalized-src-vf/l1r/an/PBMessageALL4.java:3923: error: a has private access in a
               var3 = PBMessageALL4.e.a.d(var1, var2);
                                     ^
recovery/normalized-src-vf/l1r/an/PBMessageALL4.java:3923: error: int cannot be dereferenced
               var3 = PBMessageALL4.e.a.d(var1, var2);
                                       ^
recovery/normalized-src-vf/l1r/an/PBMessageALL4.java:4055: error: cannot find symbol
            this.f = PBMessageALL4.e.h().x();
                                        ^
  symbol:   method x()
  location: interface List<f>
recovery/normalized-src-vf/l1r/an/PBMessageALL4.java:4070: error: name clash: class a has two methods with the same erasure, yet neither overrides the other
         public PBMessageALL4.e.a e(int var1) {
                                  ^
  first method:  e(g) in l1r.an.PBMessageALL4.e.a
  second method: e(InputStream) in a.x.a
recovery/normalized-src-vf/l1r/an/PBMessageALL4.java:4326: error: ai() in l1r.an.PBMessageALL4.e.a cannot override ai() in a.p.a
         public p.a ai() {
                    ^
  return type a.p.a is not compatible with l1r.an.PBMessageALL4.e.a
  where BuilderType is a type-variable:
    BuilderType extends a.p.a declared in class a.p.a
recovery/normalized-src-vf/l1r/an/PBMessageALL4.java:4325: error: method does not override or implement a method from a supertype
         @Override
         ^
recovery/normalized-src-vf/l1r/an/PBMessageALL4.java:4344: error: a(h,n) in l1r.an.PBMessageALL4.e.a cannot override a(byte[],n) in a.a.a
         public a.a.a a(a.h var1, n var2) throws IOException {
                      ^
  overridden method does not throw IOException
  where BuilderType#1,BuilderType#2 are type-variables:
    BuilderType#1 extends a.p.a declared in class a.p.a
    BuilderType#2 extends a.a.a declared in class a.a.a
recovery/normalized-src-vf/l1r/an/PBMessageALL4.java:4386: error: ah() in l1r.an.PBMessageALL4.e.a cannot override ah() in a.p.a
         public p.a ah() {
                    ^
  return type a.p.a is not compatible with l1r.an.PBMessageALL4.e.a
  where BuilderType is a type-variable:
    BuilderType extends a.p.a declared in class a.p.a
recovery/normalized-src-vf/l1r/an/PBMessageALL4.java:4385: error: method does not override or implement a method from a supertype
         @Override
         ^
recovery/normalized-src-vf/l1r/an/PBMessageALL4.java:5059: error: b(b) in g cannot implement b(OutputStream) in y
      protected x.a b(a.p.b var1) {
                    ^
  attempting to assign weaker access privileges; was public
recovery/normalized-src-vf/l1r/an/PBMessageALL4.java:5029: error: a(b) in g cannot implement a(OutputStream) in y
      protected PBMessageALL4.g.a a(a.p.b var1) {
                                  ^
  attempting to assign weaker access privileges; was public
recovery/normalized-src-vf/l1r/an/PBMessageALL4.java:4474: error: cannot find symbol
      public static ab<PBMessageALL4.g> a = new a.c<PBMessageALL4.g>() {
                                                 ^
  symbol:   class c
  location: class a
recovery/normalized-src-vf/l1r/an/PBMessageALL4.java:4475: error: cannot find symbol
         public PBMessageALL4.g c(a.h var1, n var2) throws s {
                                   ^
  symbol:   class h
  location: class a
recovery/normalized-src-vf/l1r/an/PBMessageALL4.java:4481: error: cannot find symbol
         public Object d(a.h var1, n var2) throws s {
                          ^
  symbol:   class h
  location: class a
recovery/normalized-src-vf/l1r/an/PBMessageALL4.java:4480: error: method does not override or implement a method from a supertype
         @Override
         ^
recovery/normalized-src-vf/l1r/an/PBMessageALL4.java:4803: error: cannot find symbol
         this.w = a.g.d;
                   ^
  symbol:   variable g
  location: variable a of type ab<g>
recovery/normalized-src-vf/l1r/an/PBMessageALL4.java:4806: error: cannot find symbol
         this.z = a.g.d;
                   ^
  symbol:   variable g
  location: variable a of type ab<g>
recovery/normalized-src-vf/l1r/an/PBMessageALL4.java:4809: error: cannot find symbol
         this.C = a.g.d;
                   ^
  symbol:   variable g
  location: variable a of type ab<g>
recovery/normalized-src-vf/l1r/an/PBMessageALL4.java:4830: error: a(i) in g cannot override a(List<? extends a.r.a>) in a.a
      public void a(a.i var1) throws IOException {
                  ^
  overridden method is static
recovery/normalized-src-vf/l1r/an/PBMessageALL4.java:4904: error: cannot find symbol
            var1 += a.i.g(1, this.u);
                     ^
  symbol:   variable i
  location: variable a of type ab<g>
recovery/normalized-src-vf/l1r/an/PBMessageALL4.java:4908: error: cannot find symbol
            var1 += a.i.g(2, this.v);
                     ^
  symbol:   variable i
  location: variable a of type ab<g>
recovery/normalized-src-vf/l1r/an/PBMessageALL4.java:4912: error: cannot find symbol
            var1 += a.i.c(3, this.w);
                     ^
  symbol:   variable i
  location: variable a of type ab<g>
recovery/normalized-src-vf/l1r/an/PBMessageALL4.java:4916: error: cannot find symbol
            var1 += a.i.g(4, this.x);
                     ^
  symbol:   variable i
  location: variable a of type ab<g>
recovery/normalized-src-vf/l1r/an/PBMessageALL4.java:4920: error: cannot find symbol
            var1 += a.i.g(5, this.y);
                     ^
  symbol:   variable i
  location: variable a of type ab<g>
recovery/normalized-src-vf/l1r/an/PBMessageALL4.java:4924: error: cannot find symbol
            var1 += a.i.c(6, this.z);
                     ^
  symbol:   variable i
  location: variable a of type ab<g>
recovery/normalized-src-vf/l1r/an/PBMessageALL4.java:4928: error: cannot find symbol
            var1 += a.i.g(7, this.A);
                     ^
  symbol:   variable i
  location: variable a of type ab<g>
recovery/normalized-src-vf/l1r/an/PBMessageALL4.java:4932: error: cannot find symbol
            var1 += a.i.g(8, this.B);
                     ^
  symbol:   variable i
  location: variable a of type ab<g>
recovery/normalized-src-vf/l1r/an/PBMessageALL4.java:4936: error: cannot find symbol
            var1 += a.i.c(9, this.C);
                     ^
  symbol:   variable i
  location: variable a of type ab<g>
recovery/normalized-src-vf/l1r/an/PBMessageALL4.java:4940: error: cannot find symbol
            var1 += a.i.g(10, this.D);
                     ^
  symbol:   variable i
  location: variable a of type ab<g>
recovery/normalized-src-vf/l1r/an/PBMessageALL4.java:4944: error: cannot find symbol
            var1 += a.i.g(11, this.E);
                     ^
  symbol:   variable i
  location: variable a of type ab<g>
recovery/normalized-src-vf/l1r/an/PBMessageALL4.java:4948: error: cannot find symbol
            var1 += a.i.g(12, this.F);
                     ^
  symbol:   variable i
  location: variable a of type ab<g>
recovery/normalized-src-vf/l1r/an/PBMessageALL4.java:4952: error: cannot find symbol
            var1 += a.i.g(13, this.G);
                     ^
  symbol:   variable i
  location: variable a of type ab<g>
recovery/normalized-src-vf/l1r/an/PBMessageALL4.java:4956: error: cannot find symbol
            var1 += a.i.g(14, this.H);
                     ^
  symbol:   variable i
  location: variable a of type ab<g>
recovery/normalized-src-vf/l1r/an/PBMessageALL4.java:4960: error: cannot find symbol
            var1 += a.i.g(15, this.I);
                     ^
  symbol:   variable i
  location: variable a of type ab<g>
recovery/normalized-src-vf/l1r/an/PBMessageALL4.java:4973: error: a(g) in g cannot hide a(List<? extends a.r.a>) in a.a
      public static PBMessageALL4.g a(a.g var0) throws s {
                                    ^
  return type g is not compatible with int
recovery/normalized-src-vf/l1r/an/PBMessageALL4.java:5005: error: a(h) in g cannot hide a(List<? extends a.r.a>) in a.a
      public static PBMessageALL4.g a(a.h var0) throws IOException {
                                    ^
  return type g is not compatible with int
recovery/normalized-src-vf/l1r/an/PBMessageALL4.java:5014: error: a has private access in a
         return PBMessageALL4.g.a.av();
                               ^
recovery/normalized-src-vf/l1r/an/PBMessageALL4.java:5014: error: int cannot be dereferenced
         return PBMessageALL4.g.a.av();
                                 ^
recovery/normalized-src-vf/l1r/an/PBMessageALL4.java:5026: error: reference to a is ambiguous
         return a(this);
                ^
  both method a(h) in g and method a(b) in g match
recovery/normalized-src-vf/l1r/an/PBMessageALL4.java:5026: error: incompatible types: g cannot be converted to a
         return a(this);
                 ^
recovery/normalized-src-vf/l1r/an/PBMessageALL4.java:5085: error: l1r.an.PBMessageALL4.g.a is not abstract and does not override abstract method d() in a.a.a
      public static final class a extends p.a<PBMessageALL4.g.a> implements PBMessageALL4.h {
                          ^
recovery/normalized-src-vf/l1r/an/PBMessageALL4.java:5786: error: d(h,n) in l1r.an.PBMessageALL4.g.a cannot implement d(byte[],n) in a.x.a
         public x.a d(a.h var1, n var2) throws IOException {
                    ^
  overridden method does not throw IOException
recovery/normalized-src-vf/l1r/an/PBMessageALL4.java:5780: error: c(h,n) in l1r.an.PBMessageALL4.g.a cannot implement c(byte[],n) in a.y.a
         public y.a c(a.h var1, n var2) throws IOException {
                    ^
  overridden method does not throw IOException
recovery/normalized-src-vf/l1r/an/PBMessageALL4.java:5113: error: int cannot be dereferenced
            this.d = a.g.d;
                      ^
recovery/normalized-src-vf/l1r/an/PBMessageALL4.java:5114: error: int cannot be dereferenced
            this.g = a.g.d;
                      ^
recovery/normalized-src-vf/l1r/an/PBMessageALL4.java:5115: error: int cannot be dereferenced
            this.j = a.g.d;
                      ^
recovery/normalized-src-vf/l1r/an/PBMessageALL4.java:5121: error: int cannot be dereferenced
            this.d = a.g.d;
                      ^
recovery/normalized-src-vf/l1r/an/PBMessageALL4.java:5122: error: int cannot be dereferenced
            this.g = a.g.d;
                      ^
recovery/normalized-src-vf/l1r/an/PBMessageALL4.java:5123: error: int cannot be dereferenced
            this.j = a.g.d;
                      ^
recovery/normalized-src-vf/l1r/an/PBMessageALL4.java:5128: error: cannot find symbol
            PBMessageALL4.g.af();
                           ^
  symbol:   method af()
  location: variable g of type a
recovery/normalized-src-vf/l1r/an/PBMessageALL4.java:5141: error: int cannot be dereferenced
            this.d = a.g.d;
                      ^
recovery/normalized-src-vf/l1r/an/PBMessageALL4.java:5147: error: int cannot be dereferenced
            this.g = a.g.d;
                      ^
recovery/normalized-src-vf/l1r/an/PBMessageALL4.java:5153: error: int cannot be dereferenced
            this.j = a.g.d;
                      ^
recovery/normalized-src-vf/l1r/an/PBMessageALL4.java:5180: error: incompatible types: List<f> cannot be converted to g
            return PBMessageALL4.g.h();
                                    ^
recovery/normalized-src-vf/l1r/an/PBMessageALL4.java:5193: error: reference to g is ambiguous
            PBMessageALL4.g var1 = new PBMessageALL4.g(this, null);
                                   ^
  both constructor g(h,n) in g and constructor g(a,g) in g match
recovery/normalized-src-vf/l1r/an/PBMessageALL4.java:5286: error: incomparable types: g and List<f>
            if (var1 == PBMessageALL4.g.h()) {
                     ^
recovery/normalized-src-vf/l1r/an/PBMessageALL4.java:5363: error: a has private access in a
               var3 = PBMessageALL4.g.a.d(var1, var2);
                                     ^
recovery/normalized-src-vf/l1r/an/PBMessageALL4.java:5363: error: int cannot be dereferenced
               var3 = PBMessageALL4.g.a.d(var1, var2);
                                       ^
recovery/normalized-src-vf/l1r/an/PBMessageALL4.java:5447: error: cannot find symbol
            this.d = PBMessageALL4.g.h().t();
                                        ^
  symbol:   method t()
  location: interface List<f>
recovery/normalized-src-vf/l1r/an/PBMessageALL4.java:5523: error: cannot find symbol
            this.g = PBMessageALL4.g.h().z();
                                        ^
  symbol:   method z()
  location: interface List<f>
recovery/normalized-src-vf/l1r/an/PBMessageALL4.java:5538: error: name clash: class a has two methods with the same erasure, yet neither overrides the other
         public PBMessageALL4.g.a e(int var1) {
                                  ^
  first method:  e(g) in l1r.an.PBMessageALL4.g.a
  second method: e(InputStream) in a.x.a
recovery/normalized-src-vf/l1r/an/PBMessageALL4.java:5562: error: name clash: class a has two methods with the same erasure, yet neither overrides the other
         public PBMessageALL4.g.a f(int var1) {
                                  ^
  first method:  f(g) in l1r.an.PBMessageALL4.g.a
  second method: f(f) in a.x.a
recovery/normalized-src-vf/l1r/an/PBMessageALL4.java:5599: error: cannot find symbol
            this.j = PBMessageALL4.g.h().F();
                                        ^
  symbol:   method F()
  location: interface List<f>
recovery/normalized-src-vf/l1r/an/PBMessageALL4.java:5614: error: name clash: class a has two methods with the same erasure, yet neither overrides the other
         public PBMessageALL4.g.a g(int var1) {
                                  ^
  first method:  g(g) in l1r.an.PBMessageALL4.g.a
  second method: g(f) in a.p.a
recovery/normalized-src-vf/l1r/an/PBMessageALL4.java:5774: error: ai() in l1r.an.PBMessageALL4.g.a cannot override ai() in a.p.a
         public p.a ai() {
                    ^
  return type a.p.a is not compatible with l1r.an.PBMessageALL4.g.a
  where BuilderType is a type-variable:
    BuilderType extends a.p.a declared in class a.p.a
recovery/normalized-src-vf/l1r/an/PBMessageALL4.java:5773: error: method does not override or implement a method from a supertype
         @Override
         ^
recovery/normalized-src-vf/l1r/an/PBMessageALL4.java:5792: error: a(h,n) in l1r.an.PBMessageALL4.g.a cannot override a(byte[],n) in a.a.a
         public a.a.a a(a.h var1, n var2) throws IOException {
                      ^
  overridden method does not throw IOException
  where BuilderType#1,BuilderType#2 are type-variables:
    BuilderType#1 extends a.p.a declared in class a.p.a
    BuilderType#2 extends a.a.a declared in class a.a.a
recovery/normalized-src-vf/l1r/an/PBMessageALL4.java:5834: error: ah() in l1r.an.PBMessageALL4.g.a cannot override ah() in a.p.a
         public p.a ah() {
                    ^
  return type a.p.a is not compatible with l1r.an.PBMessageALL4.g.a
  where BuilderType is a type-variable:
    BuilderType extends a.p.a declared in class a.p.a
recovery/normalized-src-vf/l1r/an/PBMessageALL4.java:5833: error: method does not override or implement a method from a supertype
         @Override
         ^
recovery/normalized-src-vf/l1r/an/PBMessageALL4.java:6542: error: b(b) in i cannot implement b(int) in j
      protected x.a b(a.p.b var1) {
                    ^
  attempting to assign weaker access privileges; was public
recovery/normalized-src-vf/l1r/an/PBMessageALL4.java:6512: error: a(b) in i cannot implement a(int) in j
      protected PBMessageALL4.i.a a(a.p.b var1) {
                                  ^
  attempting to assign weaker access privileges; was public
recovery/normalized-src-vf/l1r/an/PBMessageALL4.java:5922: error: cannot find symbol
      public static ab<PBMessageALL4.i> a = new a.c<PBMessageALL4.i>() {
                                                 ^
  symbol:   class c
  location: class a
recovery/normalized-src-vf/l1r/an/PBMessageALL4.java:5923: error: cannot find symbol
         public PBMessageALL4.i c(a.h var1, n var2) throws s {
                                   ^
  symbol:   class h
  location: class a
recovery/normalized-src-vf/l1r/an/PBMessageALL4.java:5929: error: cannot find symbol
         public Object d(a.h var1, n var2) throws s {
                          ^
  symbol:   class h
  location: class a
recovery/normalized-src-vf/l1r/an/PBMessageALL4.java:5928: error: method does not override or implement a method from a supertype
         @Override
         ^
recovery/normalized-src-vf/l1r/an/PBMessageALL4.java:6125: error: name clash: class i has two methods with the same erasure, yet neither overrides the other
      public a.g a(int var1) {
                 ^
  first method:  a(b) in i
  second method: a(List<? extends a.r.a>) in a.a
recovery/normalized-src-vf/l1r/an/PBMessageALL4.java:6140: error: name clash: class i has two methods with the same erasure, yet neither overrides the other
      public a.g b(int var1) {
                 ^
  first method:  b(b) in i
  second method: b(InputStream) in i
recovery/normalized-src-vf/l1r/an/PBMessageALL4.java:6304: error: a(i) in i cannot override a(List<? extends a.r.a>) in a.a
      public void a(a.i var1) throws IOException {
                  ^
  overridden method is static
recovery/normalized-src-vf/l1r/an/PBMessageALL4.java:6381: error: cannot find symbol
            var2 += a.i.b(this.u.get(var3));
                     ^
  symbol:   variable i
  location: variable a of type ab<i>
recovery/normalized-src-vf/l1r/an/PBMessageALL4.java:6389: error: cannot find symbol
            var2 += a.i.b(this.v.get(var11));
                     ^
  symbol:   variable i
  location: variable a of type ab<i>
recovery/normalized-src-vf/l1r/an/PBMessageALL4.java:6395: error: cannot find symbol
            var4 += a.i.g(3, this.w);
                     ^
  symbol:   variable i
  location: variable a of type ab<i>
recovery/normalized-src-vf/l1r/an/PBMessageALL4.java:6399: error: cannot find symbol
            var4 += a.i.g(4, this.x);
                     ^
  symbol:   variable i
  location: variable a of type ab<i>
recovery/normalized-src-vf/l1r/an/PBMessageALL4.java:6403: error: cannot find symbol
            var4 += a.i.g(5, this.y);
                     ^
  symbol:   variable i
  location: variable a of type ab<i>
recovery/normalized-src-vf/l1r/an/PBMessageALL4.java:6407: error: cannot find symbol
            var4 += a.i.g(6, this.z);
                     ^
  symbol:   variable i
  location: variable a of type ab<i>
recovery/normalized-src-vf/l1r/an/PBMessageALL4.java:6411: error: cannot find symbol
            var4 += a.i.g(7, this.A);
                     ^
  symbol:   variable i
  location: variable a of type ab<i>
recovery/normalized-src-vf/l1r/an/PBMessageALL4.java:6415: error: cannot find symbol
            var4 += a.i.g(8, this.B);
                     ^
  symbol:   variable i
  location: variable a of type ab<i>
recovery/normalized-src-vf/l1r/an/PBMessageALL4.java:6419: error: cannot find symbol
            var4 += a.i.g(9, this.C);
                     ^
  symbol:   variable i
  location: variable a of type ab<i>
recovery/normalized-src-vf/l1r/an/PBMessageALL4.java:6423: error: cannot find symbol
            var4 += a.i.g(10, this.D);
                     ^
  symbol:   variable i
  location: variable a of type ab<i>
recovery/normalized-src-vf/l1r/an/PBMessageALL4.java:6427: error: cannot find symbol
            var4 += a.i.g(11, this.E);
                     ^
  symbol:   variable i
  location: variable a of type ab<i>
recovery/normalized-src-vf/l1r/an/PBMessageALL4.java:6431: error: cannot find symbol
            var4 += a.i.g(12, this.F);
                     ^
  symbol:   variable i
  location: variable a of type ab<i>
recovery/normalized-src-vf/l1r/an/PBMessageALL4.java:6435: error: cannot find symbol
            var4 += a.i.g(13, this.G);
                     ^
  symbol:   variable i
  location: variable a of type ab<i>
recovery/normalized-src-vf/l1r/an/PBMessageALL4.java:6439: error: cannot find symbol
            var4 += a.i.g(14, this.H);
                     ^
  symbol:   variable i
  location: variable a of type ab<i>
recovery/normalized-src-vf/l1r/an/PBMessageALL4.java:6443: error: cannot find symbol
            var4 += a.i.g(15, this.I);
                     ^
  symbol:   variable i
  location: variable a of type ab<i>
recovery/normalized-src-vf/l1r/an/PBMessageALL4.java:6456: error: a(g) in i cannot hide a(List<? extends a.r.a>) in a.a
      public static PBMessageALL4.i a(a.g var0) throws s {
                                    ^
  return type i is not compatible with int
recovery/normalized-src-vf/l1r/an/PBMessageALL4.java:6488: error: a(h) in i cannot hide a(List<? extends a.r.a>) in a.a
      public static PBMessageALL4.i a(a.h var0) throws IOException {
                                    ^
  return type i is not compatible with int
recovery/normalized-src-vf/l1r/an/PBMessageALL4.java:6497: error: a has private access in a
         return PBMessageALL4.i.a.av();
                               ^
recovery/normalized-src-vf/l1r/an/PBMessageALL4.java:6497: error: int cannot be dereferenced
         return PBMessageALL4.i.a.av();
                                 ^
recovery/normalized-src-vf/l1r/an/PBMessageALL4.java:6509: error: reference to a is ambiguous
         return a(this);
                ^
  both method a(h) in i and method a(b) in i match
recovery/normalized-src-vf/l1r/an/PBMessageALL4.java:6509: error: incompatible types: i cannot be converted to a
         return a(this);
                 ^
recovery/normalized-src-vf/l1r/an/PBMessageALL4.java:6568: error: l1r.an.PBMessageALL4.i.a is not abstract and does not override abstract method d() in a.a.a
      public static final class a extends p.a<PBMessageALL4.i.a> implements PBMessageALL4.j {
                          ^
recovery/normalized-src-vf/l1r/an/PBMessageALL4.java:7337: error: d(h,n) in l1r.an.PBMessageALL4.i.a cannot implement d(byte[],n) in a.x.a
         public x.a d(a.h var1, n var2) throws IOException {
                    ^
  overridden method does not throw IOException
recovery/normalized-src-vf/l1r/an/PBMessageALL4.java:7331: error: c(h,n) in l1r.an.PBMessageALL4.i.a cannot implement c(byte[],n) in a.y.a
         public y.a c(a.h var1, n var2) throws IOException {
                    ^
  overridden method does not throw IOException
recovery/normalized-src-vf/l1r/an/PBMessageALL4.java:6605: error: cannot find symbol
            PBMessageALL4.i.af();
                           ^
  symbol:   method af()
  location: variable i of type a
recovery/normalized-src-vf/l1r/an/PBMessageALL4.java:6657: error: incompatible types: List<f> cannot be converted to i
            return PBMessageALL4.i.h();
                                    ^
recovery/normalized-src-vf/l1r/an/PBMessageALL4.java:6670: error: reference to i is ambiguous
            PBMessageALL4.i var1 = new PBMessageALL4.i(this, null);
                                   ^
  both constructor i(h,n) in i and constructor i(a,i) in i match
recovery/normalized-src-vf/l1r/an/PBMessageALL4.java:6765: error: incomparable types: i and List<f>
            if (var1 == PBMessageALL4.i.h()) {
                     ^
recovery/normalized-src-vf/l1r/an/PBMessageALL4.java:6858: error: a has private access in a
               var3 = PBMessageALL4.i.a.d(var1, var2);
                                     ^
recovery/normalized-src-vf/l1r/an/PBMessageALL4.java:6858: error: int cannot be dereferenced
               var3 = PBMessageALL4.i.a.d(var1, var2);
                                       ^
recovery/normalized-src-vf/l1r/an/PBMessageALL4.java:6893: error: name clash: class a has two methods with the same erasure, yet neither overrides the other
         public PBMessageALL4.i.a a(int var1, a.g var2) {
                                  ^
  first method:  a(h,n) in l1r.an.PBMessageALL4.i.a
  second method: a(InputStream,n) in a.a.a
recovery/normalized-src-vf/l1r/an/PBMessageALL4.java:6917: error: int cannot be dereferenced
            p.a.a(var1, this.b);
             ^
recovery/normalized-src-vf/l1r/an/PBMessageALL4.java:6975: error: int cannot be dereferenced
            p.a.a(var1, this.c);
             ^
recovery/normalized-src-vf/l1r/an/PBMessageALL4.java:7045: error: name clash: class a has two methods with the same erasure, yet neither overrides the other
         public PBMessageALL4.i.a e(int var1) {
                                  ^
  first method:  e(g) in l1r.an.PBMessageALL4.i.a
  second method: e(InputStream) in a.x.a
recovery/normalized-src-vf/l1r/an/PBMessageALL4.java:7069: error: name clash: class a has two methods with the same erasure, yet neither overrides the other
         public PBMessageALL4.i.a f(int var1) {
                                  ^
  first method:  f(g) in l1r.an.PBMessageALL4.i.a
  second method: f(f) in a.x.a
recovery/normalized-src-vf/l1r/an/PBMessageALL4.java:7325: error: ai() in l1r.an.PBMessageALL4.i.a cannot override ai() in a.p.a
         public p.a ai() {
                    ^
  return type a.p.a is not compatible with l1r.an.PBMessageALL4.i.a
  where BuilderType is a type-variable:
    BuilderType extends a.p.a declared in class a.p.a
recovery/normalized-src-vf/l1r/an/PBMessageALL4.java:7324: error: method does not override or implement a method from a supertype
         @Override
         ^
recovery/normalized-src-vf/l1r/an/PBMessageALL4.java:7343: error: a(h,n) in l1r.an.PBMessageALL4.i.a cannot override a(byte[],n) in a.a.a
         public a.a.a a(a.h var1, n var2) throws IOException {
                      ^
  overridden method does not throw IOException
  where BuilderType#1,BuilderType#2 are type-variables:
    BuilderType#1 extends a.p.a declared in class a.p.a
    BuilderType#2 extends a.a.a declared in class a.a.a
recovery/normalized-src-vf/l1r/an/PBMessageALL4.java:7385: error: ah() in l1r.an.PBMessageALL4.i.a cannot override ah() in a.p.a
         public p.a ah() {
                    ^
  return type a.p.a is not compatible with l1r.an.PBMessageALL4.i.a
  where BuilderType is a type-variable:
    BuilderType extends a.p.a declared in class a.p.a
recovery/normalized-src-vf/l1r/an/PBMessageALL4.java:7384: error: method does not override or implement a method from a supertype
         @Override
         ^
recovery/normalized-src-vf/l1r/an/PBMessageALL5.java:40: error: cannot find symbol
      a.k.g.a var1 = new a.k.g.a() {
       ^
  symbol:   class k
  location: class a
recovery/normalized-src-vf/l1r/an/PBMessageALL5.java:40: error: cannot find symbol
      a.k.g.a var1 = new a.k.g.a() {
                          ^
  symbol:   class k
  location: class a
recovery/normalized-src-vf/l1r/an/PBMessageALL5.java:41: error: method does not override or implement a method from a supertype
         @Override
         ^
recovery/normalized-src-vf/l1r/an/PBMessageALL5.java:152: error: g has private access in g
      k.g.a(var0, new k.g[0], var1);
       ^
recovery/normalized-src-vf/l1r/an/PBMessageALL5.java:770: error: b(b) in l1r.an.PBMessageALL5.a cannot implement b(OutputStream) in y
      protected x.a b(a.p.b var1) {
                    ^
  attempting to assign weaker access privileges; was public
recovery/normalized-src-vf/l1r/an/PBMessageALL5.java:740: error: a(b) in l1r.an.PBMessageALL5.a cannot implement a(OutputStream) in y
      protected PBMessageALL5.a.a a(a.p.b var1) {
                                  ^
  attempting to assign weaker access privileges; was public
recovery/normalized-src-vf/l1r/an/PBMessageALL5.java:168: error: cannot find symbol
      public static ab<PBMessageALL5.a> a = new a.c<PBMessageALL5.a>() {
                                                 ^
  symbol:   class c
  location: class a
recovery/normalized-src-vf/l1r/an/PBMessageALL5.java:169: error: cannot find symbol
         public PBMessageALL5.a c(a.h var1, n var2) throws s {
                                   ^
  symbol:   class h
  location: class a
recovery/normalized-src-vf/l1r/an/PBMessageALL5.java:175: error: cannot find symbol
         public Object d(a.h var1, n var2) throws s {
                          ^
  symbol:   class h
  location: class a
recovery/normalized-src-vf/l1r/an/PBMessageALL5.java:174: error: method does not override or implement a method from a supertype
         @Override
         ^
recovery/normalized-src-vf/l1r/an/PBMessageALL5.java:352: error: method does not override or implement a method from a supertype
      @Override
      ^
recovery/normalized-src-vf/l1r/an/PBMessageALL5.java:357: error: method does not override or implement a method from a supertype
      @Override
      ^
recovery/normalized-src-vf/l1r/an/PBMessageALL5.java:362: error: method does not override or implement a method from a supertype
      @Override
      ^
recovery/normalized-src-vf/l1r/an/PBMessageALL5.java:367: error: method does not override or implement a method from a supertype
      @Override
      ^
recovery/normalized-src-vf/l1r/an/PBMessageALL5.java:372: error: method does not override or implement a method from a supertype
      @Override
      ^
recovery/normalized-src-vf/l1r/an/PBMessageALL5.java:377: error: method does not override or implement a method from a supertype
      @Override
      ^
recovery/normalized-src-vf/l1r/an/PBMessageALL5.java:382: error: method does not override or implement a method from a supertype
      @Override
      ^
recovery/normalized-src-vf/l1r/an/PBMessageALL5.java:387: error: method does not override or implement a method from a supertype
      @Override
      ^
recovery/normalized-src-vf/l1r/an/PBMessageALL5.java:393: error: name clash: class a has two methods with the same erasure, yet neither overrides the other
      public a.g a(int var1) {
                 ^
  first method:  a(b) in l1r.an.PBMessageALL5.a
  second method: a(List<? extends a.r.a>) in a.a
recovery/normalized-src-vf/l1r/an/PBMessageALL5.java:392: error: method does not override or implement a method from a supertype
      @Override
      ^
recovery/normalized-src-vf/l1r/an/PBMessageALL5.java:397: error: method does not override or implement a method from a supertype
      @Override
      ^
recovery/normalized-src-vf/l1r/an/PBMessageALL5.java:402: error: method does not override or implement a method from a supertype
      @Override
      ^
recovery/normalized-src-vf/l1r/an/PBMessageALL5.java:407: error: method does not override or implement a method from a supertype
      @Override
      ^
recovery/normalized-src-vf/l1r/an/PBMessageALL5.java:412: error: method does not override or implement a method from a supertype
      @Override
      ^
recovery/normalized-src-vf/l1r/an/PBMessageALL5.java:417: error: method does not override or implement a method from a supertype
      @Override
      ^
recovery/normalized-src-vf/l1r/an/PBMessageALL5.java:422: error: method does not override or implement a method from a supertype
      @Override
      ^
recovery/normalized-src-vf/l1r/an/PBMessageALL5.java:427: error: method does not override or implement a method from a supertype
      @Override
      ^
recovery/normalized-src-vf/l1r/an/PBMessageALL5.java:432: error: method does not override or implement a method from a supertype
      @Override
      ^
recovery/normalized-src-vf/l1r/an/PBMessageALL5.java:437: error: method does not override or implement a method from a supertype
      @Override
      ^
recovery/normalized-src-vf/l1r/an/PBMessageALL5.java:442: error: method does not override or implement a method from a supertype
      @Override
      ^
recovery/normalized-src-vf/l1r/an/PBMessageALL5.java:447: error: method does not override or implement a method from a supertype
      @Override
      ^
recovery/normalized-src-vf/l1r/an/PBMessageALL5.java:452: error: method does not override or implement a method from a supertype
      @Override
      ^
recovery/normalized-src-vf/l1r/an/PBMessageALL5.java:457: error: method does not override or implement a method from a supertype
      @Override
      ^
recovery/normalized-src-vf/l1r/an/PBMessageALL5.java:462: error: method does not override or implement a method from a supertype
      @Override
      ^
recovery/normalized-src-vf/l1r/an/PBMessageALL5.java:467: error: method does not override or implement a method from a supertype
      @Override
      ^
recovery/normalized-src-vf/l1r/an/PBMessageALL5.java:472: error: method does not override or implement a method from a supertype
      @Override
      ^
recovery/normalized-src-vf/l1r/an/PBMessageALL5.java:477: error: method does not override or implement a method from a supertype
      @Override
      ^
recovery/normalized-src-vf/l1r/an/PBMessageALL5.java:482: error: method does not override or implement a method from a supertype
      @Override
      ^
recovery/normalized-src-vf/l1r/an/PBMessageALL5.java:487: error: method does not override or implement a method from a supertype
      @Override
      ^
recovery/normalized-src-vf/l1r/an/PBMessageALL5.java:492: error: method does not override or implement a method from a supertype
      @Override
      ^
recovery/normalized-src-vf/l1r/an/PBMessageALL5.java:497: error: method does not override or implement a method from a supertype
      @Override
      ^
recovery/normalized-src-vf/l1r/an/PBMessageALL5.java:502: error: method does not override or implement a method from a supertype
      @Override
      ^
recovery/normalized-src-vf/l1r/an/PBMessageALL5.java:537: error: a(i) in l1r.an.PBMessageALL5.a cannot override a(List<? extends a.r.a>) in a.a
      public void a(a.i var1) throws IOException {
                  ^
  overridden method is static
recovery/normalized-src-vf/l1r/an/PBMessageALL5.java:611: error: cannot find symbol
            var1 += a.i.g(1, this.u);
                     ^
  symbol:   variable i
  location: variable a of type ab<a>
recovery/normalized-src-vf/l1r/an/PBMessageALL5.java:615: error: cannot find symbol
            var1 += a.i.g(2, this.v);
                     ^
  symbol:   variable i
  location: variable a of type ab<a>
recovery/normalized-src-vf/l1r/an/PBMessageALL5.java:619: error: cannot find symbol
            var1 += a.i.g(3, this.w);
                     ^
  symbol:   variable i
  location: variable a of type ab<a>
recovery/normalized-src-vf/l1r/an/PBMessageALL5.java:625: error: cannot find symbol
            var2 += a.i.b(this.x.get(var3));
                     ^
  symbol:   variable i
  location: variable a of type ab<a>
recovery/normalized-src-vf/l1r/an/PBMessageALL5.java:631: error: cannot find symbol
            var1 += a.i.g(5, this.y);
                     ^
  symbol:   variable i
  location: variable a of type ab<a>
recovery/normalized-src-vf/l1r/an/PBMessageALL5.java:635: error: cannot find symbol
            var1 += a.i.g(6, this.z);
                     ^
  symbol:   variable i
  location: variable a of type ab<a>
recovery/normalized-src-vf/l1r/an/PBMessageALL5.java:639: error: cannot find symbol
            var1 += a.i.g(7, this.A);
                     ^
  symbol:   variable i
  location: variable a of type ab<a>
recovery/normalized-src-vf/l1r/an/PBMessageALL5.java:643: error: cannot find symbol
            var1 += a.i.g(8, this.B);
                     ^
  symbol:   variable i
  location: variable a of type ab<a>
recovery/normalized-src-vf/l1r/an/PBMessageALL5.java:647: error: cannot find symbol
            var1 += a.i.g(9, this.C);
                     ^
  symbol:   variable i
  location: variable a of type ab<a>
recovery/normalized-src-vf/l1r/an/PBMessageALL5.java:651: error: cannot find symbol
            var1 += a.i.g(10, this.D);
                     ^
  symbol:   variable i
  location: variable a of type ab<a>
recovery/normalized-src-vf/l1r/an/PBMessageALL5.java:655: error: cannot find symbol
            var1 += a.i.g(11, this.E);
                     ^
  symbol:   variable i
  location: variable a of type ab<a>
recovery/normalized-src-vf/l1r/an/PBMessageALL5.java:659: error: cannot find symbol
            var1 += a.i.g(12, this.F);
                     ^
  symbol:   variable i
  location: variable a of type ab<a>
recovery/normalized-src-vf/l1r/an/PBMessageALL5.java:663: error: cannot find symbol
            var1 += a.i.g(13, this.G);
                     ^
  symbol:   variable i
  location: variable a of type ab<a>
recovery/normalized-src-vf/l1r/an/PBMessageALL5.java:667: error: cannot find symbol
            var1 += a.i.g(14, this.H);
                     ^
  symbol:   variable i
  location: variable a of type ab<a>
recovery/normalized-src-vf/l1r/an/PBMessageALL5.java:671: error: cannot find symbol
            var1 += a.i.g(15, this.I);
                     ^
  symbol:   variable i
  location: variable a of type ab<a>
recovery/normalized-src-vf/l1r/an/PBMessageALL5.java:684: error: a(g) in l1r.an.PBMessageALL5.a cannot hide a(List<? extends a.r.a>) in a.a
      public static PBMessageALL5.a a(a.g var0) throws s {
                                    ^
  return type l1r.an.PBMessageALL5.a is not compatible with int
recovery/normalized-src-vf/l1r/an/PBMessageALL5.java:716: error: a(h) in l1r.an.PBMessageALL5.a cannot hide a(List<? extends a.r.a>) in a.a
      public static PBMessageALL5.a a(a.h var0) throws IOException {
                                    ^
  return type l1r.an.PBMessageALL5.a is not compatible with int
recovery/normalized-src-vf/l1r/an/PBMessageALL5.java:725: error: a has private access in a
         return PBMessageALL5.a.a.av();
                               ^
recovery/normalized-src-vf/l1r/an/PBMessageALL5.java:725: error: int cannot be dereferenced
         return PBMessageALL5.a.a.av();
                                 ^
recovery/normalized-src-vf/l1r/an/PBMessageALL5.java:733: error: incompatible types: a.a.a cannot be converted to a.p.a
         return aa().a(var0);
                      ^
recovery/normalized-src-vf/l1r/an/PBMessageALL5.java:737: error: reference to a is ambiguous
         return a(this);
                ^
  both method a(h) in l1r.an.PBMessageALL5.a and method a(b) in l1r.an.PBMessageALL5.a match
recovery/normalized-src-vf/l1r/an/PBMessageALL5.java:737: error: incompatible types: l1r.an.PBMessageALL5.a cannot be converted to a.p.a
         return a(this);
                 ^
recovery/normalized-src-vf/l1r/an/PBMessageALL5.java:1522: error: d(h,n) in l1r.an.PBMessageALL5.a.a cannot implement d(byte[],n) in a.x.a
         public x.a d(a.h var1, n var2) throws IOException {
                    ^
  overridden method does not throw IOException
recovery/normalized-src-vf/l1r/an/PBMessageALL5.java:1516: error: c(h,n) in l1r.an.PBMessageALL5.a.a cannot implement c(byte[],n) in a.y.a
         public y.a c(a.h var1, n var2) throws IOException {
                    ^
  overridden method does not throw IOException
recovery/normalized-src-vf/l1r/an/PBMessageALL5.java:833: error: cannot find symbol
            PBMessageALL5.a.af();
                           ^
  symbol:   method af()
  location: variable a of type a
recovery/normalized-src-vf/l1r/an/PBMessageALL5.java:885: error: incompatible types: List<f> cannot be converted to a
            return PBMessageALL5.a.h();
                                    ^
recovery/normalized-src-vf/l1r/an/PBMessageALL5.java:898: error: reference to a is ambiguous
            PBMessageALL5.a var1 = new PBMessageALL5.a(this, null);
                                   ^
  both constructor l1r.an.PBMessageALL5.a(h,n) in l1r.an.PBMessageALL5.a and constructor l1r.an.PBMessageALL5.a(a.p.a,l1r.an.PBMessageALL5.a) in l1r.an.PBMessageALL5.a match
recovery/normalized-src-vf/l1r/an/PBMessageALL5.java:992: error: incomparable types: a and List<f>
            if (var1 == PBMessageALL5.a.h()) {
                     ^
recovery/normalized-src-vf/l1r/an/PBMessageALL5.java:1077: error: a has private access in a
               var3 = PBMessageALL5.a.a.d(var1, var2);
                                     ^
recovery/normalized-src-vf/l1r/an/PBMessageALL5.java:1077: error: int cannot be dereferenced
               var3 = PBMessageALL5.a.a.d(var1, var2);
                                       ^
recovery/normalized-src-vf/l1r/an/PBMessageALL5.java:1184: error: name clash: class a has two methods with the same erasure, yet neither overrides the other
         public PBMessageALL5.a.a a(int var1, a.g var2) {
                                  ^
  first method:  a(h,n) in l1r.an.PBMessageALL5.a.a
  second method: a(InputStream,n) in a.a.a
recovery/normalized-src-vf/l1r/an/PBMessageALL5.java:1208: error: int cannot be dereferenced
            p.a.a(var1, this.e);
             ^
recovery/normalized-src-vf/l1r/an/PBMessageALL5.java:1230: error: name clash: class a has two methods with the same erasure, yet neither overrides the other
         public PBMessageALL5.a.a e(int var1) {
                                  ^
  first method:  e(g) in l1r.an.PBMessageALL5.a.a
  second method: e(InputStream) in a.x.a
recovery/normalized-src-vf/l1r/an/PBMessageALL5.java:1510: error: ai() in l1r.an.PBMessageALL5.a.a cannot override ai() in a.p.a
         public p.a ai() {
                    ^
  return type a.p.a is not compatible with l1r.an.PBMessageALL5.a.a
  where BuilderType is a type-variable:
    BuilderType extends a.p.a declared in class a.p.a
recovery/normalized-src-vf/l1r/an/PBMessageALL5.java:1509: error: method does not override or implement a method from a supertype
         @Override
         ^
recovery/normalized-src-vf/l1r/an/PBMessageALL5.java:1528: error: a(h,n) in l1r.an.PBMessageALL5.a.a cannot override a(byte[],n) in a.a.a
         public a.a.a a(a.h var1, n var2) throws IOException {
                      ^
  overridden method does not throw IOException
  where BuilderType#1,BuilderType#2 are type-variables:
    BuilderType#1 extends a.p.a declared in class a.p.a
    BuilderType#2 extends a.a.a declared in class a.a.a
recovery/normalized-src-vf/l1r/an/PBMessageALL5.java:1570: error: ah() in l1r.an.PBMessageALL5.a.a cannot override ah() in a.p.a
         public p.a ah() {
                    ^
  return type a.p.a is not compatible with l1r.an.PBMessageALL5.a.a
  where BuilderType is a type-variable:
    BuilderType extends a.p.a declared in class a.p.a
recovery/normalized-src-vf/l1r/an/PBMessageALL5.java:1569: error: method does not override or implement a method from a supertype
         @Override
         ^
recovery/normalized-src-vf/l1r/an/PBMessageALL5.java:2245: error: b(b) in c cannot implement b(OutputStream) in y
      protected x.a b(a.p.b var1) {
                    ^
  attempting to assign weaker access privileges; was public
recovery/normalized-src-vf/l1r/an/PBMessageALL5.java:2215: error: a(b) in c cannot implement a(OutputStream) in y
      protected PBMessageALL5.c.a a(a.p.b var1) {
                                  ^
  attempting to assign weaker access privileges; was public
recovery/normalized-src-vf/l1r/an/PBMessageALL5.java:1660: error: cannot find symbol
      public static ab<PBMessageALL5.c> a = new a.c<PBMessageALL5.c>() {
                                                 ^
  symbol:   class c
  location: class a
recovery/normalized-src-vf/l1r/an/PBMessageALL5.java:1661: error: cannot find symbol
         public PBMessageALL5.c c(a.h var1, n var2) throws s {
                                   ^
  symbol:   class h
  location: class a
recovery/normalized-src-vf/l1r/an/PBMessageALL5.java:1667: error: cannot find symbol
         public Object d(a.h var1, n var2) throws s {
                          ^
  symbol:   class h
  location: class a
recovery/normalized-src-vf/l1r/an/PBMessageALL5.java:1666: error: method does not override or implement a method from a supertype
         @Override
         ^
recovery/normalized-src-vf/l1r/an/PBMessageALL5.java:1987: error: cannot find symbol
         this.u = a.g.d;
                   ^
  symbol:   variable g
  location: variable a of type ab<c>
recovery/normalized-src-vf/l1r/an/PBMessageALL5.java:1989: error: cannot find symbol
         this.w = a.g.d;
                   ^
  symbol:   variable g
  location: variable a of type ab<c>
recovery/normalized-src-vf/l1r/an/PBMessageALL5.java:2016: error: a(i) in c cannot override a(List<? extends a.r.a>) in a.a
      public void a(a.i var1) throws IOException {
                  ^
  overridden method is static
recovery/normalized-src-vf/l1r/an/PBMessageALL5.java:2090: error: cannot find symbol
            var1 += a.i.c(1, this.u);
                     ^
  symbol:   variable i
  location: variable a of type ab<c>
recovery/normalized-src-vf/l1r/an/PBMessageALL5.java:2094: error: cannot find symbol
            var1 += a.i.g(2, this.v);
                     ^
  symbol:   variable i
  location: variable a of type ab<c>
recovery/normalized-src-vf/l1r/an/PBMessageALL5.java:2098: error: cannot find symbol
            var1 += a.i.c(3, this.w);
                     ^
  symbol:   variable i
  location: variable a of type ab<c>
recovery/normalized-src-vf/l1r/an/PBMessageALL5.java:2102: error: cannot find symbol
            var1 += a.i.g(4, this.x);
                     ^
  symbol:   variable i
  location: variable a of type ab<c>
recovery/normalized-src-vf/l1r/an/PBMessageALL5.java:2106: error: cannot find symbol
            var1 += a.i.g(5, this.y);
                     ^
  symbol:   variable i
  location: variable a of type ab<c>
recovery/normalized-src-vf/l1r/an/PBMessageALL5.java:2110: error: cannot find symbol
            var1 += a.i.g(6, this.z);
                     ^
  symbol:   variable i
  location: variable a of type ab<c>
recovery/normalized-src-vf/l1r/an/PBMessageALL5.java:2114: error: cannot find symbol
            var1 += a.i.g(7, this.A);
                     ^
  symbol:   variable i
  location: variable a of type ab<c>
recovery/normalized-src-vf/l1r/an/PBMessageALL5.java:2118: error: cannot find symbol
            var1 += a.i.g(8, this.B);
                     ^
  symbol:   variable i
  location: variable a of type ab<c>
recovery/normalized-src-vf/l1r/an/PBMessageALL5.java:2122: error: cannot find symbol
            var1 += a.i.g(9, this.C);
                     ^
  symbol:   variable i
  location: variable a of type ab<c>
recovery/normalized-src-vf/l1r/an/PBMessageALL5.java:2126: error: cannot find symbol
            var1 += a.i.g(10, this.D);
                     ^
  symbol:   variable i
  location: variable a of type ab<c>
recovery/normalized-src-vf/l1r/an/PBMessageALL5.java:2130: error: cannot find symbol
            var1 += a.i.g(11, this.E);
                     ^
  symbol:   variable i
  location: variable a of type ab<c>
recovery/normalized-src-vf/l1r/an/PBMessageALL5.java:2134: error: cannot find symbol
            var1 += a.i.g(12, this.F);
                     ^
  symbol:   variable i
  location: variable a of type ab<c>
recovery/normalized-src-vf/l1r/an/PBMessageALL5.java:2138: error: cannot find symbol
            var1 += a.i.g(13, this.G);
                     ^
  symbol:   variable i
  location: variable a of type ab<c>
recovery/normalized-src-vf/l1r/an/PBMessageALL5.java:2142: error: cannot find symbol
            var1 += a.i.g(14, this.H);
                     ^
  symbol:   variable i
  location: variable a of type ab<c>
recovery/normalized-src-vf/l1r/an/PBMessageALL5.java:2146: error: cannot find symbol
            var1 += a.i.g(15, this.I);
                     ^
  symbol:   variable i
  location: variable a of type ab<c>
recovery/normalized-src-vf/l1r/an/PBMessageALL5.java:2159: error: a(g) in c cannot hide a(List<? extends a.r.a>) in a.a
      public static PBMessageALL5.c a(a.g var0) throws s {
                                    ^
  return type c is not compatible with int
recovery/normalized-src-vf/l1r/an/PBMessageALL5.java:2191: error: a(h) in c cannot hide a(List<? extends a.r.a>) in a.a
      public static PBMessageALL5.c a(a.h var0) throws IOException {
                                    ^
  return type c is not compatible with int
recovery/normalized-src-vf/l1r/an/PBMessageALL5.java:2200: error: a has private access in a
         return PBMessageALL5.c.a.av();
                               ^
recovery/normalized-src-vf/l1r/an/PBMessageALL5.java:2200: error: int cannot be dereferenced
         return PBMessageALL5.c.a.av();
                                 ^
recovery/normalized-src-vf/l1r/an/PBMessageALL5.java:2212: error: reference to a is ambiguous
         return a(this);
                ^
  both method a(h) in c and method a(b) in c match
recovery/normalized-src-vf/l1r/an/PBMessageALL5.java:2212: error: incompatible types: c cannot be converted to a
         return a(this);
                 ^
recovery/normalized-src-vf/l1r/an/PBMessageALL5.java:2271: error: l1r.an.PBMessageALL5.c.a is not abstract and does not override abstract method d() in a.a.a
      public static final class a extends p.a<PBMessageALL5.c.a> implements PBMessageALL5.d {
                          ^
recovery/normalized-src-vf/l1r/an/PBMessageALL5.java:2966: error: d(h,n) in l1r.an.PBMessageALL5.c.a cannot implement d(byte[],n) in a.x.a
         public x.a d(a.h var1, n var2) throws IOException {
                    ^
  overridden method does not throw IOException
recovery/normalized-src-vf/l1r/an/PBMessageALL5.java:2960: error: c(h,n) in l1r.an.PBMessageALL5.c.a cannot implement c(byte[],n) in a.y.a
         public y.a c(a.h var1, n var2) throws IOException {
                    ^
  overridden method does not throw IOException
recovery/normalized-src-vf/l1r/an/PBMessageALL5.java:2299: error: int cannot be dereferenced
            this.b = a.g.d;
                      ^
recovery/normalized-src-vf/l1r/an/PBMessageALL5.java:2300: error: int cannot be dereferenced
            this.d = a.g.d;
                      ^
recovery/normalized-src-vf/l1r/an/PBMessageALL5.java:2306: error: int cannot be dereferenced
            this.b = a.g.d;
                      ^
recovery/normalized-src-vf/l1r/an/PBMessageALL5.java:2307: error: int cannot be dereferenced
            this.d = a.g.d;
                      ^
recovery/normalized-src-vf/l1r/an/PBMessageALL5.java:2312: error: cannot find symbol
            PBMessageALL5.c.af();
                           ^
  symbol:   method af()
  location: variable c of type a
recovery/normalized-src-vf/l1r/an/PBMessageALL5.java:2321: error: int cannot be dereferenced
            this.b = a.g.d;
                      ^
recovery/normalized-src-vf/l1r/an/PBMessageALL5.java:2325: error: int cannot be dereferenced
            this.d = a.g.d;
                      ^
recovery/normalized-src-vf/l1r/an/PBMessageALL5.java:2364: error: incompatible types: List<f> cannot be converted to c
            return PBMessageALL5.c.h();
                                    ^
recovery/normalized-src-vf/l1r/an/PBMessageALL5.java:2377: error: reference to c is ambiguous
            PBMessageALL5.c var1 = new PBMessageALL5.c(this, null);
                                   ^
  both constructor c(h,n) in c and constructor c(a,c) in c match
recovery/normalized-src-vf/l1r/an/PBMessageALL5.java:2470: error: incomparable types: c and List<f>
            if (var1 == PBMessageALL5.c.h()) {
                     ^
recovery/normalized-src-vf/l1r/an/PBMessageALL5.java:2547: error: a has private access in a
               var3 = PBMessageALL5.c.a.d(var1, var2);
                                     ^
recovery/normalized-src-vf/l1r/an/PBMessageALL5.java:2547: error: int cannot be dereferenced
               var3 = PBMessageALL5.c.a.d(var1, var2);
                                       ^
recovery/normalized-src-vf/l1r/an/PBMessageALL5.java:2583: error: cannot find symbol
            this.b = PBMessageALL5.c.h().p();
                                        ^
  symbol:   method p()
  location: interface List<f>
recovery/normalized-src-vf/l1r/an/PBMessageALL5.java:2635: error: cannot find symbol
            this.d = PBMessageALL5.c.h().t();
                                        ^
  symbol:   method t()
  location: interface List<f>
recovery/normalized-src-vf/l1r/an/PBMessageALL5.java:2722: error: name clash: class a has two methods with the same erasure, yet neither overrides the other
         public PBMessageALL5.c.a e(int var1) {
                                  ^
  first method:  e(g) in l1r.an.PBMessageALL5.c.a
  second method: e(InputStream) in a.x.a
recovery/normalized-src-vf/l1r/an/PBMessageALL5.java:2746: error: name clash: class a has two methods with the same erasure, yet neither overrides the other
         public PBMessageALL5.c.a f(int var1) {
                                  ^
  first method:  f(g) in l1r.an.PBMessageALL5.c.a
  second method: f(f) in a.x.a
recovery/normalized-src-vf/l1r/an/PBMessageALL5.java:2954: error: ai() in l1r.an.PBMessageALL5.c.a cannot override ai() in a.p.a
         public p.a ai() {
                    ^
  return type a.p.a is not compatible with l1r.an.PBMessageALL5.c.a
  where BuilderType is a type-variable:
    BuilderType extends a.p.a declared in class a.p.a
recovery/normalized-src-vf/l1r/an/PBMessageALL5.java:2953: error: method does not override or implement a method from a supertype
         @Override
         ^
recovery/normalized-src-vf/l1r/an/PBMessageALL5.java:2972: error: a(h,n) in l1r.an.PBMessageALL5.c.a cannot override a(byte[],n) in a.a.a
         public a.a.a a(a.h var1, n var2) throws IOException {
                      ^
  overridden method does not throw IOException
  where BuilderType#1,BuilderType#2 are type-variables:
    BuilderType#1 extends a.p.a declared in class a.p.a
    BuilderType#2 extends a.a.a declared in class a.a.a
recovery/normalized-src-vf/l1r/an/PBMessageALL5.java:3014: error: ah() in l1r.an.PBMessageALL5.c.a cannot override ah() in a.p.a
         public p.a ah() {
                    ^
  return type a.p.a is not compatible with l1r.an.PBMessageALL5.c.a
  where BuilderType is a type-variable:
    BuilderType extends a.p.a declared in class a.p.a
recovery/normalized-src-vf/l1r/an/PBMessageALL5.java:3013: error: method does not override or implement a method from a supertype
         @Override
         ^
recovery/normalized-src-vf/l1r/an/PBMessageALL5.java:3687: error: b(b) in e cannot implement b(OutputStream) in y
      protected x.a b(a.p.b var1) {
                    ^
  attempting to assign weaker access privileges; was public
recovery/normalized-src-vf/l1r/an/PBMessageALL5.java:3657: error: a(b) in e cannot implement a(OutputStream) in y
      protected PBMessageALL5.e.a a(a.p.b var1) {
                                  ^
  attempting to assign weaker access privileges; was public
recovery/normalized-src-vf/l1r/an/PBMessageALL5.java:3102: error: cannot find symbol
      public static ab<PBMessageALL5.e> a = new a.c<PBMessageALL5.e>() {
                                                 ^
  symbol:   class c
  location: class a
recovery/normalized-src-vf/l1r/an/PBMessageALL5.java:3103: error: cannot find symbol
         public PBMessageALL5.e c(a.h var1, n var2) throws s {
                                   ^
  symbol:   class h
  location: class a
recovery/normalized-src-vf/l1r/an/PBMessageALL5.java:3109: error: cannot find symbol
         public Object d(a.h var1, n var2) throws s {
                          ^
  symbol:   class h
  location: class a
recovery/normalized-src-vf/l1r/an/PBMessageALL5.java:3108: error: method does not override or implement a method from a supertype
         @Override
         ^
recovery/normalized-src-vf/l1r/an/PBMessageALL5.java:3432: error: cannot find symbol
         this.x = a.g.d;
                   ^
  symbol:   variable g
  location: variable a of type ab<e>
recovery/normalized-src-vf/l1r/an/PBMessageALL5.java:3458: error: a(i) in e cannot override a(List<? extends a.r.a>) in a.a
      public void a(a.i var1) throws IOException {
                  ^
  overridden method is static
recovery/normalized-src-vf/l1r/an/PBMessageALL5.java:3532: error: cannot find symbol
            var1 += a.i.g(1, this.u);
                     ^
  symbol:   variable i
  location: variable a of type ab<e>
recovery/normalized-src-vf/l1r/an/PBMessageALL5.java:3536: error: cannot find symbol
            var1 += a.i.g(2, this.v);
                     ^
  symbol:   variable i
  location: variable a of type ab<e>
recovery/normalized-src-vf/l1r/an/PBMessageALL5.java:3540: error: cannot find symbol
            var1 += a.i.g(3, this.w);
                     ^
  symbol:   variable i
  location: variable a of type ab<e>
recovery/normalized-src-vf/l1r/an/PBMessageALL5.java:3544: error: cannot find symbol
            var1 += a.i.c(4, this.x);
                     ^
  symbol:   variable i
  location: variable a of type ab<e>
recovery/normalized-src-vf/l1r/an/PBMessageALL5.java:3548: error: cannot find symbol
            var1 += a.i.g(5, this.y);
                     ^
  symbol:   variable i
  location: variable a of type ab<e>
recovery/normalized-src-vf/l1r/an/PBMessageALL5.java:3552: error: cannot find symbol
            var1 += a.i.g(6, this.z);
                     ^
  symbol:   variable i
  location: variable a of type ab<e>
recovery/normalized-src-vf/l1r/an/PBMessageALL5.java:3556: error: cannot find symbol
            var1 += a.i.g(7, this.A);
                     ^
  symbol:   variable i
  location: variable a of type ab<e>
recovery/normalized-src-vf/l1r/an/PBMessageALL5.java:3560: error: cannot find symbol
            var1 += a.i.g(8, this.B);
                     ^
  symbol:   variable i
  location: variable a of type ab<e>
recovery/normalized-src-vf/l1r/an/PBMessageALL5.java:3564: error: cannot find symbol
            var1 += a.i.g(9, this.C);
                     ^
  symbol:   variable i
  location: variable a of type ab<e>
recovery/normalized-src-vf/l1r/an/PBMessageALL5.java:3568: error: cannot find symbol
            var1 += a.i.g(10, this.D);
                     ^
  symbol:   variable i
  location: variable a of type ab<e>
recovery/normalized-src-vf/l1r/an/PBMessageALL5.java:3572: error: cannot find symbol
            var1 += a.i.g(11, this.E);
                     ^
  symbol:   variable i
  location: variable a of type ab<e>
recovery/normalized-src-vf/l1r/an/PBMessageALL5.java:3576: error: cannot find symbol
            var1 += a.i.g(12, this.F);
                     ^
  symbol:   variable i
  location: variable a of type ab<e>
recovery/normalized-src-vf/l1r/an/PBMessageALL5.java:3580: error: cannot find symbol
            var1 += a.i.g(13, this.G);
                     ^
  symbol:   variable i
  location: variable a of type ab<e>
recovery/normalized-src-vf/l1r/an/PBMessageALL5.java:3584: error: cannot find symbol
            var1 += a.i.g(14, this.H);
                     ^
  symbol:   variable i
  location: variable a of type ab<e>
recovery/normalized-src-vf/l1r/an/PBMessageALL5.java:3588: error: cannot find symbol
            var1 += a.i.g(15, this.I);
                     ^
  symbol:   variable i
  location: variable a of type ab<e>
recovery/normalized-src-vf/l1r/an/PBMessageALL5.java:3601: error: a(g) in e cannot hide a(List<? extends a.r.a>) in a.a
      public static PBMessageALL5.e a(a.g var0) throws s {
                                    ^
  return type e is not compatible with int
recovery/normalized-src-vf/l1r/an/PBMessageALL5.java:3633: error: a(h) in e cannot hide a(List<? extends a.r.a>) in a.a
      public static PBMessageALL5.e a(a.h var0) throws IOException {
                                    ^
  return type e is not compatible with int
recovery/normalized-src-vf/l1r/an/PBMessageALL5.java:3642: error: a has private access in a
         return PBMessageALL5.e.a.av();
                               ^
recovery/normalized-src-vf/l1r/an/PBMessageALL5.java:3642: error: int cannot be dereferenced
         return PBMessageALL5.e.a.av();
                                 ^
recovery/normalized-src-vf/l1r/an/PBMessageALL5.java:3654: error: reference to a is ambiguous
         return a(this);
                ^
  both method a(h) in e and method a(b) in e match
recovery/normalized-src-vf/l1r/an/PBMessageALL5.java:3654: error: incompatible types: e cannot be converted to a
         return a(this);
                 ^
recovery/normalized-src-vf/l1r/an/PBMessageALL5.java:3713: error: l1r.an.PBMessageALL5.e.a is not abstract and does not override abstract method d() in a.a.a
      public static final class a extends p.a<PBMessageALL5.e.a> implements PBMessageALL5.f {
                          ^
recovery/normalized-src-vf/l1r/an/PBMessageALL5.java:4400: error: d(h,n) in l1r.an.PBMessageALL5.e.a cannot implement d(byte[],n) in a.x.a
         public x.a d(a.h var1, n var2) throws IOException {
                    ^
  overridden method does not throw IOException
recovery/normalized-src-vf/l1r/an/PBMessageALL5.java:4394: error: c(h,n) in l1r.an.PBMessageALL5.e.a cannot implement c(byte[],n) in a.y.a
         public y.a c(a.h var1, n var2) throws IOException {
                    ^
  overridden method does not throw IOException
recovery/normalized-src-vf/l1r/an/PBMessageALL5.java:3718: error: int cannot be dereferenced
         private a.g e = a.g.d;
                          ^
recovery/normalized-src-vf/l1r/an/PBMessageALL5.java:3750: error: cannot find symbol
            PBMessageALL5.e.af();
                           ^
  symbol:   method af()
  location: variable e of type a
recovery/normalized-src-vf/l1r/an/PBMessageALL5.java:3765: error: int cannot be dereferenced
            this.e = a.g.d;
                      ^
recovery/normalized-src-vf/l1r/an/PBMessageALL5.java:3802: error: incompatible types: List<f> cannot be converted to e
            return PBMessageALL5.e.h();
                                    ^
recovery/normalized-src-vf/l1r/an/PBMessageALL5.java:3815: error: reference to e is ambiguous
            PBMessageALL5.e var1 = new PBMessageALL5.e(this, null);
                                   ^
  both constructor e(h,n) in e and constructor e(a,e) in e match
recovery/normalized-src-vf/l1r/an/PBMessageALL5.java:3908: error: incomparable types: e and List<f>
            if (var1 == PBMessageALL5.e.h()) {
                     ^
recovery/normalized-src-vf/l1r/an/PBMessageALL5.java:3985: error: a has private access in a
               var3 = PBMessageALL5.e.a.d(var1, var2);
                                     ^
recovery/normalized-src-vf/l1r/an/PBMessageALL5.java:3985: error: int cannot be dereferenced
               var3 = PBMessageALL5.e.a.d(var1, var2);
                                       ^
recovery/normalized-src-vf/l1r/an/PBMessageALL5.java:4093: error: cannot find symbol
            this.e = PBMessageALL5.e.h().v();
                                        ^
  symbol:   method v()
  location: interface List<f>
recovery/normalized-src-vf/l1r/an/PBMessageALL5.java:4132: error: name clash: class a has two methods with the same erasure, yet neither overrides the other
         public PBMessageALL5.e.a e(int var1) {
                                  ^
  first method:  e(g) in l1r.an.PBMessageALL5.e.a
  second method: e(InputStream) in a.x.a
recovery/normalized-src-vf/l1r/an/PBMessageALL5.java:4388: error: ai() in l1r.an.PBMessageALL5.e.a cannot override ai() in a.p.a
         public p.a ai() {
                    ^
  return type a.p.a is not compatible with l1r.an.PBMessageALL5.e.a
  where BuilderType is a type-variable:
    BuilderType extends a.p.a declared in class a.p.a
recovery/normalized-src-vf/l1r/an/PBMessageALL5.java:4387: error: method does not override or implement a method from a supertype
         @Override
         ^
recovery/normalized-src-vf/l1r/an/PBMessageALL5.java:4406: error: a(h,n) in l1r.an.PBMessageALL5.e.a cannot override a(byte[],n) in a.a.a
         public a.a.a a(a.h var1, n var2) throws IOException {
                      ^
  overridden method does not throw IOException
  where BuilderType#1,BuilderType#2 are type-variables:
    BuilderType#1 extends a.p.a declared in class a.p.a
    BuilderType#2 extends a.a.a declared in class a.a.a
recovery/normalized-src-vf/l1r/an/PBMessageALL5.java:4448: error: ah() in l1r.an.PBMessageALL5.e.a cannot override ah() in a.p.a
         public p.a ah() {
                    ^
  return type a.p.a is not compatible with l1r.an.PBMessageALL5.e.a
  where BuilderType is a type-variable:
    BuilderType extends a.p.a declared in class a.p.a
recovery/normalized-src-vf/l1r/an/PBMessageALL5.java:4447: error: method does not override or implement a method from a supertype
         @Override
         ^
recovery/normalized-src-vf/l1r/an/PBMessageALL5.java:5121: error: b(b) in g cannot implement b(OutputStream) in y
      protected x.a b(a.p.b var1) {
                    ^
  attempting to assign weaker access privileges; was public
recovery/normalized-src-vf/l1r/an/PBMessageALL5.java:5091: error: a(b) in g cannot implement a(OutputStream) in y
      protected PBMessageALL5.g.a a(a.p.b var1) {
                                  ^
  attempting to assign weaker access privileges; was public
recovery/normalized-src-vf/l1r/an/PBMessageALL5.java:4536: error: cannot find symbol
      public static ab<PBMessageALL5.g> a = new a.c<PBMessageALL5.g>() {
                                                 ^
  symbol:   class c
  location: class a
recovery/normalized-src-vf/l1r/an/PBMessageALL5.java:4537: error: cannot find symbol
         public PBMessageALL5.g c(a.h var1, n var2) throws s {
                                   ^
  symbol:   class h
  location: class a
recovery/normalized-src-vf/l1r/an/PBMessageALL5.java:4543: error: cannot find symbol
         public Object d(a.h var1, n var2) throws s {
                          ^
  symbol:   class h
  location: class a
recovery/normalized-src-vf/l1r/an/PBMessageALL5.java:4542: error: method does not override or implement a method from a supertype
         @Override
         ^
recovery/normalized-src-vf/l1r/an/PBMessageALL5.java:4864: error: cannot find symbol
         this.v = a.g.d;
                   ^
  symbol:   variable g
  location: variable a of type ab<g>
recovery/normalized-src-vf/l1r/an/PBMessageALL5.java:4865: error: cannot find symbol
         this.w = a.g.d;
                   ^
  symbol:   variable g
  location: variable a of type ab<g>
recovery/normalized-src-vf/l1r/an/PBMessageALL5.java:4866: error: cannot find symbol
         this.x = a.g.d;
                   ^
  symbol:   variable g
  location: variable a of type ab<g>
recovery/normalized-src-vf/l1r/an/PBMessageALL5.java:4867: error: cannot find symbol
         this.y = a.g.d;
                   ^
  symbol:   variable g
  location: variable a of type ab<g>
recovery/normalized-src-vf/l1r/an/PBMessageALL5.java:4868: error: cannot find symbol
         this.z = a.g.d;
                   ^
  symbol:   variable g
  location: variable a of type ab<g>
recovery/normalized-src-vf/l1r/an/PBMessageALL5.java:4869: error: cannot find symbol
         this.A = a.g.d;
                   ^
  symbol:   variable g
  location: variable a of type ab<g>
recovery/normalized-src-vf/l1r/an/PBMessageALL5.java:4892: error: a(i) in g cannot override a(List<? extends a.r.a>) in a.a
      public void a(a.i var1) throws IOException {
                  ^
  overridden method is static
recovery/normalized-src-vf/l1r/an/PBMessageALL5.java:4966: error: cannot find symbol
            var1 += a.i.g(1, this.u);
                     ^
  symbol:   variable i
  location: variable a of type ab<g>
recovery/normalized-src-vf/l1r/an/PBMessageALL5.java:4970: error: cannot find symbol
            var1 += a.i.c(2, this.v);
                     ^
  symbol:   variable i
  location: variable a of type ab<g>
recovery/normalized-src-vf/l1r/an/PBMessageALL5.java:4974: error: cannot find symbol
            var1 += a.i.c(3, this.w);
                     ^
  symbol:   variable i
  location: variable a of type ab<g>
recovery/normalized-src-vf/l1r/an/PBMessageALL5.java:4978: error: cannot find symbol
            var1 += a.i.c(4, this.x);
                     ^
  symbol:   variable i
  location: variable a of type ab<g>
recovery/normalized-src-vf/l1r/an/PBMessageALL5.java:4982: error: cannot find symbol
            var1 += a.i.c(5, this.y);
                     ^
  symbol:   variable i
  location: variable a of type ab<g>
recovery/normalized-src-vf/l1r/an/PBMessageALL5.java:4986: error: cannot find symbol
            var1 += a.i.c(6, this.z);
                     ^
  symbol:   variable i
  location: variable a of type ab<g>
recovery/normalized-src-vf/l1r/an/PBMessageALL5.java:4990: error: cannot find symbol
            var1 += a.i.c(7, this.A);
                     ^
  symbol:   variable i
  location: variable a of type ab<g>
recovery/normalized-src-vf/l1r/an/PBMessageALL5.java:4994: error: cannot find symbol
            var1 += a.i.g(8, this.B);
                     ^
  symbol:   variable i
  location: variable a of type ab<g>
recovery/normalized-src-vf/l1r/an/PBMessageALL5.java:4998: error: cannot find symbol
            var1 += a.i.g(9, this.C);
                     ^
  symbol:   variable i
  location: variable a of type ab<g>
recovery/normalized-src-vf/l1r/an/PBMessageALL5.java:5002: error: cannot find symbol
            var1 += a.i.g(10, this.D);
                     ^
  symbol:   variable i
  location: variable a of type ab<g>
recovery/normalized-src-vf/l1r/an/PBMessageALL5.java:5006: error: cannot find symbol
            var1 += a.i.g(11, this.E);
                     ^
  symbol:   variable i
  location: variable a of type ab<g>
recovery/normalized-src-vf/l1r/an/PBMessageALL5.java:5010: error: cannot find symbol
            var1 += a.i.g(12, this.F);
                     ^
  symbol:   variable i
  location: variable a of type ab<g>
recovery/normalized-src-vf/l1r/an/PBMessageALL5.java:5014: error: cannot find symbol
            var1 += a.i.g(13, this.G);
                     ^
  symbol:   variable i
  location: variable a of type ab<g>
recovery/normalized-src-vf/l1r/an/PBMessageALL5.java:5018: error: cannot find symbol
            var1 += a.i.g(14, this.H);
                     ^
  symbol:   variable i
  location: variable a of type ab<g>
recovery/normalized-src-vf/l1r/an/PBMessageALL5.java:5022: error: cannot find symbol
            var1 += a.i.g(15, this.I);
                     ^
  symbol:   variable i
  location: variable a of type ab<g>
recovery/normalized-src-vf/l1r/an/PBMessageALL5.java:5035: error: a(g) in g cannot hide a(List<? extends a.r.a>) in a.a
      public static PBMessageALL5.g a(a.g var0) throws s {
                                    ^
  return type g is not compatible with int
recovery/normalized-src-vf/l1r/an/PBMessageALL5.java:5067: error: a(h) in g cannot hide a(List<? extends a.r.a>) in a.a
      public static PBMessageALL5.g a(a.h var0) throws IOException {
                                    ^
  return type g is not compatible with int
recovery/normalized-src-vf/l1r/an/PBMessageALL5.java:5076: error: a has private access in a
         return PBMessageALL5.g.a.av();
                               ^
recovery/normalized-src-vf/l1r/an/PBMessageALL5.java:5076: error: int cannot be dereferenced
         return PBMessageALL5.g.a.av();
                                 ^
recovery/normalized-src-vf/l1r/an/PBMessageALL5.java:5088: error: reference to a is ambiguous
         return a(this);
                ^
  both method a(h) in g and method a(b) in g match
recovery/normalized-src-vf/l1r/an/PBMessageALL5.java:5088: error: incompatible types: g cannot be converted to a
         return a(this);
                 ^
recovery/normalized-src-vf/l1r/an/PBMessageALL5.java:5147: error: l1r.an.PBMessageALL5.g.a is not abstract and does not override abstract method d() in a.a.a
      public static final class a extends p.a<PBMessageALL5.g.a> implements PBMessageALL5.h {
                          ^
recovery/normalized-src-vf/l1r/an/PBMessageALL5.java:5866: error: d(h,n) in l1r.an.PBMessageALL5.g.a cannot implement d(byte[],n) in a.x.a
         public x.a d(a.h var1, n var2) throws IOException {
                    ^
  overridden method does not throw IOException
recovery/normalized-src-vf/l1r/an/PBMessageALL5.java:5860: error: c(h,n) in l1r.an.PBMessageALL5.g.a cannot implement c(byte[],n) in a.y.a
         public y.a c(a.h var1, n var2) throws IOException {
                    ^
  overridden method does not throw IOException
recovery/normalized-src-vf/l1r/an/PBMessageALL5.java:5175: error: int cannot be dereferenced
            this.c = a.g.d;
                      ^
recovery/normalized-src-vf/l1r/an/PBMessageALL5.java:5176: error: int cannot be dereferenced
            this.d = a.g.d;
                      ^
recovery/normalized-src-vf/l1r/an/PBMessageALL5.java:5177: error: int cannot be dereferenced
            this.e = a.g.d;
                      ^
recovery/normalized-src-vf/l1r/an/PBMessageALL5.java:5178: error: int cannot be dereferenced
            this.f = a.g.d;
                      ^
recovery/normalized-src-vf/l1r/an/PBMessageALL5.java:5179: error: int cannot be dereferenced
            this.g = a.g.d;
                      ^
recovery/normalized-src-vf/l1r/an/PBMessageALL5.java:5180: error: int cannot be dereferenced
            this.h = a.g.d;
                      ^
recovery/normalized-src-vf/l1r/an/PBMessageALL5.java:5186: error: int cannot be dereferenced
            this.c = a.g.d;
                      ^
recovery/normalized-src-vf/l1r/an/PBMessageALL5.java:5187: error: int cannot be dereferenced
            this.d = a.g.d;
                      ^
recovery/normalized-src-vf/l1r/an/PBMessageALL5.java:5188: error: int cannot be dereferenced
            this.e = a.g.d;
                      ^
recovery/normalized-src-vf/l1r/an/PBMessageALL5.java:5189: error: int cannot be dereferenced
            this.f = a.g.d;
                      ^
recovery/normalized-src-vf/l1r/an/PBMessageALL5.java:5190: error: int cannot be dereferenced
            this.g = a.g.d;
                      ^
recovery/normalized-src-vf/l1r/an/PBMessageALL5.java:5191: error: int cannot be dereferenced
            this.h = a.g.d;
                      ^
recovery/normalized-src-vf/l1r/an/PBMessageALL5.java:5196: error: cannot find symbol
            PBMessageALL5.g.af();
                           ^
  symbol:   method af()
  location: variable g of type a
recovery/normalized-src-vf/l1r/an/PBMessageALL5.java:5207: error: int cannot be dereferenced
            this.c = a.g.d;
                      ^
recovery/normalized-src-vf/l1r/an/PBMessageALL5.java:5209: error: int cannot be dereferenced
            this.d = a.g.d;
                      ^
recovery/normalized-src-vf/l1r/an/PBMessageALL5.java:5211: error: int cannot be dereferenced
            this.e = a.g.d;
                      ^
recovery/normalized-src-vf/l1r/an/PBMessageALL5.java:5213: error: int cannot be dereferenced
            this.f = a.g.d;
                      ^
recovery/normalized-src-vf/l1r/an/PBMessageALL5.java:5215: error: int cannot be dereferenced
            this.g = a.g.d;
                      ^
recovery/normalized-src-vf/l1r/an/PBMessageALL5.java:5217: error: int cannot be dereferenced
            this.h = a.g.d;
                      ^
recovery/normalized-src-vf/l1r/an/PBMessageALL5.java:5248: error: incompatible types: List<f> cannot be converted to g
            return PBMessageALL5.g.h();
                                    ^
recovery/normalized-src-vf/l1r/an/PBMessageALL5.java:5261: error: reference to g is ambiguous
            PBMessageALL5.g var1 = new PBMessageALL5.g(this, null);
                                   ^
  both constructor g(h,n) in g and constructor g(a,g) in g match
recovery/normalized-src-vf/l1r/an/PBMessageALL5.java:5354: error: incomparable types: g and List<f>
            if (var1 == PBMessageALL5.g.h()) {
                     ^
recovery/normalized-src-vf/l1r/an/PBMessageALL5.java:5431: error: a has private access in a
               var3 = PBMessageALL5.g.a.d(var1, var2);
                                     ^
recovery/normalized-src-vf/l1r/an/PBMessageALL5.java:5431: error: int cannot be dereferenced
               var3 = PBMessageALL5.g.a.d(var1, var2);
                                       ^
recovery/normalized-src-vf/l1r/an/PBMessageALL5.java:5491: error: cannot find symbol
            this.c = PBMessageALL5.g.h().r();
                                        ^
  symbol:   method r()
  location: interface List<f>
recovery/normalized-src-vf/l1r/an/PBMessageALL5.java:5519: error: cannot find symbol
            this.d = PBMessageALL5.g.h().t();
                                        ^
  symbol:   method t()
  location: interface List<f>
recovery/normalized-src-vf/l1r/an/PBMessageALL5.java:5547: error: cannot find symbol
            this.e = PBMessageALL5.g.h().v();
                                        ^
  symbol:   method v()
  location: interface List<f>
recovery/normalized-src-vf/l1r/an/PBMessageALL5.java:5575: error: cannot find symbol
            this.f = PBMessageALL5.g.h().x();
                                        ^
  symbol:   method x()
  location: interface List<f>
recovery/normalized-src-vf/l1r/an/PBMessageALL5.java:5603: error: cannot find symbol
            this.g = PBMessageALL5.g.h().z();
                                        ^
  symbol:   method z()
  location: interface List<f>
recovery/normalized-src-vf/l1r/an/PBMessageALL5.java:5631: error: cannot find symbol
            this.h = PBMessageALL5.g.h().B();
                                        ^
  symbol:   method B()
  location: interface List<f>
recovery/normalized-src-vf/l1r/an/PBMessageALL5.java:5718: error: name clash: class a has two methods with the same erasure, yet neither overrides the other
         public PBMessageALL5.g.a e(int var1) {
                                  ^
  first method:  e(g) in l1r.an.PBMessageALL5.g.a
  second method: e(InputStream) in a.x.a
recovery/normalized-src-vf/l1r/an/PBMessageALL5.java:5742: error: name clash: class a has two methods with the same erasure, yet neither overrides the other
         public PBMessageALL5.g.a f(int var1) {
                                  ^
  first method:  f(g) in l1r.an.PBMessageALL5.g.a
  second method: f(f) in a.x.a
recovery/normalized-src-vf/l1r/an/PBMessageALL5.java:5766: error: name clash: class a has two methods with the same erasure, yet neither overrides the other
         public PBMessageALL5.g.a g(int var1) {
                                  ^
  first method:  g(g) in l1r.an.PBMessageALL5.g.a
  second method: g(f) in a.p.a
recovery/normalized-src-vf/l1r/an/PBMessageALL5.java:5854: error: ai() in l1r.an.PBMessageALL5.g.a cannot override ai() in a.p.a
         public p.a ai() {
                    ^
  return type a.p.a is not compatible with l1r.an.PBMessageALL5.g.a
  where BuilderType is a type-variable:
    BuilderType extends a.p.a declared in class a.p.a
recovery/normalized-src-vf/l1r/an/PBMessageALL5.java:5853: error: method does not override or implement a method from a supertype
         @Override
         ^
recovery/normalized-src-vf/l1r/an/PBMessageALL5.java:5872: error: a(h,n) in l1r.an.PBMessageALL5.g.a cannot override a(byte[],n) in a.a.a
         public a.a.a a(a.h var1, n var2) throws IOException {
                      ^
  overridden method does not throw IOException
  where BuilderType#1,BuilderType#2 are type-variables:
    BuilderType#1 extends a.p.a declared in class a.p.a
    BuilderType#2 extends a.a.a declared in class a.a.a
recovery/normalized-src-vf/l1r/an/PBMessageALL5.java:5914: error: ah() in l1r.an.PBMessageALL5.g.a cannot override ah() in a.p.a
         public p.a ah() {
                    ^
  return type a.p.a is not compatible with l1r.an.PBMessageALL5.g.a
  where BuilderType is a type-variable:
    BuilderType extends a.p.a declared in class a.p.a
recovery/normalized-src-vf/l1r/an/PBMessageALL5.java:5913: error: method does not override or implement a method from a supertype
         @Override
         ^
recovery/normalized-src-vf/l1r/an/PBMessageALL5.java:6587: error: b(b) in i cannot implement b(OutputStream) in y
      protected x.a b(a.p.b var1) {
                    ^
  attempting to assign weaker access privileges; was public
recovery/normalized-src-vf/l1r/an/PBMessageALL5.java:6557: error: a(b) in i cannot implement a(OutputStream) in y
      protected PBMessageALL5.i.a a(a.p.b var1) {
                                  ^
  attempting to assign weaker access privileges; was public
recovery/normalized-src-vf/l1r/an/PBMessageALL5.java:6002: error: cannot find symbol
      public static ab<PBMessageALL5.i> a = new a.c<PBMessageALL5.i>() {
                                                 ^
  symbol:   class c
  location: class a
recovery/normalized-src-vf/l1r/an/PBMessageALL5.java:6003: error: cannot find symbol
         public PBMessageALL5.i c(a.h var1, n var2) throws s {
                                   ^
  symbol:   class h
  location: class a
recovery/normalized-src-vf/l1r/an/PBMessageALL5.java:6009: error: cannot find symbol
         public Object d(a.h var1, n var2) throws s {
                          ^
  symbol:   class h
  location: class a
recovery/normalized-src-vf/l1r/an/PBMessageALL5.java:6008: error: method does not override or implement a method from a supertype
         @Override
         ^
recovery/normalized-src-vf/l1r/an/PBMessageALL5.java:6331: error: cannot find symbol
         this.w = a.g.d;
                   ^
  symbol:   variable g
  location: variable a of type ab<i>
recovery/normalized-src-vf/l1r/an/PBMessageALL5.java:6333: error: cannot find symbol
         this.y = a.g.d;
                   ^
  symbol:   variable g
  location: variable a of type ab<i>
recovery/normalized-src-vf/l1r/an/PBMessageALL5.java:6358: error: a(i) in i cannot override a(List<? extends a.r.a>) in a.a
      public void a(a.i var1) throws IOException {
                  ^
  overridden method is static
recovery/normalized-src-vf/l1r/an/PBMessageALL5.java:6432: error: cannot find symbol
            var1 += a.i.g(1, this.u);
                     ^
  symbol:   variable i
  location: variable a of type ab<i>
recovery/normalized-src-vf/l1r/an/PBMessageALL5.java:6436: error: cannot find symbol
            var1 += a.i.g(2, this.v);
                     ^
  symbol:   variable i
  location: variable a of type ab<i>
recovery/normalized-src-vf/l1r/an/PBMessageALL5.java:6440: error: cannot find symbol
            var1 += a.i.c(3, this.w);
                     ^
  symbol:   variable i
  location: variable a of type ab<i>
recovery/normalized-src-vf/l1r/an/PBMessageALL5.java:6444: error: cannot find symbol
            var1 += a.i.g(4, this.x);
                     ^
  symbol:   variable i
  location: variable a of type ab<i>
recovery/normalized-src-vf/l1r/an/PBMessageALL5.java:6448: error: cannot find symbol
            var1 += a.i.c(5, this.y);
                     ^
  symbol:   variable i
  location: variable a of type ab<i>
recovery/normalized-src-vf/l1r/an/PBMessageALL5.java:6452: error: cannot find symbol
            var1 += a.i.g(6, this.z);
                     ^
  symbol:   variable i
  location: variable a of type ab<i>
recovery/normalized-src-vf/l1r/an/PBMessageALL5.java:6456: error: cannot find symbol
            var1 += a.i.g(7, this.A);
                     ^
  symbol:   variable i
  location: variable a of type ab<i>
recovery/normalized-src-vf/l1r/an/PBMessageALL5.java:6460: error: cannot find symbol
            var1 += a.i.g(8, this.B);
                     ^
  symbol:   variable i
  location: variable a of type ab<i>
recovery/normalized-src-vf/l1r/an/PBMessageALL5.java:6464: error: cannot find symbol
            var1 += a.i.g(9, this.C);
                     ^
  symbol:   variable i
  location: variable a of type ab<i>
recovery/normalized-src-vf/l1r/an/PBMessageALL5.java:6468: error: cannot find symbol
            var1 += a.i.g(10, this.D);
                     ^
  symbol:   variable i
  location: variable a of type ab<i>
recovery/normalized-src-vf/l1r/an/PBMessageALL5.java:6472: error: cannot find symbol
            var1 += a.i.g(11, this.E);
                     ^
  symbol:   variable i
  location: variable a of type ab<i>
recovery/normalized-src-vf/l1r/an/PBMessageALL5.java:6476: error: cannot find symbol
            var1 += a.i.g(12, this.F);
                     ^
  symbol:   variable i
  location: variable a of type ab<i>
recovery/normalized-src-vf/l1r/an/PBMessageALL5.java:6480: error: cannot find symbol
            var1 += a.i.g(13, this.G);
                     ^
  symbol:   variable i
  location: variable a of type ab<i>
recovery/normalized-src-vf/l1r/an/PBMessageALL5.java:6484: error: cannot find symbol
            var1 += a.i.g(14, this.H);
                     ^
  symbol:   variable i
  location: variable a of type ab<i>
recovery/normalized-src-vf/l1r/an/PBMessageALL5.java:6488: error: cannot find symbol
            var1 += a.i.g(15, this.I);
                     ^
  symbol:   variable i
  location: variable a of type ab<i>
recovery/normalized-src-vf/l1r/an/PBMessageALL5.java:6501: error: a(g) in i cannot hide a(List<? extends a.r.a>) in a.a
      public static PBMessageALL5.i a(a.g var0) throws s {
                                    ^
  return type i is not compatible with int
recovery/normalized-src-vf/l1r/an/PBMessageALL5.java:6533: error: a(h) in i cannot hide a(List<? extends a.r.a>) in a.a
      public static PBMessageALL5.i a(a.h var0) throws IOException {
                                    ^
  return type i is not compatible with int
recovery/normalized-src-vf/l1r/an/PBMessageALL5.java:6542: error: a has private access in a
         return PBMessageALL5.i.a.av();
                               ^
recovery/normalized-src-vf/l1r/an/PBMessageALL5.java:6542: error: int cannot be dereferenced
         return PBMessageALL5.i.a.av();
                                 ^
recovery/normalized-src-vf/l1r/an/PBMessageALL5.java:6554: error: reference to a is ambiguous
         return a(this);
                ^
  both method a(h) in i and method a(b) in i match
recovery/normalized-src-vf/l1r/an/PBMessageALL5.java:6554: error: incompatible types: i cannot be converted to a
         return a(this);
                 ^
recovery/normalized-src-vf/l1r/an/PBMessageALL5.java:6613: error: l1r.an.PBMessageALL5.i.a is not abstract and does not override abstract method d() in a.a.a
      public static final class a extends p.a<PBMessageALL5.i.a> implements PBMessageALL5.j {
                          ^
recovery/normalized-src-vf/l1r/an/PBMessageALL5.java:7308: error: d(h,n) in l1r.an.PBMessageALL5.i.a cannot implement d(byte[],n) in a.x.a
         public x.a d(a.h var1, n var2) throws IOException {
                    ^
  overridden method does not throw IOException
recovery/normalized-src-vf/l1r/an/PBMessageALL5.java:7302: error: c(h,n) in l1r.an.PBMessageALL5.i.a cannot implement c(byte[],n) in a.y.a
         public y.a c(a.h var1, n var2) throws IOException {
                    ^
  overridden method does not throw IOException
recovery/normalized-src-vf/l1r/an/PBMessageALL5.java:6641: error: int cannot be dereferenced
            this.d = a.g.d;
                      ^
recovery/normalized-src-vf/l1r/an/PBMessageALL5.java:6642: error: int cannot be dereferenced
            this.f = a.g.d;
                      ^
recovery/normalized-src-vf/l1r/an/PBMessageALL5.java:6648: error: int cannot be dereferenced
            this.d = a.g.d;
                      ^
recovery/normalized-src-vf/l1r/an/PBMessageALL5.java:6649: error: int cannot be dereferenced
            this.f = a.g.d;
                      ^
recovery/normalized-src-vf/l1r/an/PBMessageALL5.java:6654: error: cannot find symbol
            PBMessageALL5.i.af();
                           ^
  symbol:   method af()
  location: variable i of type a
recovery/normalized-src-vf/l1r/an/PBMessageALL5.java:6667: error: int cannot be dereferenced
            this.d = a.g.d;
                      ^
recovery/normalized-src-vf/l1r/an/PBMessageALL5.java:6671: error: int cannot be dereferenced
            this.f = a.g.d;
                      ^
recovery/normalized-src-vf/l1r/an/PBMessageALL5.java:6706: error: incompatible types: List<f> cannot be converted to i
            return PBMessageALL5.i.h();
                                    ^
recovery/normalized-src-vf/l1r/an/PBMessageALL5.java:6719: error: reference to i is ambiguous
            PBMessageALL5.i var1 = new PBMessageALL5.i(this, null);
                                   ^
  both constructor i(h,n) in i and constructor i(a,i) in i match
recovery/normalized-src-vf/l1r/an/PBMessageALL5.java:6812: error: incomparable types: i and List<f>
            if (var1 == PBMessageALL5.i.h()) {
                     ^
recovery/normalized-src-vf/l1r/an/PBMessageALL5.java:6889: error: a has private access in a
               var3 = PBMessageALL5.i.a.d(var1, var2);
                                     ^
recovery/normalized-src-vf/l1r/an/PBMessageALL5.java:6889: error: int cannot be dereferenced
               var3 = PBMessageALL5.i.a.d(var1, var2);
                                       ^
recovery/normalized-src-vf/l1r/an/PBMessageALL5.java:6973: error: cannot find symbol
            this.d = PBMessageALL5.i.h().t();
                                        ^
  symbol:   method t()
  location: interface List<f>
recovery/normalized-src-vf/l1r/an/PBMessageALL5.java:7025: error: cannot find symbol
            this.f = PBMessageALL5.i.h().x();
                                        ^
  symbol:   method x()
  location: interface List<f>
recovery/normalized-src-vf/l1r/an/PBMessageALL5.java:7064: error: name clash: class a has two methods with the same erasure, yet neither overrides the other
         public PBMessageALL5.i.a e(int var1) {
                                  ^
  first method:  e(g) in l1r.an.PBMessageALL5.i.a
  second method: e(InputStream) in a.x.a
recovery/normalized-src-vf/l1r/an/PBMessageALL5.java:7088: error: name clash: class a has two methods with the same erasure, yet neither overrides the other
         public PBMessageALL5.i.a f(int var1) {
                                  ^
  first method:  f(g) in l1r.an.PBMessageALL5.i.a
  second method: f(f) in a.x.a
recovery/normalized-src-vf/l1r/an/PBMessageALL5.java:7296: error: ai() in l1r.an.PBMessageALL5.i.a cannot override ai() in a.p.a
         public p.a ai() {
                    ^
  return type a.p.a is not compatible with l1r.an.PBMessageALL5.i.a
  where BuilderType is a type-variable:
    BuilderType extends a.p.a declared in class a.p.a
recovery/normalized-src-vf/l1r/an/PBMessageALL5.java:7295: error: method does not override or implement a method from a supertype
         @Override
         ^
recovery/normalized-src-vf/l1r/an/PBMessageALL5.java:7314: error: a(h,n) in l1r.an.PBMessageALL5.i.a cannot override a(byte[],n) in a.a.a
         public a.a.a a(a.h var1, n var2) throws IOException {
                      ^
  overridden method does not throw IOException
  where BuilderType#1,BuilderType#2 are type-variables:
    BuilderType#1 extends a.p.a declared in class a.p.a
    BuilderType#2 extends a.a.a declared in class a.a.a
recovery/normalized-src-vf/l1r/an/PBMessageALL5.java:7356: error: ah() in l1r.an.PBMessageALL5.i.a cannot override ah() in a.p.a
         public p.a ah() {
                    ^
  return type a.p.a is not compatible with l1r.an.PBMessageALL5.i.a
  where BuilderType is a type-variable:
    BuilderType extends a.p.a declared in class a.p.a
recovery/normalized-src-vf/l1r/an/PBMessageALL5.java:7355: error: method does not override or implement a method from a supertype
         @Override
         ^
recovery/normalized-src-vf/l1r/an/PBMessageALL6.java:40: error: cannot find symbol
      a.k.g.a var1 = new a.k.g.a() {
       ^
  symbol:   class k
  location: class a
recovery/normalized-src-vf/l1r/an/PBMessageALL6.java:40: error: cannot find symbol
      a.k.g.a var1 = new a.k.g.a() {
                          ^
  symbol:   class k
  location: class a
recovery/normalized-src-vf/l1r/an/PBMessageALL6.java:41: error: method does not override or implement a method from a supertype
         @Override
         ^
recovery/normalized-src-vf/l1r/an/PBMessageALL6.java:152: error: g has private access in g
      k.g.a(var0, new k.g[0], var1);
       ^
recovery/normalized-src-vf/l1r/an/PBMessageALL6.java:753: error: b(b) in l1r.an.PBMessageALL6.a cannot implement b(OutputStream) in y
      protected x.a b(a.p.b var1) {
                    ^
  attempting to assign weaker access privileges; was public
recovery/normalized-src-vf/l1r/an/PBMessageALL6.java:723: error: a(b) in l1r.an.PBMessageALL6.a cannot implement a(OutputStream) in y
      protected PBMessageALL6.a.a a(a.p.b var1) {
                                  ^
  attempting to assign weaker access privileges; was public
recovery/normalized-src-vf/l1r/an/PBMessageALL6.java:168: error: cannot find symbol
      public static ab<PBMessageALL6.a> a = new a.c<PBMessageALL6.a>() {
                                                 ^
  symbol:   class c
  location: class a
recovery/normalized-src-vf/l1r/an/PBMessageALL6.java:169: error: cannot find symbol
         public PBMessageALL6.a c(a.h var1, n var2) throws s {
                                   ^
  symbol:   class h
  location: class a
recovery/normalized-src-vf/l1r/an/PBMessageALL6.java:175: error: cannot find symbol
         public Object d(a.h var1, n var2) throws s {
                          ^
  symbol:   class h
  location: class a
recovery/normalized-src-vf/l1r/an/PBMessageALL6.java:174: error: method does not override or implement a method from a supertype
         @Override
         ^
recovery/normalized-src-vf/l1r/an/PBMessageALL6.java:344: error: method does not override or implement a method from a supertype
      @Override
      ^
recovery/normalized-src-vf/l1r/an/PBMessageALL6.java:349: error: method does not override or implement a method from a supertype
      @Override
      ^
recovery/normalized-src-vf/l1r/an/PBMessageALL6.java:354: error: method does not override or implement a method from a supertype
      @Override
      ^
recovery/normalized-src-vf/l1r/an/PBMessageALL6.java:359: error: method does not override or implement a method from a supertype
      @Override
      ^
recovery/normalized-src-vf/l1r/an/PBMessageALL6.java:364: error: method does not override or implement a method from a supertype
      @Override
      ^
recovery/normalized-src-vf/l1r/an/PBMessageALL6.java:369: error: method does not override or implement a method from a supertype
      @Override
      ^
recovery/normalized-src-vf/l1r/an/PBMessageALL6.java:374: error: method does not override or implement a method from a supertype
      @Override
      ^
recovery/normalized-src-vf/l1r/an/PBMessageALL6.java:379: error: method does not override or implement a method from a supertype
      @Override
      ^
recovery/normalized-src-vf/l1r/an/PBMessageALL6.java:384: error: method does not override or implement a method from a supertype
      @Override
      ^
recovery/normalized-src-vf/l1r/an/PBMessageALL6.java:389: error: method does not override or implement a method from a supertype
      @Override
      ^
recovery/normalized-src-vf/l1r/an/PBMessageALL6.java:394: error: method does not override or implement a method from a supertype
      @Override
      ^
recovery/normalized-src-vf/l1r/an/PBMessageALL6.java:399: error: method does not override or implement a method from a supertype
      @Override
      ^
recovery/normalized-src-vf/l1r/an/PBMessageALL6.java:404: error: method does not override or implement a method from a supertype
      @Override
      ^
recovery/normalized-src-vf/l1r/an/PBMessageALL6.java:409: error: method does not override or implement a method from a supertype
      @Override
      ^
recovery/normalized-src-vf/l1r/an/PBMessageALL6.java:414: error: method does not override or implement a method from a supertype
      @Override
      ^
recovery/normalized-src-vf/l1r/an/PBMessageALL6.java:419: error: method does not override or implement a method from a supertype
      @Override
      ^
recovery/normalized-src-vf/l1r/an/PBMessageALL6.java:424: error: method does not override or implement a method from a supertype
      @Override
      ^
recovery/normalized-src-vf/l1r/an/PBMessageALL6.java:429: error: method does not override or implement a method from a supertype
      @Override
      ^
recovery/normalized-src-vf/l1r/an/PBMessageALL6.java:434: error: method does not override or implement a method from a supertype
      @Override
      ^
recovery/normalized-src-vf/l1r/an/PBMessageALL6.java:439: error: method does not override or implement a method from a supertype
      @Override
      ^
recovery/normalized-src-vf/l1r/an/PBMessageALL6.java:444: error: method does not override or implement a method from a supertype
      @Override
      ^
recovery/normalized-src-vf/l1r/an/PBMessageALL6.java:449: error: method does not override or implement a method from a supertype
      @Override
      ^
recovery/normalized-src-vf/l1r/an/PBMessageALL6.java:454: error: method does not override or implement a method from a supertype
      @Override
      ^
recovery/normalized-src-vf/l1r/an/PBMessageALL6.java:459: error: method does not override or implement a method from a supertype
      @Override
      ^
recovery/normalized-src-vf/l1r/an/PBMessageALL6.java:464: error: method does not override or implement a method from a supertype
      @Override
      ^
recovery/normalized-src-vf/l1r/an/PBMessageALL6.java:469: error: method does not override or implement a method from a supertype
      @Override
      ^
recovery/normalized-src-vf/l1r/an/PBMessageALL6.java:474: error: method does not override or implement a method from a supertype
      @Override
      ^
recovery/normalized-src-vf/l1r/an/PBMessageALL6.java:479: error: method does not override or implement a method from a supertype
      @Override
      ^
recovery/normalized-src-vf/l1r/an/PBMessageALL6.java:484: error: method does not override or implement a method from a supertype
      @Override
      ^
recovery/normalized-src-vf/l1r/an/PBMessageALL6.java:489: error: method does not override or implement a method from a supertype
      @Override
      ^
recovery/normalized-src-vf/l1r/an/PBMessageALL6.java:497: error: cannot find symbol
         this.w = a.g.d;
                   ^
  symbol:   variable g
  location: variable a of type ab<a>
recovery/normalized-src-vf/l1r/an/PBMessageALL6.java:498: error: cannot find symbol
         this.x = a.g.d;
                   ^
  symbol:   variable g
  location: variable a of type ab<a>
recovery/normalized-src-vf/l1r/an/PBMessageALL6.java:524: error: a(i) in l1r.an.PBMessageALL6.a cannot override a(List<? extends a.r.a>) in a.a
      public void a(a.i var1) throws IOException {
                  ^
  overridden method is static
recovery/normalized-src-vf/l1r/an/PBMessageALL6.java:598: error: cannot find symbol
            var1 += a.i.g(1, this.u);
                     ^
  symbol:   variable i
  location: variable a of type ab<a>
recovery/normalized-src-vf/l1r/an/PBMessageALL6.java:602: error: cannot find symbol
            var1 += a.i.g(2, this.v);
                     ^
  symbol:   variable i
  location: variable a of type ab<a>
recovery/normalized-src-vf/l1r/an/PBMessageALL6.java:606: error: cannot find symbol
            var1 += a.i.c(3, this.w);
                     ^
  symbol:   variable i
  location: variable a of type ab<a>
recovery/normalized-src-vf/l1r/an/PBMessageALL6.java:610: error: cannot find symbol
            var1 += a.i.c(4, this.x);
                     ^
  symbol:   variable i
  location: variable a of type ab<a>
recovery/normalized-src-vf/l1r/an/PBMessageALL6.java:614: error: cannot find symbol
            var1 += a.i.g(5, this.y);
                     ^
  symbol:   variable i
  location: variable a of type ab<a>
recovery/normalized-src-vf/l1r/an/PBMessageALL6.java:618: error: cannot find symbol
            var1 += a.i.g(6, this.z);
                     ^
  symbol:   variable i
  location: variable a of type ab<a>
recovery/normalized-src-vf/l1r/an/PBMessageALL6.java:622: error: cannot find symbol
            var1 += a.i.g(7, this.A);
                     ^
  symbol:   variable i
  location: variable a of type ab<a>
recovery/normalized-src-vf/l1r/an/PBMessageALL6.java:626: error: cannot find symbol
            var1 += a.i.g(8, this.B);
                     ^
  symbol:   variable i
  location: variable a of type ab<a>
recovery/normalized-src-vf/l1r/an/PBMessageALL6.java:630: error: cannot find symbol
            var1 += a.i.g(9, this.C);
                     ^
  symbol:   variable i
  location: variable a of type ab<a>
recovery/normalized-src-vf/l1r/an/PBMessageALL6.java:634: error: cannot find symbol
            var1 += a.i.g(10, this.D);
                     ^
  symbol:   variable i
  location: variable a of type ab<a>
recovery/normalized-src-vf/l1r/an/PBMessageALL6.java:638: error: cannot find symbol
            var1 += a.i.g(11, this.E);
                     ^
  symbol:   variable i
  location: variable a of type ab<a>
recovery/normalized-src-vf/l1r/an/PBMessageALL6.java:642: error: cannot find symbol
            var1 += a.i.g(12, this.F);
                     ^
  symbol:   variable i
  location: variable a of type ab<a>
recovery/normalized-src-vf/l1r/an/PBMessageALL6.java:646: error: cannot find symbol
            var1 += a.i.g(13, this.G);
                     ^
  symbol:   variable i
  location: variable a of type ab<a>
recovery/normalized-src-vf/l1r/an/PBMessageALL6.java:650: error: cannot find symbol
            var1 += a.i.g(14, this.H);
                     ^
  symbol:   variable i
  location: variable a of type ab<a>
recovery/normalized-src-vf/l1r/an/PBMessageALL6.java:654: error: cannot find symbol
            var1 += a.i.g(15, this.I);
                     ^
  symbol:   variable i
  location: variable a of type ab<a>
recovery/normalized-src-vf/l1r/an/PBMessageALL6.java:667: error: a(g) in l1r.an.PBMessageALL6.a cannot hide a(List<? extends a.r.a>) in a.a
      public static PBMessageALL6.a a(a.g var0) throws s {
                                    ^
  return type l1r.an.PBMessageALL6.a is not compatible with int
recovery/normalized-src-vf/l1r/an/PBMessageALL6.java:699: error: a(h) in l1r.an.PBMessageALL6.a cannot hide a(List<? extends a.r.a>) in a.a
      public static PBMessageALL6.a a(a.h var0) throws IOException {
                                    ^
  return type l1r.an.PBMessageALL6.a is not compatible with int
recovery/normalized-src-vf/l1r/an/PBMessageALL6.java:708: error: a has private access in a
         return PBMessageALL6.a.a.av();
                               ^
recovery/normalized-src-vf/l1r/an/PBMessageALL6.java:708: error: int cannot be dereferenced
         return PBMessageALL6.a.a.av();
                                 ^
recovery/normalized-src-vf/l1r/an/PBMessageALL6.java:716: error: incompatible types: a.a.a cannot be converted to a.p.a
         return aa().a(var0);
                      ^
recovery/normalized-src-vf/l1r/an/PBMessageALL6.java:720: error: reference to a is ambiguous
         return a(this);
                ^
  both method a(h) in l1r.an.PBMessageALL6.a and method a(b) in l1r.an.PBMessageALL6.a match
recovery/normalized-src-vf/l1r/an/PBMessageALL6.java:720: error: incompatible types: l1r.an.PBMessageALL6.a cannot be converted to a.p.a
         return a(this);
                 ^
recovery/normalized-src-vf/l1r/an/PBMessageALL6.java:1474: error: d(h,n) in l1r.an.PBMessageALL6.a.a cannot implement d(byte[],n) in a.x.a
         public x.a d(a.h var1, n var2) throws IOException {
                    ^
  overridden method does not throw IOException
recovery/normalized-src-vf/l1r/an/PBMessageALL6.java:1468: error: c(h,n) in l1r.an.PBMessageALL6.a.a cannot implement c(byte[],n) in a.y.a
         public y.a c(a.h var1, n var2) throws IOException {
                    ^
  overridden method does not throw IOException
recovery/normalized-src-vf/l1r/an/PBMessageALL6.java:807: error: int cannot be dereferenced
            this.d = a.g.d;
                      ^
recovery/normalized-src-vf/l1r/an/PBMessageALL6.java:808: error: int cannot be dereferenced
            this.e = a.g.d;
                      ^
recovery/normalized-src-vf/l1r/an/PBMessageALL6.java:814: error: int cannot be dereferenced
            this.d = a.g.d;
                      ^
recovery/normalized-src-vf/l1r/an/PBMessageALL6.java:815: error: int cannot be dereferenced
            this.e = a.g.d;
                      ^
recovery/normalized-src-vf/l1r/an/PBMessageALL6.java:820: error: cannot find symbol
            PBMessageALL6.a.af();
                           ^
  symbol:   method af()
  location: variable a of type a
recovery/normalized-src-vf/l1r/an/PBMessageALL6.java:833: error: int cannot be dereferenced
            this.d = a.g.d;
                      ^
recovery/normalized-src-vf/l1r/an/PBMessageALL6.java:835: error: int cannot be dereferenced
            this.e = a.g.d;
                      ^
recovery/normalized-src-vf/l1r/an/PBMessageALL6.java:872: error: incompatible types: List<f> cannot be converted to a
            return PBMessageALL6.a.h();
                                    ^
recovery/normalized-src-vf/l1r/an/PBMessageALL6.java:885: error: reference to a is ambiguous
            PBMessageALL6.a var1 = new PBMessageALL6.a(this, null);
                                   ^
  both constructor l1r.an.PBMessageALL6.a(h,n) in l1r.an.PBMessageALL6.a and constructor l1r.an.PBMessageALL6.a(a.p.a,l1r.an.PBMessageALL6.a) in l1r.an.PBMessageALL6.a match
recovery/normalized-src-vf/l1r/an/PBMessageALL6.java:978: error: incomparable types: a and List<f>
            if (var1 == PBMessageALL6.a.h()) {
                     ^
recovery/normalized-src-vf/l1r/an/PBMessageALL6.java:1055: error: a has private access in a
               var3 = PBMessageALL6.a.a.d(var1, var2);
                                     ^
recovery/normalized-src-vf/l1r/an/PBMessageALL6.java:1055: error: int cannot be dereferenced
               var3 = PBMessageALL6.a.a.d(var1, var2);
                                       ^
recovery/normalized-src-vf/l1r/an/PBMessageALL6.java:1139: error: cannot find symbol
            this.d = PBMessageALL6.a.h().t();
                                        ^
  symbol:   method t()
  location: interface List<f>
recovery/normalized-src-vf/l1r/an/PBMessageALL6.java:1167: error: cannot find symbol
            this.e = PBMessageALL6.a.h().v();
                                        ^
  symbol:   method v()
  location: interface List<f>
recovery/normalized-src-vf/l1r/an/PBMessageALL6.java:1230: error: name clash: class a has two methods with the same erasure, yet neither overrides the other
         public PBMessageALL6.a.a e(int var1) {
                                  ^
  first method:  e(g) in l1r.an.PBMessageALL6.a.a
  second method: e(InputStream) in a.x.a
recovery/normalized-src-vf/l1r/an/PBMessageALL6.java:1254: error: name clash: class a has two methods with the same erasure, yet neither overrides the other
         public PBMessageALL6.a.a f(int var1) {
                                  ^
  first method:  f(g) in l1r.an.PBMessageALL6.a.a
  second method: f(f) in a.x.a
recovery/normalized-src-vf/l1r/an/PBMessageALL6.java:1462: error: ai() in l1r.an.PBMessageALL6.a.a cannot override ai() in a.p.a
         public p.a ai() {
                    ^
  return type a.p.a is not compatible with l1r.an.PBMessageALL6.a.a
  where BuilderType is a type-variable:
    BuilderType extends a.p.a declared in class a.p.a
recovery/normalized-src-vf/l1r/an/PBMessageALL6.java:1461: error: method does not override or implement a method from a supertype
         @Override
         ^
recovery/normalized-src-vf/l1r/an/PBMessageALL6.java:1480: error: a(h,n) in l1r.an.PBMessageALL6.a.a cannot override a(byte[],n) in a.a.a
         public a.a.a a(a.h var1, n var2) throws IOException {
                      ^
  overridden method does not throw IOException
  where BuilderType#1,BuilderType#2 are type-variables:
    BuilderType#1 extends a.p.a declared in class a.p.a
    BuilderType#2 extends a.a.a declared in class a.a.a
recovery/normalized-src-vf/l1r/an/PBMessageALL6.java:1522: error: ah() in l1r.an.PBMessageALL6.a.a cannot override ah() in a.p.a
         public p.a ah() {
                    ^
  return type a.p.a is not compatible with l1r.an.PBMessageALL6.a.a
  where BuilderType is a type-variable:
    BuilderType extends a.p.a declared in class a.p.a
recovery/normalized-src-vf/l1r/an/PBMessageALL6.java:1521: error: method does not override or implement a method from a supertype
         @Override
         ^
recovery/normalized-src-vf/l1r/an/PBMessageALL6.java:2195: error: b(b) in c cannot implement b(OutputStream) in y
      protected x.a b(a.p.b var1) {
                    ^
  attempting to assign weaker access privileges; was public
recovery/normalized-src-vf/l1r/an/PBMessageALL6.java:2165: error: a(b) in c cannot implement a(OutputStream) in y
      protected PBMessageALL6.c.a a(a.p.b var1) {
                                  ^
  attempting to assign weaker access privileges; was public
recovery/normalized-src-vf/l1r/an/PBMessageALL6.java:1610: error: cannot find symbol
      public static ab<PBMessageALL6.c> a = new a.c<PBMessageALL6.c>() {
                                                 ^
  symbol:   class c
  location: class a
recovery/normalized-src-vf/l1r/an/PBMessageALL6.java:1611: error: cannot find symbol
         public PBMessageALL6.c c(a.h var1, n var2) throws s {
                                   ^
  symbol:   class h
  location: class a
recovery/normalized-src-vf/l1r/an/PBMessageALL6.java:1617: error: cannot find symbol
         public Object d(a.h var1, n var2) throws s {
                          ^
  symbol:   class h
  location: class a
recovery/normalized-src-vf/l1r/an/PBMessageALL6.java:1616: error: method does not override or implement a method from a supertype
         @Override
         ^
recovery/normalized-src-vf/l1r/an/PBMessageALL6.java:1937: error: cannot find symbol
         this.u = a.g.d;
                   ^
  symbol:   variable g
  location: variable a of type ab<c>
recovery/normalized-src-vf/l1r/an/PBMessageALL6.java:1938: error: cannot find symbol
         this.v = a.g.d;
                   ^
  symbol:   variable g
  location: variable a of type ab<c>
recovery/normalized-src-vf/l1r/an/PBMessageALL6.java:1939: error: cannot find symbol
         this.w = a.g.d;
                   ^
  symbol:   variable g
  location: variable a of type ab<c>
recovery/normalized-src-vf/l1r/an/PBMessageALL6.java:1940: error: cannot find symbol
         this.x = a.g.d;
                   ^
  symbol:   variable g
  location: variable a of type ab<c>
recovery/normalized-src-vf/l1r/an/PBMessageALL6.java:1941: error: cannot find symbol
         this.y = a.g.d;
                   ^
  symbol:   variable g
  location: variable a of type ab<c>
recovery/normalized-src-vf/l1r/an/PBMessageALL6.java:1942: error: cannot find symbol
         this.z = a.g.d;
                   ^
  symbol:   variable g
  location: variable a of type ab<c>
recovery/normalized-src-vf/l1r/an/PBMessageALL6.java:1966: error: a(i) in c cannot override a(List<? extends a.r.a>) in a.a
      public void a(a.i var1) throws IOException {
                  ^
  overridden method is static
recovery/normalized-src-vf/l1r/an/PBMessageALL6.java:2040: error: cannot find symbol
            var1 += a.i.c(1, this.u);
                     ^
  symbol:   variable i
  location: variable a of type ab<c>
recovery/normalized-src-vf/l1r/an/PBMessageALL6.java:2044: error: cannot find symbol
            var1 += a.i.c(2, this.v);
                     ^
  symbol:   variable i
  location: variable a of type ab<c>
recovery/normalized-src-vf/l1r/an/PBMessageALL6.java:2048: error: cannot find symbol
            var1 += a.i.c(3, this.w);
                     ^
  symbol:   variable i
  location: variable a of type ab<c>
recovery/normalized-src-vf/l1r/an/PBMessageALL6.java:2052: error: cannot find symbol
            var1 += a.i.c(4, this.x);
                     ^
  symbol:   variable i
  location: variable a of type ab<c>
recovery/normalized-src-vf/l1r/an/PBMessageALL6.java:2056: error: cannot find symbol
            var1 += a.i.c(5, this.y);
                     ^
  symbol:   variable i
  location: variable a of type ab<c>
recovery/normalized-src-vf/l1r/an/PBMessageALL6.java:2060: error: cannot find symbol
            var1 += a.i.c(6, this.z);
                     ^
  symbol:   variable i
  location: variable a of type ab<c>
recovery/normalized-src-vf/l1r/an/PBMessageALL6.java:2064: error: cannot find symbol
            var1 += a.i.g(7, this.A);
                     ^
  symbol:   variable i
  location: variable a of type ab<c>
recovery/normalized-src-vf/l1r/an/PBMessageALL6.java:2068: error: cannot find symbol
            var1 += a.i.g(8, this.B);
                     ^
  symbol:   variable i
  location: variable a of type ab<c>
recovery/normalized-src-vf/l1r/an/PBMessageALL6.java:2072: error: cannot find symbol
            var1 += a.i.g(9, this.C);
                     ^
  symbol:   variable i
  location: variable a of type ab<c>
recovery/normalized-src-vf/l1r/an/PBMessageALL6.java:2076: error: cannot find symbol
            var1 += a.i.g(10, this.D);
                     ^
  symbol:   variable i
  location: variable a of type ab<c>
recovery/normalized-src-vf/l1r/an/PBMessageALL6.java:2080: error: cannot find symbol
            var1 += a.i.g(11, this.E);
                     ^
  symbol:   variable i
  location: variable a of type ab<c>
recovery/normalized-src-vf/l1r/an/PBMessageALL6.java:2084: error: cannot find symbol
            var1 += a.i.g(12, this.F);
                     ^
  symbol:   variable i
  location: variable a of type ab<c>
recovery/normalized-src-vf/l1r/an/PBMessageALL6.java:2088: error: cannot find symbol
            var1 += a.i.g(13, this.G);
                     ^
  symbol:   variable i
  location: variable a of type ab<c>
recovery/normalized-src-vf/l1r/an/PBMessageALL6.java:2092: error: cannot find symbol
            var1 += a.i.g(14, this.H);
                     ^
  symbol:   variable i
  location: variable a of type ab<c>
recovery/normalized-src-vf/l1r/an/PBMessageALL6.java:2096: error: cannot find symbol
            var1 += a.i.g(15, this.I);
                     ^
  symbol:   variable i
  location: variable a of type ab<c>
recovery/normalized-src-vf/l1r/an/PBMessageALL6.java:2109: error: a(g) in c cannot hide a(List<? extends a.r.a>) in a.a
      public static PBMessageALL6.c a(a.g var0) throws s {
                                    ^
  return type c is not compatible with int
recovery/normalized-src-vf/l1r/an/PBMessageALL6.java:2141: error: a(h) in c cannot hide a(List<? extends a.r.a>) in a.a
      public static PBMessageALL6.c a(a.h var0) throws IOException {
                                    ^
  return type c is not compatible with int
recovery/normalized-src-vf/l1r/an/PBMessageALL6.java:2150: error: a has private access in a
         return PBMessageALL6.c.a.av();
                               ^
recovery/normalized-src-vf/l1r/an/PBMessageALL6.java:2150: error: int cannot be dereferenced
         return PBMessageALL6.c.a.av();
                                 ^
recovery/normalized-src-vf/l1r/an/PBMessageALL6.java:2162: error: reference to a is ambiguous
         return a(this);
                ^
  both method a(h) in c and method a(b) in c match
recovery/normalized-src-vf/l1r/an/PBMessageALL6.java:2162: error: incompatible types: c cannot be converted to a
         return a(this);
                 ^
recovery/normalized-src-vf/l1r/an/PBMessageALL6.java:2221: error: l1r.an.PBMessageALL6.c.a is not abstract and does not override abstract method d() in a.a.a
      public static final class a extends p.a<PBMessageALL6.c.a> implements PBMessageALL6.d {
                          ^
recovery/normalized-src-vf/l1r/an/PBMessageALL6.java:2940: error: d(h,n) in l1r.an.PBMessageALL6.c.a cannot implement d(byte[],n) in a.x.a
         public x.a d(a.h var1, n var2) throws IOException {
                    ^
  overridden method does not throw IOException
recovery/normalized-src-vf/l1r/an/PBMessageALL6.java:2934: error: c(h,n) in l1r.an.PBMessageALL6.c.a cannot implement c(byte[],n) in a.y.a
         public y.a c(a.h var1, n var2) throws IOException {
                    ^
  overridden method does not throw IOException
recovery/normalized-src-vf/l1r/an/PBMessageALL6.java:2249: error: int cannot be dereferenced
            this.b = a.g.d;
                      ^
recovery/normalized-src-vf/l1r/an/PBMessageALL6.java:2250: error: int cannot be dereferenced
            this.c = a.g.d;
                      ^
recovery/normalized-src-vf/l1r/an/PBMessageALL6.java:2251: error: int cannot be dereferenced
            this.d = a.g.d;
                      ^
recovery/normalized-src-vf/l1r/an/PBMessageALL6.java:2252: error: int cannot be dereferenced
            this.e = a.g.d;
                      ^
recovery/normalized-src-vf/l1r/an/PBMessageALL6.java:2253: error: int cannot be dereferenced
            this.f = a.g.d;
                      ^
recovery/normalized-src-vf/l1r/an/PBMessageALL6.java:2254: error: int cannot be dereferenced
            this.g = a.g.d;
                      ^
recovery/normalized-src-vf/l1r/an/PBMessageALL6.java:2260: error: int cannot be dereferenced
            this.b = a.g.d;
                      ^
recovery/normalized-src-vf/l1r/an/PBMessageALL6.java:2261: error: int cannot be dereferenced
            this.c = a.g.d;
                      ^
recovery/normalized-src-vf/l1r/an/PBMessageALL6.java:2262: error: int cannot be dereferenced
            this.d = a.g.d;
                      ^
recovery/normalized-src-vf/l1r/an/PBMessageALL6.java:2263: error: int cannot be dereferenced
            this.e = a.g.d;
                      ^
recovery/normalized-src-vf/l1r/an/PBMessageALL6.java:2264: error: int cannot be dereferenced
            this.f = a.g.d;
                      ^
recovery/normalized-src-vf/l1r/an/PBMessageALL6.java:2265: error: int cannot be dereferenced
            this.g = a.g.d;
                      ^
recovery/normalized-src-vf/l1r/an/PBMessageALL6.java:2270: error: cannot find symbol
            PBMessageALL6.c.af();
                           ^
  symbol:   method af()
  location: variable c of type a
recovery/normalized-src-vf/l1r/an/PBMessageALL6.java:2279: error: int cannot be dereferenced
            this.b = a.g.d;
                      ^
recovery/normalized-src-vf/l1r/an/PBMessageALL6.java:2281: error: int cannot be dereferenced
            this.c = a.g.d;
                      ^
recovery/normalized-src-vf/l1r/an/PBMessageALL6.java:2283: error: int cannot be dereferenced
            this.d = a.g.d;
                      ^
recovery/normalized-src-vf/l1r/an/PBMessageALL6.java:2285: error: int cannot be dereferenced
            this.e = a.g.d;
                      ^
recovery/normalized-src-vf/l1r/an/PBMessageALL6.java:2287: error: int cannot be dereferenced
            this.f = a.g.d;
                      ^
recovery/normalized-src-vf/l1r/an/PBMessageALL6.java:2289: error: int cannot be dereferenced
            this.g = a.g.d;
                      ^
recovery/normalized-src-vf/l1r/an/PBMessageALL6.java:2322: error: incompatible types: List<f> cannot be converted to c
            return PBMessageALL6.c.h();
                                    ^
recovery/normalized-src-vf/l1r/an/PBMessageALL6.java:2335: error: reference to c is ambiguous
            PBMessageALL6.c var1 = new PBMessageALL6.c(this, null);
                                   ^
  both constructor c(h,n) in c and constructor c(a,c) in c match
recovery/normalized-src-vf/l1r/an/PBMessageALL6.java:2428: error: incomparable types: c and List<f>
            if (var1 == PBMessageALL6.c.h()) {
                     ^
recovery/normalized-src-vf/l1r/an/PBMessageALL6.java:2505: error: a has private access in a
               var3 = PBMessageALL6.c.a.d(var1, var2);
                                     ^
recovery/normalized-src-vf/l1r/an/PBMessageALL6.java:2505: error: int cannot be dereferenced
               var3 = PBMessageALL6.c.a.d(var1, var2);
                                       ^
recovery/normalized-src-vf/l1r/an/PBMessageALL6.java:2541: error: cannot find symbol
            this.b = PBMessageALL6.c.h().p();
                                        ^
  symbol:   method p()
  location: interface List<f>
recovery/normalized-src-vf/l1r/an/PBMessageALL6.java:2569: error: cannot find symbol
            this.c = PBMessageALL6.c.h().r();
                                        ^
  symbol:   method r()
  location: interface List<f>
recovery/normalized-src-vf/l1r/an/PBMessageALL6.java:2597: error: cannot find symbol
            this.d = PBMessageALL6.c.h().t();
                                        ^
  symbol:   method t()
  location: interface List<f>
recovery/normalized-src-vf/l1r/an/PBMessageALL6.java:2625: error: cannot find symbol
            this.e = PBMessageALL6.c.h().v();
                                        ^
  symbol:   method v()
  location: interface List<f>
recovery/normalized-src-vf/l1r/an/PBMessageALL6.java:2653: error: cannot find symbol
            this.f = PBMessageALL6.c.h().x();
                                        ^
  symbol:   method x()
  location: interface List<f>
recovery/normalized-src-vf/l1r/an/PBMessageALL6.java:2681: error: cannot find symbol
            this.g = PBMessageALL6.c.h().z();
                                        ^
  symbol:   method z()
  location: interface List<f>
recovery/normalized-src-vf/l1r/an/PBMessageALL6.java:2792: error: name clash: class a has two methods with the same erasure, yet neither overrides the other
         public PBMessageALL6.c.a e(int var1) {
                                  ^
  first method:  e(g) in l1r.an.PBMessageALL6.c.a
  second method: e(InputStream) in a.x.a
recovery/normalized-src-vf/l1r/an/PBMessageALL6.java:2816: error: name clash: class a has two methods with the same erasure, yet neither overrides the other
         public PBMessageALL6.c.a f(int var1) {
                                  ^
  first method:  f(g) in l1r.an.PBMessageALL6.c.a
  second method: f(f) in a.x.a
recovery/normalized-src-vf/l1r/an/PBMessageALL6.java:2840: error: name clash: class a has two methods with the same erasure, yet neither overrides the other
         public PBMessageALL6.c.a g(int var1) {
                                  ^
  first method:  g(g) in l1r.an.PBMessageALL6.c.a
  second method: g(f) in a.p.a
recovery/normalized-src-vf/l1r/an/PBMessageALL6.java:2928: error: ai() in l1r.an.PBMessageALL6.c.a cannot override ai() in a.p.a
         public p.a ai() {
                    ^
  return type a.p.a is not compatible with l1r.an.PBMessageALL6.c.a
  where BuilderType is a type-variable:
    BuilderType extends a.p.a declared in class a.p.a
recovery/normalized-src-vf/l1r/an/PBMessageALL6.java:2927: error: method does not override or implement a method from a supertype
         @Override
         ^
recovery/normalized-src-vf/l1r/an/PBMessageALL6.java:2946: error: a(h,n) in l1r.an.PBMessageALL6.c.a cannot override a(byte[],n) in a.a.a
         public a.a.a a(a.h var1, n var2) throws IOException {
                      ^
  overridden method does not throw IOException
  where BuilderType#1,BuilderType#2 are type-variables:
    BuilderType#1 extends a.p.a declared in class a.p.a
    BuilderType#2 extends a.a.a declared in class a.a.a
recovery/normalized-src-vf/l1r/an/PBMessageALL6.java:2988: error: ah() in l1r.an.PBMessageALL6.c.a cannot override ah() in a.p.a
         public p.a ah() {
                    ^
  return type a.p.a is not compatible with l1r.an.PBMessageALL6.c.a
  where BuilderType is a type-variable:
    BuilderType extends a.p.a declared in class a.p.a
recovery/normalized-src-vf/l1r/an/PBMessageALL6.java:2987: error: method does not override or implement a method from a supertype
         @Override
         ^
recovery/normalized-src-vf/l1r/an/PBMessageALL6.java:3665: error: a(b) in e cannot implement a(int) in f
      protected PBMessageALL6.e.a a(a.p.b var1) {
                                  ^
  attempting to assign weaker access privileges; was public
recovery/normalized-src-vf/l1r/an/PBMessageALL6.java:3695: error: b(b) in e cannot implement b(OutputStream) in y
      protected x.a b(a.p.b var1) {
                    ^
  attempting to assign weaker access privileges; was public
recovery/normalized-src-vf/l1r/an/PBMessageALL6.java:3076: error: cannot find symbol
      public static ab<PBMessageALL6.e> a = new a.c<PBMessageALL6.e>() {
                                                 ^
  symbol:   class c
  location: class a
recovery/normalized-src-vf/l1r/an/PBMessageALL6.java:3077: error: cannot find symbol
         public PBMessageALL6.e c(a.h var1, n var2) throws s {
                                   ^
  symbol:   class h
  location: class a
recovery/normalized-src-vf/l1r/an/PBMessageALL6.java:3083: error: cannot find symbol
         public Object d(a.h var1, n var2) throws s {
                          ^
  symbol:   class h
  location: class a
recovery/normalized-src-vf/l1r/an/PBMessageALL6.java:3082: error: method does not override or implement a method from a supertype
         @Override
         ^
recovery/normalized-src-vf/l1r/an/PBMessageALL6.java:3287: error: name clash: class e has two methods with the same erasure, yet neither overrides the other
      public int a(int var1) {
                 ^
  first method:  a(b) in e
  second method: a(List<? extends a.r.a>) in a.a
recovery/normalized-src-vf/l1r/an/PBMessageALL6.java:3434: error: cannot find symbol
         this.w = a.g.d;
                   ^
  symbol:   variable g
  location: variable a of type ab<e>
recovery/normalized-src-vf/l1r/an/PBMessageALL6.java:3435: error: cannot find symbol
         this.x = a.g.d;
                   ^
  symbol:   variable g
  location: variable a of type ab<e>
recovery/normalized-src-vf/l1r/an/PBMessageALL6.java:3461: error: a(i) in e cannot override a(List<? extends a.r.a>) in a.a
      public void a(a.i var1) throws IOException {
                  ^
  overridden method is static
recovery/normalized-src-vf/l1r/an/PBMessageALL6.java:3538: error: cannot find symbol
            var2 += a.i.h(this.u.get(var3));
                     ^
  symbol:   variable i
  location: variable a of type ab<e>
recovery/normalized-src-vf/l1r/an/PBMessageALL6.java:3544: error: cannot find symbol
            var4 += a.i.g(2, this.v);
                     ^
  symbol:   variable i
  location: variable a of type ab<e>
recovery/normalized-src-vf/l1r/an/PBMessageALL6.java:3548: error: cannot find symbol
            var4 += a.i.c(3, this.w);
                     ^
  symbol:   variable i
  location: variable a of type ab<e>
recovery/normalized-src-vf/l1r/an/PBMessageALL6.java:3552: error: cannot find symbol
            var4 += a.i.c(4, this.x);
                     ^
  symbol:   variable i
  location: variable a of type ab<e>
recovery/normalized-src-vf/l1r/an/PBMessageALL6.java:3556: error: cannot find symbol
            var4 += a.i.g(5, this.y);
                     ^
  symbol:   variable i
  location: variable a of type ab<e>
recovery/normalized-src-vf/l1r/an/PBMessageALL6.java:3560: error: cannot find symbol
            var4 += a.i.g(6, this.z);
                     ^
  symbol:   variable i
  location: variable a of type ab<e>
recovery/normalized-src-vf/l1r/an/PBMessageALL6.java:3564: error: cannot find symbol
            var4 += a.i.g(7, this.A);
                     ^
  symbol:   variable i
  location: variable a of type ab<e>
recovery/normalized-src-vf/l1r/an/PBMessageALL6.java:3568: error: cannot find symbol
            var4 += a.i.g(8, this.B);
                     ^
  symbol:   variable i
  location: variable a of type ab<e>
recovery/normalized-src-vf/l1r/an/PBMessageALL6.java:3572: error: cannot find symbol
            var4 += a.i.g(9, this.C);
                     ^
  symbol:   variable i
  location: variable a of type ab<e>
recovery/normalized-src-vf/l1r/an/PBMessageALL6.java:3576: error: cannot find symbol
            var4 += a.i.g(10, this.D);
                     ^
  symbol:   variable i
  location: variable a of type ab<e>
recovery/normalized-src-vf/l1r/an/PBMessageALL6.java:3580: error: cannot find symbol
            var4 += a.i.g(11, this.E);
                     ^
  symbol:   variable i
  location: variable a of type ab<e>
recovery/normalized-src-vf/l1r/an/PBMessageALL6.java:3584: error: cannot find symbol
            var4 += a.i.g(12, this.F);
                     ^
  symbol:   variable i
  location: variable a of type ab<e>
recovery/normalized-src-vf/l1r/an/PBMessageALL6.java:3588: error: cannot find symbol
            var4 += a.i.g(13, this.G);
                     ^
  symbol:   variable i
  location: variable a of type ab<e>
recovery/normalized-src-vf/l1r/an/PBMessageALL6.java:3592: error: cannot find symbol
            var4 += a.i.g(14, this.H);
                     ^
  symbol:   variable i
  location: variable a of type ab<e>
recovery/normalized-src-vf/l1r/an/PBMessageALL6.java:3596: error: cannot find symbol
            var4 += a.i.g(15, this.I);
                     ^
  symbol:   variable i
  location: variable a of type ab<e>
recovery/normalized-src-vf/l1r/an/PBMessageALL6.java:3609: error: a(g) in e cannot hide a(List<? extends a.r.a>) in a.a
      public static PBMessageALL6.e a(a.g var0) throws s {
                                    ^
  return type e is not compatible with int
recovery/normalized-src-vf/l1r/an/PBMessageALL6.java:3641: error: a(h) in e cannot hide a(List<? extends a.r.a>) in a.a
      public static PBMessageALL6.e a(a.h var0) throws IOException {
                                    ^
  return type e is not compatible with int
recovery/normalized-src-vf/l1r/an/PBMessageALL6.java:3650: error: a has private access in a
         return PBMessageALL6.e.a.av();
                               ^
recovery/normalized-src-vf/l1r/an/PBMessageALL6.java:3650: error: int cannot be dereferenced
         return PBMessageALL6.e.a.av();
                                 ^
recovery/normalized-src-vf/l1r/an/PBMessageALL6.java:3662: error: reference to a is ambiguous
         return a(this);
                ^
  both method a(h) in e and method a(b) in e match
recovery/normalized-src-vf/l1r/an/PBMessageALL6.java:3662: error: incompatible types: e cannot be converted to a
         return a(this);
                 ^
recovery/normalized-src-vf/l1r/an/PBMessageALL6.java:3721: error: l1r.an.PBMessageALL6.e.a is not abstract and does not override abstract method d() in a.a.a
      public static final class a extends p.a<PBMessageALL6.e.a> implements PBMessageALL6.f {
                          ^
recovery/normalized-src-vf/l1r/an/PBMessageALL6.java:4451: error: d(h,n) in l1r.an.PBMessageALL6.e.a cannot implement d(byte[],n) in a.x.a
         public x.a d(a.h var1, n var2) throws IOException {
                    ^
  overridden method does not throw IOException
recovery/normalized-src-vf/l1r/an/PBMessageALL6.java:4445: error: c(h,n) in l1r.an.PBMessageALL6.e.a cannot implement c(byte[],n) in a.y.a
         public y.a c(a.h var1, n var2) throws IOException {
                    ^
  overridden method does not throw IOException
recovery/normalized-src-vf/l1r/an/PBMessageALL6.java:3749: error: int cannot be dereferenced
            this.d = a.g.d;
                      ^
recovery/normalized-src-vf/l1r/an/PBMessageALL6.java:3750: error: int cannot be dereferenced
            this.e = a.g.d;
                      ^
recovery/normalized-src-vf/l1r/an/PBMessageALL6.java:3756: error: int cannot be dereferenced
            this.d = a.g.d;
                      ^
recovery/normalized-src-vf/l1r/an/PBMessageALL6.java:3757: error: int cannot be dereferenced
            this.e = a.g.d;
                      ^
recovery/normalized-src-vf/l1r/an/PBMessageALL6.java:3762: error: cannot find symbol
            PBMessageALL6.e.af();
                           ^
  symbol:   method af()
  location: variable e of type a
recovery/normalized-src-vf/l1r/an/PBMessageALL6.java:3775: error: int cannot be dereferenced
            this.d = a.g.d;
                      ^
recovery/normalized-src-vf/l1r/an/PBMessageALL6.java:3777: error: int cannot be dereferenced
            this.e = a.g.d;
                      ^
recovery/normalized-src-vf/l1r/an/PBMessageALL6.java:3814: error: incompatible types: List<f> cannot be converted to e
            return PBMessageALL6.e.h();
                                    ^
recovery/normalized-src-vf/l1r/an/PBMessageALL6.java:3827: error: reference to e is ambiguous
            PBMessageALL6.e var1 = new PBMessageALL6.e(this, null);
                                   ^
  both constructor e(h,n) in e and constructor e(a,e) in e match
recovery/normalized-src-vf/l1r/an/PBMessageALL6.java:3921: error: incomparable types: e and List<f>
            if (var1 == PBMessageALL6.e.h()) {
                     ^
recovery/normalized-src-vf/l1r/an/PBMessageALL6.java:4006: error: a has private access in a
               var3 = PBMessageALL6.e.a.d(var1, var2);
                                     ^
recovery/normalized-src-vf/l1r/an/PBMessageALL6.java:4006: error: int cannot be dereferenced
               var3 = PBMessageALL6.e.a.d(var1, var2);
                                       ^
recovery/normalized-src-vf/l1r/an/PBMessageALL6.java:4057: error: int cannot be dereferenced
            p.a.a(var1, this.b);
             ^
recovery/normalized-src-vf/l1r/an/PBMessageALL6.java:4116: error: cannot find symbol
            this.d = PBMessageALL6.e.h().t();
                                        ^
  symbol:   method t()
  location: interface List<f>
recovery/normalized-src-vf/l1r/an/PBMessageALL6.java:4144: error: cannot find symbol
            this.e = PBMessageALL6.e.h().v();
                                        ^
  symbol:   method v()
  location: interface List<f>
recovery/normalized-src-vf/l1r/an/PBMessageALL6.java:4183: error: name clash: class a has two methods with the same erasure, yet neither overrides the other
         public PBMessageALL6.e.a e(int var1) {
                                  ^
  first method:  e(g) in l1r.an.PBMessageALL6.e.a
  second method: e(InputStream) in a.x.a
recovery/normalized-src-vf/l1r/an/PBMessageALL6.java:4207: error: name clash: class a has two methods with the same erasure, yet neither overrides the other
         public PBMessageALL6.e.a f(int var1) {
                                  ^
  first method:  f(g) in l1r.an.PBMessageALL6.e.a
  second method: f(f) in a.x.a
recovery/normalized-src-vf/l1r/an/PBMessageALL6.java:4439: error: ai() in l1r.an.PBMessageALL6.e.a cannot override ai() in a.p.a
         public p.a ai() {
                    ^
  return type a.p.a is not compatible with l1r.an.PBMessageALL6.e.a
  where BuilderType is a type-variable:
    BuilderType extends a.p.a declared in class a.p.a
recovery/normalized-src-vf/l1r/an/PBMessageALL6.java:4438: error: method does not override or implement a method from a supertype
         @Override
         ^
recovery/normalized-src-vf/l1r/an/PBMessageALL6.java:4457: error: a(h,n) in l1r.an.PBMessageALL6.e.a cannot override a(byte[],n) in a.a.a
         public a.a.a a(a.h var1, n var2) throws IOException {
                      ^
  overridden method does not throw IOException
  where BuilderType#1,BuilderType#2 are type-variables:
    BuilderType#1 extends a.p.a declared in class a.p.a
    BuilderType#2 extends a.a.a declared in class a.a.a
recovery/normalized-src-vf/l1r/an/PBMessageALL6.java:4499: error: ah() in l1r.an.PBMessageALL6.e.a cannot override ah() in a.p.a
         public p.a ah() {
                    ^
  return type a.p.a is not compatible with l1r.an.PBMessageALL6.e.a
  where BuilderType is a type-variable:
    BuilderType extends a.p.a declared in class a.p.a
recovery/normalized-src-vf/l1r/an/PBMessageALL6.java:4498: error: method does not override or implement a method from a supertype
         @Override
         ^
recovery/normalized-src-vf/l1r/an/PBMessageALL6.java:5208: error: b(b) in l1r.an.PBMessageALL6.g cannot implement b(int) in h
      protected x.a b(a.p.b var1) {
                    ^
  attempting to assign weaker access privileges; was public
recovery/normalized-src-vf/l1r/an/PBMessageALL6.java:5178: error: a(b) in l1r.an.PBMessageALL6.g cannot implement a(int) in h
      protected PBMessageALL6.g.a a(a.p.b var1) {
                                  ^
  attempting to assign weaker access privileges; was public
recovery/normalized-src-vf/l1r/an/PBMessageALL6.java:4589: error: cannot find symbol
      public static ab<PBMessageALL6.g> a = new a.c<PBMessageALL6.g>() {
                                                 ^
  symbol:   class c
  location: class a
recovery/normalized-src-vf/l1r/an/PBMessageALL6.java:4590: error: cannot find symbol
         public PBMessageALL6.g c(a.h var1, n var2) throws s {
                                   ^
  symbol:   class h
  location: class a
recovery/normalized-src-vf/l1r/an/PBMessageALL6.java:4596: error: cannot find symbol
         public Object d(a.h var1, n var2) throws s {
                          ^
  symbol:   class h
  location: class a
recovery/normalized-src-vf/l1r/an/PBMessageALL6.java:4595: error: method does not override or implement a method from a supertype
         @Override
         ^
recovery/normalized-src-vf/l1r/an/PBMessageALL6.java:4802: error: name clash: class g has two methods with the same erasure, yet neither overrides the other
      public a.g a(int var1) {
                 ^
  first method:  a(b) in g
  second method: a(List<? extends a.r.a>) in a.a
recovery/normalized-src-vf/l1r/an/PBMessageALL6.java:4817: error: name clash: class g has two methods with the same erasure, yet neither overrides the other
      public a.g b(int var1) {
                 ^
  first method:  b(b) in g
  second method: b(InputStream) in g
recovery/normalized-src-vf/l1r/an/PBMessageALL6.java:4945: error: cannot find symbol
         this.x = a.g.d;
                   ^
  symbol:   variable g
  location: variable a of type ab<g>
recovery/normalized-src-vf/l1r/an/PBMessageALL6.java:4971: error: a(i) in g cannot override a(List<? extends a.r.a>) in a.a
      public void a(a.i var1) throws IOException {
                  ^
  overridden method is static
recovery/normalized-src-vf/l1r/an/PBMessageALL6.java:5045: error: cannot find symbol
            var1 += a.i.g(1, this.u);
                     ^
  symbol:   variable i
  location: variable a of type ab<g>
recovery/normalized-src-vf/l1r/an/PBMessageALL6.java:5051: error: cannot find symbol
            var2 += a.i.b(this.v.get(var3));
                     ^
  symbol:   variable i
  location: variable a of type ab<g>
recovery/normalized-src-vf/l1r/an/PBMessageALL6.java:5059: error: cannot find symbol
            var2 += a.i.b(this.w.get(var11));
                     ^
  symbol:   variable i
  location: variable a of type ab<g>
recovery/normalized-src-vf/l1r/an/PBMessageALL6.java:5065: error: cannot find symbol
            var1 += a.i.c(4, this.x);
                     ^
  symbol:   variable i
  location: variable a of type ab<g>
recovery/normalized-src-vf/l1r/an/PBMessageALL6.java:5069: error: cannot find symbol
            var1 += a.i.g(5, this.y);
                     ^
  symbol:   variable i
  location: variable a of type ab<g>
recovery/normalized-src-vf/l1r/an/PBMessageALL6.java:5073: error: cannot find symbol
            var1 += a.i.g(6, this.z);
                     ^
  symbol:   variable i
  location: variable a of type ab<g>
recovery/normalized-src-vf/l1r/an/PBMessageALL6.java:5077: error: cannot find symbol
            var1 += a.i.g(7, this.A);
                     ^
  symbol:   variable i
  location: variable a of type ab<g>
recovery/normalized-src-vf/l1r/an/PBMessageALL6.java:5081: error: cannot find symbol
            var1 += a.i.g(8, this.B);
                     ^
  symbol:   variable i
  location: variable a of type ab<g>
recovery/normalized-src-vf/l1r/an/PBMessageALL6.java:5085: error: cannot find symbol
            var1 += a.i.g(9, this.C);
                     ^
  symbol:   variable i
  location: variable a of type ab<g>
recovery/normalized-src-vf/l1r/an/PBMessageALL6.java:5089: error: cannot find symbol
            var1 += a.i.g(10, this.D);
                     ^
  symbol:   variable i
  location: variable a of type ab<g>
recovery/normalized-src-vf/l1r/an/PBMessageALL6.java:5093: error: cannot find symbol
            var1 += a.i.g(11, this.E);
                     ^
  symbol:   variable i
  location: variable a of type ab<g>
recovery/normalized-src-vf/l1r/an/PBMessageALL6.java:5097: error: cannot find symbol
            var1 += a.i.g(12, this.F);
                     ^
  symbol:   variable i
  location: variable a of type ab<g>
recovery/normalized-src-vf/l1r/an/PBMessageALL6.java:5101: error: cannot find symbol
            var1 += a.i.g(13, this.G);
                     ^
  symbol:   variable i
  location: variable a of type ab<g>
recovery/normalized-src-vf/l1r/an/PBMessageALL6.java:5105: error: cannot find symbol
            var1 += a.i.g(14, this.H);
                     ^
  symbol:   variable i
  location: variable a of type ab<g>
recovery/normalized-src-vf/l1r/an/PBMessageALL6.java:5109: error: cannot find symbol
            var1 += a.i.g(15, this.I);
                     ^
  symbol:   variable i
  location: variable a of type ab<g>
recovery/normalized-src-vf/l1r/an/PBMessageALL6.java:5122: error: a(g) in g cannot hide a(List<? extends a.r.a>) in a.a
      public static PBMessageALL6.g a(a.g var0) throws s {
                                    ^
  return type g is not compatible with int
recovery/normalized-src-vf/l1r/an/PBMessageALL6.java:5154: error: a(h) in g cannot hide a(List<? extends a.r.a>) in a.a
      public static PBMessageALL6.g a(a.h var0) throws IOException {
                                    ^
  return type g is not compatible with int
recovery/normalized-src-vf/l1r/an/PBMessageALL6.java:5163: error: a has private access in a
         return PBMessageALL6.g.a.av();
                               ^
recovery/normalized-src-vf/l1r/an/PBMessageALL6.java:5163: error: int cannot be dereferenced
         return PBMessageALL6.g.a.av();
                                 ^
recovery/normalized-src-vf/l1r/an/PBMessageALL6.java:5175: error: reference to a is ambiguous
         return a(this);
                ^
  both method a(h) in g and method a(b) in g match
recovery/normalized-src-vf/l1r/an/PBMessageALL6.java:5175: error: incompatible types: g cannot be converted to a
         return a(this);
                 ^
recovery/normalized-src-vf/l1r/an/PBMessageALL6.java:5234: error: l1r.an.PBMessageALL6.g.a is not abstract and does not override abstract method d() in a.a.a
      public static final class a extends p.a<PBMessageALL6.g.a> implements PBMessageALL6.h {
                          ^
recovery/normalized-src-vf/l1r/an/PBMessageALL6.java:6007: error: d(h,n) in l1r.an.PBMessageALL6.g.a cannot implement d(byte[],n) in a.x.a
         public x.a d(a.h var1, n var2) throws IOException {
                    ^
  overridden method does not throw IOException
recovery/normalized-src-vf/l1r/an/PBMessageALL6.java:6001: error: c(h,n) in l1r.an.PBMessageALL6.g.a cannot implement c(byte[],n) in a.y.a
         public y.a c(a.h var1, n var2) throws IOException {
                    ^
  overridden method does not throw IOException
recovery/normalized-src-vf/l1r/an/PBMessageALL6.java:5239: error: int cannot be dereferenced
         private a.g e = a.g.d;
                          ^
recovery/normalized-src-vf/l1r/an/PBMessageALL6.java:5271: error: cannot find symbol
            PBMessageALL6.g.af();
                           ^
  symbol:   method af()
  location: variable g of type a
recovery/normalized-src-vf/l1r/an/PBMessageALL6.java:5286: error: int cannot be dereferenced
            this.e = a.g.d;
                      ^
recovery/normalized-src-vf/l1r/an/PBMessageALL6.java:5323: error: incompatible types: List<f> cannot be converted to g
            return PBMessageALL6.g.h();
                                    ^
recovery/normalized-src-vf/l1r/an/PBMessageALL6.java:5336: error: reference to g is ambiguous
            PBMessageALL6.g var1 = new PBMessageALL6.g(this, null);
                                   ^
  both constructor g(h,n) in g and constructor g(a,g) in g match
recovery/normalized-src-vf/l1r/an/PBMessageALL6.java:5431: error: incomparable types: g and List<f>
            if (var1 == PBMessageALL6.g.h()) {
                     ^
recovery/normalized-src-vf/l1r/an/PBMessageALL6.java:5524: error: a has private access in a
               var3 = PBMessageALL6.g.a.d(var1, var2);
                                     ^
recovery/normalized-src-vf/l1r/an/PBMessageALL6.java:5524: error: int cannot be dereferenced
               var3 = PBMessageALL6.g.a.d(var1, var2);
                                       ^
recovery/normalized-src-vf/l1r/an/PBMessageALL6.java:5583: error: name clash: class a has two methods with the same erasure, yet neither overrides the other
         public PBMessageALL6.g.a a(int var1, a.g var2) {
                                  ^
  first method:  a(h,n) in l1r.an.PBMessageALL6.g.a
  second method: a(InputStream,n) in a.a.a
recovery/normalized-src-vf/l1r/an/PBMessageALL6.java:5607: error: int cannot be dereferenced
            p.a.a(var1, this.c);
             ^
recovery/normalized-src-vf/l1r/an/PBMessageALL6.java:5665: error: int cannot be dereferenced
            p.a.a(var1, this.d);
             ^
recovery/normalized-src-vf/l1r/an/PBMessageALL6.java:5700: error: cannot find symbol
            this.e = PBMessageALL6.g.h().v();
                                        ^
  symbol:   method v()
  location: interface List<f>
recovery/normalized-src-vf/l1r/an/PBMessageALL6.java:5739: error: name clash: class a has two methods with the same erasure, yet neither overrides the other
         public PBMessageALL6.g.a e(int var1) {
                                  ^
  first method:  e(g) in l1r.an.PBMessageALL6.g.a
  second method: e(InputStream) in a.x.a
recovery/normalized-src-vf/l1r/an/PBMessageALL6.java:5763: error: name clash: class a has two methods with the same erasure, yet neither overrides the other
         public PBMessageALL6.g.a f(int var1) {
                                  ^
  first method:  f(g) in l1r.an.PBMessageALL6.g.a
  second method: f(f) in a.x.a
recovery/normalized-src-vf/l1r/an/PBMessageALL6.java:5787: error: name clash: class a has two methods with the same erasure, yet neither overrides the other
         public PBMessageALL6.g.a g(int var1) {
                                  ^
  first method:  g(g) in l1r.an.PBMessageALL6.g.a
  second method: g(f) in a.p.a
recovery/normalized-src-vf/l1r/an/PBMessageALL6.java:5995: error: ai() in l1r.an.PBMessageALL6.g.a cannot override ai() in a.p.a
         public p.a ai() {
                    ^
  return type a.p.a is not compatible with l1r.an.PBMessageALL6.g.a
  where BuilderType is a type-variable:
    BuilderType extends a.p.a declared in class a.p.a
recovery/normalized-src-vf/l1r/an/PBMessageALL6.java:5994: error: method does not override or implement a method from a supertype
         @Override
         ^
recovery/normalized-src-vf/l1r/an/PBMessageALL6.java:6013: error: a(h,n) in l1r.an.PBMessageALL6.g.a cannot override a(byte[],n) in a.a.a
         public a.a.a a(a.h var1, n var2) throws IOException {
                      ^
  overridden method does not throw IOException
  where BuilderType#1,BuilderType#2 are type-variables:
    BuilderType#1 extends a.p.a declared in class a.p.a
    BuilderType#2 extends a.a.a declared in class a.a.a
recovery/normalized-src-vf/l1r/an/PBMessageALL6.java:6055: error: ah() in l1r.an.PBMessageALL6.g.a cannot override ah() in a.p.a
         public p.a ah() {
                    ^
  return type a.p.a is not compatible with l1r.an.PBMessageALL6.g.a
  where BuilderType is a type-variable:
    BuilderType extends a.p.a declared in class a.p.a
recovery/normalized-src-vf/l1r/an/PBMessageALL6.java:6054: error: method does not override or implement a method from a supertype
         @Override
         ^
recovery/normalized-src-vf/l1r/an/PBMessageALL6.java:6719: error: a(b) in i cannot implement a(int) in j
      protected PBMessageALL6.i.a a(a.p.b var1) {
                                  ^
  attempting to assign weaker access privileges; was public
recovery/normalized-src-vf/l1r/an/PBMessageALL6.java:6749: error: b(b) in i cannot implement b(OutputStream) in y
      protected x.a b(a.p.b var1) {
                    ^
  attempting to assign weaker access privileges; was public
recovery/normalized-src-vf/l1r/an/PBMessageALL6.java:6147: error: cannot find symbol
      public static ab<PBMessageALL6.i> a = new a.c<PBMessageALL6.i>() {
                                                 ^
  symbol:   class c
  location: class a
recovery/normalized-src-vf/l1r/an/PBMessageALL6.java:6148: error: cannot find symbol
         public PBMessageALL6.i c(a.h var1, n var2) throws s {
                                   ^
  symbol:   class h
  location: class a
recovery/normalized-src-vf/l1r/an/PBMessageALL6.java:6154: error: cannot find symbol
         public Object d(a.h var1, n var2) throws s {
                          ^
  symbol:   class h
  location: class a
recovery/normalized-src-vf/l1r/an/PBMessageALL6.java:6153: error: method does not override or implement a method from a supertype
         @Override
         ^
recovery/normalized-src-vf/l1r/an/PBMessageALL6.java:6382: error: name clash: class i has two methods with the same erasure, yet neither overrides the other
      public a.g a(int var1) {
                 ^
  first method:  a(b) in i
  second method: a(List<? extends a.r.a>) in a.a
recovery/normalized-src-vf/l1r/an/PBMessageALL6.java:6487: error: cannot find symbol
         this.u = a.g.d;
                   ^
  symbol:   variable g
  location: variable a of type ab<i>
recovery/normalized-src-vf/l1r/an/PBMessageALL6.java:6488: error: cannot find symbol
         this.v = a.g.d;
                   ^
  symbol:   variable g
  location: variable a of type ab<i>
recovery/normalized-src-vf/l1r/an/PBMessageALL6.java:6492: error: cannot find symbol
         this.z = a.g.d;
                   ^
  symbol:   variable g
  location: variable a of type ab<i>
recovery/normalized-src-vf/l1r/an/PBMessageALL6.java:6493: error: cannot find symbol
         this.A = a.g.d;
                   ^
  symbol:   variable g
  location: variable a of type ab<i>
recovery/normalized-src-vf/l1r/an/PBMessageALL6.java:6516: error: a(i) in i cannot override a(List<? extends a.r.a>) in a.a
      public void a(a.i var1) throws IOException {
                  ^
  overridden method is static
recovery/normalized-src-vf/l1r/an/PBMessageALL6.java:6590: error: cannot find symbol
            var1 += a.i.c(1, this.u);
                     ^
  symbol:   variable i
  location: variable a of type ab<i>
recovery/normalized-src-vf/l1r/an/PBMessageALL6.java:6594: error: cannot find symbol
            var1 += a.i.c(2, this.v);
                     ^
  symbol:   variable i
  location: variable a of type ab<i>
recovery/normalized-src-vf/l1r/an/PBMessageALL6.java:6598: error: cannot find symbol
            var1 += a.i.g(3, this.w);
                     ^
  symbol:   variable i
  location: variable a of type ab<i>
recovery/normalized-src-vf/l1r/an/PBMessageALL6.java:6602: error: cannot find symbol
            var1 += a.i.g(4, this.x);
                     ^
  symbol:   variable i
  location: variable a of type ab<i>
recovery/normalized-src-vf/l1r/an/PBMessageALL6.java:6608: error: cannot find symbol
            var2 += a.i.b(this.y.get(var3));
                     ^
  symbol:   variable i
  location: variable a of type ab<i>
recovery/normalized-src-vf/l1r/an/PBMessageALL6.java:6614: error: cannot find symbol
            var1 += a.i.c(6, this.z);
                     ^
  symbol:   variable i
  location: variable a of type ab<i>
recovery/normalized-src-vf/l1r/an/PBMessageALL6.java:6618: error: cannot find symbol
            var1 += a.i.c(7, this.A);
                     ^
  symbol:   variable i
  location: variable a of type ab<i>
recovery/normalized-src-vf/l1r/an/PBMessageALL6.java:6622: error: cannot find symbol
            var1 += a.i.g(8, this.B);
                     ^
  symbol:   variable i
  location: variable a of type ab<i>
recovery/normalized-src-vf/l1r/an/PBMessageALL6.java:6626: error: cannot find symbol
            var1 += a.i.g(9, this.C);
                     ^
  symbol:   variable i
  location: variable a of type ab<i>
recovery/normalized-src-vf/l1r/an/PBMessageALL6.java:6630: error: cannot find symbol
            var1 += a.i.g(10, this.D);
                     ^
  symbol:   variable i
  location: variable a of type ab<i>
recovery/normalized-src-vf/l1r/an/PBMessageALL6.java:6634: error: cannot find symbol
            var1 += a.i.g(11, this.E);
                     ^
  symbol:   variable i
  location: variable a of type ab<i>
recovery/normalized-src-vf/l1r/an/PBMessageALL6.java:6638: error: cannot find symbol
            var1 += a.i.g(12, this.F);
                     ^
  symbol:   variable i
  location: variable a of type ab<i>
recovery/normalized-src-vf/l1r/an/PBMessageALL6.java:6642: error: cannot find symbol
            var1 += a.i.g(13, this.G);
                     ^
  symbol:   variable i
  location: variable a of type ab<i>
recovery/normalized-src-vf/l1r/an/PBMessageALL6.java:6646: error: cannot find symbol
            var1 += a.i.g(14, this.H);
                     ^
  symbol:   variable i
  location: variable a of type ab<i>
recovery/normalized-src-vf/l1r/an/PBMessageALL6.java:6650: error: cannot find symbol
            var1 += a.i.g(15, this.I);
                     ^
  symbol:   variable i
  location: variable a of type ab<i>
recovery/normalized-src-vf/l1r/an/PBMessageALL6.java:6663: error: a(g) in i cannot hide a(List<? extends a.r.a>) in a.a
      public static PBMessageALL6.i a(a.g var0) throws s {
                                    ^
  return type i is not compatible with int
recovery/normalized-src-vf/l1r/an/PBMessageALL6.java:6695: error: a(h) in i cannot hide a(List<? extends a.r.a>) in a.a
      public static PBMessageALL6.i a(a.h var0) throws IOException {
                                    ^
  return type i is not compatible with int
recovery/normalized-src-vf/l1r/an/PBMessageALL6.java:6704: error: a has private access in a
         return PBMessageALL6.i.a.av();
                               ^
recovery/normalized-src-vf/l1r/an/PBMessageALL6.java:6704: error: int cannot be dereferenced
         return PBMessageALL6.i.a.av();
                                 ^
recovery/normalized-src-vf/l1r/an/PBMessageALL6.java:6716: error: reference to a is ambiguous
         return a(this);
                ^
  both method a(h) in i and method a(b) in i match
recovery/normalized-src-vf/l1r/an/PBMessageALL6.java:6716: error: incompatible types: i cannot be converted to a
         return a(this);
                 ^
recovery/normalized-src-vf/l1r/an/PBMessageALL6.java:6775: error: l1r.an.PBMessageALL6.i.a is not abstract and does not override abstract method d() in a.a.a
      public static final class a extends p.a<PBMessageALL6.i.a> implements PBMessageALL6.j {
                          ^
recovery/normalized-src-vf/l1r/an/PBMessageALL6.java:7517: error: d(h,n) in l1r.an.PBMessageALL6.i.a cannot implement d(byte[],n) in a.x.a
         public x.a d(a.h var1, n var2) throws IOException {
                    ^
  overridden method does not throw IOException
recovery/normalized-src-vf/l1r/an/PBMessageALL6.java:7511: error: c(h,n) in l1r.an.PBMessageALL6.i.a cannot implement c(byte[],n) in a.y.a
         public y.a c(a.h var1, n var2) throws IOException {
                    ^
  overridden method does not throw IOException
recovery/normalized-src-vf/l1r/an/PBMessageALL6.java:6777: error: int cannot be dereferenced
         private a.g b = a.g.d;
                          ^
recovery/normalized-src-vf/l1r/an/PBMessageALL6.java:6778: error: int cannot be dereferenced
         private a.g c = a.g.d;
                          ^
recovery/normalized-src-vf/l1r/an/PBMessageALL6.java:6782: error: int cannot be dereferenced
         private a.g g = a.g.d;
                          ^
recovery/normalized-src-vf/l1r/an/PBMessageALL6.java:6783: error: int cannot be dereferenced
         private a.g h = a.g.d;
                          ^
recovery/normalized-src-vf/l1r/an/PBMessageALL6.java:6812: error: cannot find symbol
            PBMessageALL6.i.af();
                           ^
  symbol:   method af()
  location: variable i of type a
recovery/normalized-src-vf/l1r/an/PBMessageALL6.java:6821: error: int cannot be dereferenced
            this.b = a.g.d;
                      ^
recovery/normalized-src-vf/l1r/an/PBMessageALL6.java:6823: error: int cannot be dereferenced
            this.c = a.g.d;
                      ^
recovery/normalized-src-vf/l1r/an/PBMessageALL6.java:6831: error: int cannot be dereferenced
            this.g = a.g.d;
                      ^
recovery/normalized-src-vf/l1r/an/PBMessageALL6.java:6833: error: int cannot be dereferenced
            this.h = a.g.d;
                      ^
recovery/normalized-src-vf/l1r/an/PBMessageALL6.java:6864: error: incompatible types: List<f> cannot be converted to i
            return PBMessageALL6.i.h();
                                    ^
recovery/normalized-src-vf/l1r/an/PBMessageALL6.java:6877: error: reference to i is ambiguous
            PBMessageALL6.i var1 = new PBMessageALL6.i(this, null);
                                   ^
  both constructor i(h,n) in i and constructor i(a,i) in i match
recovery/normalized-src-vf/l1r/an/PBMessageALL6.java:6971: error: incomparable types: i and List<f>
            if (var1 == PBMessageALL6.i.h()) {
                     ^
recovery/normalized-src-vf/l1r/an/PBMessageALL6.java:7056: error: a has private access in a
               var3 = PBMessageALL6.i.a.d(var1, var2);
                                     ^
recovery/normalized-src-vf/l1r/an/PBMessageALL6.java:7056: error: int cannot be dereferenced
               var3 = PBMessageALL6.i.a.d(var1, var2);
                                       ^
recovery/normalized-src-vf/l1r/an/PBMessageALL6.java:7092: error: cannot find symbol
            this.b = PBMessageALL6.i.h().p();
                                        ^
  symbol:   method p()
  location: interface List<f>
recovery/normalized-src-vf/l1r/an/PBMessageALL6.java:7120: error: cannot find symbol
            this.c = PBMessageALL6.i.h().r();
                                        ^
  symbol:   method r()
  location: interface List<f>
recovery/normalized-src-vf/l1r/an/PBMessageALL6.java:7195: error: name clash: class a has two methods with the same erasure, yet neither overrides the other
         public PBMessageALL6.i.a a(int var1, a.g var2) {
                                  ^
  first method:  a(h,n) in l1r.an.PBMessageALL6.i.a
  second method: a(InputStream,n) in a.a.a
recovery/normalized-src-vf/l1r/an/PBMessageALL6.java:7219: error: int cannot be dereferenced
            p.a.a(var1, this.f);
             ^
recovery/normalized-src-vf/l1r/an/PBMessageALL6.java:7254: error: cannot find symbol
            this.g = PBMessageALL6.i.h().z();
                                        ^
  symbol:   method z()
  location: interface List<f>
recovery/normalized-src-vf/l1r/an/PBMessageALL6.java:7282: error: cannot find symbol
            this.h = PBMessageALL6.i.h().B();
                                        ^
  symbol:   method B()
  location: interface List<f>
recovery/normalized-src-vf/l1r/an/PBMessageALL6.java:7321: error: name clash: class a has two methods with the same erasure, yet neither overrides the other
         public PBMessageALL6.i.a e(int var1) {
                                  ^
  first method:  e(g) in l1r.an.PBMessageALL6.i.a
  second method: e(InputStream) in a.x.a
recovery/normalized-src-vf/l1r/an/PBMessageALL6.java:7345: error: name clash: class a has two methods with the same erasure, yet neither overrides the other
         public PBMessageALL6.i.a f(int var1) {
                                  ^
  first method:  f(g) in l1r.an.PBMessageALL6.i.a
  second method: f(f) in a.x.a
recovery/normalized-src-vf/l1r/an/PBMessageALL6.java:7369: error: name clash: class a has two methods with the same erasure, yet neither overrides the other
         public PBMessageALL6.i.a g(int var1) {
                                  ^
  first method:  g(g) in l1r.an.PBMessageALL6.i.a
  second method: g(f) in a.p.a
recovery/normalized-src-vf/l1r/an/PBMessageALL6.java:7505: error: ai() in l1r.an.PBMessageALL6.i.a cannot override ai() in a.p.a
         public p.a ai() {
                    ^
  return type a.p.a is not compatible with l1r.an.PBMessageALL6.i.a
  where BuilderType is a type-variable:
    BuilderType extends a.p.a declared in class a.p.a
recovery/normalized-src-vf/l1r/an/PBMessageALL6.java:7504: error: method does not override or implement a method from a supertype
         @Override
         ^
recovery/normalized-src-vf/l1r/an/PBMessageALL6.java:7523: error: a(h,n) in l1r.an.PBMessageALL6.i.a cannot override a(byte[],n) in a.a.a
         public a.a.a a(a.h var1, n var2) throws IOException {
                      ^
  overridden method does not throw IOException
  where BuilderType#1,BuilderType#2 are type-variables:
    BuilderType#1 extends a.p.a declared in class a.p.a
    BuilderType#2 extends a.a.a declared in class a.a.a
recovery/normalized-src-vf/l1r/an/PBMessageALL6.java:7565: error: ah() in l1r.an.PBMessageALL6.i.a cannot override ah() in a.p.a
         public p.a ah() {
                    ^
  return type a.p.a is not compatible with l1r.an.PBMessageALL6.i.a
  where BuilderType is a type-variable:
    BuilderType extends a.p.a declared in class a.p.a
recovery/normalized-src-vf/l1r/an/PBMessageALL6.java:7564: error: method does not override or implement a method from a supertype
         @Override
         ^
recovery/normalized-src-vf/l1r/an/PBMessageALL7.java:40: error: cannot find symbol
      a.k.g.a var1 = new a.k.g.a() {
       ^
  symbol:   class k
  location: class a
recovery/normalized-src-vf/l1r/an/PBMessageALL7.java:40: error: cannot find symbol
      a.k.g.a var1 = new a.k.g.a() {
                          ^
  symbol:   class k
  location: class a
recovery/normalized-src-vf/l1r/an/PBMessageALL7.java:41: error: method does not override or implement a method from a supertype
         @Override
         ^
recovery/normalized-src-vf/l1r/an/PBMessageALL7.java:158: error: g has private access in g
      k.g.a(var0, new k.g[0], var1);
       ^
recovery/normalized-src-vf/l1r/an/PBMessageALL7.java:792: error: b(b) in l1r.an.PBMessageALL7.a cannot implement b(OutputStream) in y
      protected x.a b(a.p.b var1) {
                    ^
  attempting to assign weaker access privileges; was public
recovery/normalized-src-vf/l1r/an/PBMessageALL7.java:762: error: a(b) in l1r.an.PBMessageALL7.a cannot implement a(OutputStream) in y
      protected PBMessageALL7.a.a a(a.p.b var1) {
                                  ^
  attempting to assign weaker access privileges; was public
recovery/normalized-src-vf/l1r/an/PBMessageALL7.java:174: error: cannot find symbol
      public static ab<PBMessageALL7.a> a = new a.c<PBMessageALL7.a>() {
                                                 ^
  symbol:   class c
  location: class a
recovery/normalized-src-vf/l1r/an/PBMessageALL7.java:175: error: cannot find symbol
         public PBMessageALL7.a c(a.h var1, n var2) throws s {
                                   ^
  symbol:   class h
  location: class a
recovery/normalized-src-vf/l1r/an/PBMessageALL7.java:181: error: cannot find symbol
         public Object d(a.h var1, n var2) throws s {
                          ^
  symbol:   class h
  location: class a
recovery/normalized-src-vf/l1r/an/PBMessageALL7.java:180: error: method does not override or implement a method from a supertype
         @Override
         ^
recovery/normalized-src-vf/l1r/an/PBMessageALL7.java:374: error: method does not override or implement a method from a supertype
      @Override
      ^
recovery/normalized-src-vf/l1r/an/PBMessageALL7.java:379: error: method does not override or implement a method from a supertype
      @Override
      ^
recovery/normalized-src-vf/l1r/an/PBMessageALL7.java:384: error: method does not override or implement a method from a supertype
      @Override
      ^
recovery/normalized-src-vf/l1r/an/PBMessageALL7.java:389: error: method does not override or implement a method from a supertype
      @Override
      ^
recovery/normalized-src-vf/l1r/an/PBMessageALL7.java:394: error: method does not override or implement a method from a supertype
      @Override
      ^
recovery/normalized-src-vf/l1r/an/PBMessageALL7.java:399: error: method does not override or implement a method from a supertype
      @Override
      ^
recovery/normalized-src-vf/l1r/an/PBMessageALL7.java:404: error: method does not override or implement a method from a supertype
      @Override
      ^
recovery/normalized-src-vf/l1r/an/PBMessageALL7.java:409: error: method does not override or implement a method from a supertype
      @Override
      ^
recovery/normalized-src-vf/l1r/an/PBMessageALL7.java:415: error: name clash: class a has two methods with the same erasure, yet neither overrides the other
      public int a(int var1) {
                 ^
  first method:  a(b) in l1r.an.PBMessageALL7.a
  second method: a(List<? extends a.r.a>) in a.a
recovery/normalized-src-vf/l1r/an/PBMessageALL7.java:414: error: method does not override or implement a method from a supertype
      @Override
      ^
recovery/normalized-src-vf/l1r/an/PBMessageALL7.java:419: error: method does not override or implement a method from a supertype
      @Override
      ^
recovery/normalized-src-vf/l1r/an/PBMessageALL7.java:424: error: method does not override or implement a method from a supertype
      @Override
      ^
recovery/normalized-src-vf/l1r/an/PBMessageALL7.java:429: error: method does not override or implement a method from a supertype
      @Override
      ^
recovery/normalized-src-vf/l1r/an/PBMessageALL7.java:434: error: method does not override or implement a method from a supertype
      @Override
      ^
recovery/normalized-src-vf/l1r/an/PBMessageALL7.java:439: error: method does not override or implement a method from a supertype
      @Override
      ^
recovery/normalized-src-vf/l1r/an/PBMessageALL7.java:444: error: method does not override or implement a method from a supertype
      @Override
      ^
recovery/normalized-src-vf/l1r/an/PBMessageALL7.java:449: error: method does not override or implement a method from a supertype
      @Override
      ^
recovery/normalized-src-vf/l1r/an/PBMessageALL7.java:454: error: method does not override or implement a method from a supertype
      @Override
      ^
recovery/normalized-src-vf/l1r/an/PBMessageALL7.java:459: error: method does not override or implement a method from a supertype
      @Override
      ^
recovery/normalized-src-vf/l1r/an/PBMessageALL7.java:464: error: method does not override or implement a method from a supertype
      @Override
      ^
recovery/normalized-src-vf/l1r/an/PBMessageALL7.java:469: error: method does not override or implement a method from a supertype
      @Override
      ^
recovery/normalized-src-vf/l1r/an/PBMessageALL7.java:474: error: method does not override or implement a method from a supertype
      @Override
      ^
recovery/normalized-src-vf/l1r/an/PBMessageALL7.java:479: error: method does not override or implement a method from a supertype
      @Override
      ^
recovery/normalized-src-vf/l1r/an/PBMessageALL7.java:484: error: method does not override or implement a method from a supertype
      @Override
      ^
recovery/normalized-src-vf/l1r/an/PBMessageALL7.java:489: error: method does not override or implement a method from a supertype
      @Override
      ^
recovery/normalized-src-vf/l1r/an/PBMessageALL7.java:494: error: method does not override or implement a method from a supertype
      @Override
      ^
recovery/normalized-src-vf/l1r/an/PBMessageALL7.java:499: error: method does not override or implement a method from a supertype
      @Override
      ^
recovery/normalized-src-vf/l1r/an/PBMessageALL7.java:504: error: method does not override or implement a method from a supertype
      @Override
      ^
recovery/normalized-src-vf/l1r/an/PBMessageALL7.java:509: error: method does not override or implement a method from a supertype
      @Override
      ^
recovery/normalized-src-vf/l1r/an/PBMessageALL7.java:514: error: method does not override or implement a method from a supertype
      @Override
      ^
recovery/normalized-src-vf/l1r/an/PBMessageALL7.java:519: error: method does not override or implement a method from a supertype
      @Override
      ^
recovery/normalized-src-vf/l1r/an/PBMessageALL7.java:524: error: method does not override or implement a method from a supertype
      @Override
      ^
recovery/normalized-src-vf/l1r/an/PBMessageALL7.java:559: error: a(i) in l1r.an.PBMessageALL7.a cannot override a(List<? extends a.r.a>) in a.a
      public void a(a.i var1) throws IOException {
                  ^
  overridden method is static
recovery/normalized-src-vf/l1r/an/PBMessageALL7.java:633: error: cannot find symbol
            var1 += a.i.g(1, this.u);
                     ^
  symbol:   variable i
  location: variable a of type ab<a>
recovery/normalized-src-vf/l1r/an/PBMessageALL7.java:637: error: cannot find symbol
            var1 += a.i.g(2, this.v);
                     ^
  symbol:   variable i
  location: variable a of type ab<a>
recovery/normalized-src-vf/l1r/an/PBMessageALL7.java:641: error: cannot find symbol
            var1 += a.i.g(3, this.w);
                     ^
  symbol:   variable i
  location: variable a of type ab<a>
recovery/normalized-src-vf/l1r/an/PBMessageALL7.java:647: error: cannot find symbol
            var2 += a.i.h(this.x.get(var3));
                     ^
  symbol:   variable i
  location: variable a of type ab<a>
recovery/normalized-src-vf/l1r/an/PBMessageALL7.java:653: error: cannot find symbol
            var1 += a.i.g(5, this.y);
                     ^
  symbol:   variable i
  location: variable a of type ab<a>
recovery/normalized-src-vf/l1r/an/PBMessageALL7.java:657: error: cannot find symbol
            var1 += a.i.g(6, this.z);
                     ^
  symbol:   variable i
  location: variable a of type ab<a>
recovery/normalized-src-vf/l1r/an/PBMessageALL7.java:661: error: cannot find symbol
            var1 += a.i.g(7, this.A);
                     ^
  symbol:   variable i
  location: variable a of type ab<a>
recovery/normalized-src-vf/l1r/an/PBMessageALL7.java:665: error: cannot find symbol
            var1 += a.i.g(8, this.B);
                     ^
  symbol:   variable i
  location: variable a of type ab<a>
recovery/normalized-src-vf/l1r/an/PBMessageALL7.java:669: error: cannot find symbol
            var1 += a.i.g(9, this.C);
                     ^
  symbol:   variable i
  location: variable a of type ab<a>
recovery/normalized-src-vf/l1r/an/PBMessageALL7.java:673: error: cannot find symbol
            var1 += a.i.g(10, this.D);
                     ^
  symbol:   variable i
  location: variable a of type ab<a>
recovery/normalized-src-vf/l1r/an/PBMessageALL7.java:677: error: cannot find symbol
            var1 += a.i.g(11, this.E);
                     ^
  symbol:   variable i
  location: variable a of type ab<a>
recovery/normalized-src-vf/l1r/an/PBMessageALL7.java:681: error: cannot find symbol
            var1 += a.i.g(12, this.F);
                     ^
  symbol:   variable i
  location: variable a of type ab<a>
recovery/normalized-src-vf/l1r/an/PBMessageALL7.java:685: error: cannot find symbol
            var1 += a.i.g(13, this.G);
                     ^
  symbol:   variable i
  location: variable a of type ab<a>
recovery/normalized-src-vf/l1r/an/PBMessageALL7.java:689: error: cannot find symbol
            var1 += a.i.g(14, this.H);
                     ^
  symbol:   variable i
  location: variable a of type ab<a>
recovery/normalized-src-vf/l1r/an/PBMessageALL7.java:693: error: cannot find symbol
            var1 += a.i.g(15, this.I);
                     ^
  symbol:   variable i
  location: variable a of type ab<a>
recovery/normalized-src-vf/l1r/an/PBMessageALL7.java:706: error: a(g) in l1r.an.PBMessageALL7.a cannot hide a(List<? extends a.r.a>) in a.a
      public static PBMessageALL7.a a(a.g var0) throws s {
                                    ^
  return type l1r.an.PBMessageALL7.a is not compatible with int
recovery/normalized-src-vf/l1r/an/PBMessageALL7.java:738: error: a(h) in l1r.an.PBMessageALL7.a cannot hide a(List<? extends a.r.a>) in a.a
      public static PBMessageALL7.a a(a.h var0) throws IOException {
                                    ^
  return type l1r.an.PBMessageALL7.a is not compatible with int
recovery/normalized-src-vf/l1r/an/PBMessageALL7.java:747: error: a has private access in a
         return PBMessageALL7.a.a.av();
                               ^
recovery/normalized-src-vf/l1r/an/PBMessageALL7.java:747: error: int cannot be dereferenced
         return PBMessageALL7.a.a.av();
                                 ^
recovery/normalized-src-vf/l1r/an/PBMessageALL7.java:755: error: incompatible types: a.a.a cannot be converted to a.p.a
         return aa().a(var0);
                      ^
recovery/normalized-src-vf/l1r/an/PBMessageALL7.java:759: error: reference to a is ambiguous
         return a(this);
                ^
  both method a(h) in l1r.an.PBMessageALL7.a and method a(b) in l1r.an.PBMessageALL7.a match
recovery/normalized-src-vf/l1r/an/PBMessageALL7.java:759: error: incompatible types: l1r.an.PBMessageALL7.a cannot be converted to a.p.a
         return a(this);
                 ^
recovery/normalized-src-vf/l1r/an/PBMessageALL7.java:1536: error: d(h,n) in l1r.an.PBMessageALL7.a.a cannot implement d(byte[],n) in a.x.a
         public x.a d(a.h var1, n var2) throws IOException {
                    ^
  overridden method does not throw IOException
recovery/normalized-src-vf/l1r/an/PBMessageALL7.java:1530: error: c(h,n) in l1r.an.PBMessageALL7.a.a cannot implement c(byte[],n) in a.y.a
         public y.a c(a.h var1, n var2) throws IOException {
                    ^
  overridden method does not throw IOException
recovery/normalized-src-vf/l1r/an/PBMessageALL7.java:855: error: cannot find symbol
            PBMessageALL7.a.af();
                           ^
  symbol:   method af()
  location: variable a of type a
recovery/normalized-src-vf/l1r/an/PBMessageALL7.java:907: error: incompatible types: List<f> cannot be converted to a
            return PBMessageALL7.a.h();
                                    ^
recovery/normalized-src-vf/l1r/an/PBMessageALL7.java:920: error: reference to a is ambiguous
            PBMessageALL7.a var1 = new PBMessageALL7.a(this, null);
                                   ^
  both constructor l1r.an.PBMessageALL7.a(h,n) in l1r.an.PBMessageALL7.a and constructor l1r.an.PBMessageALL7.a(a.p.a,l1r.an.PBMessageALL7.a) in l1r.an.PBMessageALL7.a match
recovery/normalized-src-vf/l1r/an/PBMessageALL7.java:1014: error: incomparable types: a and List<f>
            if (var1 == PBMessageALL7.a.h()) {
                     ^
recovery/normalized-src-vf/l1r/an/PBMessageALL7.java:1099: error: a has private access in a
               var3 = PBMessageALL7.a.a.d(var1, var2);
                                     ^
recovery/normalized-src-vf/l1r/an/PBMessageALL7.java:1099: error: int cannot be dereferenced
               var3 = PBMessageALL7.a.a.d(var1, var2);
                                       ^
recovery/normalized-src-vf/l1r/an/PBMessageALL7.java:1222: error: int cannot be dereferenced
            p.a.a(var1, this.e);
             ^
recovery/normalized-src-vf/l1r/an/PBMessageALL7.java:1524: error: ai() in l1r.an.PBMessageALL7.a.a cannot override ai() in a.p.a
         public p.a ai() {
                    ^
  return type a.p.a is not compatible with l1r.an.PBMessageALL7.a.a
  where BuilderType is a type-variable:
    BuilderType extends a.p.a declared in class a.p.a
recovery/normalized-src-vf/l1r/an/PBMessageALL7.java:1523: error: method does not override or implement a method from a supertype
         @Override
         ^
recovery/normalized-src-vf/l1r/an/PBMessageALL7.java:1542: error: a(h,n) in l1r.an.PBMessageALL7.a.a cannot override a(byte[],n) in a.a.a
         public a.a.a a(a.h var1, n var2) throws IOException {
                      ^
  overridden method does not throw IOException
  where BuilderType#1,BuilderType#2 are type-variables:
    BuilderType#1 extends a.p.a declared in class a.p.a
    BuilderType#2 extends a.a.a declared in class a.a.a
recovery/normalized-src-vf/l1r/an/PBMessageALL7.java:1584: error: ah() in l1r.an.PBMessageALL7.a.a cannot override ah() in a.p.a
         public p.a ah() {
                    ^
  return type a.p.a is not compatible with l1r.an.PBMessageALL7.a.a
  where BuilderType is a type-variable:
    BuilderType extends a.p.a declared in class a.p.a
recovery/normalized-src-vf/l1r/an/PBMessageALL7.java:1583: error: method does not override or implement a method from a supertype
         @Override
         ^
recovery/normalized-src-vf/l1r/an/PBMessageALL7.java:2412: error: a(b) in c cannot implement a(int) in d
      protected PBMessageALL7.c.a a(a.p.b var1) {
                                  ^
  attempting to assign weaker access privileges; was public
recovery/normalized-src-vf/l1r/an/PBMessageALL7.java:2442: error: b(b) in c cannot implement b(OutputStream) in y
      protected x.a b(a.p.b var1) {
                    ^
  attempting to assign weaker access privileges; was public
recovery/normalized-src-vf/l1r/an/PBMessageALL7.java:1674: error: cannot find symbol
      public static ab<PBMessageALL7.c> a = new a.c<PBMessageALL7.c>() {
                                                 ^
  symbol:   class c
  location: class a
recovery/normalized-src-vf/l1r/an/PBMessageALL7.java:1675: error: cannot find symbol
         public PBMessageALL7.c c(a.h var1, n var2) throws s {
                                   ^
  symbol:   class h
  location: class a
recovery/normalized-src-vf/l1r/an/PBMessageALL7.java:1681: error: cannot find symbol
         public Object d(a.h var1, n var2) throws s {
                          ^
  symbol:   class h
  location: class a
recovery/normalized-src-vf/l1r/an/PBMessageALL7.java:1680: error: method does not override or implement a method from a supertype
         @Override
         ^
recovery/normalized-src-vf/l1r/an/PBMessageALL7.java:2121: error: name clash: class c has two methods with the same erasure, yet neither overrides the other
      public int a(int var1) {
                 ^
  first method:  a(b) in c
  second method: a(List<? extends a.r.a>) in a.a
recovery/normalized-src-vf/l1r/an/PBMessageALL7.java:2128: error: cannot find symbol
         this.C = a.g.d;
                   ^
  symbol:   variable g
  location: variable a of type ab<c>
recovery/normalized-src-vf/l1r/an/PBMessageALL7.java:2143: error: cannot find symbol
         this.R = a.g.d;
                   ^
  symbol:   variable g
  location: variable a of type ab<c>
recovery/normalized-src-vf/l1r/an/PBMessageALL7.java:2161: error: a(i) in c cannot override a(List<? extends a.r.a>) in a.a
      public void a(a.i var1) throws IOException {
                  ^
  overridden method is static
recovery/normalized-src-vf/l1r/an/PBMessageALL7.java:2259: error: cannot find symbol
            var1 += a.i.g(1, this.A);
                     ^
  symbol:   variable i
  location: variable a of type ab<c>
recovery/normalized-src-vf/l1r/an/PBMessageALL7.java:2263: error: cannot find symbol
            var1 += a.i.g(2, this.B);
                     ^
  symbol:   variable i
  location: variable a of type ab<c>
recovery/normalized-src-vf/l1r/an/PBMessageALL7.java:2267: error: cannot find symbol
            var1 += a.i.c(3, this.C);
                     ^
  symbol:   variable i
  location: variable a of type ab<c>
recovery/normalized-src-vf/l1r/an/PBMessageALL7.java:2271: error: cannot find symbol
            var1 += a.i.g(4, this.D);
                     ^
  symbol:   variable i
  location: variable a of type ab<c>
recovery/normalized-src-vf/l1r/an/PBMessageALL7.java:2275: error: cannot find symbol
            var1 += a.i.g(5, this.E);
                     ^
  symbol:   variable i
  location: variable a of type ab<c>
recovery/normalized-src-vf/l1r/an/PBMessageALL7.java:2279: error: cannot find symbol
            var1 += a.i.g(6, this.F);
                     ^
  symbol:   variable i
  location: variable a of type ab<c>
recovery/normalized-src-vf/l1r/an/PBMessageALL7.java:2283: error: cannot find symbol
            var1 += a.i.g(7, this.G);
                     ^
  symbol:   variable i
  location: variable a of type ab<c>
recovery/normalized-src-vf/l1r/an/PBMessageALL7.java:2287: error: cannot find symbol
            var1 += a.i.g(8, this.H);
                     ^
  symbol:   variable i
  location: variable a of type ab<c>
recovery/normalized-src-vf/l1r/an/PBMessageALL7.java:2291: error: cannot find symbol
            var1 += a.i.g(9, this.I);
                     ^
  symbol:   variable i
  location: variable a of type ab<c>
recovery/normalized-src-vf/l1r/an/PBMessageALL7.java:2295: error: cannot find symbol
            var1 += a.i.g(10, this.J);
                     ^
  symbol:   variable i
  location: variable a of type ab<c>
recovery/normalized-src-vf/l1r/an/PBMessageALL7.java:2299: error: cannot find symbol
            var1 += a.i.g(11, this.K);
                     ^
  symbol:   variable i
  location: variable a of type ab<c>
recovery/normalized-src-vf/l1r/an/PBMessageALL7.java:2303: error: cannot find symbol
            var1 += a.i.g(12, this.L);
                     ^
  symbol:   variable i
  location: variable a of type ab<c>
recovery/normalized-src-vf/l1r/an/PBMessageALL7.java:2307: error: cannot find symbol
            var1 += a.i.g(13, this.M);
                     ^
  symbol:   variable i
  location: variable a of type ab<c>
recovery/normalized-src-vf/l1r/an/PBMessageALL7.java:2311: error: cannot find symbol
            var1 += a.i.g(14, this.N);
                     ^
  symbol:   variable i
  location: variable a of type ab<c>
recovery/normalized-src-vf/l1r/an/PBMessageALL7.java:2315: error: cannot find symbol
            var1 += a.i.g(15, this.O);
                     ^
  symbol:   variable i
  location: variable a of type ab<c>
recovery/normalized-src-vf/l1r/an/PBMessageALL7.java:2319: error: cannot find symbol
            var1 += a.i.g(16, this.P);
                     ^
  symbol:   variable i
  location: variable a of type ab<c>
recovery/normalized-src-vf/l1r/an/PBMessageALL7.java:2323: error: cannot find symbol
            var1 += a.i.g(17, this.Q);
                     ^
  symbol:   variable i
  location: variable a of type ab<c>
recovery/normalized-src-vf/l1r/an/PBMessageALL7.java:2327: error: cannot find symbol
            var1 += a.i.c(18, this.R);
                     ^
  symbol:   variable i
  location: variable a of type ab<c>
recovery/normalized-src-vf/l1r/an/PBMessageALL7.java:2331: error: cannot find symbol
            var1 += a.i.g(19, this.S);
                     ^
  symbol:   variable i
  location: variable a of type ab<c>
recovery/normalized-src-vf/l1r/an/PBMessageALL7.java:2335: error: cannot find symbol
            var1 += a.i.g(20, this.T);
                     ^
  symbol:   variable i
  location: variable a of type ab<c>
recovery/normalized-src-vf/l1r/an/PBMessageALL7.java:2341: error: cannot find symbol
            var2 += a.i.h(this.U.get(var3));
                     ^
  symbol:   variable i
  location: variable a of type ab<c>
recovery/normalized-src-vf/l1r/an/PBMessageALL7.java:2356: error: a(g) in c cannot hide a(List<? extends a.r.a>) in a.a
      public static PBMessageALL7.c a(a.g var0) throws s {
                                    ^
  return type c is not compatible with int
recovery/normalized-src-vf/l1r/an/PBMessageALL7.java:2388: error: a(h) in c cannot hide a(List<? extends a.r.a>) in a.a
      public static PBMessageALL7.c a(a.h var0) throws IOException {
                                    ^
  return type c is not compatible with int
recovery/normalized-src-vf/l1r/an/PBMessageALL7.java:2397: error: a has private access in a
         return PBMessageALL7.c.a.aN();
                               ^
recovery/normalized-src-vf/l1r/an/PBMessageALL7.java:2397: error: int cannot be dereferenced
         return PBMessageALL7.c.a.aN();
                                 ^
recovery/normalized-src-vf/l1r/an/PBMessageALL7.java:2409: error: reference to a is ambiguous
         return a(this);
                ^
  both method a(h) in c and method a(b) in c match
recovery/normalized-src-vf/l1r/an/PBMessageALL7.java:2409: error: incompatible types: c cannot be converted to a
         return a(this);
                 ^
recovery/normalized-src-vf/l1r/an/PBMessageALL7.java:2468: error: l1r.an.PBMessageALL7.c.a is not abstract and does not override abstract method d() in a.a.a
      public static final class a extends p.a<PBMessageALL7.c.a> implements PBMessageALL7.d {
                          ^
recovery/normalized-src-vf/l1r/an/PBMessageALL7.java:3416: error: d(h,n) in l1r.an.PBMessageALL7.c.a cannot implement d(byte[],n) in a.x.a
         public x.a d(a.h var1, n var2) throws IOException {
                    ^
  overridden method does not throw IOException
recovery/normalized-src-vf/l1r/an/PBMessageALL7.java:3410: error: c(h,n) in l1r.an.PBMessageALL7.c.a cannot implement c(byte[],n) in a.y.a
         public y.a c(a.h var1, n var2) throws IOException {
                    ^
  overridden method does not throw IOException
recovery/normalized-src-vf/l1r/an/PBMessageALL7.java:2502: error: int cannot be dereferenced
            this.d = a.g.d;
                      ^
recovery/normalized-src-vf/l1r/an/PBMessageALL7.java:2503: error: int cannot be dereferenced
            this.s = a.g.d;
                      ^
recovery/normalized-src-vf/l1r/an/PBMessageALL7.java:2510: error: int cannot be dereferenced
            this.d = a.g.d;
                      ^
recovery/normalized-src-vf/l1r/an/PBMessageALL7.java:2511: error: int cannot be dereferenced
            this.s = a.g.d;
                      ^
recovery/normalized-src-vf/l1r/an/PBMessageALL7.java:2517: error: cannot find symbol
            PBMessageALL7.c.ar();
                           ^
  symbol:   method ar()
  location: variable c of type a
recovery/normalized-src-vf/l1r/an/PBMessageALL7.java:2530: error: int cannot be dereferenced
            this.d = a.g.d;
                      ^
recovery/normalized-src-vf/l1r/an/PBMessageALL7.java:2560: error: int cannot be dereferenced
            this.s = a.g.d;
                      ^
recovery/normalized-src-vf/l1r/an/PBMessageALL7.java:2581: error: incompatible types: List<f> cannot be converted to c
            return PBMessageALL7.c.h();
                                    ^
recovery/normalized-src-vf/l1r/an/PBMessageALL7.java:2594: error: reference to c is ambiguous
            PBMessageALL7.c var1 = new PBMessageALL7.c(this, null);
                                   ^
  both constructor c(h,n) in c and constructor c(a,c) in c match
recovery/normalized-src-vf/l1r/an/PBMessageALL7.java:2718: error: incomparable types: c and List<f>
            if (var1 == PBMessageALL7.c.h()) {
                     ^
recovery/normalized-src-vf/l1r/an/PBMessageALL7.java:2743: error: reference to f is ambiguous
               this.f(var1.z());
                   ^
  both method f(int) in a and method f(g) in a match
recovery/normalized-src-vf/l1r/an/PBMessageALL7.java:2827: error: a has private access in a
               var3 = PBMessageALL7.c.a.d(var1, var2);
                                     ^
recovery/normalized-src-vf/l1r/an/PBMessageALL7.java:2827: error: int cannot be dereferenced
               var3 = PBMessageALL7.c.a.d(var1, var2);
                                       ^
recovery/normalized-src-vf/l1r/an/PBMessageALL7.java:2911: error: cannot find symbol
            this.d = PBMessageALL7.c.h().t();
                                        ^
  symbol:   method t()
  location: interface List<f>
recovery/normalized-src-vf/l1r/an/PBMessageALL7.java:2950: error: name clash: class a has two methods with the same erasure, yet neither overrides the other
         public PBMessageALL7.c.a e(int var1) {
                                  ^
  first method:  e(g) in l1r.an.PBMessageALL7.c.a
  second method: e(InputStream) in a.x.a
recovery/normalized-src-vf/l1r/an/PBMessageALL7.java:2974: error: name clash: class a has two methods with the same erasure, yet neither overrides the other
         public PBMessageALL7.c.a f(int var1) {
                                  ^
  first method:  f(g) in l1r.an.PBMessageALL7.c.a
  second method: f(f) in a.x.a
recovery/normalized-src-vf/l1r/an/PBMessageALL7.java:3275: error: cannot find symbol
            this.s = PBMessageALL7.c.h().I_();
                                        ^
  symbol:   method I_()
  location: interface List<f>
recovery/normalized-src-vf/l1r/an/PBMessageALL7.java:3366: error: int cannot be dereferenced
            p.a.a(var1, this.v);
             ^
recovery/normalized-src-vf/l1r/an/PBMessageALL7.java:3404: error: ai() in l1r.an.PBMessageALL7.c.a cannot override ai() in a.p.a
         public p.a ai() {
                    ^
  return type a.p.a is not compatible with l1r.an.PBMessageALL7.c.a
  where BuilderType is a type-variable:
    BuilderType extends a.p.a declared in class a.p.a
recovery/normalized-src-vf/l1r/an/PBMessageALL7.java:3403: error: method does not override or implement a method from a supertype
         @Override
         ^
recovery/normalized-src-vf/l1r/an/PBMessageALL7.java:3422: error: a(h,n) in l1r.an.PBMessageALL7.c.a cannot override a(byte[],n) in a.a.a
         public a.a.a a(a.h var1, n var2) throws IOException {
                      ^
  overridden method does not throw IOException
  where BuilderType#1,BuilderType#2 are type-variables:
    BuilderType#1 extends a.p.a declared in class a.p.a
    BuilderType#2 extends a.a.a declared in class a.a.a
recovery/normalized-src-vf/l1r/an/PBMessageALL7.java:3464: error: ah() in l1r.an.PBMessageALL7.c.a cannot override ah() in a.p.a
         public p.a ah() {
                    ^
  return type a.p.a is not compatible with l1r.an.PBMessageALL7.c.a
  where BuilderType is a type-variable:
    BuilderType extends a.p.a declared in class a.p.a
recovery/normalized-src-vf/l1r/an/PBMessageALL7.java:3463: error: method does not override or implement a method from a supertype
         @Override
         ^
recovery/normalized-src-vf/l1r/an/PBMessageALL7.java:4320: error: b(b) in e cannot implement b(int) in f
      protected x.a b(a.p.b var1) {
                    ^
  attempting to assign weaker access privileges; was public
recovery/normalized-src-vf/l1r/an/PBMessageALL7.java:4290: error: a(b) in e cannot implement a(int) in f
      protected PBMessageALL7.e.a a(a.p.b var1) {
                                  ^
  attempting to assign weaker access privileges; was public
recovery/normalized-src-vf/l1r/an/PBMessageALL7.java:3578: error: cannot find symbol
      public static ab<PBMessageALL7.e> a = new a.c<PBMessageALL7.e>() {
                                                 ^
  symbol:   class c
  location: class a
recovery/normalized-src-vf/l1r/an/PBMessageALL7.java:3579: error: cannot find symbol
         public PBMessageALL7.e c(a.h var1, n var2) throws s {
                                   ^
  symbol:   class h
  location: class a
recovery/normalized-src-vf/l1r/an/PBMessageALL7.java:3585: error: cannot find symbol
         public Object d(a.h var1, n var2) throws s {
                          ^
  symbol:   class h
  location: class a
recovery/normalized-src-vf/l1r/an/PBMessageALL7.java:3584: error: method does not override or implement a method from a supertype
         @Override
         ^
recovery/normalized-src-vf/l1r/an/PBMessageALL7.java:3728: error: variable lengthx is already defined in constructor e(h,n)
                     int lengthx = var1.s();
                         ^
recovery/normalized-src-vf/l1r/an/PBMessageALL7.java:3750: error: variable lengthx is already defined in constructor e(h,n)
                     int lengthx = var1.s();
                         ^
recovery/normalized-src-vf/l1r/an/PBMessageALL7.java:3772: error: variable lengthx is already defined in constructor e(h,n)
                     int lengthx = var1.s();
                         ^
recovery/normalized-src-vf/l1r/an/PBMessageALL7.java:3917: error: name clash: class e has two methods with the same erasure, yet neither overrides the other
      public int a(int var1) {
                 ^
  first method:  a(b) in e
  second method: a(List<? extends a.r.a>) in a.a
recovery/normalized-src-vf/l1r/an/PBMessageALL7.java:3932: error: name clash: class e has two methods with the same erasure, yet neither overrides the other
      public int b(int var1) {
                 ^
  first method:  b(b) in e
  second method: b(InputStream) in e
recovery/normalized-src-vf/l1r/an/PBMessageALL7.java:4071: error: a(i) in e cannot override a(List<? extends a.r.a>) in a.a
      public void a(a.i var1) throws IOException {
                  ^
  overridden method is static
recovery/normalized-src-vf/l1r/an/PBMessageALL7.java:4145: error: cannot find symbol
            var1 += a.i.g(1, this.u);
                     ^
  symbol:   variable i
  location: variable a of type ab<e>
recovery/normalized-src-vf/l1r/an/PBMessageALL7.java:4149: error: cannot find symbol
            var1 += a.i.g(2, this.v);
                     ^
  symbol:   variable i
  location: variable a of type ab<e>
recovery/normalized-src-vf/l1r/an/PBMessageALL7.java:4153: error: cannot find symbol
            var1 += a.i.g(3, this.w);
                     ^
  symbol:   variable i
  location: variable a of type ab<e>
recovery/normalized-src-vf/l1r/an/PBMessageALL7.java:4157: error: cannot find symbol
            var1 += a.i.g(4, this.x);
                     ^
  symbol:   variable i
  location: variable a of type ab<e>
recovery/normalized-src-vf/l1r/an/PBMessageALL7.java:4163: error: cannot find symbol
            var2 += a.i.h(this.y.get(var3));
                     ^
  symbol:   variable i
  location: variable a of type ab<e>
recovery/normalized-src-vf/l1r/an/PBMessageALL7.java:4171: error: cannot find symbol
            var2 += a.i.h(this.z.get(var20));
                     ^
  symbol:   variable i
  location: variable a of type ab<e>
recovery/normalized-src-vf/l1r/an/PBMessageALL7.java:4179: error: cannot find symbol
            var2 += a.i.h(this.A.get(var21));
                     ^
  symbol:   variable i
  location: variable a of type ab<e>
recovery/normalized-src-vf/l1r/an/PBMessageALL7.java:4187: error: cannot find symbol
            var2 += a.i.h(this.B.get(var22));
                     ^
  symbol:   variable i
  location: variable a of type ab<e>
recovery/normalized-src-vf/l1r/an/PBMessageALL7.java:4195: error: cannot find symbol
            var2 += a.i.h(this.C.get(var23));
                     ^
  symbol:   variable i
  location: variable a of type ab<e>
recovery/normalized-src-vf/l1r/an/PBMessageALL7.java:4201: error: cannot find symbol
            var1 += a.i.g(10, this.D);
                     ^
  symbol:   variable i
  location: variable a of type ab<e>
recovery/normalized-src-vf/l1r/an/PBMessageALL7.java:4205: error: cannot find symbol
            var1 += a.i.g(11, this.E);
                     ^
  symbol:   variable i
  location: variable a of type ab<e>
recovery/normalized-src-vf/l1r/an/PBMessageALL7.java:4209: error: cannot find symbol
            var1 += a.i.g(12, this.F);
                     ^
  symbol:   variable i
  location: variable a of type ab<e>
recovery/normalized-src-vf/l1r/an/PBMessageALL7.java:4213: error: cannot find symbol
            var1 += a.i.g(13, this.G);
                     ^
  symbol:   variable i
  location: variable a of type ab<e>
recovery/normalized-src-vf/l1r/an/PBMessageALL7.java:4217: error: cannot find symbol
            var1 += a.i.g(14, this.H);
                     ^
  symbol:   variable i
  location: variable a of type ab<e>
recovery/normalized-src-vf/l1r/an/PBMessageALL7.java:4221: error: cannot find symbol
            var1 += a.i.g(15, this.I);
                     ^
  symbol:   variable i
  location: variable a of type ab<e>
recovery/normalized-src-vf/l1r/an/PBMessageALL7.java:4234: error: a(g) in e cannot hide a(List<? extends a.r.a>) in a.a
      public static PBMessageALL7.e a(a.g var0) throws s {
                                    ^
  return type e is not compatible with int
recovery/normalized-src-vf/l1r/an/PBMessageALL7.java:4266: error: a(h) in e cannot hide a(List<? extends a.r.a>) in a.a
      public static PBMessageALL7.e a(a.h var0) throws IOException {
                                    ^
  return type e is not compatible with int
recovery/normalized-src-vf/l1r/an/PBMessageALL7.java:4275: error: a has private access in a
         return PBMessageALL7.e.a.av();
                               ^
recovery/normalized-src-vf/l1r/an/PBMessageALL7.java:4275: error: int cannot be dereferenced
         return PBMessageALL7.e.a.av();
                                 ^
recovery/normalized-src-vf/l1r/an/PBMessageALL7.java:4287: error: reference to a is ambiguous
         return a(this);
                ^
  both method a(h) in e and method a(b) in e match
recovery/normalized-src-vf/l1r/an/PBMessageALL7.java:4287: error: incompatible types: e cannot be converted to a
         return a(this);
                 ^
recovery/normalized-src-vf/l1r/an/PBMessageALL7.java:4346: error: l1r.an.PBMessageALL7.e.a is not abstract and does not override abstract method d() in a.a.a
      public static final class a extends p.a<PBMessageALL7.e.a> implements PBMessageALL7.f {
                          ^
recovery/normalized-src-vf/l1r/an/PBMessageALL7.java:5204: error: d(h,n) in l1r.an.PBMessageALL7.e.a cannot implement d(byte[],n) in a.x.a
         public x.a d(a.h var1, n var2) throws IOException {
                    ^
  overridden method does not throw IOException
recovery/normalized-src-vf/l1r/an/PBMessageALL7.java:5198: error: c(h,n) in l1r.an.PBMessageALL7.e.a cannot implement c(byte[],n) in a.y.a
         public y.a c(a.h var1, n var2) throws IOException {
                    ^
  overridden method does not throw IOException
recovery/normalized-src-vf/l1r/an/PBMessageALL7.java:4383: error: cannot find symbol
            PBMessageALL7.e.af();
                           ^
  symbol:   method af()
  location: variable e of type a
recovery/normalized-src-vf/l1r/an/PBMessageALL7.java:4435: error: incompatible types: List<f> cannot be converted to e
            return PBMessageALL7.e.h();
                                    ^
recovery/normalized-src-vf/l1r/an/PBMessageALL7.java:4448: error: reference to e is ambiguous
            PBMessageALL7.e var1 = new PBMessageALL7.e(this, null);
                                   ^
  both constructor e(h,n) in e and constructor e(a,e) in e match
recovery/normalized-src-vf/l1r/an/PBMessageALL7.java:4546: error: incomparable types: e and List<f>
            if (var1 == PBMessageALL7.e.h()) {
                     ^
recovery/normalized-src-vf/l1r/an/PBMessageALL7.java:4663: error: a has private access in a
               var3 = PBMessageALL7.e.a.d(var1, var2);
                                     ^
recovery/normalized-src-vf/l1r/an/PBMessageALL7.java:4663: error: int cannot be dereferenced
               var3 = PBMessageALL7.e.a.d(var1, var2);
                                       ^
recovery/normalized-src-vf/l1r/an/PBMessageALL7.java:4810: error: int cannot be dereferenced
            p.a.a(var1, this.f);
             ^
recovery/normalized-src-vf/l1r/an/PBMessageALL7.java:4860: error: int cannot be dereferenced
            p.a.a(var1, this.g);
             ^
recovery/normalized-src-vf/l1r/an/PBMessageALL7.java:4910: error: int cannot be dereferenced
            p.a.a(var1, this.h);
             ^
recovery/normalized-src-vf/l1r/an/PBMessageALL7.java:4960: error: int cannot be dereferenced
            p.a.a(var1, this.i);
             ^
recovery/normalized-src-vf/l1r/an/PBMessageALL7.java:5010: error: int cannot be dereferenced
            p.a.a(var1, this.j);
             ^
recovery/normalized-src-vf/l1r/an/PBMessageALL7.java:5192: error: ai() in l1r.an.PBMessageALL7.e.a cannot override ai() in a.p.a
         public p.a ai() {
                    ^
  return type a.p.a is not compatible with l1r.an.PBMessageALL7.e.a
  where BuilderType is a type-variable:
    BuilderType extends a.p.a declared in class a.p.a
recovery/normalized-src-vf/l1r/an/PBMessageALL7.java:5191: error: method does not override or implement a method from a supertype
         @Override
         ^
recovery/normalized-src-vf/l1r/an/PBMessageALL7.java:5210: error: a(h,n) in l1r.an.PBMessageALL7.e.a cannot override a(byte[],n) in a.a.a
         public a.a.a a(a.h var1, n var2) throws IOException {
                      ^
  overridden method does not throw IOException
  where BuilderType#1,BuilderType#2 are type-variables:
    BuilderType#1 extends a.p.a declared in class a.p.a
    BuilderType#2 extends a.a.a declared in class a.a.a
recovery/normalized-src-vf/l1r/an/PBMessageALL7.java:5252: error: ah() in l1r.an.PBMessageALL7.e.a cannot override ah() in a.p.a
         public p.a ah() {
                    ^
  return type a.p.a is not compatible with l1r.an.PBMessageALL7.e.a
  where BuilderType is a type-variable:
    BuilderType extends a.p.a declared in class a.p.a
recovery/normalized-src-vf/l1r/an/PBMessageALL7.java:5251: error: method does not override or implement a method from a supertype
         @Override
         ^
recovery/normalized-src-vf/l1r/an/PBMessageALL7.java:5969: error: b(b) in l1r.an.PBMessageALL7.g cannot implement b(int) in h
      protected x.a b(a.p.b var1) {
                    ^
  attempting to assign weaker access privileges; was public
recovery/normalized-src-vf/l1r/an/PBMessageALL7.java:5939: error: a(b) in l1r.an.PBMessageALL7.g cannot implement a(int) in h
      protected PBMessageALL7.g.a a(a.p.b var1) {
                                  ^
  attempting to assign weaker access privileges; was public
recovery/normalized-src-vf/l1r/an/PBMessageALL7.java:5350: error: cannot find symbol
      public static ab<PBMessageALL7.g> a = new a.c<PBMessageALL7.g>() {
                                                 ^
  symbol:   class c
  location: class a
recovery/normalized-src-vf/l1r/an/PBMessageALL7.java:5351: error: cannot find symbol
         public PBMessageALL7.g c(a.h var1, n var2) throws s {
                                   ^
  symbol:   class h
  location: class a
recovery/normalized-src-vf/l1r/an/PBMessageALL7.java:5357: error: cannot find symbol
         public Object d(a.h var1, n var2) throws s {
                          ^
  symbol:   class h
  location: class a
recovery/normalized-src-vf/l1r/an/PBMessageALL7.java:5356: error: method does not override or implement a method from a supertype
         @Override
         ^
recovery/normalized-src-vf/l1r/an/PBMessageALL7.java:5563: error: name clash: class g has two methods with the same erasure, yet neither overrides the other
      public a.g a(int var1) {
                 ^
  first method:  a(b) in g
  second method: a(List<? extends a.r.a>) in a.a
recovery/normalized-src-vf/l1r/an/PBMessageALL7.java:5578: error: name clash: class g has two methods with the same erasure, yet neither overrides the other
      public a.g b(int var1) {
                 ^
  first method:  b(b) in g
  second method: b(InputStream) in g
recovery/normalized-src-vf/l1r/an/PBMessageALL7.java:5732: error: a(i) in g cannot override a(List<? extends a.r.a>) in a.a
      public void a(a.i var1) throws IOException {
                  ^
  overridden method is static
recovery/normalized-src-vf/l1r/an/PBMessageALL7.java:5806: error: cannot find symbol
            var1 += a.i.g(1, this.u);
                     ^
  symbol:   variable i
  location: variable a of type ab<g>
recovery/normalized-src-vf/l1r/an/PBMessageALL7.java:5812: error: cannot find symbol
            var2 += a.i.b(this.v.get(var3));
                     ^
  symbol:   variable i
  location: variable a of type ab<g>
recovery/normalized-src-vf/l1r/an/PBMessageALL7.java:5820: error: cannot find symbol
            var2 += a.i.b(this.w.get(var11));
                     ^
  symbol:   variable i
  location: variable a of type ab<g>
recovery/normalized-src-vf/l1r/an/PBMessageALL7.java:5826: error: cannot find symbol
            var1 += a.i.g(4, this.x);
                     ^
  symbol:   variable i
  location: variable a of type ab<g>
recovery/normalized-src-vf/l1r/an/PBMessageALL7.java:5830: error: cannot find symbol
            var1 += a.i.g(5, this.y);
                     ^
  symbol:   variable i
  location: variable a of type ab<g>
recovery/normalized-src-vf/l1r/an/PBMessageALL7.java:5834: error: cannot find symbol
            var1 += a.i.g(6, this.z);
                     ^
  symbol:   variable i
  location: variable a of type ab<g>
recovery/normalized-src-vf/l1r/an/PBMessageALL7.java:5838: error: cannot find symbol
            var1 += a.i.g(7, this.A);
                     ^
  symbol:   variable i
  location: variable a of type ab<g>
recovery/normalized-src-vf/l1r/an/PBMessageALL7.java:5842: error: cannot find symbol
            var1 += a.i.g(8, this.B);
                     ^
  symbol:   variable i
  location: variable a of type ab<g>
recovery/normalized-src-vf/l1r/an/PBMessageALL7.java:5846: error: cannot find symbol
            var1 += a.i.g(9, this.C);
                     ^
  symbol:   variable i
  location: variable a of type ab<g>
recovery/normalized-src-vf/l1r/an/PBMessageALL7.java:5850: error: cannot find symbol
            var1 += a.i.g(10, this.D);
                     ^
  symbol:   variable i
  location: variable a of type ab<g>
recovery/normalized-src-vf/l1r/an/PBMessageALL7.java:5854: error: cannot find symbol
            var1 += a.i.g(11, this.E);
                     ^
  symbol:   variable i
  location: variable a of type ab<g>
recovery/normalized-src-vf/l1r/an/PBMessageALL7.java:5858: error: cannot find symbol
            var1 += a.i.g(12, this.F);
                     ^
  symbol:   variable i
  location: variable a of type ab<g>
recovery/normalized-src-vf/l1r/an/PBMessageALL7.java:5862: error: cannot find symbol
            var1 += a.i.g(13, this.G);
                     ^
  symbol:   variable i
  location: variable a of type ab<g>
recovery/normalized-src-vf/l1r/an/PBMessageALL7.java:5866: error: cannot find symbol
            var1 += a.i.g(14, this.H);
                     ^
  symbol:   variable i
  location: variable a of type ab<g>
recovery/normalized-src-vf/l1r/an/PBMessageALL7.java:5870: error: cannot find symbol
            var1 += a.i.g(15, this.I);
                     ^
  symbol:   variable i
  location: variable a of type ab<g>
recovery/normalized-src-vf/l1r/an/PBMessageALL7.java:5883: error: a(g) in g cannot hide a(List<? extends a.r.a>) in a.a
      public static PBMessageALL7.g a(a.g var0) throws s {
                                    ^
  return type g is not compatible with int
recovery/normalized-src-vf/l1r/an/PBMessageALL7.java:5915: error: a(h) in g cannot hide a(List<? extends a.r.a>) in a.a
      public static PBMessageALL7.g a(a.h var0) throws IOException {
                                    ^
  return type g is not compatible with int
recovery/normalized-src-vf/l1r/an/PBMessageALL7.java:5924: error: a has private access in a
         return PBMessageALL7.g.a.av();
                               ^
recovery/normalized-src-vf/l1r/an/PBMessageALL7.java:5924: error: int cannot be dereferenced
         return PBMessageALL7.g.a.av();
                                 ^
recovery/normalized-src-vf/l1r/an/PBMessageALL7.java:5936: error: reference to a is ambiguous
         return a(this);
                ^
  both method a(h) in g and method a(b) in g match
recovery/normalized-src-vf/l1r/an/PBMessageALL7.java:5936: error: incompatible types: g cannot be converted to a
         return a(this);
                 ^
recovery/normalized-src-vf/l1r/an/PBMessageALL7.java:5995: error: l1r.an.PBMessageALL7.g.a is not abstract and does not override abstract method d() in a.a.a
      public static final class a extends p.a<PBMessageALL7.g.a> implements PBMessageALL7.h {
                          ^
recovery/normalized-src-vf/l1r/an/PBMessageALL7.java:6764: error: d(h,n) in l1r.an.PBMessageALL7.g.a cannot implement d(byte[],n) in a.x.a
         public x.a d(a.h var1, n var2) throws IOException {
                    ^
  overridden method does not throw IOException
recovery/normalized-src-vf/l1r/an/PBMessageALL7.java:6758: error: c(h,n) in l1r.an.PBMessageALL7.g.a cannot implement c(byte[],n) in a.y.a
         public y.a c(a.h var1, n var2) throws IOException {
                    ^
  overridden method does not throw IOException
recovery/normalized-src-vf/l1r/an/PBMessageALL7.java:6032: error: cannot find symbol
            PBMessageALL7.g.af();
                           ^
  symbol:   method af()
  location: variable g of type a
recovery/normalized-src-vf/l1r/an/PBMessageALL7.java:6084: error: incompatible types: List<f> cannot be converted to g
            return PBMessageALL7.g.h();
                                    ^
recovery/normalized-src-vf/l1r/an/PBMessageALL7.java:6097: error: reference to g is ambiguous
            PBMessageALL7.g var1 = new PBMessageALL7.g(this, null);
                                   ^
  both constructor g(h,n) in g and constructor g(a,g) in g match
recovery/normalized-src-vf/l1r/an/PBMessageALL7.java:6192: error: incomparable types: g and List<f>
            if (var1 == PBMessageALL7.g.h()) {
                     ^
recovery/normalized-src-vf/l1r/an/PBMessageALL7.java:6285: error: a has private access in a
               var3 = PBMessageALL7.g.a.d(var1, var2);
                                     ^
recovery/normalized-src-vf/l1r/an/PBMessageALL7.java:6285: error: int cannot be dereferenced
               var3 = PBMessageALL7.g.a.d(var1, var2);
                                       ^
recovery/normalized-src-vf/l1r/an/PBMessageALL7.java:6344: error: name clash: class a has two methods with the same erasure, yet neither overrides the other
         public PBMessageALL7.g.a a(int var1, a.g var2) {
                                  ^
  first method:  a(h,n) in l1r.an.PBMessageALL7.g.a
  second method: a(InputStream,n) in a.a.a
recovery/normalized-src-vf/l1r/an/PBMessageALL7.java:6368: error: int cannot be dereferenced
            p.a.a(var1, this.c);
             ^
recovery/normalized-src-vf/l1r/an/PBMessageALL7.java:6426: error: int cannot be dereferenced
            p.a.a(var1, this.d);
             ^
recovery/normalized-src-vf/l1r/an/PBMessageALL7.java:6472: error: name clash: class a has two methods with the same erasure, yet neither overrides the other
         public PBMessageALL7.g.a e(int var1) {
                                  ^
  first method:  e(g) in l1r.an.PBMessageALL7.g.a
  second method: e(InputStream) in a.x.a
recovery/normalized-src-vf/l1r/an/PBMessageALL7.java:6496: error: name clash: class a has two methods with the same erasure, yet neither overrides the other
         public PBMessageALL7.g.a f(int var1) {
                                  ^
  first method:  f(g) in l1r.an.PBMessageALL7.g.a
  second method: f(f) in a.x.a
recovery/normalized-src-vf/l1r/an/PBMessageALL7.java:6752: error: ai() in l1r.an.PBMessageALL7.g.a cannot override ai() in a.p.a
         public p.a ai() {
                    ^
  return type a.p.a is not compatible with l1r.an.PBMessageALL7.g.a
  where BuilderType is a type-variable:
    BuilderType extends a.p.a declared in class a.p.a
recovery/normalized-src-vf/l1r/an/PBMessageALL7.java:6751: error: method does not override or implement a method from a supertype
         @Override
         ^
recovery/normalized-src-vf/l1r/an/PBMessageALL7.java:6770: error: a(h,n) in l1r.an.PBMessageALL7.g.a cannot override a(byte[],n) in a.a.a
         public a.a.a a(a.h var1, n var2) throws IOException {
                      ^
  overridden method does not throw IOException
  where BuilderType#1,BuilderType#2 are type-variables:
    BuilderType#1 extends a.p.a declared in class a.p.a
    BuilderType#2 extends a.a.a declared in class a.a.a
recovery/normalized-src-vf/l1r/an/PBMessageALL7.java:6812: error: ah() in l1r.an.PBMessageALL7.g.a cannot override ah() in a.p.a
         public p.a ah() {
                    ^
  return type a.p.a is not compatible with l1r.an.PBMessageALL7.g.a
  where BuilderType is a type-variable:
    BuilderType extends a.p.a declared in class a.p.a
recovery/normalized-src-vf/l1r/an/PBMessageALL7.java:6811: error: method does not override or implement a method from a supertype
         @Override
         ^
recovery/normalized-src-vf/l1r/an/PBMessageALL7.java:7476: error: a(b) in i cannot implement a(int) in j
      protected PBMessageALL7.i.a a(a.p.b var1) {
                                  ^
  attempting to assign weaker access privileges; was public
recovery/normalized-src-vf/l1r/an/PBMessageALL7.java:7506: error: b(b) in i cannot implement b(OutputStream) in y
      protected x.a b(a.p.b var1) {
                    ^
  attempting to assign weaker access privileges; was public
recovery/normalized-src-vf/l1r/an/PBMessageALL7.java:6904: error: cannot find symbol
      public static ab<PBMessageALL7.i> a = new a.c<PBMessageALL7.i>() {
                                                 ^
  symbol:   class c
  location: class a
recovery/normalized-src-vf/l1r/an/PBMessageALL7.java:6905: error: cannot find symbol
         public PBMessageALL7.i c(a.h var1, n var2) throws s {
                                   ^
  symbol:   class h
  location: class a
recovery/normalized-src-vf/l1r/an/PBMessageALL7.java:6911: error: cannot find symbol
         public Object d(a.h var1, n var2) throws s {
                          ^
  symbol:   class h
  location: class a
recovery/normalized-src-vf/l1r/an/PBMessageALL7.java:6910: error: method does not override or implement a method from a supertype
         @Override
         ^
recovery/normalized-src-vf/l1r/an/PBMessageALL7.java:7109: error: name clash: class i has two methods with the same erasure, yet neither overrides the other
      public a.g a(int var1) {
                 ^
  first method:  a(b) in i
  second method: a(List<? extends a.r.a>) in a.a
recovery/normalized-src-vf/l1r/an/PBMessageALL7.java:7244: error: cannot find symbol
         this.u = a.g.d;
                   ^
  symbol:   variable g
  location: variable a of type ab<i>
recovery/normalized-src-vf/l1r/an/PBMessageALL7.java:7273: error: a(i) in i cannot override a(List<? extends a.r.a>) in a.a
      public void a(a.i var1) throws IOException {
                  ^
  overridden method is static
recovery/normalized-src-vf/l1r/an/PBMessageALL7.java:7347: error: cannot find symbol
            var1 += a.i.c(1, this.u);
                     ^
  symbol:   variable i
  location: variable a of type ab<i>
recovery/normalized-src-vf/l1r/an/PBMessageALL7.java:7353: error: cannot find symbol
            var2 += a.i.b(this.v.get(var3));
                     ^
  symbol:   variable i
  location: variable a of type ab<i>
recovery/normalized-src-vf/l1r/an/PBMessageALL7.java:7359: error: cannot find symbol
            var1 += a.i.g(3, this.w);
                     ^
  symbol:   variable i
  location: variable a of type ab<i>
recovery/normalized-src-vf/l1r/an/PBMessageALL7.java:7363: error: cannot find symbol
            var1 += a.i.g(4, this.x);
                     ^
  symbol:   variable i
  location: variable a of type ab<i>
recovery/normalized-src-vf/l1r/an/PBMessageALL7.java:7367: error: cannot find symbol
            var1 += a.i.g(5, this.y);
                     ^
  symbol:   variable i
  location: variable a of type ab<i>
recovery/normalized-src-vf/l1r/an/PBMessageALL7.java:7371: error: cannot find symbol
            var1 += a.i.g(6, this.z);
                     ^
  symbol:   variable i
  location: variable a of type ab<i>
recovery/normalized-src-vf/l1r/an/PBMessageALL7.java:7375: error: cannot find symbol
            var1 += a.i.g(7, this.A);
                     ^
  symbol:   variable i
  location: variable a of type ab<i>
recovery/normalized-src-vf/l1r/an/PBMessageALL7.java:7379: error: cannot find symbol
            var1 += a.i.g(8, this.B);
                     ^
  symbol:   variable i
  location: variable a of type ab<i>
recovery/normalized-src-vf/l1r/an/PBMessageALL7.java:7383: error: cannot find symbol
            var1 += a.i.g(9, this.C);
                     ^
  symbol:   variable i
  location: variable a of type ab<i>
recovery/normalized-src-vf/l1r/an/PBMessageALL7.java:7387: error: cannot find symbol
            var1 += a.i.g(10, this.D);
                     ^
  symbol:   variable i
  location: variable a of type ab<i>
recovery/normalized-src-vf/l1r/an/PBMessageALL7.java:7391: error: cannot find symbol
            var1 += a.i.g(11, this.E);
                     ^
  symbol:   variable i
  location: variable a of type ab<i>
recovery/normalized-src-vf/l1r/an/PBMessageALL7.java:7395: error: cannot find symbol
            var1 += a.i.g(12, this.F);
                     ^
  symbol:   variable i
  location: variable a of type ab<i>
recovery/normalized-src-vf/l1r/an/PBMessageALL7.java:7399: error: cannot find symbol
            var1 += a.i.g(13, this.G);
                     ^
  symbol:   variable i
  location: variable a of type ab<i>
recovery/normalized-src-vf/l1r/an/PBMessageALL7.java:7403: error: cannot find symbol
            var1 += a.i.g(14, this.H);
                     ^
  symbol:   variable i
  location: variable a of type ab<i>
recovery/normalized-src-vf/l1r/an/PBMessageALL7.java:7407: error: cannot find symbol
            var1 += a.i.g(15, this.I);
                     ^
  symbol:   variable i
  location: variable a of type ab<i>
recovery/normalized-src-vf/l1r/an/PBMessageALL7.java:7420: error: a(g) in i cannot hide a(List<? extends a.r.a>) in a.a
      public static PBMessageALL7.i a(a.g var0) throws s {
                                    ^
  return type i is not compatible with int
recovery/normalized-src-vf/l1r/an/PBMessageALL7.java:7452: error: a(h) in i cannot hide a(List<? extends a.r.a>) in a.a
      public static PBMessageALL7.i a(a.h var0) throws IOException {
                                    ^
  return type i is not compatible with int
recovery/normalized-src-vf/l1r/an/PBMessageALL7.java:7461: error: a has private access in a
         return PBMessageALL7.i.a.av();
                               ^
recovery/normalized-src-vf/l1r/an/PBMessageALL7.java:7461: error: int cannot be dereferenced
         return PBMessageALL7.i.a.av();
                                 ^
recovery/normalized-src-vf/l1r/an/PBMessageALL7.java:7473: error: reference to a is ambiguous
         return a(this);
                ^
  both method a(h) in i and method a(b) in i match
recovery/normalized-src-vf/l1r/an/PBMessageALL7.java:7473: error: incompatible types: i cannot be converted to a
         return a(this);
                 ^
recovery/normalized-src-vf/l1r/an/PBMessageALL7.java:7532: error: l1r.an.PBMessageALL7.i.a is not abstract and does not override abstract method d() in a.a.a
      public static final class a extends p.a<PBMessageALL7.i.a> implements PBMessageALL7.j {
                          ^
recovery/normalized-src-vf/l1r/an/PBMessageALL7.java:8262: error: d(h,n) in l1r.an.PBMessageALL7.i.a cannot implement d(byte[],n) in a.x.a
         public x.a d(a.h var1, n var2) throws IOException {
                    ^
  overridden method does not throw IOException
recovery/normalized-src-vf/l1r/an/PBMessageALL7.java:8256: error: c(h,n) in l1r.an.PBMessageALL7.i.a cannot implement c(byte[],n) in a.y.a
         public y.a c(a.h var1, n var2) throws IOException {
                    ^
  overridden method does not throw IOException
recovery/normalized-src-vf/l1r/an/PBMessageALL7.java:7534: error: int cannot be dereferenced
         private a.g b = a.g.d;
                          ^
recovery/normalized-src-vf/l1r/an/PBMessageALL7.java:7569: error: cannot find symbol
            PBMessageALL7.i.af();
                           ^
  symbol:   method af()
  location: variable i of type a
recovery/normalized-src-vf/l1r/an/PBMessageALL7.java:7578: error: int cannot be dereferenced
            this.b = a.g.d;
                      ^
recovery/normalized-src-vf/l1r/an/PBMessageALL7.java:7621: error: incompatible types: List<f> cannot be converted to i
            return PBMessageALL7.i.h();
                                    ^
recovery/normalized-src-vf/l1r/an/PBMessageALL7.java:7634: error: reference to i is ambiguous
            PBMessageALL7.i var1 = new PBMessageALL7.i(this, null);
                                   ^
  both constructor i(h,n) in i and constructor i(a,i) in i match
recovery/normalized-src-vf/l1r/an/PBMessageALL7.java:7728: error: incomparable types: i and List<f>
            if (var1 == PBMessageALL7.i.h()) {
                     ^
recovery/normalized-src-vf/l1r/an/PBMessageALL7.java:7813: error: a has private access in a
               var3 = PBMessageALL7.i.a.d(var1, var2);
                                     ^
recovery/normalized-src-vf/l1r/an/PBMessageALL7.java:7813: error: int cannot be dereferenced
               var3 = PBMessageALL7.i.a.d(var1, var2);
                                       ^
recovery/normalized-src-vf/l1r/an/PBMessageALL7.java:7849: error: cannot find symbol
            this.b = PBMessageALL7.i.h().p();
                                        ^
  symbol:   method p()
  location: interface List<f>
recovery/normalized-src-vf/l1r/an/PBMessageALL7.java:7876: error: name clash: class a has two methods with the same erasure, yet neither overrides the other
         public PBMessageALL7.i.a a(int var1, a.g var2) {
                                  ^
  first method:  a(h,n) in l1r.an.PBMessageALL7.i.a
  second method: a(InputStream,n) in a.a.a
recovery/normalized-src-vf/l1r/an/PBMessageALL7.java:7900: error: int cannot be dereferenced
            p.a.a(var1, this.c);
             ^
recovery/normalized-src-vf/l1r/an/PBMessageALL7.java:7994: error: name clash: class a has two methods with the same erasure, yet neither overrides the other
         public PBMessageALL7.i.a e(int var1) {
                                  ^
  first method:  e(g) in l1r.an.PBMessageALL7.i.a
  second method: e(InputStream) in a.x.a
recovery/normalized-src-vf/l1r/an/PBMessageALL7.java:8018: error: name clash: class a has two methods with the same erasure, yet neither overrides the other
         public PBMessageALL7.i.a f(int var1) {
                                  ^
  first method:  f(g) in l1r.an.PBMessageALL7.i.a
  second method: f(f) in a.x.a
recovery/normalized-src-vf/l1r/an/PBMessageALL7.java:8250: error: ai() in l1r.an.PBMessageALL7.i.a cannot override ai() in a.p.a
         public p.a ai() {
                    ^
  return type a.p.a is not compatible with l1r.an.PBMessageALL7.i.a
  where BuilderType is a type-variable:
    BuilderType extends a.p.a declared in class a.p.a
recovery/normalized-src-vf/l1r/an/PBMessageALL7.java:8249: error: method does not override or implement a method from a supertype
         @Override
         ^
recovery/normalized-src-vf/l1r/an/PBMessageALL7.java:8268: error: a(h,n) in l1r.an.PBMessageALL7.i.a cannot override a(byte[],n) in a.a.a
         public a.a.a a(a.h var1, n var2) throws IOException {
                      ^
  overridden method does not throw IOException
  where BuilderType#1,BuilderType#2 are type-variables:
    BuilderType#1 extends a.p.a declared in class a.p.a
    BuilderType#2 extends a.a.a declared in class a.a.a
recovery/normalized-src-vf/l1r/an/PBMessageALL7.java:8310: error: ah() in l1r.an.PBMessageALL7.i.a cannot override ah() in a.p.a
         public p.a ah() {
                    ^
  return type a.p.a is not compatible with l1r.an.PBMessageALL7.i.a
  where BuilderType is a type-variable:
    BuilderType extends a.p.a declared in class a.p.a
recovery/normalized-src-vf/l1r/an/PBMessageALL7.java:8309: error: method does not override or implement a method from a supertype
         @Override
         ^
recovery/normalized-src-vf/l1r/an/PBMessageALL8.java:40: error: cannot find symbol
      a.k.g.a var1 = new a.k.g.a() {
       ^
  symbol:   class k
  location: class a
recovery/normalized-src-vf/l1r/an/PBMessageALL8.java:40: error: cannot find symbol
      a.k.g.a var1 = new a.k.g.a() {
                          ^
  symbol:   class k
  location: class a
recovery/normalized-src-vf/l1r/an/PBMessageALL8.java:41: error: method does not override or implement a method from a supertype
         @Override
         ^
recovery/normalized-src-vf/l1r/an/PBMessageALL8.java:152: error: g has private access in g
      k.g.a(var0, new k.g[0], var1);
       ^
recovery/normalized-src-vf/l1r/an/PBMessageALL8.java:787: error: b(b) in l1r.an.PBMessageALL8.a cannot implement b(OutputStream) in y
      protected x.a b(a.p.b var1) {
                    ^
  attempting to assign weaker access privileges; was public
recovery/normalized-src-vf/l1r/an/PBMessageALL8.java:757: error: a(b) in l1r.an.PBMessageALL8.a cannot implement a(OutputStream) in y
      protected PBMessageALL8.a.a a(a.p.b var1) {
                                  ^
  attempting to assign weaker access privileges; was public
recovery/normalized-src-vf/l1r/an/PBMessageALL8.java:168: error: cannot find symbol
      public static ab<PBMessageALL8.a> a = new a.c<PBMessageALL8.a>() {
                                                 ^
  symbol:   class c
  location: class a
recovery/normalized-src-vf/l1r/an/PBMessageALL8.java:169: error: cannot find symbol
         public PBMessageALL8.a c(a.h var1, n var2) throws s {
                                   ^
  symbol:   class h
  location: class a
recovery/normalized-src-vf/l1r/an/PBMessageALL8.java:175: error: cannot find symbol
         public Object d(a.h var1, n var2) throws s {
                          ^
  symbol:   class h
  location: class a
recovery/normalized-src-vf/l1r/an/PBMessageALL8.java:174: error: method does not override or implement a method from a supertype
         @Override
         ^
recovery/normalized-src-vf/l1r/an/PBMessageALL8.java:360: error: method does not override or implement a method from a supertype
      @Override
      ^
recovery/normalized-src-vf/l1r/an/PBMessageALL8.java:365: error: method does not override or implement a method from a supertype
      @Override
      ^
recovery/normalized-src-vf/l1r/an/PBMessageALL8.java:370: error: method does not override or implement a method from a supertype
      @Override
      ^
recovery/normalized-src-vf/l1r/an/PBMessageALL8.java:375: error: method does not override or implement a method from a supertype
      @Override
      ^
recovery/normalized-src-vf/l1r/an/PBMessageALL8.java:380: error: method does not override or implement a method from a supertype
      @Override
      ^
recovery/normalized-src-vf/l1r/an/PBMessageALL8.java:385: error: method does not override or implement a method from a supertype
      @Override
      ^
recovery/normalized-src-vf/l1r/an/PBMessageALL8.java:391: error: name clash: class a has two methods with the same erasure, yet neither overrides the other
      public a.g a(int var1) {
                 ^
  first method:  a(b) in l1r.an.PBMessageALL8.a
  second method: a(List<? extends a.r.a>) in a.a
recovery/normalized-src-vf/l1r/an/PBMessageALL8.java:390: error: method does not override or implement a method from a supertype
      @Override
      ^
recovery/normalized-src-vf/l1r/an/PBMessageALL8.java:395: error: method does not override or implement a method from a supertype
      @Override
      ^
recovery/normalized-src-vf/l1r/an/PBMessageALL8.java:400: error: method does not override or implement a method from a supertype
      @Override
      ^
recovery/normalized-src-vf/l1r/an/PBMessageALL8.java:406: error: name clash: class a has two methods with the same erasure, yet neither overrides the other
      public a.g b(int var1) {
                 ^
  first method:  b(b) in a
  second method: b(InputStream) in a
recovery/normalized-src-vf/l1r/an/PBMessageALL8.java:405: error: method does not override or implement a method from a supertype
      @Override
      ^
recovery/normalized-src-vf/l1r/an/PBMessageALL8.java:410: error: method does not override or implement a method from a supertype
      @Override
      ^
recovery/normalized-src-vf/l1r/an/PBMessageALL8.java:415: error: method does not override or implement a method from a supertype
      @Override
      ^
recovery/normalized-src-vf/l1r/an/PBMessageALL8.java:420: error: method does not override or implement a method from a supertype
      @Override
      ^
recovery/normalized-src-vf/l1r/an/PBMessageALL8.java:425: error: method does not override or implement a method from a supertype
      @Override
      ^
recovery/normalized-src-vf/l1r/an/PBMessageALL8.java:430: error: method does not override or implement a method from a supertype
      @Override
      ^
recovery/normalized-src-vf/l1r/an/PBMessageALL8.java:435: error: method does not override or implement a method from a supertype
      @Override
      ^
recovery/normalized-src-vf/l1r/an/PBMessageALL8.java:440: error: method does not override or implement a method from a supertype
      @Override
      ^
recovery/normalized-src-vf/l1r/an/PBMessageALL8.java:445: error: method does not override or implement a method from a supertype
      @Override
      ^
recovery/normalized-src-vf/l1r/an/PBMessageALL8.java:450: error: method does not override or implement a method from a supertype
      @Override
      ^
recovery/normalized-src-vf/l1r/an/PBMessageALL8.java:455: error: method does not override or implement a method from a supertype
      @Override
      ^
recovery/normalized-src-vf/l1r/an/PBMessageALL8.java:460: error: method does not override or implement a method from a supertype
      @Override
      ^
recovery/normalized-src-vf/l1r/an/PBMessageALL8.java:465: error: method does not override or implement a method from a supertype
      @Override
      ^
recovery/normalized-src-vf/l1r/an/PBMessageALL8.java:470: error: method does not override or implement a method from a supertype
      @Override
      ^
recovery/normalized-src-vf/l1r/an/PBMessageALL8.java:475: error: method does not override or implement a method from a supertype
      @Override
      ^
recovery/normalized-src-vf/l1r/an/PBMessageALL8.java:480: error: method does not override or implement a method from a supertype
      @Override
      ^
recovery/normalized-src-vf/l1r/an/PBMessageALL8.java:485: error: method does not override or implement a method from a supertype
      @Override
      ^
recovery/normalized-src-vf/l1r/an/PBMessageALL8.java:490: error: method does not override or implement a method from a supertype
      @Override
      ^
recovery/normalized-src-vf/l1r/an/PBMessageALL8.java:495: error: method does not override or implement a method from a supertype
      @Override
      ^
recovery/normalized-src-vf/l1r/an/PBMessageALL8.java:500: error: method does not override or implement a method from a supertype
      @Override
      ^
recovery/normalized-src-vf/l1r/an/PBMessageALL8.java:505: error: method does not override or implement a method from a supertype
      @Override
      ^
recovery/normalized-src-vf/l1r/an/PBMessageALL8.java:510: error: method does not override or implement a method from a supertype
      @Override
      ^
recovery/normalized-src-vf/l1r/an/PBMessageALL8.java:515: error: method does not override or implement a method from a supertype
      @Override
      ^
recovery/normalized-src-vf/l1r/an/PBMessageALL8.java:550: error: a(i) in l1r.an.PBMessageALL8.a cannot override a(List<? extends a.r.a>) in a.a
      public void a(a.i var1) throws IOException {
                  ^
  overridden method is static
recovery/normalized-src-vf/l1r/an/PBMessageALL8.java:624: error: cannot find symbol
            var1 += a.i.g(1, this.u);
                     ^
  symbol:   variable i
  location: variable a of type ab<a>
recovery/normalized-src-vf/l1r/an/PBMessageALL8.java:628: error: cannot find symbol
            var1 += a.i.g(2, this.v);
                     ^
  symbol:   variable i
  location: variable a of type ab<a>
recovery/normalized-src-vf/l1r/an/PBMessageALL8.java:634: error: cannot find symbol
            var2 += a.i.b(this.w.get(var3));
                     ^
  symbol:   variable i
  location: variable a of type ab<a>
recovery/normalized-src-vf/l1r/an/PBMessageALL8.java:642: error: cannot find symbol
            var2 += a.i.b(this.x.get(var11));
                     ^
  symbol:   variable i
  location: variable a of type ab<a>
recovery/normalized-src-vf/l1r/an/PBMessageALL8.java:648: error: cannot find symbol
            var1 += a.i.g(5, this.y);
                     ^
  symbol:   variable i
  location: variable a of type ab<a>
recovery/normalized-src-vf/l1r/an/PBMessageALL8.java:652: error: cannot find symbol
            var1 += a.i.g(6, this.z);
                     ^
  symbol:   variable i
  location: variable a of type ab<a>
recovery/normalized-src-vf/l1r/an/PBMessageALL8.java:656: error: cannot find symbol
            var1 += a.i.g(7, this.A);
                     ^
  symbol:   variable i
  location: variable a of type ab<a>
recovery/normalized-src-vf/l1r/an/PBMessageALL8.java:660: error: cannot find symbol
            var1 += a.i.g(8, this.B);
                     ^
  symbol:   variable i
  location: variable a of type ab<a>
recovery/normalized-src-vf/l1r/an/PBMessageALL8.java:664: error: cannot find symbol
            var1 += a.i.g(9, this.C);
                     ^
  symbol:   variable i
  location: variable a of type ab<a>
recovery/normalized-src-vf/l1r/an/PBMessageALL8.java:668: error: cannot find symbol
            var1 += a.i.g(10, this.D);
                     ^
  symbol:   variable i
  location: variable a of type ab<a>
recovery/normalized-src-vf/l1r/an/PBMessageALL8.java:672: error: cannot find symbol
            var1 += a.i.g(11, this.E);
                     ^
  symbol:   variable i
  location: variable a of type ab<a>
recovery/normalized-src-vf/l1r/an/PBMessageALL8.java:676: error: cannot find symbol
            var1 += a.i.g(12, this.F);
                     ^
  symbol:   variable i
  location: variable a of type ab<a>
recovery/normalized-src-vf/l1r/an/PBMessageALL8.java:680: error: cannot find symbol
            var1 += a.i.g(13, this.G);
                     ^
  symbol:   variable i
  location: variable a of type ab<a>
recovery/normalized-src-vf/l1r/an/PBMessageALL8.java:684: error: cannot find symbol
            var1 += a.i.g(14, this.H);
                     ^
  symbol:   variable i
  location: variable a of type ab<a>
recovery/normalized-src-vf/l1r/an/PBMessageALL8.java:688: error: cannot find symbol
            var1 += a.i.g(15, this.I);
                     ^
  symbol:   variable i
  location: variable a of type ab<a>
recovery/normalized-src-vf/l1r/an/PBMessageALL8.java:701: error: a(g) in l1r.an.PBMessageALL8.a cannot hide a(List<? extends a.r.a>) in a.a
      public static PBMessageALL8.a a(a.g var0) throws s {
                                    ^
  return type l1r.an.PBMessageALL8.a is not compatible with int
recovery/normalized-src-vf/l1r/an/PBMessageALL8.java:733: error: a(h) in l1r.an.PBMessageALL8.a cannot hide a(List<? extends a.r.a>) in a.a
      public static PBMessageALL8.a a(a.h var0) throws IOException {
                                    ^
  return type l1r.an.PBMessageALL8.a is not compatible with int
recovery/normalized-src-vf/l1r/an/PBMessageALL8.java:742: error: a has private access in a
         return PBMessageALL8.a.a.av();
                               ^
recovery/normalized-src-vf/l1r/an/PBMessageALL8.java:742: error: int cannot be dereferenced
         return PBMessageALL8.a.a.av();
                                 ^
recovery/normalized-src-vf/l1r/an/PBMessageALL8.java:750: error: incompatible types: a.a.a cannot be converted to a.p.a
         return aa().a(var0);
                      ^
recovery/normalized-src-vf/l1r/an/PBMessageALL8.java:754: error: reference to a is ambiguous
         return a(this);
                ^
  both method a(h) in l1r.an.PBMessageALL8.a and method a(b) in l1r.an.PBMessageALL8.a match
recovery/normalized-src-vf/l1r/an/PBMessageALL8.java:754: error: incompatible types: l1r.an.PBMessageALL8.a cannot be converted to a.p.a
         return a(this);
                 ^
recovery/normalized-src-vf/l1r/an/PBMessageALL8.java:1582: error: d(h,n) in l1r.an.PBMessageALL8.a.a cannot implement d(byte[],n) in a.x.a
         public x.a d(a.h var1, n var2) throws IOException {
                    ^
  overridden method does not throw IOException
recovery/normalized-src-vf/l1r/an/PBMessageALL8.java:1576: error: c(h,n) in l1r.an.PBMessageALL8.a.a cannot implement c(byte[],n) in a.y.a
         public y.a c(a.h var1, n var2) throws IOException {
                    ^
  overridden method does not throw IOException
recovery/normalized-src-vf/l1r/an/PBMessageALL8.java:850: error: cannot find symbol
            PBMessageALL8.a.af();
                           ^
  symbol:   method af()
  location: variable a of type a
recovery/normalized-src-vf/l1r/an/PBMessageALL8.java:902: error: incompatible types: List<f> cannot be converted to a
            return PBMessageALL8.a.h();
                                    ^
recovery/normalized-src-vf/l1r/an/PBMessageALL8.java:915: error: reference to a is ambiguous
            PBMessageALL8.a var1 = new PBMessageALL8.a(this, null);
                                   ^
  both constructor l1r.an.PBMessageALL8.a(h,n) in l1r.an.PBMessageALL8.a and constructor l1r.an.PBMessageALL8.a(a.p.a,l1r.an.PBMessageALL8.a) in l1r.an.PBMessageALL8.a match
recovery/normalized-src-vf/l1r/an/PBMessageALL8.java:1010: error: incomparable types: a and List<f>
            if (var1 == PBMessageALL8.a.h()) {
                     ^
recovery/normalized-src-vf/l1r/an/PBMessageALL8.java:1103: error: a has private access in a
               var3 = PBMessageALL8.a.a.d(var1, var2);
                                     ^
recovery/normalized-src-vf/l1r/an/PBMessageALL8.java:1103: error: int cannot be dereferenced
               var3 = PBMessageALL8.a.a.d(var1, var2);
                                       ^
recovery/normalized-src-vf/l1r/an/PBMessageALL8.java:1186: error: name clash: class a has two methods with the same erasure, yet neither overrides the other
         public PBMessageALL8.a.a a(int var1, a.g var2) {
                                  ^
  first method:  a(h,n) in l1r.an.PBMessageALL8.a.a
  second method: a(InputStream,n) in a.a.a
recovery/normalized-src-vf/l1r/an/PBMessageALL8.java:1210: error: int cannot be dereferenced
            p.a.a(var1, this.d);
             ^
recovery/normalized-src-vf/l1r/an/PBMessageALL8.java:1268: error: int cannot be dereferenced
            p.a.a(var1, this.e);
             ^
recovery/normalized-src-vf/l1r/an/PBMessageALL8.java:1290: error: name clash: class a has two methods with the same erasure, yet neither overrides the other
         public PBMessageALL8.a.a e(int var1) {
                                  ^
  first method:  e(g) in l1r.an.PBMessageALL8.a.a
  second method: e(InputStream) in a.x.a
recovery/normalized-src-vf/l1r/an/PBMessageALL8.java:1314: error: name clash: class a has two methods with the same erasure, yet neither overrides the other
         public PBMessageALL8.a.a f(int var1) {
                                  ^
  first method:  f(g) in l1r.an.PBMessageALL8.a.a
  second method: f(f) in a.x.a
recovery/normalized-src-vf/l1r/an/PBMessageALL8.java:1570: error: ai() in l1r.an.PBMessageALL8.a.a cannot override ai() in a.p.a
         public p.a ai() {
                    ^
  return type a.p.a is not compatible with l1r.an.PBMessageALL8.a.a
  where BuilderType is a type-variable:
    BuilderType extends a.p.a declared in class a.p.a
recovery/normalized-src-vf/l1r/an/PBMessageALL8.java:1569: error: method does not override or implement a method from a supertype
         @Override
         ^
recovery/normalized-src-vf/l1r/an/PBMessageALL8.java:1588: error: a(h,n) in l1r.an.PBMessageALL8.a.a cannot override a(byte[],n) in a.a.a
         public a.a.a a(a.h var1, n var2) throws IOException {
                      ^
  overridden method does not throw IOException
  where BuilderType#1,BuilderType#2 are type-variables:
    BuilderType#1 extends a.p.a declared in class a.p.a
    BuilderType#2 extends a.a.a declared in class a.a.a
recovery/normalized-src-vf/l1r/an/PBMessageALL8.java:1630: error: ah() in l1r.an.PBMessageALL8.a.a cannot override ah() in a.p.a
         public p.a ah() {
                    ^
  return type a.p.a is not compatible with l1r.an.PBMessageALL8.a.a
  where BuilderType is a type-variable:
    BuilderType extends a.p.a declared in class a.p.a
recovery/normalized-src-vf/l1r/an/PBMessageALL8.java:1629: error: method does not override or implement a method from a supertype
         @Override
         ^
recovery/normalized-src-vf/l1r/an/PBMessageALL8.java:2307: error: b(b) in c cannot implement b(OutputStream) in y
      protected x.a b(a.p.b var1) {
                    ^
  attempting to assign weaker access privileges; was public
recovery/normalized-src-vf/l1r/an/PBMessageALL8.java:2277: error: a(b) in c cannot implement a(OutputStream) in y
      protected PBMessageALL8.c.a a(a.p.b var1) {
                                  ^
  attempting to assign weaker access privileges; was public
recovery/normalized-src-vf/l1r/an/PBMessageALL8.java:1722: error: cannot find symbol
      public static ab<PBMessageALL8.c> a = new a.c<PBMessageALL8.c>() {
                                                 ^
  symbol:   class c
  location: class a
recovery/normalized-src-vf/l1r/an/PBMessageALL8.java:1723: error: cannot find symbol
         public PBMessageALL8.c c(a.h var1, n var2) throws s {
                                   ^
  symbol:   class h
  location: class a
recovery/normalized-src-vf/l1r/an/PBMessageALL8.java:1729: error: cannot find symbol
         public Object d(a.h var1, n var2) throws s {
                          ^
  symbol:   class h
  location: class a
recovery/normalized-src-vf/l1r/an/PBMessageALL8.java:1728: error: method does not override or implement a method from a supertype
         @Override
         ^
recovery/normalized-src-vf/l1r/an/PBMessageALL8.java:2051: error: cannot find symbol
         this.w = a.g.d;
                   ^
  symbol:   variable g
  location: variable a of type ab<c>
recovery/normalized-src-vf/l1r/an/PBMessageALL8.java:2053: error: cannot find symbol
         this.y = a.g.d;
                   ^
  symbol:   variable g
  location: variable a of type ab<c>
recovery/normalized-src-vf/l1r/an/PBMessageALL8.java:2054: error: cannot find symbol
         this.z = a.g.d;
                   ^
  symbol:   variable g
  location: variable a of type ab<c>
recovery/normalized-src-vf/l1r/an/PBMessageALL8.java:2055: error: cannot find symbol
         this.A = a.g.d;
                   ^
  symbol:   variable g
  location: variable a of type ab<c>
recovery/normalized-src-vf/l1r/an/PBMessageALL8.java:2056: error: cannot find symbol
         this.B = a.g.d;
                   ^
  symbol:   variable g
  location: variable a of type ab<c>
recovery/normalized-src-vf/l1r/an/PBMessageALL8.java:2057: error: cannot find symbol
         this.C = a.g.d;
                   ^
  symbol:   variable g
  location: variable a of type ab<c>
recovery/normalized-src-vf/l1r/an/PBMessageALL8.java:2078: error: a(i) in c cannot override a(List<? extends a.r.a>) in a.a
      public void a(a.i var1) throws IOException {
                  ^
  overridden method is static
recovery/normalized-src-vf/l1r/an/PBMessageALL8.java:2152: error: cannot find symbol
            var1 += a.i.g(1, this.u);
                     ^
  symbol:   variable i
  location: variable a of type ab<c>
recovery/normalized-src-vf/l1r/an/PBMessageALL8.java:2156: error: cannot find symbol
            var1 += a.i.g(2, this.v);
                     ^
  symbol:   variable i
  location: variable a of type ab<c>
recovery/normalized-src-vf/l1r/an/PBMessageALL8.java:2160: error: cannot find symbol
            var1 += a.i.c(3, this.w);
                     ^
  symbol:   variable i
  location: variable a of type ab<c>
recovery/normalized-src-vf/l1r/an/PBMessageALL8.java:2164: error: cannot find symbol
            var1 += a.i.g(4, this.x);
                     ^
  symbol:   variable i
  location: variable a of type ab<c>
recovery/normalized-src-vf/l1r/an/PBMessageALL8.java:2168: error: cannot find symbol
            var1 += a.i.c(5, this.y);
                     ^
  symbol:   variable i
  location: variable a of type ab<c>
recovery/normalized-src-vf/l1r/an/PBMessageALL8.java:2172: error: cannot find symbol
            var1 += a.i.c(6, this.z);
                     ^
  symbol:   variable i
  location: variable a of type ab<c>
recovery/normalized-src-vf/l1r/an/PBMessageALL8.java:2176: error: cannot find symbol
            var1 += a.i.c(7, this.A);
                     ^
  symbol:   variable i
  location: variable a of type ab<c>
recovery/normalized-src-vf/l1r/an/PBMessageALL8.java:2180: error: cannot find symbol
            var1 += a.i.c(8, this.B);
                     ^
  symbol:   variable i
  location: variable a of type ab<c>
recovery/normalized-src-vf/l1r/an/PBMessageALL8.java:2184: error: cannot find symbol
            var1 += a.i.c(9, this.C);
                     ^
  symbol:   variable i
  location: variable a of type ab<c>
recovery/normalized-src-vf/l1r/an/PBMessageALL8.java:2188: error: cannot find symbol
            var1 += a.i.g(10, this.D);
                     ^
  symbol:   variable i
  location: variable a of type ab<c>
recovery/normalized-src-vf/l1r/an/PBMessageALL8.java:2192: error: cannot find symbol
            var1 += a.i.g(11, this.E);
                     ^
  symbol:   variable i
  location: variable a of type ab<c>
recovery/normalized-src-vf/l1r/an/PBMessageALL8.java:2196: error: cannot find symbol
            var1 += a.i.g(12, this.F);
                     ^
  symbol:   variable i
  location: variable a of type ab<c>
recovery/normalized-src-vf/l1r/an/PBMessageALL8.java:2200: error: cannot find symbol
            var1 += a.i.g(13, this.G);
                     ^
  symbol:   variable i
  location: variable a of type ab<c>
recovery/normalized-src-vf/l1r/an/PBMessageALL8.java:2204: error: cannot find symbol
            var1 += a.i.g(14, this.H);
                     ^
  symbol:   variable i
  location: variable a of type ab<c>
recovery/normalized-src-vf/l1r/an/PBMessageALL8.java:2208: error: cannot find symbol
            var1 += a.i.g(15, this.I);
                     ^
  symbol:   variable i
  location: variable a of type ab<c>
recovery/normalized-src-vf/l1r/an/PBMessageALL8.java:2221: error: a(g) in c cannot hide a(List<? extends a.r.a>) in a.a
      public static PBMessageALL8.c a(a.g var0) throws s {
                                    ^
  return type c is not compatible with int
recovery/normalized-src-vf/l1r/an/PBMessageALL8.java:2253: error: a(h) in c cannot hide a(List<? extends a.r.a>) in a.a
      public static PBMessageALL8.c a(a.h var0) throws IOException {
                                    ^
  return type c is not compatible with int
recovery/normalized-src-vf/l1r/an/PBMessageALL8.java:2262: error: a has private access in a
         return PBMessageALL8.c.a.av();
                               ^
recovery/normalized-src-vf/l1r/an/PBMessageALL8.java:2262: error: int cannot be dereferenced
         return PBMessageALL8.c.a.av();
                                 ^
recovery/normalized-src-vf/l1r/an/PBMessageALL8.java:2274: error: reference to a is ambiguous
         return a(this);
                ^
  both method a(h) in c and method a(b) in c match
recovery/normalized-src-vf/l1r/an/PBMessageALL8.java:2274: error: incompatible types: c cannot be converted to a
         return a(this);
                 ^
recovery/normalized-src-vf/l1r/an/PBMessageALL8.java:2333: error: l1r.an.PBMessageALL8.c.a is not abstract and does not override abstract method d() in a.a.a
      public static final class a extends p.a<PBMessageALL8.c.a> implements PBMessageALL8.d {
                          ^
recovery/normalized-src-vf/l1r/an/PBMessageALL8.java:3052: error: d(h,n) in l1r.an.PBMessageALL8.c.a cannot implement d(byte[],n) in a.x.a
         public x.a d(a.h var1, n var2) throws IOException {
                    ^
  overridden method does not throw IOException
recovery/normalized-src-vf/l1r/an/PBMessageALL8.java:3046: error: c(h,n) in l1r.an.PBMessageALL8.c.a cannot implement c(byte[],n) in a.y.a
         public y.a c(a.h var1, n var2) throws IOException {
                    ^
  overridden method does not throw IOException
recovery/normalized-src-vf/l1r/an/PBMessageALL8.java:2361: error: int cannot be dereferenced
            this.d = a.g.d;
                      ^
recovery/normalized-src-vf/l1r/an/PBMessageALL8.java:2362: error: int cannot be dereferenced
            this.f = a.g.d;
                      ^
recovery/normalized-src-vf/l1r/an/PBMessageALL8.java:2363: error: int cannot be dereferenced
            this.g = a.g.d;
                      ^
recovery/normalized-src-vf/l1r/an/PBMessageALL8.java:2364: error: int cannot be dereferenced
            this.h = a.g.d;
                      ^
recovery/normalized-src-vf/l1r/an/PBMessageALL8.java:2365: error: int cannot be dereferenced
            this.i = a.g.d;
                      ^
recovery/normalized-src-vf/l1r/an/PBMessageALL8.java:2366: error: int cannot be dereferenced
            this.j = a.g.d;
                      ^
recovery/normalized-src-vf/l1r/an/PBMessageALL8.java:2372: error: int cannot be dereferenced
            this.d = a.g.d;
                      ^
recovery/normalized-src-vf/l1r/an/PBMessageALL8.java:2373: error: int cannot be dereferenced
            this.f = a.g.d;
                      ^
recovery/normalized-src-vf/l1r/an/PBMessageALL8.java:2374: error: int cannot be dereferenced
            this.g = a.g.d;
                      ^
recovery/normalized-src-vf/l1r/an/PBMessageALL8.java:2375: error: int cannot be dereferenced
            this.h = a.g.d;
                      ^
recovery/normalized-src-vf/l1r/an/PBMessageALL8.java:2376: error: int cannot be dereferenced
            this.i = a.g.d;
                      ^
recovery/normalized-src-vf/l1r/an/PBMessageALL8.java:2377: error: int cannot be dereferenced
            this.j = a.g.d;
                      ^
recovery/normalized-src-vf/l1r/an/PBMessageALL8.java:2382: error: cannot find symbol
            PBMessageALL8.c.af();
                           ^
  symbol:   method af()
  location: variable c of type a
recovery/normalized-src-vf/l1r/an/PBMessageALL8.java:2395: error: int cannot be dereferenced
            this.d = a.g.d;
                      ^
recovery/normalized-src-vf/l1r/an/PBMessageALL8.java:2399: error: int cannot be dereferenced
            this.f = a.g.d;
                      ^
recovery/normalized-src-vf/l1r/an/PBMessageALL8.java:2401: error: int cannot be dereferenced
            this.g = a.g.d;
                      ^
recovery/normalized-src-vf/l1r/an/PBMessageALL8.java:2403: error: int cannot be dereferenced
            this.h = a.g.d;
                      ^
recovery/normalized-src-vf/l1r/an/PBMessageALL8.java:2405: error: int cannot be dereferenced
            this.i = a.g.d;
                      ^
recovery/normalized-src-vf/l1r/an/PBMessageALL8.java:2407: error: int cannot be dereferenced
            this.j = a.g.d;
                      ^
recovery/normalized-src-vf/l1r/an/PBMessageALL8.java:2434: error: incompatible types: List<f> cannot be converted to c
            return PBMessageALL8.c.h();
                                    ^
recovery/normalized-src-vf/l1r/an/PBMessageALL8.java:2447: error: reference to c is ambiguous
            PBMessageALL8.c var1 = new PBMessageALL8.c(this, null);
                                   ^
  both constructor c(h,n) in c and constructor c(a,c) in c match
recovery/normalized-src-vf/l1r/an/PBMessageALL8.java:2540: error: incomparable types: c and List<f>
            if (var1 == PBMessageALL8.c.h()) {
                     ^
recovery/normalized-src-vf/l1r/an/PBMessageALL8.java:2617: error: a has private access in a
               var3 = PBMessageALL8.c.a.d(var1, var2);
                                     ^
recovery/normalized-src-vf/l1r/an/PBMessageALL8.java:2617: error: int cannot be dereferenced
               var3 = PBMessageALL8.c.a.d(var1, var2);
                                       ^
recovery/normalized-src-vf/l1r/an/PBMessageALL8.java:2701: error: cannot find symbol
            this.d = PBMessageALL8.c.h().t();
                                        ^
  symbol:   method t()
  location: interface List<f>
recovery/normalized-src-vf/l1r/an/PBMessageALL8.java:2753: error: cannot find symbol
            this.f = PBMessageALL8.c.h().x();
                                        ^
  symbol:   method x()
  location: interface List<f>
recovery/normalized-src-vf/l1r/an/PBMessageALL8.java:2781: error: cannot find symbol
            this.g = PBMessageALL8.c.h().z();
                                        ^
  symbol:   method z()
  location: interface List<f>
recovery/normalized-src-vf/l1r/an/PBMessageALL8.java:2809: error: cannot find symbol
            this.h = PBMessageALL8.c.h().B();
                                        ^
  symbol:   method B()
  location: interface List<f>
recovery/normalized-src-vf/l1r/an/PBMessageALL8.java:2837: error: cannot find symbol
            this.i = PBMessageALL8.c.h().D();
                                        ^
  symbol:   method D()
  location: interface List<f>
recovery/normalized-src-vf/l1r/an/PBMessageALL8.java:2865: error: cannot find symbol
            this.j = PBMessageALL8.c.h().F();
                                        ^
  symbol:   method F()
  location: interface List<f>
recovery/normalized-src-vf/l1r/an/PBMessageALL8.java:2904: error: name clash: class a has two methods with the same erasure, yet neither overrides the other
         public PBMessageALL8.c.a e(int var1) {
                                  ^
  first method:  e(g) in l1r.an.PBMessageALL8.c.a
  second method: e(InputStream) in a.x.a
recovery/normalized-src-vf/l1r/an/PBMessageALL8.java:2928: error: name clash: class a has two methods with the same erasure, yet neither overrides the other
         public PBMessageALL8.c.a f(int var1) {
                                  ^
  first method:  f(g) in l1r.an.PBMessageALL8.c.a
  second method: f(f) in a.x.a
recovery/normalized-src-vf/l1r/an/PBMessageALL8.java:2952: error: name clash: class a has two methods with the same erasure, yet neither overrides the other
         public PBMessageALL8.c.a g(int var1) {
                                  ^
  first method:  g(g) in l1r.an.PBMessageALL8.c.a
  second method: g(f) in a.p.a
recovery/normalized-src-vf/l1r/an/PBMessageALL8.java:3040: error: ai() in l1r.an.PBMessageALL8.c.a cannot override ai() in a.p.a
         public p.a ai() {
                    ^
  return type a.p.a is not compatible with l1r.an.PBMessageALL8.c.a
  where BuilderType is a type-variable:
    BuilderType extends a.p.a declared in class a.p.a
recovery/normalized-src-vf/l1r/an/PBMessageALL8.java:3039: error: method does not override or implement a method from a supertype
         @Override
         ^
recovery/normalized-src-vf/l1r/an/PBMessageALL8.java:3058: error: a(h,n) in l1r.an.PBMessageALL8.c.a cannot override a(byte[],n) in a.a.a
         public a.a.a a(a.h var1, n var2) throws IOException {
                      ^
  overridden method does not throw IOException
  where BuilderType#1,BuilderType#2 are type-variables:
    BuilderType#1 extends a.p.a declared in class a.p.a
    BuilderType#2 extends a.a.a declared in class a.a.a
recovery/normalized-src-vf/l1r/an/PBMessageALL8.java:3100: error: ah() in l1r.an.PBMessageALL8.c.a cannot override ah() in a.p.a
         public p.a ah() {
                    ^
  return type a.p.a is not compatible with l1r.an.PBMessageALL8.c.a
  where BuilderType is a type-variable:
    BuilderType extends a.p.a declared in class a.p.a
recovery/normalized-src-vf/l1r/an/PBMessageALL8.java:3099: error: method does not override or implement a method from a supertype
         @Override
         ^
recovery/normalized-src-vf/l1r/an/PBMessageALL8.java:3773: error: b(b) in e cannot implement b(OutputStream) in y
      protected x.a b(a.p.b var1) {
                    ^
  attempting to assign weaker access privileges; was public
recovery/normalized-src-vf/l1r/an/PBMessageALL8.java:3743: error: a(b) in e cannot implement a(OutputStream) in y
      protected PBMessageALL8.e.a a(a.p.b var1) {
                                  ^
  attempting to assign weaker access privileges; was public
recovery/normalized-src-vf/l1r/an/PBMessageALL8.java:3188: error: cannot find symbol
      public static ab<PBMessageALL8.e> a = new a.c<PBMessageALL8.e>() {
                                                 ^
  symbol:   class c
  location: class a
recovery/normalized-src-vf/l1r/an/PBMessageALL8.java:3189: error: cannot find symbol
         public PBMessageALL8.e c(a.h var1, n var2) throws s {
                                   ^
  symbol:   class h
  location: class a
recovery/normalized-src-vf/l1r/an/PBMessageALL8.java:3195: error: cannot find symbol
         public Object d(a.h var1, n var2) throws s {
                          ^
  symbol:   class h
  location: class a
recovery/normalized-src-vf/l1r/an/PBMessageALL8.java:3194: error: method does not override or implement a method from a supertype
         @Override
         ^
recovery/normalized-src-vf/l1r/an/PBMessageALL8.java:3517: error: cannot find symbol
         this.w = a.g.d;
                   ^
  symbol:   variable g
  location: variable a of type ab<e>
recovery/normalized-src-vf/l1r/an/PBMessageALL8.java:3518: error: cannot find symbol
         this.x = a.g.d;
                   ^
  symbol:   variable g
  location: variable a of type ab<e>
recovery/normalized-src-vf/l1r/an/PBMessageALL8.java:3521: error: cannot find symbol
         this.A = a.g.d;
                   ^
  symbol:   variable g
  location: variable a of type ab<e>
recovery/normalized-src-vf/l1r/an/PBMessageALL8.java:3544: error: a(i) in e cannot override a(List<? extends a.r.a>) in a.a
      public void a(a.i var1) throws IOException {
                  ^
  overridden method is static
recovery/normalized-src-vf/l1r/an/PBMessageALL8.java:3618: error: cannot find symbol
            var1 += a.i.g(1, this.u);
                     ^
  symbol:   variable i
  location: variable a of type ab<e>
recovery/normalized-src-vf/l1r/an/PBMessageALL8.java:3622: error: cannot find symbol
            var1 += a.i.g(2, this.v);
                     ^
  symbol:   variable i
  location: variable a of type ab<e>
recovery/normalized-src-vf/l1r/an/PBMessageALL8.java:3626: error: cannot find symbol
            var1 += a.i.c(3, this.w);
                     ^
  symbol:   variable i
  location: variable a of type ab<e>
recovery/normalized-src-vf/l1r/an/PBMessageALL8.java:3630: error: cannot find symbol
            var1 += a.i.c(4, this.x);
                     ^
  symbol:   variable i
  location: variable a of type ab<e>
recovery/normalized-src-vf/l1r/an/PBMessageALL8.java:3634: error: cannot find symbol
            var1 += a.i.g(5, this.y);
                     ^
  symbol:   variable i
  location: variable a of type ab<e>
recovery/normalized-src-vf/l1r/an/PBMessageALL8.java:3638: error: cannot find symbol
            var1 += a.i.g(6, this.z);
                     ^
  symbol:   variable i
  location: variable a of type ab<e>
recovery/normalized-src-vf/l1r/an/PBMessageALL8.java:3642: error: cannot find symbol
            var1 += a.i.c(7, this.A);
                     ^
  symbol:   variable i
  location: variable a of type ab<e>
recovery/normalized-src-vf/l1r/an/PBMessageALL8.java:3646: error: cannot find symbol
            var1 += a.i.g(8, this.B);
                     ^
  symbol:   variable i
  location: variable a of type ab<e>
recovery/normalized-src-vf/l1r/an/PBMessageALL8.java:3650: error: cannot find symbol
            var1 += a.i.g(9, this.C);
                     ^
  symbol:   variable i
  location: variable a of type ab<e>
recovery/normalized-src-vf/l1r/an/PBMessageALL8.java:3654: error: cannot find symbol
            var1 += a.i.g(10, this.D);
                     ^
  symbol:   variable i
  location: variable a of type ab<e>
recovery/normalized-src-vf/l1r/an/PBMessageALL8.java:3658: error: cannot find symbol
            var1 += a.i.g(11, this.E);
                     ^
  symbol:   variable i
  location: variable a of type ab<e>
recovery/normalized-src-vf/l1r/an/PBMessageALL8.java:3662: error: cannot find symbol
            var1 += a.i.g(12, this.F);
                     ^
  symbol:   variable i
  location: variable a of type ab<e>
recovery/normalized-src-vf/l1r/an/PBMessageALL8.java:3666: error: cannot find symbol
            var1 += a.i.g(13, this.G);
                     ^
  symbol:   variable i
  location: variable a of type ab<e>
recovery/normalized-src-vf/l1r/an/PBMessageALL8.java:3670: error: cannot find symbol
            var1 += a.i.g(14, this.H);
                     ^
  symbol:   variable i
  location: variable a of type ab<e>
recovery/normalized-src-vf/l1r/an/PBMessageALL8.java:3674: error: cannot find symbol
            var1 += a.i.g(15, this.I);
                     ^
  symbol:   variable i
  location: variable a of type ab<e>
recovery/normalized-src-vf/l1r/an/PBMessageALL8.java:3687: error: a(g) in e cannot hide a(List<? extends a.r.a>) in a.a
      public static PBMessageALL8.e a(a.g var0) throws s {
                                    ^
  return type e is not compatible with int
recovery/normalized-src-vf/l1r/an/PBMessageALL8.java:3719: error: a(h) in e cannot hide a(List<? extends a.r.a>) in a.a
      public static PBMessageALL8.e a(a.h var0) throws IOException {
                                    ^
  return type e is not compatible with int
recovery/normalized-src-vf/l1r/an/PBMessageALL8.java:3728: error: a has private access in a
         return PBMessageALL8.e.a.av();
                               ^
recovery/normalized-src-vf/l1r/an/PBMessageALL8.java:3728: error: int cannot be dereferenced
         return PBMessageALL8.e.a.av();
                                 ^
recovery/normalized-src-vf/l1r/an/PBMessageALL8.java:3740: error: reference to a is ambiguous
         return a(this);
                ^
  both method a(h) in e and method a(b) in e match
recovery/normalized-src-vf/l1r/an/PBMessageALL8.java:3740: error: incompatible types: e cannot be converted to a
         return a(this);
                 ^
recovery/normalized-src-vf/l1r/an/PBMessageALL8.java:3799: error: l1r.an.PBMessageALL8.e.a is not abstract and does not override abstract method d() in a.a.a
      public static final class a extends p.a<PBMessageALL8.e.a> implements PBMessageALL8.f {
                          ^
recovery/normalized-src-vf/l1r/an/PBMessageALL8.java:4500: error: d(h,n) in l1r.an.PBMessageALL8.e.a cannot implement d(byte[],n) in a.x.a
         public x.a d(a.h var1, n var2) throws IOException {
                    ^
  overridden method does not throw IOException
recovery/normalized-src-vf/l1r/an/PBMessageALL8.java:4494: error: c(h,n) in l1r.an.PBMessageALL8.e.a cannot implement c(byte[],n) in a.y.a
         public y.a c(a.h var1, n var2) throws IOException {
                    ^
  overridden method does not throw IOException
recovery/normalized-src-vf/l1r/an/PBMessageALL8.java:3827: error: int cannot be dereferenced
            this.d = a.g.d;
                      ^
recovery/normalized-src-vf/l1r/an/PBMessageALL8.java:3828: error: int cannot be dereferenced
            this.e = a.g.d;
                      ^
recovery/normalized-src-vf/l1r/an/PBMessageALL8.java:3829: error: int cannot be dereferenced
            this.h = a.g.d;
                      ^
recovery/normalized-src-vf/l1r/an/PBMessageALL8.java:3835: error: int cannot be dereferenced
            this.d = a.g.d;
                      ^
recovery/normalized-src-vf/l1r/an/PBMessageALL8.java:3836: error: int cannot be dereferenced
            this.e = a.g.d;
                      ^
recovery/normalized-src-vf/l1r/an/PBMessageALL8.java:3837: error: int cannot be dereferenced
            this.h = a.g.d;
                      ^
recovery/normalized-src-vf/l1r/an/PBMessageALL8.java:3842: error: cannot find symbol
            PBMessageALL8.e.af();
                           ^
  symbol:   method af()
  location: variable e of type a
recovery/normalized-src-vf/l1r/an/PBMessageALL8.java:3855: error: int cannot be dereferenced
            this.d = a.g.d;
                      ^
recovery/normalized-src-vf/l1r/an/PBMessageALL8.java:3857: error: int cannot be dereferenced
            this.e = a.g.d;
                      ^
recovery/normalized-src-vf/l1r/an/PBMessageALL8.java:3863: error: int cannot be dereferenced
            this.h = a.g.d;
                      ^
recovery/normalized-src-vf/l1r/an/PBMessageALL8.java:3894: error: incompatible types: List<f> cannot be converted to e
            return PBMessageALL8.e.h();
                                    ^
recovery/normalized-src-vf/l1r/an/PBMessageALL8.java:3907: error: reference to e is ambiguous
            PBMessageALL8.e var1 = new PBMessageALL8.e(this, null);
                                   ^
  both constructor e(h,n) in e and constructor e(a,e) in e match
recovery/normalized-src-vf/l1r/an/PBMessageALL8.java:4000: error: incomparable types: e and List<f>
            if (var1 == PBMessageALL8.e.h()) {
                     ^
recovery/normalized-src-vf/l1r/an/PBMessageALL8.java:4077: error: a has private access in a
               var3 = PBMessageALL8.e.a.d(var1, var2);
                                     ^
recovery/normalized-src-vf/l1r/an/PBMessageALL8.java:4077: error: int cannot be dereferenced
               var3 = PBMessageALL8.e.a.d(var1, var2);
                                       ^
recovery/normalized-src-vf/l1r/an/PBMessageALL8.java:4161: error: cannot find symbol
            this.d = PBMessageALL8.e.h().t();
                                        ^
  symbol:   method t()
  location: interface List<f>
recovery/normalized-src-vf/l1r/an/PBMessageALL8.java:4189: error: cannot find symbol
            this.e = PBMessageALL8.e.h().v();
                                        ^
  symbol:   method v()
  location: interface List<f>
recovery/normalized-src-vf/l1r/an/PBMessageALL8.java:4265: error: cannot find symbol
            this.h = PBMessageALL8.e.h().B();
                                        ^
  symbol:   method B()
  location: interface List<f>
recovery/normalized-src-vf/l1r/an/PBMessageALL8.java:4280: error: name clash: class a has two methods with the same erasure, yet neither overrides the other
         public PBMessageALL8.e.a e(int var1) {
                                  ^
  first method:  e(g) in l1r.an.PBMessageALL8.e.a
  second method: e(InputStream) in a.x.a
recovery/normalized-src-vf/l1r/an/PBMessageALL8.java:4304: error: name clash: class a has two methods with the same erasure, yet neither overrides the other
         public PBMessageALL8.e.a f(int var1) {
                                  ^
  first method:  f(g) in l1r.an.PBMessageALL8.e.a
  second method: f(f) in a.x.a
recovery/normalized-src-vf/l1r/an/PBMessageALL8.java:4328: error: name clash: class a has two methods with the same erasure, yet neither overrides the other
         public PBMessageALL8.e.a g(int var1) {
                                  ^
  first method:  g(g) in l1r.an.PBMessageALL8.e.a
  second method: g(f) in a.p.a
recovery/normalized-src-vf/l1r/an/PBMessageALL8.java:4488: error: ai() in l1r.an.PBMessageALL8.e.a cannot override ai() in a.p.a
         public p.a ai() {
                    ^
  return type a.p.a is not compatible with l1r.an.PBMessageALL8.e.a
  where BuilderType is a type-variable:
    BuilderType extends a.p.a declared in class a.p.a
recovery/normalized-src-vf/l1r/an/PBMessageALL8.java:4487: error: method does not override or implement a method from a supertype
         @Override
         ^
recovery/normalized-src-vf/l1r/an/PBMessageALL8.java:4506: error: a(h,n) in l1r.an.PBMessageALL8.e.a cannot override a(byte[],n) in a.a.a
         public a.a.a a(a.h var1, n var2) throws IOException {
                      ^
  overridden method does not throw IOException
  where BuilderType#1,BuilderType#2 are type-variables:
    BuilderType#1 extends a.p.a declared in class a.p.a
    BuilderType#2 extends a.a.a declared in class a.a.a
recovery/normalized-src-vf/l1r/an/PBMessageALL8.java:4548: error: ah() in l1r.an.PBMessageALL8.e.a cannot override ah() in a.p.a
         public p.a ah() {
                    ^
  return type a.p.a is not compatible with l1r.an.PBMessageALL8.e.a
  where BuilderType is a type-variable:
    BuilderType extends a.p.a declared in class a.p.a
recovery/normalized-src-vf/l1r/an/PBMessageALL8.java:4547: error: method does not override or implement a method from a supertype
         @Override
         ^
recovery/normalized-src-vf/l1r/an/PBMessageALL8.java:5221: error: b(b) in g cannot implement b(OutputStream) in y
      protected x.a b(a.p.b var1) {
                    ^
  attempting to assign weaker access privileges; was public
recovery/normalized-src-vf/l1r/an/PBMessageALL8.java:5191: error: a(b) in g cannot implement a(OutputStream) in y
      protected PBMessageALL8.g.a a(a.p.b var1) {
                                  ^
  attempting to assign weaker access privileges; was public
recovery/normalized-src-vf/l1r/an/PBMessageALL8.java:4636: error: cannot find symbol
      public static ab<PBMessageALL8.g> a = new a.c<PBMessageALL8.g>() {
                                                 ^
  symbol:   class c
  location: class a
recovery/normalized-src-vf/l1r/an/PBMessageALL8.java:4637: error: cannot find symbol
         public PBMessageALL8.g c(a.h var1, n var2) throws s {
                                   ^
  symbol:   class h
  location: class a
recovery/normalized-src-vf/l1r/an/PBMessageALL8.java:4643: error: cannot find symbol
         public Object d(a.h var1, n var2) throws s {
                          ^
  symbol:   class h
  location: class a
recovery/normalized-src-vf/l1r/an/PBMessageALL8.java:4642: error: method does not override or implement a method from a supertype
         @Override
         ^
recovery/normalized-src-vf/l1r/an/PBMessageALL8.java:4965: error: cannot find symbol
         this.w = a.g.d;
                   ^
  symbol:   variable g
  location: variable a of type ab<g>
recovery/normalized-src-vf/l1r/an/PBMessageALL8.java:4966: error: cannot find symbol
         this.x = a.g.d;
                   ^
  symbol:   variable g
  location: variable a of type ab<g>
recovery/normalized-src-vf/l1r/an/PBMessageALL8.java:4967: error: cannot find symbol
         this.y = a.g.d;
                   ^
  symbol:   variable g
  location: variable a of type ab<g>
recovery/normalized-src-vf/l1r/an/PBMessageALL8.java:4968: error: cannot find symbol
         this.z = a.g.d;
                   ^
  symbol:   variable g
  location: variable a of type ab<g>
recovery/normalized-src-vf/l1r/an/PBMessageALL8.java:4969: error: cannot find symbol
         this.A = a.g.d;
                   ^
  symbol:   variable g
  location: variable a of type ab<g>
recovery/normalized-src-vf/l1r/an/PBMessageALL8.java:4970: error: cannot find symbol
         this.B = a.g.d;
                   ^
  symbol:   variable g
  location: variable a of type ab<g>
recovery/normalized-src-vf/l1r/an/PBMessageALL8.java:4971: error: cannot find symbol
         this.C = a.g.d;
                   ^
  symbol:   variable g
  location: variable a of type ab<g>
recovery/normalized-src-vf/l1r/an/PBMessageALL8.java:4992: error: a(i) in g cannot override a(List<? extends a.r.a>) in a.a
      public void a(a.i var1) throws IOException {
                  ^
  overridden method is static
recovery/normalized-src-vf/l1r/an/PBMessageALL8.java:5066: error: cannot find symbol
            var1 += a.i.g(1, this.u);
                     ^
  symbol:   variable i
  location: variable a of type ab<g>
recovery/normalized-src-vf/l1r/an/PBMessageALL8.java:5070: error: cannot find symbol
            var1 += a.i.g(2, this.v);
                     ^
  symbol:   variable i
  location: variable a of type ab<g>
recovery/normalized-src-vf/l1r/an/PBMessageALL8.java:5074: error: cannot find symbol
            var1 += a.i.c(3, this.w);
                     ^
  symbol:   variable i
  location: variable a of type ab<g>
recovery/normalized-src-vf/l1r/an/PBMessageALL8.java:5078: error: cannot find symbol
            var1 += a.i.c(4, this.x);
                     ^
  symbol:   variable i
  location: variable a of type ab<g>
recovery/normalized-src-vf/l1r/an/PBMessageALL8.java:5082: error: cannot find symbol
            var1 += a.i.c(5, this.y);
                     ^
  symbol:   variable i
  location: variable a of type ab<g>
recovery/normalized-src-vf/l1r/an/PBMessageALL8.java:5086: error: cannot find symbol
            var1 += a.i.c(6, this.z);
                     ^
  symbol:   variable i
  location: variable a of type ab<g>
recovery/normalized-src-vf/l1r/an/PBMessageALL8.java:5090: error: cannot find symbol
            var1 += a.i.c(7, this.A);
                     ^
  symbol:   variable i
  location: variable a of type ab<g>
recovery/normalized-src-vf/l1r/an/PBMessageALL8.java:5094: error: cannot find symbol
            var1 += a.i.c(8, this.B);
                     ^
  symbol:   variable i
  location: variable a of type ab<g>
recovery/normalized-src-vf/l1r/an/PBMessageALL8.java:5098: error: cannot find symbol
            var1 += a.i.c(9, this.C);
                     ^
  symbol:   variable i
  location: variable a of type ab<g>
recovery/normalized-src-vf/l1r/an/PBMessageALL8.java:5102: error: cannot find symbol
            var1 += a.i.g(10, this.D);
                     ^
  symbol:   variable i
  location: variable a of type ab<g>
recovery/normalized-src-vf/l1r/an/PBMessageALL8.java:5106: error: cannot find symbol
            var1 += a.i.g(11, this.E);
                     ^
  symbol:   variable i
  location: variable a of type ab<g>
recovery/normalized-src-vf/l1r/an/PBMessageALL8.java:5110: error: cannot find symbol
            var1 += a.i.g(12, this.F);
                     ^
  symbol:   variable i
  location: variable a of type ab<g>
recovery/normalized-src-vf/l1r/an/PBMessageALL8.java:5114: error: cannot find symbol
            var1 += a.i.g(13, this.G);
                     ^
  symbol:   variable i
  location: variable a of type ab<g>
recovery/normalized-src-vf/l1r/an/PBMessageALL8.java:5118: error: cannot find symbol
            var1 += a.i.g(14, this.H);
                     ^
  symbol:   variable i
  location: variable a of type ab<g>
recovery/normalized-src-vf/l1r/an/PBMessageALL8.java:5122: error: cannot find symbol
            var1 += a.i.g(15, this.I);
                     ^
  symbol:   variable i
  location: variable a of type ab<g>
recovery/normalized-src-vf/l1r/an/PBMessageALL8.java:5135: error: a(g) in g cannot hide a(List<? extends a.r.a>) in a.a
      public static PBMessageALL8.g a(a.g var0) throws s {
                                    ^
  return type g is not compatible with int
recovery/normalized-src-vf/l1r/an/PBMessageALL8.java:5167: error: a(h) in g cannot hide a(List<? extends a.r.a>) in a.a
      public static PBMessageALL8.g a(a.h var0) throws IOException {
                                    ^
  return type g is not compatible with int
recovery/normalized-src-vf/l1r/an/PBMessageALL8.java:5176: error: a has private access in a
         return PBMessageALL8.g.a.av();
                               ^
recovery/normalized-src-vf/l1r/an/PBMessageALL8.java:5176: error: int cannot be dereferenced
         return PBMessageALL8.g.a.av();
                                 ^
recovery/normalized-src-vf/l1r/an/PBMessageALL8.java:5188: error: reference to a is ambiguous
         return a(this);
                ^
  both method a(h) in g and method a(b) in g match
recovery/normalized-src-vf/l1r/an/PBMessageALL8.java:5188: error: incompatible types: g cannot be converted to a
         return a(this);
                 ^
recovery/normalized-src-vf/l1r/an/PBMessageALL8.java:5247: error: l1r.an.PBMessageALL8.g.a is not abstract and does not override abstract method d() in a.a.a
      public static final class a extends p.a<PBMessageALL8.g.a> implements PBMessageALL8.h {
                          ^
recovery/normalized-src-vf/l1r/an/PBMessageALL8.java:5972: error: d(h,n) in l1r.an.PBMessageALL8.g.a cannot implement d(byte[],n) in a.x.a
         public x.a d(a.h var1, n var2) throws IOException {
                    ^
  overridden method does not throw IOException
recovery/normalized-src-vf/l1r/an/PBMessageALL8.java:5966: error: c(h,n) in l1r.an.PBMessageALL8.g.a cannot implement c(byte[],n) in a.y.a
         public y.a c(a.h var1, n var2) throws IOException {
                    ^
  overridden method does not throw IOException
recovery/normalized-src-vf/l1r/an/PBMessageALL8.java:5275: error: int cannot be dereferenced
            this.d = a.g.d;
                      ^
recovery/normalized-src-vf/l1r/an/PBMessageALL8.java:5276: error: int cannot be dereferenced
            this.e = a.g.d;
                      ^
recovery/normalized-src-vf/l1r/an/PBMessageALL8.java:5277: error: int cannot be dereferenced
            this.f = a.g.d;
                      ^
recovery/normalized-src-vf/l1r/an/PBMessageALL8.java:5278: error: int cannot be dereferenced
            this.g = a.g.d;
                      ^
recovery/normalized-src-vf/l1r/an/PBMessageALL8.java:5279: error: int cannot be dereferenced
            this.h = a.g.d;
                      ^
recovery/normalized-src-vf/l1r/an/PBMessageALL8.java:5280: error: int cannot be dereferenced
            this.i = a.g.d;
                      ^
recovery/normalized-src-vf/l1r/an/PBMessageALL8.java:5281: error: int cannot be dereferenced
            this.j = a.g.d;
                      ^
recovery/normalized-src-vf/l1r/an/PBMessageALL8.java:5287: error: int cannot be dereferenced
            this.d = a.g.d;
                      ^
recovery/normalized-src-vf/l1r/an/PBMessageALL8.java:5288: error: int cannot be dereferenced
            this.e = a.g.d;
                      ^
recovery/normalized-src-vf/l1r/an/PBMessageALL8.java:5289: error: int cannot be dereferenced
            this.f = a.g.d;
                      ^
recovery/normalized-src-vf/l1r/an/PBMessageALL8.java:5290: error: int cannot be dereferenced
            this.g = a.g.d;
                      ^
recovery/normalized-src-vf/l1r/an/PBMessageALL8.java:5291: error: int cannot be dereferenced
            this.h = a.g.d;
                      ^
recovery/normalized-src-vf/l1r/an/PBMessageALL8.java:5292: error: int cannot be dereferenced
            this.i = a.g.d;
                      ^
recovery/normalized-src-vf/l1r/an/PBMessageALL8.java:5293: error: int cannot be dereferenced
            this.j = a.g.d;
                      ^
recovery/normalized-src-vf/l1r/an/PBMessageALL8.java:5298: error: cannot find symbol
            PBMessageALL8.g.af();
                           ^
  symbol:   method af()
  location: variable g of type a
recovery/normalized-src-vf/l1r/an/PBMessageALL8.java:5311: error: int cannot be dereferenced
            this.d = a.g.d;
                      ^
recovery/normalized-src-vf/l1r/an/PBMessageALL8.java:5313: error: int cannot be dereferenced
            this.e = a.g.d;
                      ^
recovery/normalized-src-vf/l1r/an/PBMessageALL8.java:5315: error: int cannot be dereferenced
            this.f = a.g.d;
                      ^
recovery/normalized-src-vf/l1r/an/PBMessageALL8.java:5317: error: int cannot be dereferenced
            this.g = a.g.d;
                      ^
recovery/normalized-src-vf/l1r/an/PBMessageALL8.java:5319: error: int cannot be dereferenced
            this.h = a.g.d;
                      ^
recovery/normalized-src-vf/l1r/an/PBMessageALL8.java:5321: error: int cannot be dereferenced
            this.i = a.g.d;
                      ^
recovery/normalized-src-vf/l1r/an/PBMessageALL8.java:5323: error: int cannot be dereferenced
            this.j = a.g.d;
                      ^
recovery/normalized-src-vf/l1r/an/PBMessageALL8.java:5350: error: incompatible types: List<f> cannot be converted to g
            return PBMessageALL8.g.h();
                                    ^
recovery/normalized-src-vf/l1r/an/PBMessageALL8.java:5363: error: reference to g is ambiguous
            PBMessageALL8.g var1 = new PBMessageALL8.g(this, null);
                                   ^
  both constructor g(h,n) in g and constructor g(a,g) in g match
recovery/normalized-src-vf/l1r/an/PBMessageALL8.java:5456: error: incomparable types: g and List<f>
            if (var1 == PBMessageALL8.g.h()) {
                     ^
recovery/normalized-src-vf/l1r/an/PBMessageALL8.java:5533: error: a has private access in a
               var3 = PBMessageALL8.g.a.d(var1, var2);
                                     ^
recovery/normalized-src-vf/l1r/an/PBMessageALL8.java:5533: error: int cannot be dereferenced
               var3 = PBMessageALL8.g.a.d(var1, var2);
                                       ^
recovery/normalized-src-vf/l1r/an/PBMessageALL8.java:5617: error: cannot find symbol
            this.d = PBMessageALL8.g.h().t();
                                        ^
  symbol:   method t()
  location: interface List<f>
recovery/normalized-src-vf/l1r/an/PBMessageALL8.java:5645: error: cannot find symbol
            this.e = PBMessageALL8.g.h().v();
                                        ^
  symbol:   method v()
  location: interface List<f>
recovery/normalized-src-vf/l1r/an/PBMessageALL8.java:5673: error: cannot find symbol
            this.f = PBMessageALL8.g.h().x();
                                        ^
  symbol:   method x()
  location: interface List<f>
recovery/normalized-src-vf/l1r/an/PBMessageALL8.java:5701: error: cannot find symbol
            this.g = PBMessageALL8.g.h().z();
                                        ^
  symbol:   method z()
  location: interface List<f>
recovery/normalized-src-vf/l1r/an/PBMessageALL8.java:5729: error: cannot find symbol
            this.h = PBMessageALL8.g.h().B();
                                        ^
  symbol:   method B()
  location: interface List<f>
recovery/normalized-src-vf/l1r/an/PBMessageALL8.java:5757: error: cannot find symbol
            this.i = PBMessageALL8.g.h().D();
                                        ^
  symbol:   method D()
  location: interface List<f>
recovery/normalized-src-vf/l1r/an/PBMessageALL8.java:5785: error: cannot find symbol
            this.j = PBMessageALL8.g.h().F();
                                        ^
  symbol:   method F()
  location: interface List<f>
recovery/normalized-src-vf/l1r/an/PBMessageALL8.java:5848: error: name clash: class a has two methods with the same erasure, yet neither overrides the other
         public PBMessageALL8.g.a e(int var1) {
                                  ^
  first method:  e(g) in l1r.an.PBMessageALL8.g.a
  second method: e(InputStream) in a.x.a
recovery/normalized-src-vf/l1r/an/PBMessageALL8.java:5872: error: name clash: class a has two methods with the same erasure, yet neither overrides the other
         public PBMessageALL8.g.a f(int var1) {
                                  ^
  first method:  f(g) in l1r.an.PBMessageALL8.g.a
  second method: f(f) in a.x.a
recovery/normalized-src-vf/l1r/an/PBMessageALL8.java:5896: error: name clash: class a has two methods with the same erasure, yet neither overrides the other
         public PBMessageALL8.g.a g(int var1) {
                                  ^
  first method:  g(g) in l1r.an.PBMessageALL8.g.a
  second method: g(f) in a.p.a
recovery/normalized-src-vf/l1r/an/PBMessageALL8.java:5960: error: ai() in l1r.an.PBMessageALL8.g.a cannot override ai() in a.p.a
         public p.a ai() {
                    ^
  return type a.p.a is not compatible with l1r.an.PBMessageALL8.g.a
  where BuilderType is a type-variable:
    BuilderType extends a.p.a declared in class a.p.a
recovery/normalized-src-vf/l1r/an/PBMessageALL8.java:5959: error: method does not override or implement a method from a supertype
         @Override
         ^
recovery/normalized-src-vf/l1r/an/PBMessageALL8.java:5978: error: a(h,n) in l1r.an.PBMessageALL8.g.a cannot override a(byte[],n) in a.a.a
         public a.a.a a(a.h var1, n var2) throws IOException {
                      ^
  overridden method does not throw IOException
  where BuilderType#1,BuilderType#2 are type-variables:
    BuilderType#1 extends a.p.a declared in class a.p.a
    BuilderType#2 extends a.a.a declared in class a.a.a
recovery/normalized-src-vf/l1r/an/PBMessageALL8.java:6020: error: ah() in l1r.an.PBMessageALL8.g.a cannot override ah() in a.p.a
         public p.a ah() {
                    ^
  return type a.p.a is not compatible with l1r.an.PBMessageALL8.g.a
  where BuilderType is a type-variable:
    BuilderType extends a.p.a declared in class a.p.a
recovery/normalized-src-vf/l1r/an/PBMessageALL8.java:6019: error: method does not override or implement a method from a supertype
         @Override
         ^
recovery/normalized-src-vf/l1r/an/PBMessageALL8.java:6693: error: b(b) in i cannot implement b(OutputStream) in y
      protected x.a b(a.p.b var1) {
                    ^
  attempting to assign weaker access privileges; was public
recovery/normalized-src-vf/l1r/an/PBMessageALL8.java:6663: error: a(b) in i cannot implement a(OutputStream) in y
      protected PBMessageALL8.i.a a(a.p.b var1) {
                                  ^
  attempting to assign weaker access privileges; was public
recovery/normalized-src-vf/l1r/an/PBMessageALL8.java:6108: error: cannot find symbol
      public static ab<PBMessageALL8.i> a = new a.c<PBMessageALL8.i>() {
                                                 ^
  symbol:   class c
  location: class a
recovery/normalized-src-vf/l1r/an/PBMessageALL8.java:6109: error: cannot find symbol
         public PBMessageALL8.i c(a.h var1, n var2) throws s {
                                   ^
  symbol:   class h
  location: class a
recovery/normalized-src-vf/l1r/an/PBMessageALL8.java:6115: error: cannot find symbol
         public Object d(a.h var1, n var2) throws s {
                          ^
  symbol:   class h
  location: class a
recovery/normalized-src-vf/l1r/an/PBMessageALL8.java:6114: error: method does not override or implement a method from a supertype
         @Override
         ^
recovery/normalized-src-vf/l1r/an/PBMessageALL8.java:6435: error: cannot find symbol
         this.u = a.g.d;
                   ^
  symbol:   variable g
  location: variable a of type ab<i>
recovery/normalized-src-vf/l1r/an/PBMessageALL8.java:6464: error: a(i) in i cannot override a(List<? extends a.r.a>) in a.a
      public void a(a.i var1) throws IOException {
                  ^
  overridden method is static
recovery/normalized-src-vf/l1r/an/PBMessageALL8.java:6538: error: cannot find symbol
            var1 += a.i.c(1, this.u);
                     ^
  symbol:   variable i
  location: variable a of type ab<i>
recovery/normalized-src-vf/l1r/an/PBMessageALL8.java:6542: error: cannot find symbol
            var1 += a.i.g(2, this.v);
                     ^
  symbol:   variable i
  location: variable a of type ab<i>
recovery/normalized-src-vf/l1r/an/PBMessageALL8.java:6546: error: cannot find symbol
            var1 += a.i.g(3, this.w);
                     ^
  symbol:   variable i
  location: variable a of type ab<i>
recovery/normalized-src-vf/l1r/an/PBMessageALL8.java:6550: error: cannot find symbol
            var1 += a.i.g(4, this.x);
                     ^
  symbol:   variable i
  location: variable a of type ab<i>
recovery/normalized-src-vf/l1r/an/PBMessageALL8.java:6554: error: cannot find symbol
            var1 += a.i.g(5, this.y);
                     ^
  symbol:   variable i
  location: variable a of type ab<i>
recovery/normalized-src-vf/l1r/an/PBMessageALL8.java:6558: error: cannot find symbol
            var1 += a.i.g(6, this.z);
                     ^
  symbol:   variable i
  location: variable a of type ab<i>
recovery/normalized-src-vf/l1r/an/PBMessageALL8.java:6562: error: cannot find symbol
            var1 += a.i.g(7, this.A);
                     ^
  symbol:   variable i
  location: variable a of type ab<i>
recovery/normalized-src-vf/l1r/an/PBMessageALL8.java:6566: error: cannot find symbol
            var1 += a.i.g(8, this.B);
                     ^
  symbol:   variable i
  location: variable a of type ab<i>
recovery/normalized-src-vf/l1r/an/PBMessageALL8.java:6570: error: cannot find symbol
            var1 += a.i.g(9, this.C);
                     ^
  symbol:   variable i
  location: variable a of type ab<i>
recovery/normalized-src-vf/l1r/an/PBMessageALL8.java:6574: error: cannot find symbol
            var1 += a.i.g(10, this.D);
                     ^
  symbol:   variable i
  location: variable a of type ab<i>
recovery/normalized-src-vf/l1r/an/PBMessageALL8.java:6578: error: cannot find symbol
            var1 += a.i.g(11, this.E);
                     ^
  symbol:   variable i
  location: variable a of type ab<i>
recovery/normalized-src-vf/l1r/an/PBMessageALL8.java:6582: error: cannot find symbol
            var1 += a.i.g(12, this.F);
                     ^
  symbol:   variable i
  location: variable a of type ab<i>
recovery/normalized-src-vf/l1r/an/PBMessageALL8.java:6586: error: cannot find symbol
            var1 += a.i.g(13, this.G);
                     ^
  symbol:   variable i
  location: variable a of type ab<i>
recovery/normalized-src-vf/l1r/an/PBMessageALL8.java:6590: error: cannot find symbol
            var1 += a.i.g(14, this.H);
                     ^
  symbol:   variable i
  location: variable a of type ab<i>
recovery/normalized-src-vf/l1r/an/PBMessageALL8.java:6594: error: cannot find symbol
            var1 += a.i.g(15, this.I);
                     ^
  symbol:   variable i
  location: variable a of type ab<i>
recovery/normalized-src-vf/l1r/an/PBMessageALL8.java:6607: error: a(g) in i cannot hide a(List<? extends a.r.a>) in a.a
      public static PBMessageALL8.i a(a.g var0) throws s {
                                    ^
  return type i is not compatible with int
recovery/normalized-src-vf/l1r/an/PBMessageALL8.java:6639: error: a(h) in i cannot hide a(List<? extends a.r.a>) in a.a
      public static PBMessageALL8.i a(a.h var0) throws IOException {
                                    ^
  return type i is not compatible with int
recovery/normalized-src-vf/l1r/an/PBMessageALL8.java:6648: error: a has private access in a
         return PBMessageALL8.i.a.av();
                               ^
recovery/normalized-src-vf/l1r/an/PBMessageALL8.java:6648: error: int cannot be dereferenced
         return PBMessageALL8.i.a.av();
                                 ^
recovery/normalized-src-vf/l1r/an/PBMessageALL8.java:6660: error: reference to a is ambiguous
         return a(this);
                ^
  both method a(h) in i and method a(b) in i match
recovery/normalized-src-vf/l1r/an/PBMessageALL8.java:6660: error: incompatible types: i cannot be converted to a
         return a(this);
                 ^
recovery/normalized-src-vf/l1r/an/PBMessageALL8.java:6719: error: l1r.an.PBMessageALL8.i.a is not abstract and does not override abstract method d() in a.a.a
      public static final class a extends p.a<PBMessageALL8.i.a> implements PBMessageALL8.j {
                          ^
recovery/normalized-src-vf/l1r/an/PBMessageALL8.java:7406: error: d(h,n) in l1r.an.PBMessageALL8.i.a cannot implement d(byte[],n) in a.x.a
         public x.a d(a.h var1, n var2) throws IOException {
                    ^
  overridden method does not throw IOException
recovery/normalized-src-vf/l1r/an/PBMessageALL8.java:7400: error: c(h,n) in l1r.an.PBMessageALL8.i.a cannot implement c(byte[],n) in a.y.a
         public y.a c(a.h var1, n var2) throws IOException {
                    ^
  overridden method does not throw IOException
recovery/normalized-src-vf/l1r/an/PBMessageALL8.java:6721: error: int cannot be dereferenced
         private a.g b = a.g.d;
                          ^
recovery/normalized-src-vf/l1r/an/PBMessageALL8.java:6756: error: cannot find symbol
            PBMessageALL8.i.af();
                           ^
  symbol:   method af()
  location: variable i of type a
recovery/normalized-src-vf/l1r/an/PBMessageALL8.java:6765: error: int cannot be dereferenced
            this.b = a.g.d;
                      ^
recovery/normalized-src-vf/l1r/an/PBMessageALL8.java:6808: error: incompatible types: List<f> cannot be converted to i
            return PBMessageALL8.i.h();
                                    ^
recovery/normalized-src-vf/l1r/an/PBMessageALL8.java:6821: error: reference to i is ambiguous
            PBMessageALL8.i var1 = new PBMessageALL8.i(this, null);
                                   ^
  both constructor i(h,n) in i and constructor i(a,i) in i match
recovery/normalized-src-vf/l1r/an/PBMessageALL8.java:6914: error: incomparable types: i and List<f>
            if (var1 == PBMessageALL8.i.h()) {
                     ^
recovery/normalized-src-vf/l1r/an/PBMessageALL8.java:6991: error: a has private access in a
               var3 = PBMessageALL8.i.a.d(var1, var2);
                                     ^
recovery/normalized-src-vf/l1r/an/PBMessageALL8.java:6991: error: int cannot be dereferenced
               var3 = PBMessageALL8.i.a.d(var1, var2);
                                       ^
recovery/normalized-src-vf/l1r/an/PBMessageALL8.java:7027: error: cannot find symbol
            this.b = PBMessageALL8.i.h().p();
                                        ^
  symbol:   method p()
  location: interface List<f>
recovery/normalized-src-vf/l1r/an/PBMessageALL8.java:7138: error: name clash: class a has two methods with the same erasure, yet neither overrides the other
         public PBMessageALL8.i.a e(int var1) {
                                  ^
  first method:  e(g) in l1r.an.PBMessageALL8.i.a
  second method: e(InputStream) in a.x.a
recovery/normalized-src-vf/l1r/an/PBMessageALL8.java:7394: error: ai() in l1r.an.PBMessageALL8.i.a cannot override ai() in a.p.a
         public p.a ai() {
                    ^
  return type a.p.a is not compatible with l1r.an.PBMessageALL8.i.a
  where BuilderType is a type-variable:
    BuilderType extends a.p.a declared in class a.p.a
recovery/normalized-src-vf/l1r/an/PBMessageALL8.java:7393: error: method does not override or implement a method from a supertype
         @Override
         ^
recovery/normalized-src-vf/l1r/an/PBMessageALL8.java:7412: error: a(h,n) in l1r.an.PBMessageALL8.i.a cannot override a(byte[],n) in a.a.a
         public a.a.a a(a.h var1, n var2) throws IOException {
                      ^
  overridden method does not throw IOException
  where BuilderType#1,BuilderType#2 are type-variables:
    BuilderType#1 extends a.p.a declared in class a.p.a
    BuilderType#2 extends a.a.a declared in class a.a.a
recovery/normalized-src-vf/l1r/an/PBMessageALL8.java:7454: error: ah() in l1r.an.PBMessageALL8.i.a cannot override ah() in a.p.a
         public p.a ah() {
                    ^
  return type a.p.a is not compatible with l1r.an.PBMessageALL8.i.a
  where BuilderType is a type-variable:
    BuilderType extends a.p.a declared in class a.p.a
recovery/normalized-src-vf/l1r/an/PBMessageALL8.java:7453: error: method does not override or implement a method from a supertype
         @Override
         ^
recovery/normalized-src-vf/l1r/an/PBMessageALL9.java:38: error: cannot find symbol
      a.k.g.a var1 = new a.k.g.a() {
       ^
  symbol:   class k
  location: class a
recovery/normalized-src-vf/l1r/an/PBMessageALL9.java:38: error: cannot find symbol
      a.k.g.a var1 = new a.k.g.a() {
                          ^
  symbol:   class k
  location: class a
recovery/normalized-src-vf/l1r/an/PBMessageALL9.java:39: error: method does not override or implement a method from a supertype
         @Override
         ^
recovery/normalized-src-vf/l1r/an/PBMessageALL9.java:567: error: b(b) in l1r.an.PBMessageALL9.a cannot implement b(OutputStream) in y
      protected x.a b(a.p.b var1) {
                    ^
  attempting to assign weaker access privileges; was public
recovery/normalized-src-vf/l1r/an/PBMessageALL9.java:537: error: a(b) in l1r.an.PBMessageALL9.a cannot implement a(OutputStream) in y
      protected PBMessageALL9.a.a a(a.p.b var1) {
                                  ^
  attempting to assign weaker access privileges; was public
recovery/normalized-src-vf/l1r/an/PBMessageALL9.java:115: error: cannot find symbol
      public static ab<PBMessageALL9.a> a = new a.c<PBMessageALL9.a>() {
                                                 ^
  symbol:   class c
  location: class a
recovery/normalized-src-vf/l1r/an/PBMessageALL9.java:116: error: cannot find symbol
         public PBMessageALL9.a c(a.h var1, n var2) throws s {
                                   ^
  symbol:   class h
  location: class a
recovery/normalized-src-vf/l1r/an/PBMessageALL9.java:122: error: cannot find symbol
         public Object d(a.h var1, n var2) throws s {
                          ^
  symbol:   class h
  location: class a
recovery/normalized-src-vf/l1r/an/PBMessageALL9.java:121: error: method does not override or implement a method from a supertype
         @Override
         ^
recovery/normalized-src-vf/l1r/an/PBMessageALL9.java:263: error: method does not override or implement a method from a supertype
      @Override
      ^
recovery/normalized-src-vf/l1r/an/PBMessageALL9.java:268: error: method does not override or implement a method from a supertype
      @Override
      ^
recovery/normalized-src-vf/l1r/an/PBMessageALL9.java:273: error: method does not override or implement a method from a supertype
      @Override
      ^
recovery/normalized-src-vf/l1r/an/PBMessageALL9.java:278: error: method does not override or implement a method from a supertype
      @Override
      ^
recovery/normalized-src-vf/l1r/an/PBMessageALL9.java:283: error: method does not override or implement a method from a supertype
      @Override
      ^
recovery/normalized-src-vf/l1r/an/PBMessageALL9.java:288: error: method does not override or implement a method from a supertype
      @Override
      ^
recovery/normalized-src-vf/l1r/an/PBMessageALL9.java:293: error: method does not override or implement a method from a supertype
      @Override
      ^
recovery/normalized-src-vf/l1r/an/PBMessageALL9.java:298: error: method does not override or implement a method from a supertype
      @Override
      ^
recovery/normalized-src-vf/l1r/an/PBMessageALL9.java:303: error: method does not override or implement a method from a supertype
      @Override
      ^
recovery/normalized-src-vf/l1r/an/PBMessageALL9.java:308: error: method does not override or implement a method from a supertype
      @Override
      ^
recovery/normalized-src-vf/l1r/an/PBMessageALL9.java:313: error: method does not override or implement a method from a supertype
      @Override
      ^
recovery/normalized-src-vf/l1r/an/PBMessageALL9.java:318: error: method does not override or implement a method from a supertype
      @Override
      ^
recovery/normalized-src-vf/l1r/an/PBMessageALL9.java:324: error: name clash: class a has two methods with the same erasure, yet neither overrides the other
      public a.g a(int var1) {
                 ^
  first method:  a(b) in a
  second method: a(i) in a
recovery/normalized-src-vf/l1r/an/PBMessageALL9.java:323: error: method does not override or implement a method from a supertype
      @Override
      ^
recovery/normalized-src-vf/l1r/an/PBMessageALL9.java:328: error: method does not override or implement a method from a supertype
      @Override
      ^
recovery/normalized-src-vf/l1r/an/PBMessageALL9.java:333: error: method does not override or implement a method from a supertype
      @Override
      ^
recovery/normalized-src-vf/l1r/an/PBMessageALL9.java:338: error: method does not override or implement a method from a supertype
      @Override
      ^
recovery/normalized-src-vf/l1r/an/PBMessageALL9.java:343: error: method does not override or implement a method from a supertype
      @Override
      ^
recovery/normalized-src-vf/l1r/an/PBMessageALL9.java:348: error: method does not override or implement a method from a supertype
      @Override
      ^
recovery/normalized-src-vf/l1r/an/PBMessageALL9.java:353: error: method does not override or implement a method from a supertype
      @Override
      ^
recovery/normalized-src-vf/l1r/an/PBMessageALL9.java:363: error: cannot find symbol
         this.s = a.g.d;
                   ^
  symbol:   variable g
  location: variable a of type ab<a>
recovery/normalized-src-vf/l1r/an/PBMessageALL9.java:382: error: name clash: class a has two methods with the same erasure, yet neither overrides the other
      public void a(i var1) throws IOException {
                  ^
  first method:  a(b) in l1r.an.PBMessageALL9.a
  second method: a(List<? extends a.r.a>) in a.a
recovery/normalized-src-vf/l1r/an/PBMessageALL9.java:432: error: cannot find symbol
            var1 += a.i.g(1, this.o);
                     ^
  symbol:   variable i
  location: variable a of type ab<a>
recovery/normalized-src-vf/l1r/an/PBMessageALL9.java:436: error: cannot find symbol
            var1 += a.i.g(2, this.p);
                     ^
  symbol:   variable i
  location: variable a of type ab<a>
recovery/normalized-src-vf/l1r/an/PBMessageALL9.java:440: error: cannot find symbol
            var1 += a.i.g(3, this.q);
                     ^
  symbol:   variable i
  location: variable a of type ab<a>
recovery/normalized-src-vf/l1r/an/PBMessageALL9.java:444: error: cannot find symbol
            var1 += a.i.g(4, this.r);
                     ^
  symbol:   variable i
  location: variable a of type ab<a>
recovery/normalized-src-vf/l1r/an/PBMessageALL9.java:448: error: cannot find symbol
            var1 += a.i.c(5, this.s);
                     ^
  symbol:   variable i
  location: variable a of type ab<a>
recovery/normalized-src-vf/l1r/an/PBMessageALL9.java:454: error: cannot find symbol
            var2 += a.i.b(this.t.get(var3));
                     ^
  symbol:   variable i
  location: variable a of type ab<a>
recovery/normalized-src-vf/l1r/an/PBMessageALL9.java:460: error: cannot find symbol
            var1 += a.i.g(7, this.u);
                     ^
  symbol:   variable i
  location: variable a of type ab<a>
recovery/normalized-src-vf/l1r/an/PBMessageALL9.java:464: error: cannot find symbol
            var1 += a.i.g(8, this.v);
                     ^
  symbol:   variable i
  location: variable a of type ab<a>
recovery/normalized-src-vf/l1r/an/PBMessageALL9.java:468: error: cannot find symbol
            var1 += a.i.g(9, this.w);
                     ^
  symbol:   variable i
  location: variable a of type ab<a>
recovery/normalized-src-vf/l1r/an/PBMessageALL9.java:481: error: a(g) in l1r.an.PBMessageALL9.a cannot hide a(List<? extends a.r.a>) in a.a
      public static PBMessageALL9.a a(a.g var0) throws s {
                                    ^
  return type l1r.an.PBMessageALL9.a is not compatible with int
recovery/normalized-src-vf/l1r/an/PBMessageALL9.java:513: error: a(h) in l1r.an.PBMessageALL9.a cannot hide a(List<? extends a.r.a>) in a.a
      public static PBMessageALL9.a a(a.h var0) throws IOException {
                                    ^
  return type l1r.an.PBMessageALL9.a is not compatible with int
recovery/normalized-src-vf/l1r/an/PBMessageALL9.java:522: error: a has private access in a
         return PBMessageALL9.a.a.X();
                               ^
recovery/normalized-src-vf/l1r/an/PBMessageALL9.java:522: error: int cannot be dereferenced
         return PBMessageALL9.a.a.X();
                                 ^
recovery/normalized-src-vf/l1r/an/PBMessageALL9.java:530: error: incompatible types: a.a.a cannot be converted to a.p.a
         return G().a(var0);
                     ^
recovery/normalized-src-vf/l1r/an/PBMessageALL9.java:534: error: reference to a is ambiguous
         return a(this);
                ^
  both method a(h) in l1r.an.PBMessageALL9.a and method a(b) in l1r.an.PBMessageALL9.a match
recovery/normalized-src-vf/l1r/an/PBMessageALL9.java:534: error: incompatible types: l1r.an.PBMessageALL9.a cannot be converted to a.p.a
         return a(this);
                 ^
recovery/normalized-src-vf/l1r/an/PBMessageALL9.java:1107: error: d(h,n) in l1r.an.PBMessageALL9.a.a cannot implement d(byte[],n) in a.x.a
         public x.a d(a.h var1, n var2) throws IOException {
                    ^
  overridden method does not throw IOException
recovery/normalized-src-vf/l1r/an/PBMessageALL9.java:1101: error: c(h,n) in l1r.an.PBMessageALL9.a.a cannot implement c(byte[],n) in a.y.a
         public y.a c(a.h var1, n var2) throws IOException {
                    ^
  overridden method does not throw IOException
recovery/normalized-src-vf/l1r/an/PBMessageALL9.java:599: error: int cannot be dereferenced
         private a.g f = a.g.d;
                          ^
recovery/normalized-src-vf/l1r/an/PBMessageALL9.java:624: error: cannot find symbol
            PBMessageALL9.a.L();
                           ^
  symbol:   method L()
  location: variable a of type a
recovery/normalized-src-vf/l1r/an/PBMessageALL9.java:641: error: int cannot be dereferenced
            this.f = a.g.d;
                      ^
recovery/normalized-src-vf/l1r/an/PBMessageALL9.java:664: error: incompatible types: List<f> cannot be converted to a
            return PBMessageALL9.a.h();
                                    ^
recovery/normalized-src-vf/l1r/an/PBMessageALL9.java:677: error: reference to a is ambiguous
            PBMessageALL9.a var1 = new PBMessageALL9.a(this, null);
                                   ^
  both constructor l1r.an.PBMessageALL9.a(h,n) in l1r.an.PBMessageALL9.a and constructor l1r.an.PBMessageALL9.a(a.p.a,l1r.an.PBMessageALL9.a) in l1r.an.PBMessageALL9.a match
recovery/normalized-src-vf/l1r/an/PBMessageALL9.java:741: error: incomparable types: a and List<f>
            if (var1 == PBMessageALL9.a.h()) {
                     ^
recovery/normalized-src-vf/l1r/an/PBMessageALL9.java:758: error: reference to e is ambiguous
               this.e(var1.v());
                   ^
  both method e(int) in a and method e(g) in a match
recovery/normalized-src-vf/l1r/an/PBMessageALL9.java:802: error: a has private access in a
               var3 = PBMessageALL9.a.a.d(var1, var2);
                                     ^
recovery/normalized-src-vf/l1r/an/PBMessageALL9.java:802: error: int cannot be dereferenced
               var3 = PBMessageALL9.a.a.d(var1, var2);
                                       ^
recovery/normalized-src-vf/l1r/an/PBMessageALL9.java:897: error: name clash: class a has two methods with the same erasure, yet neither overrides the other
         public PBMessageALL9.a.a e(int var1) {
                                  ^
  first method:  e(g) in l1r.an.PBMessageALL9.a.a
  second method: e(InputStream) in a.x.a
recovery/normalized-src-vf/l1r/an/PBMessageALL9.java:934: error: cannot find symbol
            this.f = PBMessageALL9.a.h().x();
                                        ^
  symbol:   method x()
  location: interface List<f>
recovery/normalized-src-vf/l1r/an/PBMessageALL9.java:961: error: name clash: class a has two methods with the same erasure, yet neither overrides the other
         public PBMessageALL9.a.a a(int var1, a.g var2) {
                                  ^
  first method:  a(h,n) in l1r.an.PBMessageALL9.a.a
  second method: a(InputStream,n) in a.a.a
recovery/normalized-src-vf/l1r/an/PBMessageALL9.java:985: error: non-static variable p cannot be referenced from a static context
            p.a.a(var1, this.g);
            ^
recovery/normalized-src-vf/l1r/an/PBMessageALL9.java:985: error: int cannot be dereferenced
            p.a.a(var1, this.g);
             ^
recovery/normalized-src-vf/l1r/an/PBMessageALL9.java:1007: error: name clash: class a has two methods with the same erasure, yet neither overrides the other
         public PBMessageALL9.a.a f(int var1) {
                                  ^
  first method:  f(g) in l1r.an.PBMessageALL9.a.a
  second method: f(f) in a.x.a
recovery/normalized-src-vf/l1r/an/PBMessageALL9.java:1095: error: ai() in l1r.an.PBMessageALL9.a.a cannot override ai() in a.p.a
         public p.a ai() {
                    ^
  return type a.p.a is not compatible with l1r.an.PBMessageALL9.a.a
  where BuilderType is a type-variable:
    BuilderType extends a.p.a declared in class a.p.a
recovery/normalized-src-vf/l1r/an/PBMessageALL9.java:1094: error: method does not override or implement a method from a supertype
         @Override
         ^
recovery/normalized-src-vf/l1r/an/PBMessageALL9.java:1113: error: a(h,n) in l1r.an.PBMessageALL9.a.a cannot override a(byte[],n) in a.a.a
         public a.a.a a(a.h var1, n var2) throws IOException {
                      ^
  overridden method does not throw IOException
  where BuilderType#1,BuilderType#2 are type-variables:
    BuilderType#1 extends a.p.a declared in class a.p.a
    BuilderType#2 extends a.a.a declared in class a.a.a
recovery/normalized-src-vf/l1r/an/PBMessageALL9.java:1155: error: ah() in l1r.an.PBMessageALL9.a.a cannot override ah() in a.p.a
         public p.a ah() {
                    ^
  return type a.p.a is not compatible with l1r.an.PBMessageALL9.a.a
  where BuilderType is a type-variable:
    BuilderType extends a.p.a declared in class a.p.a
recovery/normalized-src-vf/l1r/an/PBMessageALL9.java:1154: error: method does not override or implement a method from a supertype
         @Override
         ^
recovery/normalized-src-vf/l1r/an/PBMessageALL9.java:1906: error: b(b) in c cannot implement b(OutputStream) in y
      protected x.a b(a.p.b var1) {
                    ^
  attempting to assign weaker access privileges; was public
recovery/normalized-src-vf/l1r/an/PBMessageALL9.java:1876: error: a(b) in c cannot implement a(OutputStream) in y
      protected PBMessageALL9.c.a a(a.p.b var1) {
                                  ^
  attempting to assign weaker access privileges; was public
recovery/normalized-src-vf/l1r/an/PBMessageALL9.java:1221: error: cannot find symbol
      public static ab<PBMessageALL9.c> a = new a.c<PBMessageALL9.c>() {
                                                 ^
  symbol:   class c
  location: class a
recovery/normalized-src-vf/l1r/an/PBMessageALL9.java:1222: error: cannot find symbol
         public PBMessageALL9.c c(a.h var1, n var2) throws s {
                                   ^
  symbol:   class h
  location: class a
recovery/normalized-src-vf/l1r/an/PBMessageALL9.java:1228: error: cannot find symbol
         public Object d(a.h var1, n var2) throws s {
                          ^
  symbol:   class h
  location: class a
recovery/normalized-src-vf/l1r/an/PBMessageALL9.java:1227: error: method does not override or implement a method from a supertype
         @Override
         ^
recovery/normalized-src-vf/l1r/an/PBMessageALL9.java:1629: error: cannot find symbol
         this.P = a.g.d;
                   ^
  symbol:   variable g
  location: variable a of type ab<c>
recovery/normalized-src-vf/l1r/an/PBMessageALL9.java:1630: error: cannot find symbol
         this.Q = a.g.d;
                   ^
  symbol:   variable g
  location: variable a of type ab<c>
recovery/normalized-src-vf/l1r/an/PBMessageALL9.java:1645: error: name clash: class c has two methods with the same erasure, yet neither overrides the other
      public void a(i var1) throws IOException {
                  ^
  first method:  a(b) in c
  second method: a(List<? extends a.r.a>) in a.a
recovery/normalized-src-vf/l1r/an/PBMessageALL9.java:1735: error: cannot find symbol
            var1 += a.i.g(1, this.y);
                     ^
  symbol:   variable i
  location: variable a of type ab<c>
recovery/normalized-src-vf/l1r/an/PBMessageALL9.java:1739: error: cannot find symbol
            var1 += a.i.g(2, this.z);
                     ^
  symbol:   variable i
  location: variable a of type ab<c>
recovery/normalized-src-vf/l1r/an/PBMessageALL9.java:1743: error: cannot find symbol
            var1 += a.i.g(3, this.A);
                     ^
  symbol:   variable i
  location: variable a of type ab<c>
recovery/normalized-src-vf/l1r/an/PBMessageALL9.java:1747: error: cannot find symbol
            var1 += a.i.g(4, this.B);
                     ^
  symbol:   variable i
  location: variable a of type ab<c>
recovery/normalized-src-vf/l1r/an/PBMessageALL9.java:1751: error: cannot find symbol
            var1 += a.i.g(5, this.C);
                     ^
  symbol:   variable i
  location: variable a of type ab<c>
recovery/normalized-src-vf/l1r/an/PBMessageALL9.java:1755: error: cannot find symbol
            var1 += a.i.g(6, this.D);
                     ^
  symbol:   variable i
  location: variable a of type ab<c>
recovery/normalized-src-vf/l1r/an/PBMessageALL9.java:1759: error: cannot find symbol
            var1 += a.i.g(7, this.E);
                     ^
  symbol:   variable i
  location: variable a of type ab<c>
recovery/normalized-src-vf/l1r/an/PBMessageALL9.java:1763: error: cannot find symbol
            var1 += a.i.g(8, this.F);
                     ^
  symbol:   variable i
  location: variable a of type ab<c>
recovery/normalized-src-vf/l1r/an/PBMessageALL9.java:1767: error: cannot find symbol
            var1 += a.i.g(9, this.G);
                     ^
  symbol:   variable i
  location: variable a of type ab<c>
recovery/normalized-src-vf/l1r/an/PBMessageALL9.java:1771: error: cannot find symbol
            var1 += a.i.g(10, this.H);
                     ^
  symbol:   variable i
  location: variable a of type ab<c>
recovery/normalized-src-vf/l1r/an/PBMessageALL9.java:1775: error: cannot find symbol
            var1 += a.i.g(11, this.I);
                     ^
  symbol:   variable i
  location: variable a of type ab<c>
recovery/normalized-src-vf/l1r/an/PBMessageALL9.java:1779: error: cannot find symbol
            var1 += a.i.g(12, this.J);
                     ^
  symbol:   variable i
  location: variable a of type ab<c>
recovery/normalized-src-vf/l1r/an/PBMessageALL9.java:1783: error: cannot find symbol
            var1 += a.i.g(13, this.K);
                     ^
  symbol:   variable i
  location: variable a of type ab<c>
recovery/normalized-src-vf/l1r/an/PBMessageALL9.java:1787: error: cannot find symbol
            var1 += a.i.g(14, this.L);
                     ^
  symbol:   variable i
  location: variable a of type ab<c>
recovery/normalized-src-vf/l1r/an/PBMessageALL9.java:1791: error: cannot find symbol
            var1 += a.i.g(15, this.M);
                     ^
  symbol:   variable i
  location: variable a of type ab<c>
recovery/normalized-src-vf/l1r/an/PBMessageALL9.java:1795: error: cannot find symbol
            var1 += a.i.g(16, this.N);
                     ^
  symbol:   variable i
  location: variable a of type ab<c>
recovery/normalized-src-vf/l1r/an/PBMessageALL9.java:1799: error: cannot find symbol
            var1 += a.i.g(17, this.O);
                     ^
  symbol:   variable i
  location: variable a of type ab<c>
recovery/normalized-src-vf/l1r/an/PBMessageALL9.java:1803: error: cannot find symbol
            var1 += a.i.c(18, this.P);
                     ^
  symbol:   variable i
  location: variable a of type ab<c>
recovery/normalized-src-vf/l1r/an/PBMessageALL9.java:1807: error: cannot find symbol
            var1 += a.i.c(19, this.Q);
                     ^
  symbol:   variable i
  location: variable a of type ab<c>
recovery/normalized-src-vf/l1r/an/PBMessageALL9.java:1820: error: a(g) in c cannot hide a(List<? extends a.r.a>) in a.a
      public static PBMessageALL9.c a(a.g var0) throws s {
                                    ^
  return type c is not compatible with int
recovery/normalized-src-vf/l1r/an/PBMessageALL9.java:1852: error: a(h) in c cannot hide a(List<? extends a.r.a>) in a.a
      public static PBMessageALL9.c a(a.h var0) throws IOException {
                                    ^
  return type c is not compatible with int
recovery/normalized-src-vf/l1r/an/PBMessageALL9.java:1861: error: a has private access in a
         return PBMessageALL9.c.a.aK();
                               ^
recovery/normalized-src-vf/l1r/an/PBMessageALL9.java:1861: error: int cannot be dereferenced
         return PBMessageALL9.c.a.aK();
                                 ^
recovery/normalized-src-vf/l1r/an/PBMessageALL9.java:1873: error: reference to a is ambiguous
         return a(this);
                ^
  both method a(h) in c and method a(b) in c match
recovery/normalized-src-vf/l1r/an/PBMessageALL9.java:1873: error: incompatible types: c cannot be converted to a
         return a(this);
                 ^
recovery/normalized-src-vf/l1r/an/PBMessageALL9.java:1932: error: l1r.an.PBMessageALL9.c.a is not abstract and does not override abstract method d() in a.a.a
      public static final class a extends p.a<PBMessageALL9.c.a> implements PBMessageALL9.d {
                          ^
recovery/normalized-src-vf/l1r/an/PBMessageALL9.java:2767: error: d(h,n) in l1r.an.PBMessageALL9.c.a cannot implement d(byte[],n) in a.x.a
         public x.a d(a.h var1, n var2) throws IOException {
                    ^
  overridden method does not throw IOException
recovery/normalized-src-vf/l1r/an/PBMessageALL9.java:2761: error: c(h,n) in l1r.an.PBMessageALL9.c.a cannot implement c(byte[],n) in a.y.a
         public y.a c(a.h var1, n var2) throws IOException {
                    ^
  overridden method does not throw IOException
recovery/normalized-src-vf/l1r/an/PBMessageALL9.java:1951: error: int cannot be dereferenced
         private a.g s = a.g.d;
                          ^
recovery/normalized-src-vf/l1r/an/PBMessageALL9.java:1952: error: int cannot be dereferenced
         private a.g t = a.g.d;
                          ^
recovery/normalized-src-vf/l1r/an/PBMessageALL9.java:1973: error: cannot find symbol
            PBMessageALL9.c.an();
                           ^
  symbol:   method an()
  location: variable c of type a
recovery/normalized-src-vf/l1r/an/PBMessageALL9.java:2016: error: int cannot be dereferenced
            this.s = a.g.d;
                      ^
recovery/normalized-src-vf/l1r/an/PBMessageALL9.java:2018: error: int cannot be dereferenced
            this.t = a.g.d;
                      ^
recovery/normalized-src-vf/l1r/an/PBMessageALL9.java:2033: error: incompatible types: List<f> cannot be converted to c
            return PBMessageALL9.c.h();
                                    ^
recovery/normalized-src-vf/l1r/an/PBMessageALL9.java:2046: error: reference to c is ambiguous
            PBMessageALL9.c var1 = new PBMessageALL9.c(this, null);
                                   ^
  both constructor c(h,n) in c and constructor c(a,c) in c match
recovery/normalized-src-vf/l1r/an/PBMessageALL9.java:2159: error: incomparable types: c and List<f>
            if (var1 == PBMessageALL9.c.h()) {
                     ^
recovery/normalized-src-vf/l1r/an/PBMessageALL9.java:2180: error: reference to e is ambiguous
               this.e(var1.x());
                   ^
  both method e(int) in a and method e(g) in a match
recovery/normalized-src-vf/l1r/an/PBMessageALL9.java:2184: error: reference to f is ambiguous
               this.f(var1.z());
                   ^
  both method f(int) in a and method f(g) in a match
recovery/normalized-src-vf/l1r/an/PBMessageALL9.java:2252: error: a has private access in a
               var3 = PBMessageALL9.c.a.d(var1, var2);
                                     ^
recovery/normalized-src-vf/l1r/an/PBMessageALL9.java:2252: error: int cannot be dereferenced
               var3 = PBMessageALL9.c.a.d(var1, var2);
                                       ^
recovery/normalized-src-vf/l1r/an/PBMessageALL9.java:2371: error: name clash: class a has two methods with the same erasure, yet neither overrides the other
         public PBMessageALL9.c.a e(int var1) {
                                  ^
  first method:  e(g) in l1r.an.PBMessageALL9.c.a
  second method: e(InputStream) in a.x.a
recovery/normalized-src-vf/l1r/an/PBMessageALL9.java:2395: error: name clash: class a has two methods with the same erasure, yet neither overrides the other
         public PBMessageALL9.c.a f(int var1) {
                                  ^
  first method:  f(g) in l1r.an.PBMessageALL9.c.a
  second method: f(f) in a.x.a
recovery/normalized-src-vf/l1r/an/PBMessageALL9.java:2696: error: cannot find symbol
            this.s = PBMessageALL9.c.h().O_();
                                        ^
  symbol:   method O_()
  location: interface List<f>
recovery/normalized-src-vf/l1r/an/PBMessageALL9.java:2724: error: cannot find symbol
            this.t = PBMessageALL9.c.h().Q_();
                                        ^
  symbol:   method Q_()
  location: interface List<f>
recovery/normalized-src-vf/l1r/an/PBMessageALL9.java:2755: error: ai() in l1r.an.PBMessageALL9.c.a cannot override ai() in a.p.a
         public p.a ai() {
                    ^
  return type a.p.a is not compatible with l1r.an.PBMessageALL9.c.a
  where BuilderType is a type-variable:
    BuilderType extends a.p.a declared in class a.p.a
recovery/normalized-src-vf/l1r/an/PBMessageALL9.java:2754: error: method does not override or implement a method from a supertype
         @Override
         ^
recovery/normalized-src-vf/l1r/an/PBMessageALL9.java:2773: error: a(h,n) in l1r.an.PBMessageALL9.c.a cannot override a(byte[],n) in a.a.a
         public a.a.a a(a.h var1, n var2) throws IOException {
                      ^
  overridden method does not throw IOException
  where BuilderType#1,BuilderType#2 are type-variables:
    BuilderType#1 extends a.p.a declared in class a.p.a
    BuilderType#2 extends a.a.a declared in class a.a.a
recovery/normalized-src-vf/l1r/an/PBMessageALL9.java:2815: error: ah() in l1r.an.PBMessageALL9.c.a cannot override ah() in a.p.a
         public p.a ah() {
                    ^
  return type a.p.a is not compatible with l1r.an.PBMessageALL9.c.a
  where BuilderType is a type-variable:
    BuilderType extends a.p.a declared in class a.p.a
recovery/normalized-src-vf/l1r/an/PBMessageALL9.java:2814: error: method does not override or implement a method from a supertype
         @Override
         ^
recovery/normalized-src-vf/l1r/an/PBMessageALL9.java:3341: error: a(b) in e cannot implement a(int) in f
      protected PBMessageALL9.e.a a(a.p.b var1) {
                                  ^
  attempting to assign weaker access privileges; was public
recovery/normalized-src-vf/l1r/an/PBMessageALL9.java:3371: error: b(b) in e cannot implement b(OutputStream) in y
      protected x.a b(a.p.b var1) {
                    ^
  attempting to assign weaker access privileges; was public
recovery/normalized-src-vf/l1r/an/PBMessageALL9.java:2919: error: cannot find symbol
      public static ab<PBMessageALL9.e> a = new a.c<PBMessageALL9.e>() {
                                                 ^
  symbol:   class c
  location: class a
recovery/normalized-src-vf/l1r/an/PBMessageALL9.java:2920: error: cannot find symbol
         public PBMessageALL9.e c(a.h var1, n var2) throws s {
                                   ^
  symbol:   class h
  location: class a
recovery/normalized-src-vf/l1r/an/PBMessageALL9.java:2926: error: cannot find symbol
         public Object d(a.h var1, n var2) throws s {
                          ^
  symbol:   class h
  location: class a
recovery/normalized-src-vf/l1r/an/PBMessageALL9.java:2925: error: method does not override or implement a method from a supertype
         @Override
         ^
recovery/normalized-src-vf/l1r/an/PBMessageALL9.java:3128: error: name clash: class e has two methods with the same erasure, yet neither overrides the other
      public a.g a(int var1) {
                 ^
  first method:  a(b) in e
  second method: a(i) in e
recovery/normalized-src-vf/l1r/an/PBMessageALL9.java:3186: error: name clash: class e has two methods with the same erasure, yet neither overrides the other
      public void a(i var1) throws IOException {
                  ^
  first method:  a(b) in e
  second method: a(List<? extends a.r.a>) in a.a
recovery/normalized-src-vf/l1r/an/PBMessageALL9.java:3236: error: cannot find symbol
            var1 += a.i.g(1, this.o);
                     ^
  symbol:   variable i
  location: variable a of type ab<e>
recovery/normalized-src-vf/l1r/an/PBMessageALL9.java:3240: error: cannot find symbol
            var1 += a.i.g(2, this.p);
                     ^
  symbol:   variable i
  location: variable a of type ab<e>
recovery/normalized-src-vf/l1r/an/PBMessageALL9.java:3244: error: cannot find symbol
            var1 += a.i.g(3, this.q);
                     ^
  symbol:   variable i
  location: variable a of type ab<e>
recovery/normalized-src-vf/l1r/an/PBMessageALL9.java:3248: error: cannot find symbol
            var1 += a.i.g(4, this.r);
                     ^
  symbol:   variable i
  location: variable a of type ab<e>
recovery/normalized-src-vf/l1r/an/PBMessageALL9.java:3252: error: cannot find symbol
            var1 += a.i.g(5, this.s);
                     ^
  symbol:   variable i
  location: variable a of type ab<e>
recovery/normalized-src-vf/l1r/an/PBMessageALL9.java:3258: error: cannot find symbol
            var2 += a.i.b(this.t.get(var3));
                     ^
  symbol:   variable i
  location: variable a of type ab<e>
recovery/normalized-src-vf/l1r/an/PBMessageALL9.java:3264: error: cannot find symbol
            var1 += a.i.g(7, this.u);
                     ^
  symbol:   variable i
  location: variable a of type ab<e>
recovery/normalized-src-vf/l1r/an/PBMessageALL9.java:3268: error: cannot find symbol
            var1 += a.i.g(8, this.v);
                     ^
  symbol:   variable i
  location: variable a of type ab<e>
recovery/normalized-src-vf/l1r/an/PBMessageALL9.java:3272: error: cannot find symbol
            var1 += a.i.g(9, this.w);
                     ^
  symbol:   variable i
  location: variable a of type ab<e>
recovery/normalized-src-vf/l1r/an/PBMessageALL9.java:3285: error: a(g) in e cannot hide a(List<? extends a.r.a>) in a.a
      public static PBMessageALL9.e a(a.g var0) throws s {
                                    ^
  return type e is not compatible with int
recovery/normalized-src-vf/l1r/an/PBMessageALL9.java:3317: error: a(h) in e cannot hide a(List<? extends a.r.a>) in a.a
      public static PBMessageALL9.e a(a.h var0) throws IOException {
                                    ^
  return type e is not compatible with int
recovery/normalized-src-vf/l1r/an/PBMessageALL9.java:3326: error: a has private access in a
         return PBMessageALL9.e.a.X();
                               ^
recovery/normalized-src-vf/l1r/an/PBMessageALL9.java:3326: error: int cannot be dereferenced
         return PBMessageALL9.e.a.X();
                                 ^
recovery/normalized-src-vf/l1r/an/PBMessageALL9.java:3338: error: reference to a is ambiguous
         return a(this);
                ^
  both method a(h) in e and method a(b) in e match
recovery/normalized-src-vf/l1r/an/PBMessageALL9.java:3338: error: incompatible types: e cannot be converted to a
         return a(this);
                 ^
recovery/normalized-src-vf/l1r/an/PBMessageALL9.java:3397: error: l1r.an.PBMessageALL9.e.a is not abstract and does not override abstract method d() in a.a.a
      public static final class a extends p.a<PBMessageALL9.e.a> implements PBMessageALL9.f {
                          ^
recovery/normalized-src-vf/l1r/an/PBMessageALL9.java:3907: error: d(h,n) in l1r.an.PBMessageALL9.e.a cannot implement d(byte[],n) in a.x.a
         public x.a d(a.h var1, n var2) throws IOException {
                    ^
  overridden method does not throw IOException
recovery/normalized-src-vf/l1r/an/PBMessageALL9.java:3901: error: c(h,n) in l1r.an.PBMessageALL9.e.a cannot implement c(byte[],n) in a.y.a
         public y.a c(a.h var1, n var2) throws IOException {
                    ^
  overridden method does not throw IOException
recovery/normalized-src-vf/l1r/an/PBMessageALL9.java:3428: error: cannot find symbol
            PBMessageALL9.e.L();
                           ^
  symbol:   method L()
  location: variable e of type a
recovery/normalized-src-vf/l1r/an/PBMessageALL9.java:3468: error: incompatible types: List<f> cannot be converted to e
            return PBMessageALL9.e.h();
                                    ^
recovery/normalized-src-vf/l1r/an/PBMessageALL9.java:3481: error: reference to e is ambiguous
            PBMessageALL9.e var1 = new PBMessageALL9.e(this, null);
                                   ^
  both constructor e(h,n) in e and constructor e(a,e) in e match
recovery/normalized-src-vf/l1r/an/PBMessageALL9.java:3545: error: incomparable types: e and List<f>
            if (var1 == PBMessageALL9.e.h()) {
                     ^
recovery/normalized-src-vf/l1r/an/PBMessageALL9.java:3562: error: reference to e is ambiguous
               this.e(var1.v());
                   ^
  both method e(int) in a and method e(g) in a match
recovery/normalized-src-vf/l1r/an/PBMessageALL9.java:3606: error: a has private access in a
               var3 = PBMessageALL9.e.a.d(var1, var2);
                                     ^
recovery/normalized-src-vf/l1r/an/PBMessageALL9.java:3606: error: int cannot be dereferenced
               var3 = PBMessageALL9.e.a.d(var1, var2);
                                       ^
recovery/normalized-src-vf/l1r/an/PBMessageALL9.java:3701: error: name clash: class a has two methods with the same erasure, yet neither overrides the other
         public PBMessageALL9.e.a e(int var1) {
                                  ^
  first method:  e(g) in l1r.an.PBMessageALL9.e.a
  second method: e(InputStream) in a.x.a
recovery/normalized-src-vf/l1r/an/PBMessageALL9.java:3761: error: name clash: class a has two methods with the same erasure, yet neither overrides the other
         public PBMessageALL9.e.a a(int var1, a.g var2) {
                                  ^
  first method:  a(h,n) in l1r.an.PBMessageALL9.e.a
  second method: a(InputStream,n) in a.a.a
recovery/normalized-src-vf/l1r/an/PBMessageALL9.java:3785: error: non-static variable p cannot be referenced from a static context
            p.a.a(var1, this.g);
            ^
recovery/normalized-src-vf/l1r/an/PBMessageALL9.java:3785: error: int cannot be dereferenced
            p.a.a(var1, this.g);
             ^
recovery/normalized-src-vf/l1r/an/PBMessageALL9.java:3895: error: ai() in l1r.an.PBMessageALL9.e.a cannot override ai() in a.p.a
         public p.a ai() {
                    ^
  return type a.p.a is not compatible with l1r.an.PBMessageALL9.e.a
  where BuilderType is a type-variable:
    BuilderType extends a.p.a declared in class a.p.a
recovery/normalized-src-vf/l1r/an/PBMessageALL9.java:3894: error: method does not override or implement a method from a supertype
         @Override
         ^
recovery/normalized-src-vf/l1r/an/PBMessageALL9.java:3913: error: a(h,n) in l1r.an.PBMessageALL9.e.a cannot override a(byte[],n) in a.a.a
         public a.a.a a(a.h var1, n var2) throws IOException {
                      ^
  overridden method does not throw IOException
  where BuilderType#1,BuilderType#2 are type-variables:
    BuilderType#1 extends a.p.a declared in class a.p.a
    BuilderType#2 extends a.a.a declared in class a.a.a
recovery/normalized-src-vf/l1r/an/PBMessageALL9.java:3955: error: ah() in l1r.an.PBMessageALL9.e.a cannot override ah() in a.p.a
         public p.a ah() {
                    ^
  return type a.p.a is not compatible with l1r.an.PBMessageALL9.e.a
  where BuilderType is a type-variable:
    BuilderType extends a.p.a declared in class a.p.a
recovery/normalized-src-vf/l1r/an/PBMessageALL9.java:3954: error: method does not override or implement a method from a supertype
         @Override
         ^
recovery/normalized-src-vf/l1r/an/PBMessageALL9.java:4706: error: b(b) in g cannot implement b(OutputStream) in y
      protected x.a b(a.p.b var1) {
                    ^
  attempting to assign weaker access privileges; was public
recovery/normalized-src-vf/l1r/an/PBMessageALL9.java:4676: error: a(b) in g cannot implement a(OutputStream) in y
      protected PBMessageALL9.g.a a(a.p.b var1) {
                                  ^
  attempting to assign weaker access privileges; was public
recovery/normalized-src-vf/l1r/an/PBMessageALL9.java:4021: error: cannot find symbol
      public static ab<PBMessageALL9.g> a = new a.c<PBMessageALL9.g>() {
                                                 ^
  symbol:   class c
  location: class a
recovery/normalized-src-vf/l1r/an/PBMessageALL9.java:4022: error: cannot find symbol
         public PBMessageALL9.g c(a.h var1, n var2) throws s {
                                   ^
  symbol:   class h
  location: class a
recovery/normalized-src-vf/l1r/an/PBMessageALL9.java:4028: error: cannot find symbol
         public Object d(a.h var1, n var2) throws s {
                          ^
  symbol:   class h
  location: class a
recovery/normalized-src-vf/l1r/an/PBMessageALL9.java:4027: error: method does not override or implement a method from a supertype
         @Override
         ^
recovery/normalized-src-vf/l1r/an/PBMessageALL9.java:4445: error: name clash: class g has two methods with the same erasure, yet neither overrides the other
      public void a(i var1) throws IOException {
                  ^
  first method:  a(b) in g
  second method: a(List<? extends a.r.a>) in a.a
recovery/normalized-src-vf/l1r/an/PBMessageALL9.java:4535: error: cannot find symbol
            var1 += a.i.g(1, this.y);
                     ^
  symbol:   variable i
  location: variable a of type ab<g>
recovery/normalized-src-vf/l1r/an/PBMessageALL9.java:4539: error: cannot find symbol
            var1 += a.i.g(2, this.z);
                     ^
  symbol:   variable i
  location: variable a of type ab<g>
recovery/normalized-src-vf/l1r/an/PBMessageALL9.java:4543: error: cannot find symbol
            var1 += a.i.g(3, this.A);
                     ^
  symbol:   variable i
  location: variable a of type ab<g>
recovery/normalized-src-vf/l1r/an/PBMessageALL9.java:4547: error: cannot find symbol
            var1 += a.i.g(4, this.B);
                     ^
  symbol:   variable i
  location: variable a of type ab<g>
recovery/normalized-src-vf/l1r/an/PBMessageALL9.java:4551: error: cannot find symbol
            var1 += a.i.g(5, this.C);
                     ^
  symbol:   variable i
  location: variable a of type ab<g>
recovery/normalized-src-vf/l1r/an/PBMessageALL9.java:4555: error: cannot find symbol
            var1 += a.i.g(6, this.D);
                     ^
  symbol:   variable i
  location: variable a of type ab<g>
recovery/normalized-src-vf/l1r/an/PBMessageALL9.java:4559: error: cannot find symbol
            var1 += a.i.g(7, this.E);
                     ^
  symbol:   variable i
  location: variable a of type ab<g>
recovery/normalized-src-vf/l1r/an/PBMessageALL9.java:4563: error: cannot find symbol
            var1 += a.i.g(8, this.F);
                     ^
  symbol:   variable i
  location: variable a of type ab<g>
recovery/normalized-src-vf/l1r/an/PBMessageALL9.java:4567: error: cannot find symbol
            var1 += a.i.g(9, this.G);
                     ^
  symbol:   variable i
  location: variable a of type ab<g>
recovery/normalized-src-vf/l1r/an/PBMessageALL9.java:4571: error: cannot find symbol
            var1 += a.i.g(10, this.H);
                     ^
  symbol:   variable i
  location: variable a of type ab<g>
recovery/normalized-src-vf/l1r/an/PBMessageALL9.java:4575: error: cannot find symbol
            var1 += a.i.g(11, this.I);
                     ^
  symbol:   variable i
  location: variable a of type ab<g>
recovery/normalized-src-vf/l1r/an/PBMessageALL9.java:4579: error: cannot find symbol
            var1 += a.i.g(12, this.J);
                     ^
  symbol:   variable i
  location: variable a of type ab<g>
recovery/normalized-src-vf/l1r/an/PBMessageALL9.java:4583: error: cannot find symbol
            var1 += a.i.g(13, this.K);
                     ^
  symbol:   variable i
  location: variable a of type ab<g>
recovery/normalized-src-vf/l1r/an/PBMessageALL9.java:4587: error: cannot find symbol
            var1 += a.i.g(14, this.L);
                     ^
  symbol:   variable i
  location: variable a of type ab<g>
recovery/normalized-src-vf/l1r/an/PBMessageALL9.java:4591: error: cannot find symbol
            var1 += a.i.g(15, this.M);
                     ^
  symbol:   variable i
  location: variable a of type ab<g>
recovery/normalized-src-vf/l1r/an/PBMessageALL9.java:4595: error: cannot find symbol
            var1 += a.i.g(16, this.N);
                     ^
  symbol:   variable i
  location: variable a of type ab<g>
recovery/normalized-src-vf/l1r/an/PBMessageALL9.java:4599: error: cannot find symbol
            var1 += a.i.g(17, this.O);
                     ^
  symbol:   variable i
  location: variable a of type ab<g>
recovery/normalized-src-vf/l1r/an/PBMessageALL9.java:4603: error: cannot find symbol
            var1 += a.i.g(18, this.P);
                     ^
  symbol:   variable i
  location: variable a of type ab<g>
recovery/normalized-src-vf/l1r/an/PBMessageALL9.java:4607: error: cannot find symbol
            var1 += a.i.g(19, this.Q);
                     ^
  symbol:   variable i
  location: variable a of type ab<g>
recovery/normalized-src-vf/l1r/an/PBMessageALL9.java:4620: error: a(g) in g cannot hide a(List<? extends a.r.a>) in a.a
      public static PBMessageALL9.g a(a.g var0) throws s {
                                    ^
  return type g is not compatible with int
recovery/normalized-src-vf/l1r/an/PBMessageALL9.java:4652: error: a(h) in g cannot hide a(List<? extends a.r.a>) in a.a
      public static PBMessageALL9.g a(a.h var0) throws IOException {
                                    ^
  return type g is not compatible with int
recovery/normalized-src-vf/l1r/an/PBMessageALL9.java:4661: error: a has private access in a
         return PBMessageALL9.g.a.aK();
                               ^
recovery/normalized-src-vf/l1r/an/PBMessageALL9.java:4661: error: int cannot be dereferenced
         return PBMessageALL9.g.a.aK();
                                 ^
recovery/normalized-src-vf/l1r/an/PBMessageALL9.java:4673: error: reference to a is ambiguous
         return a(this);
                ^
  both method a(h) in g and method a(b) in g match
recovery/normalized-src-vf/l1r/an/PBMessageALL9.java:4673: error: incompatible types: g cannot be converted to a
         return a(this);
                 ^
recovery/normalized-src-vf/l1r/an/PBMessageALL9.java:4732: error: l1r.an.PBMessageALL9.g.a is not abstract and does not override abstract method d() in a.a.a
      public static final class a extends p.a<PBMessageALL9.g.a> implements PBMessageALL9.h {
                          ^
recovery/normalized-src-vf/l1r/an/PBMessageALL9.java:5559: error: d(h,n) in l1r.an.PBMessageALL9.g.a cannot implement d(byte[],n) in a.x.a
         public x.a d(a.h var1, n var2) throws IOException {
                    ^
  overridden method does not throw IOException
recovery/normalized-src-vf/l1r/an/PBMessageALL9.java:5553: error: c(h,n) in l1r.an.PBMessageALL9.g.a cannot implement c(byte[],n) in a.y.a
         public y.a c(a.h var1, n var2) throws IOException {
                    ^
  overridden method does not throw IOException
recovery/normalized-src-vf/l1r/an/PBMessageALL9.java:4773: error: cannot find symbol
            PBMessageALL9.g.an();
                           ^
  symbol:   method an()
  location: variable g of type a
recovery/normalized-src-vf/l1r/an/PBMessageALL9.java:4833: error: incompatible types: List<f> cannot be converted to g
            return PBMessageALL9.g.h();
                                    ^
recovery/normalized-src-vf/l1r/an/PBMessageALL9.java:4846: error: reference to g is ambiguous
            PBMessageALL9.g var1 = new PBMessageALL9.g(this, null);
                                   ^
  both constructor g(h,n) in g and constructor g(a,g) in g match
recovery/normalized-src-vf/l1r/an/PBMessageALL9.java:4959: error: incomparable types: g and List<f>
            if (var1 == PBMessageALL9.g.h()) {
                     ^
recovery/normalized-src-vf/l1r/an/PBMessageALL9.java:5052: error: a has private access in a
               var3 = PBMessageALL9.g.a.d(var1, var2);
                                     ^
recovery/normalized-src-vf/l1r/an/PBMessageALL9.java:5052: error: int cannot be dereferenced
               var3 = PBMessageALL9.g.a.d(var1, var2);
                                       ^
recovery/normalized-src-vf/l1r/an/PBMessageALL9.java:5547: error: ai() in l1r.an.PBMessageALL9.g.a cannot override ai() in a.p.a
         public p.a ai() {
                    ^
  return type a.p.a is not compatible with l1r.an.PBMessageALL9.g.a
  where BuilderType is a type-variable:
    BuilderType extends a.p.a declared in class a.p.a
recovery/normalized-src-vf/l1r/an/PBMessageALL9.java:5546: error: method does not override or implement a method from a supertype
         @Override
         ^
recovery/normalized-src-vf/l1r/an/PBMessageALL9.java:5565: error: a(h,n) in l1r.an.PBMessageALL9.g.a cannot override a(byte[],n) in a.a.a
         public a.a.a a(a.h var1, n var2) throws IOException {
                      ^
  overridden method does not throw IOException
  where BuilderType#1,BuilderType#2 are type-variables:
    BuilderType#1 extends a.p.a declared in class a.p.a
    BuilderType#2 extends a.a.a declared in class a.a.a
recovery/normalized-src-vf/l1r/an/PBMessageALL9.java:5607: error: ah() in l1r.an.PBMessageALL9.g.a cannot override ah() in a.p.a
         public p.a ah() {
                    ^
  return type a.p.a is not compatible with l1r.an.PBMessageALL9.g.a
  where BuilderType is a type-variable:
    BuilderType extends a.p.a declared in class a.p.a
recovery/normalized-src-vf/l1r/an/PBMessageALL9.java:5606: error: method does not override or implement a method from a supertype
         @Override
         ^
recovery/normalized-src-vf/l1r/aq/L1Character.java:197: error: incompatible types: void cannot be converted to boolean
         if (var2.b(this)) {
                   ^
recovery/normalized-src-vf/l1r/aq/L1Character.java:205: error: incompatible types: void cannot be converted to boolean
         if (var3.b(this)) {
                   ^
recovery/normalized-src-vf/l1r/aq/L1Character.java:213: error: 'void' type not allowed here
         if (var2.b(this) && var2.bB(26003)) {
                   ^
recovery/normalized-src-vf/l1r/aq/L1Character.java:221: error: incompatible types: void cannot be converted to boolean
         if (var2.b(this)) {
                   ^
recovery/normalized-src-vf/l1r/ap/L1PcInstance.java:344: error: method does not override or implement a method from a supertype
   @Override
   ^
recovery/normalized-src-vf/l1r/ap/L1PcInstance.java:508: error: incompatible types: void cannot be converted to boolean
            if (var4.d(this)) {
                      ^
recovery/normalized-src-vf/l1r/ap/L1PcInstance.java:920: error: 'void' type not allowed here
         if (!this.b(var1) && var1.fp() == this.fp() && !(var1 instanceof L1EffectInstance)) {
                    ^
recovery/normalized-src-vf/l1r/au/L1Inventory.java:486: error: incompatible types: Object[] cannot be converted to L1ItemInstance[]
      return var3.toArray(new L1ItemInstance[var3.size()]);
                         ^
recovery/normalized-src-vf/l1r/au/L1Inventory.java:498: error: incompatible types: Object[] cannot be converted to L1ItemInstance[]
      return var2.toArray(new L1ItemInstance[var2.size()]);
                         ^
recovery/normalized-src-vf/l1r/au/L1Inventory.java:652: error: L1Inventory.a is not abstract and does not override abstract method compare(L1ItemInstance,L1ItemInstance) in Comparator
   private class a<T> implements Comparator<L1ItemInstance> {
           ^
recovery/normalized-src-vf/l1r/au/L1Inventory.java:662: error: name clash: compare(Object,Object) in L1Inventory.a and compare(L1ItemInstance,L1ItemInstance) in Comparator have the same erasure, yet neither overrides the other
      public int compare(Object var1, Object var2) {
                 ^
recovery/normalized-src-vf/l1r/au/L1Inventory.java:661: error: method does not override or implement a method from a supertype
      @Override
      ^
recovery/normalized-src-vf/l1r/ap/L1ItemInstance.java:1162: error: incompatible types: Object cannot be converted to ArmorSetTable.a
         for (ArmorSetTable.a var26 : var24) {
                                      ^
recovery/normalized-src-vf/l1r/aq/L1SpeedChecker.java:208: error: double cannot be dereferenced
      int var6 = (var7 = L1SpeedChecker.a.values()).length;
                                         ^
recovery/normalized-src-vf/l1r/aq/L1SpeedChecker.java:317: error: double cannot be dereferenced
            if (var1.equals(L1SpeedChecker.a.a)) {
                                            ^
recovery/normalized-src-vf/l1r/aq/L1SpeedChecker.java:324: error: double cannot be dereferenced
            if (var1.equals(L1SpeedChecker.a.a)) {
                                            ^
recovery/normalized-src-vf/l1r/aq/L1SpeedChecker.java:336: error: double cannot be dereferenced
      if (this.f.M() && !var1.equals(L1SpeedChecker.a.a)) {
                                                     ^
recovery/normalized-src-vf/l1r/aq/L1SpeedChecker.java:353: error: double cannot be dereferenced
      int[] var0 = new int[L1SpeedChecker.a.values().length];
                                           ^
recovery/normalized-src-vf/l1r/aq/L1SpeedChecker.java:356: error: double cannot be dereferenced
         var0[L1SpeedChecker.a.b.ordinal()] = 2;
                              ^
recovery/normalized-src-vf/l1r/aq/L1SpeedChecker.java:361: error: double cannot be dereferenced
         var0[L1SpeedChecker.a.a.ordinal()] = 1;
                              ^
recovery/normalized-src-vf/l1r/aq/L1SpeedChecker.java:366: error: double cannot be dereferenced
         var0[L1SpeedChecker.a.c.ordinal()] = 3;
                              ^
recovery/normalized-src-vf/l1r/aq/L1SpeedChecker.java:371: error: double cannot be dereferenced
         var0[L1SpeedChecker.a.d.ordinal()] = 4;
                              ^
recovery/normalized-src-vf/l1r/bh/L1Account.java:86: error: cannot find symbol
      return new BASE64Encoder().encode(var1);
                 ^
  symbol:   class BASE64Encoder
  location: class L1Account
recovery/normalized-src-vf/l1r/ap/L1NpcInstance.java:393: error: cannot find symbol
         for (L1ItemInstance var6 : var1.get(var5).d()) {
                                                  ^
  symbol:   method d()
  location: class Object
recovery/normalized-src-vf/l1r/ap/L1NpcInstance.java:414: error: cannot find symbol
         for (L1ItemInstance var6 : var1.get(var5).d()) {
                                                  ^
  symbol:   method d()
  location: class Object
recovery/normalized-src-vf/l1r/ap/L1NpcInstance.java:928: error: incompatible types: Object cannot be converted to int[]
         var6 = var18.removeFirst();
                                 ^
recovery/normalized-src-vf/l1r/aj/C_Attack.java:53: error: double cannot be dereferenced
                  int var13 = var3.ce().a(L1SpeedChecker.a.b);
                                                          ^
recovery/normalized-src-vf/l1r/ap/L1PetInstance.java:235: error: method does not override or implement a method from a supertype
   @Override
   ^
recovery/normalized-src-vf/l1r/ap/L1PetInstance.java:334: error: method does not override or implement a method from a supertype
   @Override
   ^
recovery/normalized-src-vf/l1r/ap/L1PetInstance.java:386: error: method does not override or implement a method from a supertype
   @Override
   ^
recovery/normalized-src-vf/l1r/ap/L1PetInstance.java:627: error: method does not override or implement a method from a supertype
   @Override
   ^
recovery/normalized-src-vf/l1r/ap/L1DoorInstance.java:70: error: reference to d is ambiguous
      this.d(null);
          ^
  both method d(ServerBasePacket) in L1Character and method d(L1PcInstance) in L1DoorInstance match
recovery/normalized-src-vf/l1r/ap/L1DoorInstance.java:145: error: reference to d is ambiguous
      this.d(null);
          ^
  both method d(ServerBasePacket) in L1Character and method d(L1PcInstance) in L1DoorInstance match
recovery/normalized-src-vf/l1r/ap/L1DoorInstance.java:194: error: reference to d is ambiguous
         this.d(null);
             ^
  both method d(ServerBasePacket) in L1Character and method d(L1PcInstance) in L1DoorInstance match
recovery/normalized-src-vf/l1r/ap/L1DoorInstance.java:202: error: reference to d is ambiguous
         this.d(null);
             ^
  both method d(ServerBasePacket) in L1Character and method d(L1PcInstance) in L1DoorInstance match
recovery/normalized-src-vf/l1r/ap/L1DoorInstance.java:228: error: method does not override or implement a method from a supertype
   @Override
   ^
recovery/normalized-src-vf/l1r/ap/L1DoorInstance.java:249: error: method does not override or implement a method from a supertype
   @Override
   ^
recovery/normalized-src-vf/l1r/aj/C_ItemUSe.java:906: error: 'void' type not allowed here
                              var3.ct(var3.a(var183));
                                            ^
recovery/normalized-src-vf/l1r/aj/C_ItemUSe.java:1837: error: 'void' type not allowed here
                                          var3.ct(var3.a(var150));
                                                        ^
recovery/normalized-src-vf/l1r/aj/C_Login.java:35: error: cannot find symbol
      Cipher var9 = Cipher.getInstance("RSA");
      ^
  symbol:   class Cipher
  location: class C_Login
recovery/normalized-src-vf/l1r/aj/C_Login.java:35: error: cannot find symbol
      Cipher var9 = Cipher.getInstance("RSA");
                    ^
  symbol:   variable Cipher
  location: class C_Login
recovery/normalized-src-vf/l1r/aj/C_MoveChar.java:24: error: double cannot be dereferenced
         int var7 = var3.ce().a(L1SpeedChecker.a.a);
                                                ^
recovery/normalized-src-vf/l1r/aj/C_ProtoBuffers.java:65: error: reference to a is ambiguous
            PBMessageALL3.c var95 = PBMessageALL3.c.a(var72);
                                                   ^
  both method a(g) in c and method a(h) in c match
recovery/normalized-src-vf/l1r/aj/C_ProtoBuffers.java:79: error: reference to a is ambiguous
            PBMessageALL.a var94 = PBMessageALL.a.a(var70);
                                                 ^
  both method a(g) in a and method a(h) in a match
recovery/normalized-src-vf/l1r/aj/C_ProtoBuffers.java:90: error: reference to a is ambiguous
            PBMessageALL.a var93 = PBMessageALL.a.a(var69);
                                                 ^
  both method a(g) in a and method a(h) in a match
recovery/normalized-src-vf/l1r/aj/C_ProtoBuffers.java:95: error: reference to a is ambiguous
            PBMessageALL5.i var92 = PBMessageALL5.i.a(var68);
                                                   ^
  both method a(g) in i and method a(h) in i match
recovery/normalized-src-vf/l1r/aj/C_ProtoBuffers.java:104: error: reference to a is ambiguous
            PBMessageALL.a var91 = PBMessageALL.a.a(var67);
                                                 ^
  both method a(g) in a and method a(h) in a match
recovery/normalized-src-vf/l1r/aj/C_ProtoBuffers.java:133: error: reference to a is ambiguous
            PBMessageALL.a var90 = PBMessageALL.a.a(var66);
                                                 ^
  both method a(g) in a and method a(h) in a match
recovery/normalized-src-vf/l1r/aj/C_ProtoBuffers.java:142: error: reference to a is ambiguous
            PBMessageALL.c var89 = PBMessageALL.c.a(var65);
                                                 ^
  both method a(g) in c and method a(h) in c match
recovery/normalized-src-vf/l1r/aj/C_ProtoBuffers.java:152: error: reference to a is ambiguous
                  String var175 = new String(var89.a(var166).e(), Config.k);
                                                  ^
  both method a(g) in c and method a(h) in c match
recovery/normalized-src-vf/l1r/aj/C_ProtoBuffers.java:152: error: cannot find symbol
                  String var175 = new String(var89.a(var166).e(), Config.k);
                                                            ^
  symbol:   method e()
  location: class c
recovery/normalized-src-vf/l1r/aj/C_ProtoBuffers.java:166: error: reference to a is ambiguous
                  String var176 = new String(var89.a(var167).e(), Config.k);
                                                  ^
  both method a(g) in c and method a(h) in c match
recovery/normalized-src-vf/l1r/aj/C_ProtoBuffers.java:166: error: cannot find symbol
                  String var176 = new String(var89.a(var167).e(), Config.k);
                                                            ^
  symbol:   method e()
  location: class c
recovery/normalized-src-vf/l1r/aj/C_ProtoBuffers.java:175: error: reference to a is ambiguous
            PBMessageALL.a var88 = PBMessageALL.a.a(var64);
                                                 ^
  both method a(g) in a and method a(h) in a match
recovery/normalized-src-vf/l1r/aj/C_ProtoBuffers.java:180: error: reference to a is ambiguous
               PBMessageALL.a var165 = PBMessageALL.a.a(var143);
                                                     ^
  both method a(g) in a and method a(h) in a match
recovery/normalized-src-vf/l1r/aj/C_ProtoBuffers.java:230: error: reference to a is ambiguous
            PBMessageALL.c var87 = PBMessageALL.c.a(var63);
                                                 ^
  both method a(g) in c and method a(h) in c match
recovery/normalized-src-vf/l1r/aj/C_ProtoBuffers.java:256: error: reference to a is ambiguous
               PBMessageALL.a var86 = PBMessageALL.a.a(var62);
                                                    ^
  both method a(g) in a and method a(h) in a match
recovery/normalized-src-vf/l1r/aj/C_ProtoBuffers.java:299: error: reference to a is ambiguous
               PBMessageALL.a var85 = PBMessageALL.a.a(var61);
                                                    ^
  both method a(g) in a and method a(h) in a match
recovery/normalized-src-vf/l1r/aj/C_ProtoBuffers.java:350: error: reference to a is ambiguous
                  PBMessageALL.a var97 = PBMessageALL.a.a(var51);
                                                       ^
  both method a(g) in a and method a(h) in a match
recovery/normalized-src-vf/l1r/aj/C_ProtoBuffers.java:367: error: reference to a is ambiguous
                  PBMessageALL5.a var76 = PBMessageALL5.a.a(var52);
                                                         ^
  both method a(g) in a and method a(h) in a match
recovery/normalized-src-vf/l1r/aj/C_ProtoBuffers.java:374: error: reference to a is ambiguous
                     PBMessageALL3.e var14 = PBMessageALL3.e.a(var12);
                                                            ^
  both method a(g) in e and method a(h) in e match
recovery/normalized-src-vf/l1r/aj/C_ProtoBuffers.java:399: error: incompatible types: Object cannot be converted to L1ItemInstance
                  for (L1ItemInstance var161 : var152) {
                                               ^
recovery/normalized-src-vf/l1r/aj/C_ProtoBuffers.java:414: error: reference to a is ambiguous
                        PBMessageALL5.a var183 = PBMessageALL5.a.a(var169);
                                                                ^
  both method a(g) in a and method a(h) in a match
recovery/normalized-src-vf/l1r/aj/C_ProtoBuffers.java:458: error: reference to a is ambiguous
                  PBMessageALL.a var77 = PBMessageALL.a.a(var53);
                                                       ^
  both method a(g) in a and method a(h) in a match
recovery/normalized-src-vf/l1r/aj/C_ProtoBuffers.java:466: error: reference to a is ambiguous
                  PBMessageALL.a var78 = PBMessageALL.a.a(var54);
                                                       ^
  both method a(g) in a and method a(h) in a match
recovery/normalized-src-vf/l1r/aj/C_ProtoBuffers.java:477: error: reference to a is ambiguous
                  PBMessageALL4.g var79 = PBMessageALL4.g.a(var55);
                                                         ^
  both method a(g) in g and method a(h) in g match
recovery/normalized-src-vf/l1r/aj/C_ProtoBuffers.java:492: error: reference to a is ambiguous
                  PBMessageALL.a var80 = PBMessageALL.a.a(var56);
                                                       ^
  both method a(g) in a and method a(h) in a match
recovery/normalized-src-vf/l1r/aj/C_ProtoBuffers.java:503: error: reference to a is ambiguous
                  PBMessageALL2.c var81 = PBMessageALL2.c.a(var57);
                                                         ^
  both method a(g) in c and method a(h) in c match
recovery/normalized-src-vf/l1r/aj/C_ProtoBuffers.java:531: error: reference to a is ambiguous
                  PBMessageALL6.g var104 = PBMessageALL6.g.a(var59);
                                                          ^
  both method a(g) in g and method a(h) in g match
recovery/normalized-src-vf/l1r/aj/C_ProtoBuffers.java:535: error: reference to a is ambiguous
                     PBMessageALL.a var163 = PBMessageALL.a.a(var139);
                                                           ^
  both method a(g) in a and method a(h) in a match
recovery/normalized-src-vf/l1r/aj/C_ProtoBuffers.java:554: error: reference to a is ambiguous
                  PBMessageALL.a var84 = PBMessageALL.a.a(var60);
                                                       ^
  both method a(g) in a and method a(h) in a match
recovery/normalized-src-vf/l1r/aj/C_ProtoBuffers.java:634: error: reference to a is ambiguous
            PBMessageALL.a var7 = PBMessageALL.a.a(var6);
                                                ^
  both method a(g) in a and method a(h) in a match
recovery/normalized-src-vf/l1r/aj/C_Result.java:44: error: incompatible types: Object cannot be converted to L1ItemInstance
               L1ItemInstance var39 = var32.get(var30);
                                               ^
recovery/normalized-src-vf/l1r/aj/C_Result.java:100: error: incompatible types: Object cannot be converted to L1PrivateShopSellList
                                 L1PrivateShopSellList var65 = var44.get(var60);
                                                                        ^
recovery/normalized-src-vf/l1r/aj/C_Result.java:222: error: incompatible types: Object cannot be converted to L1PrivateShopBuyList
                                 L1PrivateShopBuyList var66 = var41.get(var62);
                                                                       ^
recovery/normalized-src-vf/l1r/aj/C_ShopWorld.java:94: error: incompatible types: Object cannot be converted to L1ItemInstance
                  L1ItemInstance var29 = var28.get(var26);
                                                  ^
recovery/normalized-src-vf/l1r/aj/C_SkillBuyItemOK.java:64: error: incompatible types: Object cannot be converted to int
            for (int var14 : var5) {
                             ^
recovery/normalized-src-vf/l1r/aj/C_SkillBuyOK.java:36: error: incompatible types: Object cannot be converted to int
               for (int var12 : var6) {
                                ^
recovery/normalized-src-vf/l1r/aj/C_UseSkill.java:29: error: double cannot be dereferenced
               var11 = var3.ce().a(L1SpeedChecker.a.c);
                                                   ^
recovery/normalized-src-vf/l1r/aj/C_UseSkill.java:31: error: double cannot be dereferenced
               var11 = var3.ce().a(L1SpeedChecker.a.d);
                                                   ^
recovery/normalized-src-vf/l1r/al/L1Buff.java:45: error: incompatible types: Object cannot be converted to L1PcInstance
         for (L1PcInstance var10 : var5) {
                                   ^
recovery/normalized-src-vf/l1r/al/L1GfxNpc.java:78: error: incompatible types: Object cannot be converted to int
         for (int var25 : var24) {
                          ^
recovery/normalized-src-vf/l1r/al/L1GfxNpc.java:80: error: incompatible types: Object cannot be converted to int[]
               int[] var27 = var20.get(var22);
                                      ^
recovery/normalized-src-vf/l1r/al/L1Recall.java:37: error: incompatible types: Object cannot be converted to L1PcInstance
         for (L1PcInstance var6 : var4) {
                                  ^
recovery/normalized-src-vf/l1r/am/MonsterListReader.java:57: error: reference to a is ambiguous
         PBMessageALL3.a var6 = PBMessageALL3.a.a(var3);
                                               ^
  both method a(g) in a and method a(h) in a match
recovery/normalized-src-vf/l1r/am/MonsterListReader.java:60: error: reference to a is ambiguous
            PBMessageALL5.g var9 = PBMessageALL5.g.a(var7);
                                                  ^
  both method a(g) in g and method a(h) in g match
recovery/normalized-src-vf/l1r/am/MonsterListReader.java:87: error: reference to a is ambiguous
         PBMessageALL6.g var31 = PBMessageALL6.g.a(var1);
                                                ^
  both method a(g) in g and method a(h) in g match
recovery/normalized-src-vf/l1r/am/MonsterListReader.java:90: error: reference to a is ambiguous
            PBMessageALL3.c var37 = PBMessageALL3.c.a(var32);
                                                   ^
  both method a(g) in c and method a(h) in c match
recovery/normalized-src-vf/l1r/am/MonsterListReader.java:106: error: reference to a is ambiguous
               PBMessageALL.a var17 = PBMessageALL.a.a(var57);
                                                    ^
  both method a(g) in a and method a(h) in a match
recovery/normalized-src-vf/l1r/am/MonsterListReader.java:117: error: reference to a is ambiguous
         PBMessageALL6.g var33 = PBMessageALL6.g.a(var2);
                                                ^
  both method a(g) in g and method a(h) in g match
recovery/normalized-src-vf/l1r/am/MonsterListReader.java:120: error: reference to a is ambiguous
            PBMessageALL3.c var42 = PBMessageALL3.c.a(var35);
                                                   ^
  both method a(g) in c and method a(h) in c match
recovery/normalized-src-vf/l1r/am/MonsterListReader.java:123: error: reference to a is ambiguous
            int var54 = var50.a(0);
                             ^
  both method a(g) in a and method a(h) in a match
recovery/normalized-src-vf/l1r/am/MonsterListReader.java:123: error: incompatible types: a cannot be converted to int
            int var54 = var50.a(0);
                               ^
recovery/normalized-src-vf/l1r/am/MonsterListReader.java:135: error: reference to a is ambiguous
         PBMessageALL3.a var36 = PBMessageALL3.a.a(var4);
                                                ^
  both method a(g) in a and method a(h) in a match
recovery/normalized-src-vf/l1r/am/MonsterListReader.java:138: error: reference to a is ambiguous
            PBMessageALL5.g var47 = PBMessageALL5.g.a(var39);
                                                   ^
  both method a(g) in g and method a(h) in g match
recovery/normalized-src-vf/l1r/am/MonsterListReader.java:149: error: reference to a is ambiguous
                  PBMessageALL.a var20 = PBMessageALL.a.a(var69);
                                                       ^
  both method a(g) in a and method a(h) in a match
recovery/normalized-src-vf/l1r/am/MonsterListReader.java:171: error: reference to a is ambiguous
                  PBMessageALL.a var80 = PBMessageALL.a.a(var74);
                                                       ^
  both method a(g) in a and method a(h) in a match
recovery/normalized-src-vf/l1r/am/MonsterListReader.java:198: error: reference to a is ambiguous
         PBMessageALL3.a var40 = PBMessageALL3.a.a(var5);
                                                ^
  both method a(g) in a and method a(h) in a match
recovery/normalized-src-vf/l1r/am/MonsterListReader.java:201: error: reference to a is ambiguous
            PBMessageALL3.a var52 = PBMessageALL3.a.a(var44);
                                                   ^
  both method a(g) in a and method a(h) in a match
recovery/normalized-src-vf/l1r/am/MonsterListReader.java:204: error: reference to a is ambiguous
               PBMessageALL8.c var64 = PBMessageALL8.c.a(var56);
                                                      ^
  both method a(g) in c and method a(h) in c match
recovery/normalized-src-vf/l1r/aq/L1Buddy.java:32: error: incompatible types: Object cannot be converted to String
         if (var1.equalsIgnoreCase(var3.getValue())) {
                                                ^
recovery/normalized-src-vf/l1r/aq/L1Buddy.java:33: error: incompatible types: Object cannot be converted to int
            var2 = var3.getKey();
                              ^
recovery/normalized-src-vf/l1r/ao/CharacterEquipment.java:62: error: reference to a is ambiguous
            PBMessageALL3.a var6 = PBMessageALL3.a.a(var5);
                                                  ^
  both method a(g) in a and method a(h) in a match
recovery/normalized-src-vf/l1r/ao/CharacterEquipment.java:68: error: reference to a is ambiguous
               PBMessageALL2.c var9 = PBMessageALL2.c.a(var7);
                                                     ^
  both method a(g) in c and method a(h) in c match
recovery/normalized-src-vf/l1r/ao/CharacterEquipment.java:104: error: incompatible types: a.p.a cannot be converted to l1r.an.PBMessageALL3.a.a
      PBMessageALL3.a.a var2 = PBMessageALL3.a.aa();
                                                 ^
recovery/normalized-src-vf/l1r/ao/CharacterMobsTable.java:98: error: reference to a is ambiguous
            PBMessageALL6.e var7 = PBMessageALL6.e.a(var6);
                                                  ^
  both method a(g) in e and method a(h) in e match
recovery/normalized-src-vf/l1r/ao/CharacterMobsTable.java:101: error: reference to a is ambiguous
               var2[var8] = var7.a(var8);
                                ^
  both method a(g) in e and method a(h) in e match
recovery/normalized-src-vf/l1r/ao/CharacterMobsTable.java:101: error: incompatible types: e cannot be converted to int
               var2[var8] = var7.a(var8);
                                  ^
recovery/normalized-src-vf/l1r/aq/L1Craft.java:152: error: int cannot be dereferenced
      return a.g.a(var1.M().g());
              ^
recovery/normalized-src-vf/l1r/aq/L1Craft.java:161: error: incompatible types: a.p.a cannot be converted to l1r.an.PBMessageALL.a.a
         PBMessageALL.a.a var4 = PBMessageALL.a.aa();
                                                  ^
recovery/normalized-src-vf/l1r/aq/L1Craft.java:168: error: int cannot be dereferenced
      return a.g.a(var1.M().g());
              ^
recovery/normalized-src-vf/l1r/aq/L1Craft.java:172: error: incompatible types: a.p.a cannot be converted to l1r.an.PBMessageALL.a.a
      PBMessageALL.a.a var1 = PBMessageALL.a.aa();
                                               ^
recovery/normalized-src-vf/l1r/aq/L1Craft.java:189: error: int cannot be dereferenced
      return a.g.a(var1.M().g());
              ^
recovery/normalized-src-vf/l1r/aq/L1Craft.java:205: error: int cannot be dereferenced
      var3.f(a.g.a(""));
              ^
recovery/normalized-src-vf/l1r/aq/L1Craft.java:206: error: int cannot be dereferenced
      var3.g(a.g.a(var1.t()));
              ^
recovery/normalized-src-vf/l1r/aq/L1Craft.java:210: error: int cannot be dereferenced
      return a.g.a(var3.M().g());
              ^
recovery/normalized-src-vf/l1r/aq/L1Craft.java:219: error: int cannot be dereferenced
      return a.g.a(var1.M().g());
              ^
recovery/normalized-src-vf/l1r/aq/L1Craft.java:231: error: int cannot be dereferenced
      return a.g.a(var3.M().g());
              ^
recovery/normalized-src-vf/l1r/aq/L1Craft.java:239: error: int cannot be dereferenced
      return a.g.a(var1.M().g());
              ^
recovery/normalized-src-vf/l1r/aq/L1Craft.java:260: error: int cannot be dereferenced
      return a.g.a(var1.M().g());
              ^
recovery/normalized-src-vf/l1r/aq/L1Craft.java:268: error: int cannot be dereferenced
      return a.g.a(var1.M().g());
              ^
recovery/normalized-src-vf/l1r/aq/L1Craft.java:283: error: int cannot be dereferenced
      return a.g.a(var1.M().g());
              ^
recovery/normalized-src-vf/l1r/aq/L1Craft.java:299: error: int cannot be dereferenced
      var1.f(a.g.a(""));
              ^
recovery/normalized-src-vf/l1r/aq/L1Craft.java:300: error: int cannot be dereferenced
      var1.g(a.g.a(this.i.t()));
              ^
recovery/normalized-src-vf/l1r/aq/L1Craft.java:301: error: int cannot be dereferenced
      return a.g.a(var1.M().g());
              ^
recovery/normalized-src-vf/l1r/aq/L1Craft.java:321: error: int cannot be dereferenced
      return a.g.a(var1.M().g());
              ^
recovery/normalized-src-vf/l1r/aq/L1Craft.java:325: error: incompatible types: a.p.a cannot be converted to l1r.an.PBMessageALL4.a.a
      PBMessageALL4.a.a var2 = PBMessageALL4.a.aa();
                                                 ^
recovery/normalized-src-vf/l1r/aq/L1Craft.java:327: error: int cannot be dereferenced
      return a.g.a(var2.M().g());
              ^
recovery/normalized-src-vf/l1r/aq/L1Craft.java:331: error: incompatible types: a.p.a cannot be converted to l1r.an.PBMessageALL4.a.a
      PBMessageALL4.a.a var5 = PBMessageALL4.a.aa();
                                                 ^
recovery/normalized-src-vf/l1r/aq/L1Craft.java:334: error: int cannot be dereferenced
      return a.g.a(var5.M().g());
              ^
recovery/normalized-src-vf/l1r/ao/DropTable.java:67: error: incompatible types: Object cannot be converted to ArrayList
            ArrayList var14 = var1.get(var13.e());
                                      ^
recovery/normalized-src-vf/l1r/ao/DropTable.java:70: warning: [removal] Integer(int) in Integer has been deprecated and marked for removal
               var1.put(new Integer(var13.e()), var14);
                        ^
recovery/normalized-src-vf/l1r/ao/DropTable.java:100: error: incompatible types: Object cannot be converted to L1Drop
            for (L1Drop var15 : var4) {
                                ^
recovery/normalized-src-vf/l1r/ao/DropTable.java:164: error: incompatible types: Object cannot be converted to L1HateList.a
         for (L1HateList.a var6 : var4) {
                                  ^
recovery/normalized-src-vf/l1r/ao/DropTable.java:204: error: incompatible types: Object cannot be converted to L1HateList.a
               for (L1HateList.a var12 : var4) {
                                         ^
recovery/normalized-src-vf/l1r/ao/ItemTable.java:108: warning: [removal] Integer(int) in Integer has been deprecated and marked for removal
      g.put("none", new Integer(0));
                    ^
recovery/normalized-src-vf/l1r/ao/ItemTable.java:109: warning: [removal] Integer(int) in Integer has been deprecated and marked for removal
      g.put("weapon", new Integer(1));
                      ^
recovery/normalized-src-vf/l1r/ao/ItemTable.java:110: warning: [removal] Integer(int) in Integer has been deprecated and marked for removal
      g.put("armor", new Integer(2));
                     ^
recovery/normalized-src-vf/l1r/ao/ItemTable.java:111: warning: [removal] Integer(int) in Integer has been deprecated and marked for removal
      g.put("spell_long", new Integer(5));
                          ^
recovery/normalized-src-vf/l1r/ao/ItemTable.java:112: warning: [removal] Integer(int) in Integer has been deprecated and marked for removal
      g.put("ntele", new Integer(6));
                     ^
recovery/normalized-src-vf/l1r/ao/ItemTable.java:113: warning: [removal] Integer(int) in Integer has been deprecated and marked for removal
      g.put("identify", new Integer(7));
                        ^
recovery/normalized-src-vf/l1r/ao/ItemTable.java:114: warning: [removal] Integer(int) in Integer has been deprecated and marked for removal
      g.put("res", new Integer(8));
                   ^
recovery/normalized-src-vf/l1r/ao/ItemTable.java:115: warning: [removal] Integer(int) in Integer has been deprecated and marked for removal
      g.put("nts", new Integer(9));
                   ^
recovery/normalized-src-vf/l1r/ao/ItemTable.java:116: warning: [removal] Integer(int) in Integer has been deprecated and marked for removal
      g.put("letter", new Integer(12));
                      ^
recovery/normalized-src-vf/l1r/ao/ItemTable.java:117: warning: [removal] Integer(int) in Integer has been deprecated and marked for removal
      g.put("letter_w", new Integer(13));
                        ^
recovery/normalized-src-vf/l1r/ao/ItemTable.java:118: warning: [removal] Integer(int) in Integer has been deprecated and marked for removal
      g.put("choice", new Integer(14));
                      ^
recovery/normalized-src-vf/l1r/ao/ItemTable.java:119: warning: [removal] Integer(int) in Integer has been deprecated and marked for removal
      g.put("instrument", new Integer(15));
                          ^
recovery/normalized-src-vf/l1r/ao/ItemTable.java:120: warning: [removal] Integer(int) in Integer has been deprecated and marked for removal
      g.put("sosc", new Integer(16));
                    ^
recovery/normalized-src-vf/l1r/ao/ItemTable.java:121: warning: [removal] Integer(int) in Integer has been deprecated and marked for removal
      g.put("spell_short", new Integer(17));
                           ^
recovery/normalized-src-vf/l1r/ao/ItemTable.java:122: warning: [removal] Integer(int) in Integer has been deprecated and marked for removal
      g.put("armor_T", new Integer(18));
                       ^
recovery/normalized-src-vf/l1r/ao/ItemTable.java:123: warning: [removal] Integer(int) in Integer has been deprecated and marked for removal
      g.put("armor_Cloak", new Integer(19));
                           ^
recovery/normalized-src-vf/l1r/ao/ItemTable.java:124: warning: [removal] Integer(int) in Integer has been deprecated and marked for removal
      g.put("armor_Glove", new Integer(20));
                           ^
recovery/normalized-src-vf/l1r/ao/ItemTable.java:125: warning: [removal] Integer(int) in Integer has been deprecated and marked for removal
      g.put("armor_Boots", new Integer(21));
                           ^
recovery/normalized-src-vf/l1r/ao/ItemTable.java:126: warning: [removal] Integer(int) in Integer has been deprecated and marked for removal
      g.put("armor_Helm", new Integer(22));
                          ^
recovery/normalized-src-vf/l1r/ao/ItemTable.java:127: warning: [removal] Integer(int) in Integer has been deprecated and marked for removal
      g.put("armor_Ring", new Integer(23));
                          ^
recovery/normalized-src-vf/l1r/ao/ItemTable.java:128: warning: [removal] Integer(int) in Integer has been deprecated and marked for removal
      g.put("armor_Amulet", new Integer(24));
                            ^
recovery/normalized-src-vf/l1r/ao/ItemTable.java:129: warning: [removal] Integer(int) in Integer has been deprecated and marked for removal
      g.put("armor_Shield", new Integer(25));
                            ^
recovery/normalized-src-vf/l1r/ao/ItemTable.java:130: warning: [removal] Integer(int) in Integer has been deprecated and marked for removal
      g.put("dai", new Integer(26));
                   ^
recovery/normalized-src-vf/l1r/ao/ItemTable.java:131: warning: [removal] Integer(int) in Integer has been deprecated and marked for removal
      g.put("zel", new Integer(27));
                   ^
recovery/normalized-src-vf/l1r/ao/ItemTable.java:132: warning: [removal] Integer(int) in Integer has been deprecated and marked for removal
      g.put("blank", new Integer(28));
                     ^
recovery/normalized-src-vf/l1r/ao/ItemTable.java:133: warning: [removal] Integer(int) in Integer has been deprecated and marked for removal
      g.put("btele", new Integer(29));
                     ^
recovery/normalized-src-vf/l1r/ao/ItemTable.java:134: warning: [removal] Integer(int) in Integer has been deprecated and marked for removal
      g.put("skill", new Integer(30));
                     ^
recovery/normalized-src-vf/l1r/ao/ItemTable.java:135: warning: [removal] Integer(int) in Integer has been deprecated and marked for removal
      g.put("ccard", new Integer(31));
                     ^
recovery/normalized-src-vf/l1r/ao/ItemTable.java:136: warning: [removal] Integer(int) in Integer has been deprecated and marked for removal
      g.put("ccard_w", new Integer(32));
                       ^
recovery/normalized-src-vf/l1r/ao/ItemTable.java:137: warning: [removal] Integer(int) in Integer has been deprecated and marked for removal
      g.put("vcard", new Integer(33));
                     ^
recovery/normalized-src-vf/l1r/ao/ItemTable.java:138: warning: [removal] Integer(int) in Integer has been deprecated and marked for removal
      g.put("vcard_w", new Integer(34));
                       ^
recovery/normalized-src-vf/l1r/ao/ItemTable.java:139: warning: [removal] Integer(int) in Integer has been deprecated and marked for removal
      g.put("wcard", new Integer(35));
                     ^
recovery/normalized-src-vf/l1r/ao/ItemTable.java:140: warning: [removal] Integer(int) in Integer has been deprecated and marked for removal
      g.put("wcard_w", new Integer(36));
                       ^
recovery/normalized-src-vf/l1r/ao/ItemTable.java:141: warning: [removal] Integer(int) in Integer has been deprecated and marked for removal
      g.put("armor_Belt", new Integer(37));
                          ^
recovery/normalized-src-vf/l1r/ao/ItemTable.java:142: warning: [removal] Integer(int) in Integer has been deprecated and marked for removal
      g.put("select_short", new Integer(39));
                            ^
recovery/normalized-src-vf/l1r/ao/ItemTable.java:143: warning: [removal] Integer(int) in Integer has been deprecated and marked for removal
      g.put("armor_Earring", new Integer(40));
                             ^
recovery/normalized-src-vf/l1r/ao/ItemTable.java:144: warning: [removal] Integer(int) in Integer has been deprecated and marked for removal
      g.put("fishing_rod", new Integer(42));
                           ^
recovery/normalized-src-vf/l1r/ao/ItemTable.java:145: warning: [removal] Integer(int) in Integer has been deprecated and marked for removal
      g.put("del", new Integer(46));
                   ^
recovery/normalized-src-vf/l1r/ao/ItemTable.java:146: warning: [removal] Integer(int) in Integer has been deprecated and marked for removal
      g.put("select_short", new Integer(50));
                            ^
recovery/normalized-src-vf/l1r/ao/ItemTable.java:147: warning: [removal] Integer(int) in Integer has been deprecated and marked for removal
      g.put("normal", new Integer(51));
                      ^
recovery/normalized-src-vf/l1r/ao/ItemTable.java:148: warning: [removal] Integer(int) in Integer has been deprecated and marked for removal
      g.put("cook_book", new Integer(52));
                         ^
recovery/normalized-src-vf/l1r/ao/ItemTable.java:149: warning: [removal] Integer(int) in Integer has been deprecated and marked for removal
      g.put("doll_s", new Integer(55));
                      ^
recovery/normalized-src-vf/l1r/ao/ItemTable.java:150: warning: [removal] Integer(int) in Integer has been deprecated and marked for removal
      g.put("telbook", new Integer(56));
                       ^
recovery/normalized-src-vf/l1r/ao/ItemTable.java:151: warning: [removal] Integer(int) in Integer has been deprecated and marked for removal
      g.put("flute_color", new Integer(59));
                           ^
recovery/normalized-src-vf/l1r/ao/ItemTable.java:152: warning: [removal] Integer(int) in Integer has been deprecated and marked for removal
      g.put("flute", new Integer(60));
                     ^
recovery/normalized-src-vf/l1r/ao/ItemTable.java:153: warning: [removal] Integer(int) in Integer has been deprecated and marked for removal
      g.put("ras2", new Integer(61));
                    ^
recovery/normalized-src-vf/l1r/ao/ItemTable.java:154: warning: [removal] Integer(int) in Integer has been deprecated and marked for removal
      g.put("ticket_1", new Integer(62));
                        ^
recovery/normalized-src-vf/l1r/ao/ItemTable.java:155: warning: [removal] Integer(int) in Integer has been deprecated and marked for removal
      g.put("ticket_2", new Integer(65));
                        ^
recovery/normalized-src-vf/l1r/ao/ItemTable.java:156: warning: [removal] Integer(int) in Integer has been deprecated and marked for removal
      g.put("armor_Rune", new Integer(66));
                          ^
recovery/normalized-src-vf/l1r/ao/ItemTable.java:157: warning: [removal] Integer(int) in Integer has been deprecated and marked for removal
      g.put("tam", new Integer(68));
                   ^
recovery/normalized-src-vf/l1r/ao/ItemTable.java:158: warning: [removal] Integer(int) in Integer has been deprecated and marked for removal
      g.put("armor_Greaves", new Integer(70));
                             ^
recovery/normalized-src-vf/l1r/ao/ItemTable.java:159: warning: [removal] Integer(int) in Integer has been deprecated and marked for removal
      g.put("armor_Shoulder", new Integer(75));
                              ^
recovery/normalized-src-vf/l1r/ao/ItemTable.java:160: warning: [removal] Integer(int) in Integer has been deprecated and marked for removal
      g.put("armor_Badge", new Integer(76));
                           ^
recovery/normalized-src-vf/l1r/ao/ItemTable.java:179: warning: [removal] Integer(int) in Integer has been deprecated and marked for removal
      e.put("none", new Integer(0));
                    ^
recovery/normalized-src-vf/l1r/ao/ItemTable.java:180: warning: [removal] Integer(int) in Integer has been deprecated and marked for removal
      e.put("liquid", new Integer(1));
                      ^
recovery/normalized-src-vf/l1r/ao/ItemTable.java:181: warning: [removal] Integer(int) in Integer has been deprecated and marked for removal
      e.put("web", new Integer(2));
                   ^
recovery/normalized-src-vf/l1r/ao/ItemTable.java:182: warning: [removal] Integer(int) in Integer has been deprecated and marked for removal
      e.put("vegetation", new Integer(3));
                          ^
recovery/normalized-src-vf/l1r/ao/ItemTable.java:183: warning: [removal] Integer(int) in Integer has been deprecated and marked for removal
      e.put("animalmatter", new Integer(4));
                            ^
recovery/normalized-src-vf/l1r/ao/ItemTable.java:184: warning: [removal] Integer(int) in Integer has been deprecated and marked for removal
      e.put("paper", new Integer(5));
                     ^
recovery/normalized-src-vf/l1r/ao/ItemTable.java:185: warning: [removal] Integer(int) in Integer has been deprecated and marked for removal
      e.put("cloth", new Integer(6));
                     ^
recovery/normalized-src-vf/l1r/ao/ItemTable.java:186: warning: [removal] Integer(int) in Integer has been deprecated and marked for removal
      e.put("leather", new Integer(7));
                       ^
recovery/normalized-src-vf/l1r/ao/ItemTable.java:187: warning: [removal] Integer(int) in Integer has been deprecated and marked for removal
      e.put("wood", new Integer(8));
                    ^
recovery/normalized-src-vf/l1r/ao/ItemTable.java:188: warning: [removal] Integer(int) in Integer has been deprecated and marked for removal
      e.put("bone", new Integer(9));
                    ^
recovery/normalized-src-vf/l1r/ao/ItemTable.java:189: warning: [removal] Integer(int) in Integer has been deprecated and marked for removal
      e.put("dragonscale", new Integer(10));
                           ^
recovery/normalized-src-vf/l1r/ao/ItemTable.java:190: warning: [removal] Integer(int) in Integer has been deprecated and marked for removal
      e.put("iron", new Integer(11));
                    ^
recovery/normalized-src-vf/l1r/ao/ItemTable.java:191: warning: [removal] Integer(int) in Integer has been deprecated and marked for removal
      e.put("steel", new Integer(12));
                     ^
recovery/normalized-src-vf/l1r/ao/ItemTable.java:192: warning: [removal] Integer(int) in Integer has been deprecated and marked for removal
      e.put("copper", new Integer(13));
                      ^
recovery/normalized-src-vf/l1r/ao/ItemTable.java:193: warning: [removal] Integer(int) in Integer has been deprecated and marked for removal
      e.put("silver", new Integer(14));
                      ^
recovery/normalized-src-vf/l1r/ao/ItemTable.java:194: warning: [removal] Integer(int) in Integer has been deprecated and marked for removal
      e.put("gold", new Integer(15));
                    ^
recovery/normalized-src-vf/l1r/ao/ItemTable.java:195: warning: [removal] Integer(int) in Integer has been deprecated and marked for removal
      e.put("platinum", new Integer(16));
                        ^
recovery/normalized-src-vf/l1r/ao/ItemTable.java:196: warning: [removal] Integer(int) in Integer has been deprecated and marked for removal
      e.put("mithril", new Integer(17));
                       ^
recovery/normalized-src-vf/l1r/ao/ItemTable.java:197: warning: [removal] Integer(int) in Integer has been deprecated and marked for removal
      e.put("blackmithril", new Integer(18));
                            ^
recovery/normalized-src-vf/l1r/ao/ItemTable.java:198: warning: [removal] Integer(int) in Integer has been deprecated and marked for removal
      e.put("glass", new Integer(19));
                     ^
recovery/normalized-src-vf/l1r/ao/ItemTable.java:199: warning: [removal] Integer(int) in Integer has been deprecated and marked for removal
      e.put("gemstone", new Integer(20));
                        ^
recovery/normalized-src-vf/l1r/ao/ItemTable.java:200: warning: [removal] Integer(int) in Integer has been deprecated and marked for removal
      e.put("mineral", new Integer(21));
                       ^
recovery/normalized-src-vf/l1r/ao/ItemTable.java:201: warning: [removal] Integer(int) in Integer has been deprecated and marked for removal
      e.put("oriharukon", new Integer(22));
                          ^
recovery/normalized-src-vf/l1r/ao/ItemTable.java:660: warning: [removal] Integer(int) in Integer has been deprecated and marked for removal
            var1.put(new Integer(var5.g()), var5);
                     ^
recovery/normalized-src-vf/l1r/ao/ItemTable.java:745: warning: [removal] Integer(int) in Integer has been deprecated and marked for removal
            var1.put(new Integer(var5.g()), var5);
                     ^
recovery/normalized-src-vf/l1r/ao/ItemTable.java:905: warning: [removal] Integer(int) in Integer has been deprecated and marked for removal
            var1.put(new Integer(var5.g()), var5);
                     ^
recovery/normalized-src-vf/l1r/ao/MapsTable.java:62: warning: [removal] Integer(int) in Integer has been deprecated and marked for removal
               this.c.put(new Integer(var4), var6);
                          ^
recovery/normalized-src-vf/l1r/ao/MobQuestWeekTable.java:62: error: incompatible types: Object cannot be converted to MobQuestWeekTable.a
         MobQuestWeekTable.a var4 = var2.get(var5);
                                            ^
recovery/normalized-src-vf/l1r/ao/NpcChatTable.java:61: warning: [removal] Integer(int) in Integer has been deprecated and marked for removal
               this.c.put(new Integer(var4.a()), var4);
                          ^
recovery/normalized-src-vf/l1r/ao/NpcChatTable.java:63: warning: [removal] Integer(int) in Integer has been deprecated and marked for removal
               this.d.put(new Integer(var4.a()), var4);
                          ^
recovery/normalized-src-vf/l1r/ao/NpcChatTable.java:65: warning: [removal] Integer(int) in Integer has been deprecated and marked for removal
               this.e.put(new Integer(var4.a()), var4);
                          ^
recovery/normalized-src-vf/l1r/ao/NpcChatTable.java:76: warning: [removal] Integer(int) in Integer has been deprecated and marked for removal
      return this.c.get(new Integer(var1));
                        ^
recovery/normalized-src-vf/l1r/ao/NpcChatTable.java:80: warning: [removal] Integer(int) in Integer has been deprecated and marked for removal
      return this.d.get(new Integer(var1));
                        ^
recovery/normalized-src-vf/l1r/ao/NpcChatTable.java:84: warning: [removal] Integer(int) in Integer has been deprecated and marked for removal
      return this.e.get(new Integer(var1));
                        ^
recovery/normalized-src-vf/l1r/ao/NpcSpawnTable.java:74: warning: [removal] Integer(int) in Integer has been deprecated and marked for removal
               this.c.put(new Integer(var13.b()), var13);
                          ^
recovery/normalized-src-vf/l1r/ao/PetItemTable.java:21: warning: [removal] Integer(int) in Integer has been deprecated and marked for removal
      d.put("armor", new Integer(0));
                     ^
recovery/normalized-src-vf/l1r/ao/PetItemTable.java:22: warning: [removal] Integer(int) in Integer has been deprecated and marked for removal
      d.put("tooth", new Integer(1));
                     ^
recovery/normalized-src-vf/l1r/ao/PetTable.java:60: warning: [removal] Integer(int) in Integer has been deprecated and marked for removal
            this.c.put(new Integer(var5), var4);
                       ^
recovery/normalized-src-vf/l1r/ao/PetTable.java:82: warning: [removal] Integer(int) in Integer has been deprecated and marked for removal
      this.c.put(new Integer(var2), var4);
                 ^
recovery/normalized-src-vf/l1r/ao/PetTable.java:120: warning: [removal] Integer(int) in Integer has been deprecated and marked for removal
      this.c.put(new Integer(var3), var4);
                 ^
recovery/normalized-src-vf/l1r/ao/PetTable.java:262: warning: [removal] Integer(int) in Integer has been deprecated and marked for removal
      this.c.put(new Integer(var3), var7);
                 ^
recovery/normalized-src-vf/l1r/ao/PetTable.java:289: warning: [removal] Integer(int) in Integer has been deprecated and marked for removal
      return this.c.get(new Integer(var1));
                        ^
recovery/normalized-src-vf/l1r/ao/QuestNewTable.java:136: error: reference to a is ambiguous
            PBMessageALL3.g var6 = PBMessageALL3.g.a(var5);
                                                  ^
  both method a(g) in g and method a(h) in g match
recovery/normalized-src-vf/l1r/ao/QuestNewTable.java:139: error: reference to a is ambiguous
               PBMessageALL7.e var9 = PBMessageALL7.e.a(var7);
                                                     ^
  both method a(g) in e and method a(h) in e match
recovery/normalized-src-vf/l1r/ao/QuestNewTable.java:148: error: reference to a is ambiguous
                     var11[var12] = var9.a(var12);
                                        ^
  both method a(g) in e and method a(h) in e match
recovery/normalized-src-vf/l1r/ao/QuestNewTable.java:148: error: incompatible types: e cannot be converted to int
                     var11[var12] = var9.a(var12);
                                          ^
recovery/normalized-src-vf/l1r/ao/RankingTable.java:218: error: incompatible types: Object cannot be converted to int
               int var7 = var3.get(var6);
                                  ^
recovery/normalized-src-vf/l1r/ao/RankingTable.java:230: error: <anonymous l1r.ao.RankingTable$1> is not abstract and does not override abstract method compare(RankingTable.a,RankingTable.a) in Comparator
      Collections.sort(var1, new Comparator<RankingTable.a>() {
                                                              ^
recovery/normalized-src-vf/l1r/ao/RankingTable.java:237: error: name clash: compare(Object,Object) in <anonymous l1r.ao.RankingTable$1> and compare(RankingTable.a,RankingTable.a) in Comparator have the same erasure, yet neither overrides the other
         public int compare(Object var1, Object var2) {
                    ^
recovery/normalized-src-vf/l1r/ao/RankingTable.java:236: error: method does not override or implement a method from a supertype
         @Override
         ^
recovery/normalized-src-vf/l1r/ao/ResolventTable.java:92: warning: [removal] Integer(int) in Integer has been deprecated and marked for removal
            this.c.put(new Integer(var4), var5);
                       ^
recovery/normalized-src-vf/l1r/ao/ShopTable.java:97: error: incompatible types: Object cannot be converted to L1Item
      for (L1Item var6 : var4.values()) {
                                    ^
recovery/normalized-src-vf/l1r/ao/ShopTable.java:110: error: <anonymous l1r.ao.ShopTable$1> is not abstract and does not override abstract method compare(L1ShopItem,L1ShopItem) in Comparator
      Collections.sort(var5, new Comparator<L1ShopItem>() {
                                                          ^
recovery/normalized-src-vf/l1r/ao/ShopTable.java:117: error: name clash: compare(Object,Object) in <anonymous l1r.ao.ShopTable$1> and compare(L1ShopItem,L1ShopItem) in Comparator have the same erasure, yet neither overrides the other
         public int compare(Object var1, Object var2) {
                    ^
recovery/normalized-src-vf/l1r/ao/ShopTable.java:116: error: method does not override or implement a method from a supertype
         @Override
         ^
recovery/normalized-src-vf/l1r/ao/ShopTable.java:135: error: incompatible types: Object cannot be converted to L1ShopItem
            for (L1ShopItem var7 : var6) {
                                   ^
recovery/normalized-src-vf/l1r/ao/SkillsTable.java:77: warning: [removal] Integer(int) in Integer has been deprecated and marked for removal
         this.c.put(new Integer(var3), var2);
                    ^
recovery/normalized-src-vf/l1r/ao/SkillsTable.java:136: warning: [removal] Integer(int) in Integer has been deprecated and marked for removal
      return this.c.get(new Integer(var1));
                        ^
recovery/normalized-src-vf/l1r/ao/SoulTowerTable.java:79: error: <anonymous l1r.ao.SoulTowerTable$1> is not abstract and does not override abstract method compare(SoulTowerTable.a,SoulTowerTable.a) in Comparator
         Collections.sort(this.c, new Comparator<SoulTowerTable.a>() {
                                                                     ^
recovery/normalized-src-vf/l1r/ao/SoulTowerTable.java:86: error: name clash: compare(Object,Object) in <anonymous l1r.ao.SoulTowerTable$1> and compare(SoulTowerTable.a,SoulTowerTable.a) in Comparator have the same erasure, yet neither overrides the other
            public int compare(Object var1, Object var2) {
                       ^
recovery/normalized-src-vf/l1r/ao/SoulTowerTable.java:85: error: method does not override or implement a method from a supertype
            @Override
            ^
recovery/normalized-src-vf/l1r/ao/SpawnTable.java:113: warning: [removal] Integer(int) in Integer has been deprecated and marked for removal
               this.c.put(new Integer(var4.b()), var4);
                          ^
recovery/normalized-src-vf/l1r/ao/SpawnTable.java:127: warning: [removal] Integer(int) in Integer has been deprecated and marked for removal
      return this.c.get(new Integer(var1));
                        ^
recovery/normalized-src-vf/l1r/ao/TownTable.java:56: warning: [removal] Integer(int) in Integer has been deprecated and marked for removal
            this.c.put(new Integer(var4), var5);
                       ^
recovery/normalized-src-vf/l1r/ao/TreasureBoxTable.java:122: error: <anonymous l1r.ao.TreasureBoxTable$b$1> is not abstract and does not override abstract method compare(TreasureBoxTable.a,TreasureBoxTable.a) in Comparator
         Collections.sort(this.c, new Comparator<TreasureBoxTable.a>() {
                                                                       ^
recovery/normalized-src-vf/l1r/ao/TreasureBoxTable.java:129: error: name clash: compare(Object,Object) in <anonymous l1r.ao.TreasureBoxTable$b$1> and compare(TreasureBoxTable.a,TreasureBoxTable.a) in Comparator have the same erasure, yet neither overrides the other
            public int compare(Object var1, Object var2) {
                       ^
recovery/normalized-src-vf/l1r/ao/TreasureBoxTable.java:128: error: method does not override or implement a method from a supertype
            @Override
            ^
recovery/normalized-src-vf/l1r/ap/L1MonsterInstance.java:493: error: method does not override or implement a method from a supertype
   @Override
   ^
recovery/normalized-src-vf/l1r/ap/L1MonsterInstance.java:497: error: 'void' type not allowed here
            if (!var6.b(this)) {
                       ^
recovery/normalized-src-vf/l1r/ap/L1MonsterInstance.java:514: error: 'void' type not allowed here
            if (!var5.b(this)) {
                       ^
recovery/normalized-src-vf/l1r/ap/L1MonsterInstance.java:527: error: 'void' type not allowed here
            if (!var4.b(this)) {
                       ^
recovery/normalized-src-vf/l1r/ap/L1MonsterInstance.java:543: error: 'void' type not allowed here
            if (!var2.b(this)) {
                       ^
recovery/normalized-src-vf/l1r/ap/L1TowerInstance.java:173: error: method does not override or implement a method from a supertype
   @Override
   ^
recovery/normalized-src-vf/l1r/bf/L1SkillExecutor.java:383: error: incompatible types: Object cannot be converted to L1Object
      for (L1Object var6 : var5) {
                           ^
recovery/normalized-src-vf/l1r/ap/L1GfxInstance.java:27: error: 'void' type not allowed here
      var1.ct(var1.a(var2));
                    ^
recovery/normalized-src-vf/l1r/ap/L1SummonInstance.java:497: error: method does not override or implement a method from a supertype
   @Override
   ^
recovery/normalized-src-vf/l1r/aq/L1Alchemy.java:103: error: incompatible types: a.p.a cannot be converted to l1r.an.PBMessageALL.a.a
         PBMessageALL.a.a var5 = PBMessageALL.a.aa();
                                                  ^
recovery/normalized-src-vf/l1r/aq/L1Alchemy.java:165: error: incompatible types: a.p.a cannot be converted to l1r.an.PBMessageALL3.a.a
      PBMessageALL3.a.a var3 = PBMessageALL3.a.aa();
                                                 ^
recovery/normalized-src-vf/l1r/aq/L1Alchemy.java:168: error: incompatible types: Object cannot be converted to L1Item
      for (L1Item var4 : var2) {
                         ^
recovery/normalized-src-vf/l1r/aq/L1Alchemy.java:169: error: incompatible types: a.p.a cannot be converted to l1r.an.PBMessageALL.a.a
         PBMessageALL.a.a var6 = PBMessageALL.a.aa();
                                                  ^
recovery/normalized-src-vf/l1r/aq/L1Alchemy.java:192: error: incompatible types: a.p.a cannot be converted to l1r.an.PBMessageALL3.a.a
      PBMessageALL3.a.a var3 = PBMessageALL3.a.aa();
                                                 ^
recovery/normalized-src-vf/l1r/aq/L1Alchemy.java:195: error: incompatible types: Object cannot be converted to L1Item
      for (L1Item var4 : var2) {
                         ^
recovery/normalized-src-vf/l1r/aq/L1Alchemy.java:196: error: incompatible types: a.p.a cannot be converted to l1r.an.PBMessageALL.a.a
         PBMessageALL.a.a var6 = PBMessageALL.a.aa();
                                                  ^
recovery/normalized-src-vf/l1r/aq/L1Alchemy.java:237: error: incompatible types: Object cannot be converted to L1Item
            L1Item var10 = var9.get(Random.a(var9.size()));
                                   ^
recovery/normalized-src-vf/l1r/aq/L1Alchemy.java:263: error: incompatible types: Object cannot be converted to L1Item
            L1Item var18 = var17.get(Random.a(var17.size()));
                                    ^
recovery/normalized-src-vf/l1r/aq/L1CastleLocation.java:143: error: incompatible types: Object cannot be converted to int
            return var1.getKey();
                              ^
recovery/normalized-src-vf/l1r/aq/L1CastleLocation.java:156: error: cannot find symbol
         if (var1.getValue().a(var0)) {
                            ^
  symbol:   method a(L1Location)
  location: class Object
recovery/normalized-src-vf/l1r/aq/L1CastleLocation.java:157: error: incompatible types: Object cannot be converted to int
            return var1.getKey();
                              ^
recovery/normalized-src-vf/l1r/aq/L1CastleLocation.java:162: error: bad operand types for binary operator '=='
         if (var3.getValue() == var0.b()) {
                             ^
  first type:  Object
  second type: int
recovery/normalized-src-vf/l1r/aq/L1CastleLocation.java:163: error: incompatible types: Object cannot be converted to int
            return var3.getKey();
                              ^
recovery/normalized-src-vf/l1r/aq/L1Dungeon.java:51: error: incompatible types: Logger cannot be converted to b
            L1Dungeon.b var13 = L1Dungeon.b.a;
                                           ^
recovery/normalized-src-vf/l1r/aq/L1Dungeon.java:65: error: cannot find symbol
                                 var13 = L1Dungeon.b.i;
                                                    ^
  symbol:   variable i
  location: variable b of type L1Dungeon
recovery/normalized-src-vf/l1r/aq/L1Dungeon.java:67: error: cannot find symbol
                                 var13 = L1Dungeon.b.h;
                                                    ^
  symbol:   variable h
  location: variable b of type L1Dungeon
recovery/normalized-src-vf/l1r/aq/L1Dungeon.java:70: error: cannot find symbol
                              var13 = L1Dungeon.b.g;
                                                 ^
  symbol:   variable g
  location: variable b of type L1Dungeon
recovery/normalized-src-vf/l1r/aq/L1Dungeon.java:73: error: cannot find symbol
                           var13 = L1Dungeon.b.f;
                                              ^
  symbol:   variable f
  location: variable b of type L1Dungeon
recovery/normalized-src-vf/l1r/aq/L1Dungeon.java:76: error: incompatible types: long cannot be converted to b
                        var13 = L1Dungeon.b.e;
                                           ^
recovery/normalized-src-vf/l1r/aq/L1Dungeon.java:79: error: incompatible types: long cannot be converted to b
                     var13 = L1Dungeon.b.d;
                                        ^
recovery/normalized-src-vf/l1r/aq/L1Dungeon.java:82: error: incompatible types: HashMap<Long,L1Dungeon.a> cannot be converted to b
                  var13 = L1Dungeon.b.c;
                                     ^
recovery/normalized-src-vf/l1r/aq/L1Dungeon.java:85: error: incompatible types: L1Dungeon cannot be converted to b
               var13 = L1Dungeon.b.b;
                                  ^
recovery/normalized-src-vf/l1r/aq/L1Dungeon.java:105: error: incompatible types: Logger cannot be converted to b
      L1Dungeon.a var5 = new L1Dungeon.a(var2.f(), var2.g(), (short)var2.b(), 5, L1Dungeon.b.a, null);
                                                                                            ^
recovery/normalized-src-vf/l1r/aq/L1Dungeon.java:127: error: incomparable types: b and Logger
      if (var12 == L1Dungeon.b.a) {
                ^
recovery/normalized-src-vf/l1r/aq/L1Dungeon.java:129: error: cannot find symbol
      } else if (var12 == L1Dungeon.b.i) {
                                     ^
  symbol:   variable i
  location: variable b of type L1Dungeon
recovery/normalized-src-vf/l1r/aq/L1Dungeon.java:143: error: cannot find symbol
         if (var12 == L1Dungeon.b.h) {
                                 ^
  symbol:   variable h
  location: variable b of type L1Dungeon
recovery/normalized-src-vf/l1r/aq/L1Dungeon.java:147: error: cannot find symbol
         if (var12 == L1Dungeon.b.f && var4.j().g(40299, 1) || var12 == L1Dungeon.b.b && var4.j().g(40300, 1) || var12 == L1Dungeon.b.d && var4.j().g(40302, 1)
                                 ^
  symbol:   variable f
  location: variable b of type L1Dungeon
recovery/normalized-src-vf/l1r/aq/L1Dungeon.java:147: error: incomparable types: b and L1Dungeon
         if (var12 == L1Dungeon.b.f && var4.j().g(40299, 1) || var12 == L1Dungeon.b.b && var4.j().g(40300, 1) || var12 == L1Dungeon.b.d && var4.j().g(40302, 1)
                                                                     ^
recovery/normalized-src-vf/l1r/aq/L1Dungeon.java:147: error: bad operand types for binary operator '=='
         if (var12 == L1Dungeon.b.f && var4.j().g(40299, 1) || var12 == L1Dungeon.b.b && var4.j().g(40300, 1) || var12 == L1Dungeon.b.d && var4.j().g(40302, 1)
                                                                                                                       ^
  first type:  b
  second type: long
recovery/normalized-src-vf/l1r/aq/L1Dungeon.java:161: error: cannot find symbol
         } else if (var12 == L1Dungeon.b.g && var4.j().g(40298, 1)
                                        ^
  symbol:   variable g
  location: variable b of type L1Dungeon
recovery/normalized-src-vf/l1r/aq/L1Dungeon.java:162: error: incomparable types: b and HashMap<Long,L1Dungeon.a>
            || var12 == L1Dungeon.b.c && var4.j().g(40308, 1000)
                     ^
recovery/normalized-src-vf/l1r/aq/L1Dungeon.java:163: error: bad operand types for binary operator '=='
            || var12 == L1Dungeon.b.e && var4.j().g(40303, 1)) {
                     ^
  first type:  b
  second type: long
recovery/normalized-src-vf/l1r/aq/L1Getback.java:97: error: incompatible types: Object cannot be converted to L1Getback
         for (L1Getback var8 : var6) {
                               ^
recovery/normalized-src-vf/l1r/aq/L1SpawnBoss.java:37: error: method does not override or implement a method from a supertype
   @Override
   ^
recovery/normalized-src-vf/l1r/aq/L1Teleport.java:148: error: incompatible types: Object cannot be converted to L1PcInstance
            for (L1PcInstance var17 : var7) {
                                      ^
recovery/normalized-src-vf/l1r/as/L1BugBearRace.java:186: warning: [removal] Integer(int) in Integer has been deprecated and marked for removal
      this.m.put(new Integer(var4.c), var4);
                 ^
recovery/normalized-src-vf/l1r/as/L1HardinBattle.java:614: error: no suitable method found for a(Object)
                     DoorTable.b().a(var67.get(var68));
                                  ^
    method DoorTable.a(L1DoorInstance) is not applicable
      (argument mismatch; Object cannot be converted to L1DoorInstance)
    method DoorTable.a(L1Location) is not applicable
      (argument mismatch; Object cannot be converted to L1Location)
recovery/normalized-src-vf/l1r/as/L1OrimBattle.java:188: error: incompatible types: Object cannot be converted to L1NpcInstance
            for (L1NpcInstance var11 : var5) {
                                       ^
recovery/normalized-src-vf/l1r/as/L1OrimBattle.java:204: error: incompatible types: Object cannot be converted to L1NpcInstance
            for (L1NpcInstance var15 : var3) {
                                       ^
recovery/normalized-src-vf/l1r/as/L1OrimBattle.java:229: error: incompatible types: Object cannot be converted to L1NpcInstance
      for (L1NpcInstance var17 : var5) {
                                 ^
recovery/normalized-src-vf/l1r/as/L1SoulTower.java:215: error: incompatible types: Object cannot be converted to L1DoorInstance
            for (L1DoorInstance var18 : var15) {
                                        ^
recovery/normalized-src-vf/l1r/as/L1SoulTower.java:236: error: incompatible types: Object cannot be converted to L1DoorInstance
            for (L1DoorInstance var35 : var33) {
                                        ^
recovery/normalized-src-vf/l1r/as/L1SoulTower.java:262: error: incompatible types: Object cannot be converted to L1DoorInstance
            for (L1DoorInstance var40 : var36) {
                                        ^
recovery/normalized-src-vf/l1r/as/L1ThebesBattle.java:183: error: <anonymous l1r.as.L1ThebesBattle$1> is not abstract and does not override abstract method compare(L1ThebesBattle.g,L1ThebesBattle.g) in Comparator
      Collections.sort(var1, new Comparator<L1ThebesBattle.g>() {
                                                                ^
recovery/normalized-src-vf/l1r/as/L1ThebesBattle.java:190: error: name clash: compare(Object,Object) in <anonymous l1r.as.L1ThebesBattle$1> and compare(L1ThebesBattle.g,L1ThebesBattle.g) in Comparator have the same erasure, yet neither overrides the other
         public int compare(Object var1, Object var2) {
                    ^
recovery/normalized-src-vf/l1r/as/L1ThebesBattle.java:189: error: method does not override or implement a method from a supertype
         @Override
         ^
recovery/normalized-src-vf/l1r/as/L1ThebesBattle.java:194: error: <anonymous l1r.as.L1ThebesBattle$2> is not abstract and does not override abstract method compare(L1ThebesBattle.g,L1ThebesBattle.g) in Comparator
      Collections.sort(var2, new Comparator<L1ThebesBattle.g>() {
                                                                ^
recovery/normalized-src-vf/l1r/as/L1ThebesBattle.java:201: error: name clash: compare(Object,Object) in <anonymous l1r.as.L1ThebesBattle$2> and compare(L1ThebesBattle.g,L1ThebesBattle.g) in Comparator have the same erasure, yet neither overrides the other
         public int compare(Object var1, Object var2) {
                    ^
recovery/normalized-src-vf/l1r/as/L1ThebesBattle.java:200: error: method does not override or implement a method from a supertype
         @Override
         ^
recovery/normalized-src-vf/l1r/as/L1ThebesBattle.java:205: error: <anonymous l1r.as.L1ThebesBattle$3> is not abstract and does not override abstract method compare(L1ThebesBattle.g,L1ThebesBattle.g) in Comparator
      Collections.sort(var3, new Comparator<L1ThebesBattle.g>() {
                                                                ^
recovery/normalized-src-vf/l1r/as/L1ThebesBattle.java:212: error: name clash: compare(Object,Object) in <anonymous l1r.as.L1ThebesBattle$3> and compare(L1ThebesBattle.g,L1ThebesBattle.g) in Comparator have the same erasure, yet neither overrides the other
         public int compare(Object var1, Object var2) {
                    ^
recovery/normalized-src-vf/l1r/as/L1ThebesBattle.java:211: error: method does not override or implement a method from a supertype
         @Override
         ^
recovery/normalized-src-vf/l1r/as/L1ThebesBattle.java:220: error: no suitable constructor found for S_ProtoBuffers(int,String,Object[])
               var13.a(new S_ProtoBuffers(this.e, var13.et(), var1.toArray(new L1ThebesBattle.g[0])));
                       ^
    constructor S_ProtoBuffers.S_ProtoBuffers(int,int,int) is not applicable
      (argument mismatch; String cannot be converted to int)
    constructor S_ProtoBuffers.S_ProtoBuffers(int,L1Craft,int) is not applicable
      (argument mismatch; String cannot be converted to L1Craft)
    constructor S_ProtoBuffers.S_ProtoBuffers(int,String...) is not applicable
      (varargs mismatch; Object[] cannot be converted to String)
    constructor S_ProtoBuffers.S_ProtoBuffers(SoulTowerTable.a...) is not applicable
      (varargs mismatch; int cannot be converted to SoulTowerTable.a)
    constructor S_ProtoBuffers.S_ProtoBuffers(int,L1Castle...) is not applicable
      (varargs mismatch; String cannot be converted to L1Castle)
    constructor S_ProtoBuffers.S_ProtoBuffers(int,int,String) is not applicable
      (argument mismatch; String cannot be converted to int)
    constructor S_ProtoBuffers.S_ProtoBuffers(int,String,int...) is not applicable
      (varargs mismatch; Object[] cannot be converted to int)
    constructor S_ProtoBuffers.S_ProtoBuffers(L1PcInstance,String,int) is not applicable
      (argument mismatch; int cannot be converted to L1PcInstance)
    constructor S_ProtoBuffers.S_ProtoBuffers(ArrayList<Integer>,ArrayList<Integer>,int) is not applicable
      (argument mismatch; int cannot be converted to ArrayList<Integer>)
    constructor S_ProtoBuffers.S_ProtoBuffers(int,String,L1ThebesBattle.g...) is not applicable
      (varargs mismatch; Object[] cannot be converted to L1ThebesBattle.g)
recovery/normalized-src-vf/l1r/as/L1ThebesBattle.java:222: error: no suitable constructor found for S_ProtoBuffers(int,String,Object[])
               var13.a(new S_ProtoBuffers(this.f, var13.et(), var2.toArray(new L1ThebesBattle.g[0])));
                       ^
    constructor S_ProtoBuffers.S_ProtoBuffers(int,int,int) is not applicable
      (argument mismatch; String cannot be converted to int)
    constructor S_ProtoBuffers.S_ProtoBuffers(int,L1Craft,int) is not applicable
      (argument mismatch; String cannot be converted to L1Craft)
    constructor S_ProtoBuffers.S_ProtoBuffers(int,String...) is not applicable
      (varargs mismatch; Object[] cannot be converted to String)
    constructor S_ProtoBuffers.S_ProtoBuffers(SoulTowerTable.a...) is not applicable
      (varargs mismatch; int cannot be converted to SoulTowerTable.a)
    constructor S_ProtoBuffers.S_ProtoBuffers(int,L1Castle...) is not applicable
      (varargs mismatch; String cannot be converted to L1Castle)
    constructor S_ProtoBuffers.S_ProtoBuffers(int,int,String) is not applicable
      (argument mismatch; String cannot be converted to int)
    constructor S_ProtoBuffers.S_ProtoBuffers(int,String,int...) is not applicable
      (varargs mismatch; Object[] cannot be converted to int)
    constructor S_ProtoBuffers.S_ProtoBuffers(L1PcInstance,String,int) is not applicable
      (argument mismatch; int cannot be converted to L1PcInstance)
    constructor S_ProtoBuffers.S_ProtoBuffers(ArrayList<Integer>,ArrayList<Integer>,int) is not applicable
      (argument mismatch; int cannot be converted to ArrayList<Integer>)
    constructor S_ProtoBuffers.S_ProtoBuffers(int,String,L1ThebesBattle.g...) is not applicable
      (varargs mismatch; Object[] cannot be converted to L1ThebesBattle.g)
recovery/normalized-src-vf/l1r/as/L1ThebesBattle.java:224: error: no suitable constructor found for S_ProtoBuffers(int,String,Object[])
               var13.a(new S_ProtoBuffers(this.g, var13.et(), var3.toArray(new L1ThebesBattle.g[0])));
                       ^
    constructor S_ProtoBuffers.S_ProtoBuffers(int,int,int) is not applicable
      (argument mismatch; String cannot be converted to int)
    constructor S_ProtoBuffers.S_ProtoBuffers(int,L1Craft,int) is not applicable
      (argument mismatch; String cannot be converted to L1Craft)
    constructor S_ProtoBuffers.S_ProtoBuffers(int,String...) is not applicable
      (varargs mismatch; Object[] cannot be converted to String)
    constructor S_ProtoBuffers.S_ProtoBuffers(SoulTowerTable.a...) is not applicable
      (varargs mismatch; int cannot be converted to SoulTowerTable.a)
    constructor S_ProtoBuffers.S_ProtoBuffers(int,L1Castle...) is not applicable
      (varargs mismatch; String cannot be converted to L1Castle)
    constructor S_ProtoBuffers.S_ProtoBuffers(int,int,String) is not applicable
      (argument mismatch; String cannot be converted to int)
    constructor S_ProtoBuffers.S_ProtoBuffers(int,String,int...) is not applicable
      (varargs mismatch; Object[] cannot be converted to int)
    constructor S_ProtoBuffers.S_ProtoBuffers(L1PcInstance,String,int) is not applicable
      (argument mismatch; int cannot be converted to L1PcInstance)
    constructor S_ProtoBuffers.S_ProtoBuffers(ArrayList<Integer>,ArrayList<Integer>,int) is not applicable
      (argument mismatch; int cannot be converted to ArrayList<Integer>)
    constructor S_ProtoBuffers.S_ProtoBuffers(int,String,L1ThebesBattle.g...) is not applicable
      (varargs mismatch; Object[] cannot be converted to L1ThebesBattle.g)
recovery/normalized-src-vf/l1r/as/L1ThebesBattle.java:238: error: no suitable constructor found for S_ProtoBuffers(int,String,Object[])
         var1.a(new S_ProtoBuffers(this.e, var1.et(), var2.toArray(new L1ThebesBattle.g[0])));
                ^
    constructor S_ProtoBuffers.S_ProtoBuffers(int,int,int) is not applicable
      (argument mismatch; String cannot be converted to int)
    constructor S_ProtoBuffers.S_ProtoBuffers(int,L1Craft,int) is not applicable
      (argument mismatch; String cannot be converted to L1Craft)
    constructor S_ProtoBuffers.S_ProtoBuffers(int,String...) is not applicable
      (varargs mismatch; Object[] cannot be converted to String)
    constructor S_ProtoBuffers.S_ProtoBuffers(SoulTowerTable.a...) is not applicable
      (varargs mismatch; int cannot be converted to SoulTowerTable.a)
    constructor S_ProtoBuffers.S_ProtoBuffers(int,L1Castle...) is not applicable
      (varargs mismatch; String cannot be converted to L1Castle)
    constructor S_ProtoBuffers.S_ProtoBuffers(int,int,String) is not applicable
      (argument mismatch; String cannot be converted to int)
    constructor S_ProtoBuffers.S_ProtoBuffers(int,String,int...) is not applicable
      (varargs mismatch; Object[] cannot be converted to int)
    constructor S_ProtoBuffers.S_ProtoBuffers(L1PcInstance,String,int) is not applicable
      (argument mismatch; int cannot be converted to L1PcInstance)
    constructor S_ProtoBuffers.S_ProtoBuffers(ArrayList<Integer>,ArrayList<Integer>,int) is not applicable
      (argument mismatch; int cannot be converted to ArrayList<Integer>)
    constructor S_ProtoBuffers.S_ProtoBuffers(int,String,L1ThebesBattle.g...) is not applicable
      (varargs mismatch; Object[] cannot be converted to L1ThebesBattle.g)
recovery/normalized-src-vf/l1r/as/L1ThebesBattle.java:240: error: no suitable constructor found for S_ProtoBuffers(int,String,Object[])
         var1.a(new S_ProtoBuffers(this.f, var1.et(), var2.toArray(new L1ThebesBattle.g[0])));
                ^
    constructor S_ProtoBuffers.S_ProtoBuffers(int,int,int) is not applicable
      (argument mismatch; String cannot be converted to int)
    constructor S_ProtoBuffers.S_ProtoBuffers(int,L1Craft,int) is not applicable
      (argument mismatch; String cannot be converted to L1Craft)
    constructor S_ProtoBuffers.S_ProtoBuffers(int,String...) is not applicable
      (varargs mismatch; Object[] cannot be converted to String)
    constructor S_ProtoBuffers.S_ProtoBuffers(SoulTowerTable.a...) is not applicable
      (varargs mismatch; int cannot be converted to SoulTowerTable.a)
    constructor S_ProtoBuffers.S_ProtoBuffers(int,L1Castle...) is not applicable
      (varargs mismatch; String cannot be converted to L1Castle)
    constructor S_ProtoBuffers.S_ProtoBuffers(int,int,String) is not applicable
      (argument mismatch; String cannot be converted to int)
    constructor S_ProtoBuffers.S_ProtoBuffers(int,String,int...) is not applicable
      (varargs mismatch; Object[] cannot be converted to int)
    constructor S_ProtoBuffers.S_ProtoBuffers(L1PcInstance,String,int) is not applicable
      (argument mismatch; int cannot be converted to L1PcInstance)
    constructor S_ProtoBuffers.S_ProtoBuffers(ArrayList<Integer>,ArrayList<Integer>,int) is not applicable
      (argument mismatch; int cannot be converted to ArrayList<Integer>)
    constructor S_ProtoBuffers.S_ProtoBuffers(int,String,L1ThebesBattle.g...) is not applicable
      (varargs mismatch; Object[] cannot be converted to L1ThebesBattle.g)
recovery/normalized-src-vf/l1r/as/L1ThebesBattle.java:242: error: no suitable constructor found for S_ProtoBuffers(int,String,Object[])
         var1.a(new S_ProtoBuffers(this.g, var1.et(), var2.toArray(new L1ThebesBattle.g[0])));
                ^
    constructor S_ProtoBuffers.S_ProtoBuffers(int,int,int) is not applicable
      (argument mismatch; String cannot be converted to int)
    constructor S_ProtoBuffers.S_ProtoBuffers(int,L1Craft,int) is not applicable
      (argument mismatch; String cannot be converted to L1Craft)
    constructor S_ProtoBuffers.S_ProtoBuffers(int,String...) is not applicable
      (varargs mismatch; Object[] cannot be converted to String)
    constructor S_ProtoBuffers.S_ProtoBuffers(SoulTowerTable.a...) is not applicable
      (varargs mismatch; int cannot be converted to SoulTowerTable.a)
    constructor S_ProtoBuffers.S_ProtoBuffers(int,L1Castle...) is not applicable
      (varargs mismatch; String cannot be converted to L1Castle)
    constructor S_ProtoBuffers.S_ProtoBuffers(int,int,String) is not applicable
      (argument mismatch; String cannot be converted to int)
    constructor S_ProtoBuffers.S_ProtoBuffers(int,String,int...) is not applicable
      (varargs mismatch; Object[] cannot be converted to int)
    constructor S_ProtoBuffers.S_ProtoBuffers(L1PcInstance,String,int) is not applicable
      (argument mismatch; int cannot be converted to L1PcInstance)
    constructor S_ProtoBuffers.S_ProtoBuffers(ArrayList<Integer>,ArrayList<Integer>,int) is not applicable
      (argument mismatch; int cannot be converted to ArrayList<Integer>)
    constructor S_ProtoBuffers.S_ProtoBuffers(int,String,L1ThebesBattle.g...) is not applicable
      (varargs mismatch; Object[] cannot be converted to L1ThebesBattle.g)
recovery/normalized-src-vf/l1r/ay/L1PcAtkMonitor.java:37: error: double cannot be dereferenced
            int var5 = var1.ce().b(L1SpeedChecker.a.b);
                                                   ^
recovery/normalized-src-vf/l1r/ba/HomeTownTimer.java:67: error: incompatible types: Object cannot be converted to L1PcInstance
      for (L1PcInstance var2 : var1) {
                               ^
recovery/normalized-src-vf/l1r/ba/HomeTownTimer.java:76: error: incompatible types: Object cannot be converted to L1PcInstance
            for (L1PcInstance var5 : var1) {
                                     ^
recovery/normalized-src-vf/l1r/ba/HomeTownTimer.java:87: error: incompatible types: Object cannot be converted to L1PcInstance
      for (L1PcInstance var8 : var1) {
                               ^
recovery/normalized-src-vf/l1r/bd/L1MonsterTrap.java:56: error: incompatible types: Object cannot be converted to Point
               for (Point var5 : var3) {
                                 ^
recovery/normalized-src-vf/l1r/be/S_Board.java:34: error: incompatible types: Object cannot be converted to L1BoardTopic
      for (L1BoardTopic var4 : var3) {
                               ^
recovery/normalized-src-vf/l1r/be/S_Bookmarks.java:64: error: incompatible types: Object cannot be converted to L1BookMark
         for (L1BookMark var16 : var2) {
                                 ^
recovery/normalized-src-vf/l1r/be/S_Bookmarks.java:75: error: incompatible types: Object cannot be converted to L1BookMark
         for (L1BookMark var17 : var2) {
                                 ^
recovery/normalized-src-vf/l1r/be/S_CharEvent.java:76: error: <anonymous l1r.be.S_CharEvent$1> is not abstract and does not override abstract method compare(ShopWorldTable.b,ShopWorldTable.b) in Comparator
      Collections.sort(var2, new Comparator<ShopWorldTable.b>() {
                                                                ^
recovery/normalized-src-vf/l1r/be/S_CharEvent.java:83: error: name clash: compare(Object,Object) in <anonymous l1r.be.S_CharEvent$1> and compare(ShopWorldTable.b,ShopWorldTable.b) in Comparator have the same erasure, yet neither overrides the other
         public int compare(Object var1, Object var2) {
                    ^
recovery/normalized-src-vf/l1r/be/S_CharEvent.java:82: error: method does not override or implement a method from a supertype
         @Override
         ^
recovery/normalized-src-vf/l1r/be/S_CharEvent.java:88: error: incompatible types: Object cannot be converted to ShopWorldTable.b
      for (ShopWorldTable.b var3 : var2) {
                                   ^
recovery/normalized-src-vf/l1r/be/S_DollPack.java:19: error: reference to h is ambiguous
      var2.h(0);
          ^
  both method h(int) in a and method h(g) in a match
recovery/normalized-src-vf/l1r/be/S_DollPack.java:22: error: reference to i is ambiguous
      var2.i(var1.fc());
          ^
  both method i(int) in a and method i(g) in a match
recovery/normalized-src-vf/l1r/be/S_DoorPack.java:30: error: reference to h is ambiguous
      var2.h(0);
          ^
  both method h(int) in a and method h(g) in a match
recovery/normalized-src-vf/l1r/be/S_DoorPack.java:33: error: reference to i is ambiguous
      var2.i(0);
          ^
  both method i(int) in a and method i(g) in a match
recovery/normalized-src-vf/l1r/be/S_DropItemPack.java:27: error: reference to h is ambiguous
      var4.h(0);
          ^
  both method h(int) in a and method h(g) in a match
recovery/normalized-src-vf/l1r/be/S_DropItemPack.java:52: error: reference to i is ambiguous
      var4.i(0);
          ^
  both method i(int) in a and method i(g) in a match
recovery/normalized-src-vf/l1r/be/S_FixWeaponList.java:21: error: incompatible types: Object cannot be converted to L1ItemInstance
      for (L1ItemInstance var6 : var2) {
                                 ^
recovery/normalized-src-vf/l1r/be/S_FollowerPack.java:19: error: reference to h is ambiguous
      var2.h(var1.fa());
          ^
  both method h(int) in a and method h(g) in a match
recovery/normalized-src-vf/l1r/be/S_FollowerPack.java:22: error: reference to i is ambiguous
      var2.i(var1.fc());
          ^
  both method i(int) in a and method i(g) in a match
recovery/normalized-src-vf/l1r/be/S_KeeperPack.java:19: error: reference to h is ambiguous
      var2.h(var1.fa());
          ^
  both method h(int) in a and method h(g) in a match
recovery/normalized-src-vf/l1r/be/S_KeeperPack.java:22: error: reference to i is ambiguous
      var2.i(var1.fc());
          ^
  both method i(int) in a and method i(g) in a match
recovery/normalized-src-vf/l1r/be/S_Mail.java:19: error: incompatible types: Object cannot be converted to L1Mail
      for (L1Mail var4 : var3) {
                         ^
recovery/normalized-src-vf/l1r/be/S_MapID.java:10: error: incompatible types: a.p.a cannot be converted to l1r.an.PBMessageALL.a.a
      PBMessageALL.a.a var3 = PBMessageALL.a.aa();
                                               ^
recovery/normalized-src-vf/l1r/be/S_NPCPack.java:19: error: reference to h is ambiguous
      var2.h(var1.fa());
          ^
  both method h(int) in a and method h(g) in a match
recovery/normalized-src-vf/l1r/be/S_NPCPack.java:22: error: reference to i is ambiguous
      var2.i(var1.fc());
          ^
  both method i(int) in a and method i(g) in a match
recovery/normalized-src-vf/l1r/be/S_OtherCharPacks.java:43: error: reference to h is ambiguous
      var3.h(var1.fa());
          ^
  both method h(int) in a and method h(g) in a match
recovery/normalized-src-vf/l1r/be/S_OtherCharPacks.java:46: error: reference to i is ambiguous
      var3.i(var1.fc());
          ^
  both method i(int) in a and method i(g) in a match
recovery/normalized-src-vf/l1r/be/S_OwnCharPack.java:29: error: reference to h is ambiguous
      var2.h(var1.fa());
          ^
  both method h(int) in a and method h(g) in a match
recovery/normalized-src-vf/l1r/be/S_OwnCharPack.java:32: error: reference to i is ambiguous
      var2.i(var1.fc());
          ^
  both method i(int) in a and method i(g) in a match
recovery/normalized-src-vf/l1r/be/S_PacketBox.java:328: error: incompatible types: Object cannot be converted to L1PcInstance
               for (L1PcInstance var4 : var3) {
                                        ^
recovery/normalized-src-vf/l1r/be/S_Party.java:46: error: incompatible types: Object cannot be converted to L1PcInstance
         L1PcInstance var5 = var3.get(var4);
                                     ^
recovery/normalized-src-vf/l1r/be/S_Party.java:89: error: incompatible types: Object cannot be converted to L1PcInstance
         for (L1PcInstance var3 : var2) {
                                  ^
recovery/normalized-src-vf/l1r/be/S_PetList.java:29: error: incompatible types: Object cannot be converted to L1ItemInstance
         for (L1ItemInstance var6 : var3) {
                                    ^
recovery/normalized-src-vf/l1r/be/S_PetPack.java:20: error: reference to h is ambiguous
      var3.h(0);
          ^
  both method h(int) in a and method h(g) in a match
recovery/normalized-src-vf/l1r/be/S_PetPack.java:23: error: reference to i is ambiguous
      var3.i(var1.fc());
          ^
  both method i(int) in a and method i(g) in a match
recovery/normalized-src-vf/l1r/be/S_PledgeWarehouseHistory.java:23: error: incompatible types: Object cannot be converted to S_PledgeWarehouseHistory.a
      for (S_PledgeWarehouseHistory.a var3 : var2) {
                                             ^
recovery/normalized-src-vf/l1r/be/S_PrivateShop.java:24: error: incompatible types: Object cannot be converted to L1PrivateShopSellList
               L1PrivateShopSellList var8 = var5.get(var7);
                                                    ^
recovery/normalized-src-vf/l1r/be/S_PrivateShop.java:55: error: incompatible types: Object cannot be converted to L1PrivateShopBuyList
               L1PrivateShopBuyList var21 = var18.get(var20);
                                                     ^
recovery/normalized-src-vf/l1r/be/S_ProtoBuffers.java:114: error: incompatible types: a.p.a cannot be converted to l1r.an.PBMessageALL.a.a
            PBMessageALL.a.a var3 = PBMessageALL.a.aa();
                                                     ^
recovery/normalized-src-vf/l1r/be/S_ProtoBuffers.java:119: error: incompatible types: a.p.a cannot be converted to l1r.an.PBMessageALL.a.a
            PBMessageALL.a.a var2 = PBMessageALL.a.aa();
                                                     ^
recovery/normalized-src-vf/l1r/be/S_ProtoBuffers.java:182: error: incompatible types: a.p.a cannot be converted to l1r.an.PBMessageALL.a.a
            PBMessageALL.a.a var7 = PBMessageALL.a.aa();
                                                     ^
recovery/normalized-src-vf/l1r/be/S_ProtoBuffers.java:204: error: incompatible types: a.p.a cannot be converted to l1r.an.PBMessageALL.a.a
            PBMessageALL.a.a var8 = PBMessageALL.a.aa();
                                                     ^
recovery/normalized-src-vf/l1r/be/S_ProtoBuffers.java:217: error: incompatible types: a.p.a cannot be converted to l1r.an.PBMessageALL5.a.a
               PBMessageALL5.a.a var10 = PBMessageALL5.a.aa();
                                                           ^
recovery/normalized-src-vf/l1r/be/S_ProtoBuffers.java:225: error: incompatible types: a.p.a cannot be converted to l1r.an.PBMessageALL.a.a
                  PBMessageALL.a.a var15 = PBMessageALL.a.aa();
                                                            ^
recovery/normalized-src-vf/l1r/be/S_ProtoBuffers.java:262: error: incompatible types: a.p.a cannot be converted to l1r.an.PBMessageALL.a.a
            PBMessageALL.a.a var18 = PBMessageALL.a.aa();
                                                      ^
recovery/normalized-src-vf/l1r/be/S_ProtoBuffers.java:272: error: int cannot be dereferenced
            var16.e(a.g.a(new byte[]{-30, 112, -1}));
                     ^
recovery/normalized-src-vf/l1r/be/S_ProtoBuffers.java:278: error: incompatible types: a.p.a cannot be converted to l1r.an.PBMessageALL.a.a
            PBMessageALL.a.a var20 = PBMessageALL.a.aa();
                                                      ^
recovery/normalized-src-vf/l1r/be/S_ProtoBuffers.java:294: error: incompatible types: a.p.a cannot be converted to l1r.an.PBMessageALL.a.a
            PBMessageALL.a.a var14 = PBMessageALL.a.aa();
                                                      ^
recovery/normalized-src-vf/l1r/be/S_ProtoBuffers.java:305: error: incompatible types: a.p.a cannot be converted to l1r.an.PBMessageALL.a.a
            PBMessageALL.a.a var15 = PBMessageALL.a.aa();
                                                      ^
recovery/normalized-src-vf/l1r/be/S_ProtoBuffers.java:311: error: incompatible types: a.p.a cannot be converted to l1r.an.PBMessageALL.a.a
            PBMessageALL.a.a var19 = PBMessageALL.a.aa();
                                                      ^
recovery/normalized-src-vf/l1r/be/S_ProtoBuffers.java:322: error: incompatible types: a.p.a cannot be converted to l1r.an.PBMessageALL.a.a
            PBMessageALL.a.a var8 = PBMessageALL.a.aa();
                                                     ^
recovery/normalized-src-vf/l1r/be/S_ProtoBuffers.java:331: error: incompatible types: a.p.a cannot be converted to l1r.an.PBMessageALL.a.a
            PBMessageALL.a.a var9 = PBMessageALL.a.aa();
                                                     ^
recovery/normalized-src-vf/l1r/be/S_ProtoBuffers.java:340: error: incompatible types: a.p.a cannot be converted to l1r.an.PBMessageALL.a.a
            PBMessageALL.a.a var10 = PBMessageALL.a.aa();
                                                      ^
recovery/normalized-src-vf/l1r/be/S_ProtoBuffers.java:346: error: incompatible types: a.p.a cannot be converted to l1r.an.PBMessageALL.a.a
            PBMessageALL.a.a var11 = PBMessageALL.a.aa();
                                                      ^
recovery/normalized-src-vf/l1r/be/S_ProtoBuffers.java:355: error: incompatible types: a.p.a cannot be converted to l1r.an.PBMessageALL.a.a
            PBMessageALL.a.a var12 = PBMessageALL.a.aa();
                                                      ^
recovery/normalized-src-vf/l1r/be/S_ProtoBuffers.java:364: error: incompatible types: a.p.a cannot be converted to l1r.an.PBMessageALL.a.a
            PBMessageALL.a.a var13 = PBMessageALL.a.aa();
                                                      ^
recovery/normalized-src-vf/l1r/be/S_ProtoBuffers.java:371: error: incompatible types: a.p.a cannot be converted to l1r.an.PBMessageALL.a.a
            PBMessageALL.a.a var4 = PBMessageALL.a.aa();
                                                     ^
recovery/normalized-src-vf/l1r/be/S_ProtoBuffers.java:378: error: incompatible types: a.p.a cannot be converted to l1r.an.PBMessageALL.a.a
            PBMessageALL.a.a var3 = PBMessageALL.a.aa();
                                                     ^
recovery/normalized-src-vf/l1r/be/S_ProtoBuffers.java:448: error: int cannot be dereferenced
            var19.e(a.g.a(var18.s()));
                     ^
recovery/normalized-src-vf/l1r/be/S_ProtoBuffers.java:477: error: int cannot be dereferenced
                  var28.e(a.g.a(var27.getString("char_name").getBytes(Config.k)));
                           ^
recovery/normalized-src-vf/l1r/be/S_ProtoBuffers.java:496: error: incompatible types: a.p.a cannot be converted to l1r.an.PBMessageALL.a.a
            PBMessageALL.a.a var46 = PBMessageALL.a.aa();
                                                      ^
recovery/normalized-src-vf/l1r/be/S_ProtoBuffers.java:504: error: incompatible types: a.p.a cannot be converted to l1r.an.PBMessageALL.a.a
            PBMessageALL.a.a var43 = PBMessageALL.a.aa();
                                                      ^
recovery/normalized-src-vf/l1r/be/S_ProtoBuffers.java:510: error: incompatible types: a.p.a cannot be converted to l1r.an.PBMessageALL.a.a
            PBMessageALL.a.a var45 = PBMessageALL.a.aa();
                                                      ^
recovery/normalized-src-vf/l1r/be/S_ProtoBuffers.java:536: error: incompatible types: a.p.a cannot be converted to l1r.an.PBMessageALL.a.a
                     PBMessageALL.a.a builderxx = PBMessageALL.a.aa();
                                                                   ^
recovery/normalized-src-vf/l1r/be/S_ProtoBuffers.java:561: error: incompatible types: a.p.a cannot be converted to l1r.an.PBMessageALL.a.a
                  PBMessageALL.a.a var14 = PBMessageALL.a.aa();
                                                            ^
recovery/normalized-src-vf/l1r/be/S_ProtoBuffers.java:573: error: incompatible types: a.p.a cannot be converted to l1r.an.PBMessageALL3.a.a
            PBMessageALL3.a.a var4 = PBMessageALL3.a.aa();
                                                       ^
recovery/normalized-src-vf/l1r/be/S_ProtoBuffers.java:596: error: incompatible types: a.p.a cannot be converted to l1r.an.PBMessageALL.a.a
            PBMessageALL.a.a var7 = PBMessageALL.a.aa();
                                                     ^
recovery/normalized-src-vf/l1r/be/S_ProtoBuffers.java:603: error: incompatible types: a.p.a cannot be converted to l1r.an.PBMessageALL.a.a
            PBMessageALL.a.a var5 = PBMessageALL.a.aa();
                                                     ^
recovery/normalized-src-vf/l1r/be/S_ProtoBuffers.java:618: error: incompatible types: a.p.a cannot be converted to l1r.an.PBMessageALL.a.a
            PBMessageALL.a.a var8 = PBMessageALL.a.aa();
                                                     ^
recovery/normalized-src-vf/l1r/be/S_ProtoBuffers.java:626: error: incompatible types: a.p.a cannot be converted to l1r.an.PBMessageALL.a.a
            PBMessageALL.a.a var5 = PBMessageALL.a.aa();
                                                     ^
recovery/normalized-src-vf/l1r/be/S_ProtoBuffers.java:633: error: incompatible types: a.p.a cannot be converted to l1r.an.PBMessageALL.a.a
            PBMessageALL.a.a var6 = PBMessageALL.a.aa();
                                                     ^
recovery/normalized-src-vf/l1r/be/S_ProtoBuffers.java:641: error: incompatible types: a.p.a cannot be converted to l1r.an.PBMessageALL.a.a
            PBMessageALL.a.a var7 = PBMessageALL.a.aa();
                                                     ^
recovery/normalized-src-vf/l1r/be/S_ProtoBuffers.java:651: error: incompatible types: a.p.a cannot be converted to l1r.an.PBMessageALL.a.a
            PBMessageALL.a.a var4 = PBMessageALL.a.aa();
                                                     ^
recovery/normalized-src-vf/l1r/be/S_ProtoBuffers.java:680: error: incompatible types: a.p.a cannot be converted to l1r.an.PBMessageALL3.a.a
            PBMessageALL3.a.a var4 = PBMessageALL3.a.aa();
                                                       ^
recovery/normalized-src-vf/l1r/be/S_ProtoBuffers.java:692: error: incompatible types: a.p.a cannot be converted to l1r.an.PBMessageALL3.a.a
            PBMessageALL3.a.a var3 = PBMessageALL3.a.aa();
                                                       ^
recovery/normalized-src-vf/l1r/be/S_ProtoBuffers.java:701: error: incompatible types: a.p.a cannot be converted to l1r.an.PBMessageALL.a.a
                  PBMessageALL.a.a var15 = PBMessageALL.a.aa();
                                                            ^
recovery/normalized-src-vf/l1r/be/S_ProtoBuffers.java:713: error: incompatible types: a.p.a cannot be converted to l1r.an.PBMessageALL3.a.a
            PBMessageALL3.a.a var4 = PBMessageALL3.a.aa();
                                                       ^
recovery/normalized-src-vf/l1r/be/S_ProtoBuffers.java:806: error: int cannot be dereferenced
            var5.e(a.g.a(new byte[]{-1, 0, -1}));
                    ^
recovery/normalized-src-vf/l1r/be/S_ProtoBuffers.java:830: error: incompatible types: a.p.a cannot be converted to l1r.an.PBMessageALL.a.a
               PBMessageALL.a.a var6 = PBMessageALL.a.aa();
                                                        ^
recovery/normalized-src-vf/l1r/be/S_ProtoBuffers.java:847: error: incompatible types: a.p.a cannot be converted to l1r.an.PBMessageALL.a.a
      PBMessageALL.a.a var10 = PBMessageALL.a.aa();
                                                ^
recovery/normalized-src-vf/l1r/be/S_ProtoBuffers.java:872: error: incompatible types: a.p.a cannot be converted to l1r.an.PBMessageALL2.a.a
         PBMessageALL2.a.a var7 = PBMessageALL2.a.y();
                                                   ^
recovery/normalized-src-vf/l1r/be/S_ProtoBuffers.java:890: error: incompatible types: a.p.a cannot be converted to l1r.an.PBMessageALL.a.a
      PBMessageALL.a.a var5 = PBMessageALL.a.aa();
                                               ^
recovery/normalized-src-vf/l1r/be/S_ProtoBuffers.java:924: error: incompatible types: a.p.a cannot be converted to l1r.an.PBMessageALL6.a.a
      PBMessageALL6.a.a var4 = PBMessageALL6.a.aa();
                                                 ^
recovery/normalized-src-vf/l1r/be/S_ProtoBuffers.java:940: error: incompatible types: a.p.a cannot be converted to l1r.an.PBMessageALL3.a.a
            PBMessageALL3.a.a var5 = PBMessageALL3.a.aa();
                                                       ^
recovery/normalized-src-vf/l1r/be/S_ProtoBuffers.java:947: error: incompatible types: a.p.a cannot be converted to l1r.an.PBMessageALL.a.a
                  PBMessageALL.a.a var8 = PBMessageALL.a.aa();
                                                           ^
recovery/normalized-src-vf/l1r/be/S_ProtoBuffers.java:986: error: incompatible types: a.p.a cannot be converted to l1r.an.PBMessageALL3.a.a
      PBMessageALL3.a.a var4 = PBMessageALL3.a.aa();
                                                 ^
recovery/normalized-src-vf/l1r/be/S_ProtoBuffers.java:1013: error: incompatible types: a.p.a cannot be converted to l1r.an.PBMessageALL5.a.a
      PBMessageALL5.a.a var3 = PBMessageALL5.a.aa();
                                                 ^
recovery/normalized-src-vf/l1r/be/S_ProtoBuffers.java:1016: error: incompatible types: a.p.a cannot be converted to l1r.an.PBMessageALL.a.a
      PBMessageALL.a.a var4 = PBMessageALL.a.aa();
                                               ^
recovery/normalized-src-vf/l1r/be/S_ProtoBuffers.java:1105: error: incompatible types: a.p.a cannot be converted to l1r.an.PBMessageALL.a.a
      PBMessageALL.a.a var4 = PBMessageALL.a.aa();
                                               ^
recovery/normalized-src-vf/l1r/be/S_Rank.java:35: error: incompatible types: a.p.a cannot be converted to l1r.an.PBMessageALL9.a.a
         PBMessageALL9.a.a var6 = PBMessageALL9.a.G();
                                                   ^
recovery/normalized-src-vf/l1r/be/S_ShopBuyList.java:50: error: incompatible types: Object cannot be converted to L1ShopItem
            L1ShopItem var6 = var4.get(var5);
                                      ^
recovery/normalized-src-vf/l1r/be/S_ShopBuyList.java:132: error: incompatible types: Object cannot be converted to L1ShopItem
            L1ShopItem var5 = var3.get(var4);
                                      ^
recovery/normalized-src-vf/l1r/be/S_ShopBuyList.java:250: error: incompatible types: Object cannot be converted to L1ShopItem
            L1ShopItem var11 = var5.get(var7);
                                       ^
recovery/normalized-src-vf/l1r/be/S_ShopSellList.java:46: error: incompatible types: Object cannot be converted to int[]
            for (int[] var13 : var4) {
                               ^
recovery/normalized-src-vf/l1r/be/S_SignboardPack.java:19: error: reference to h is ambiguous
      var2.h(0);
          ^
  both method h(int) in a and method h(g) in a match
recovery/normalized-src-vf/l1r/be/S_SignboardPack.java:22: error: reference to i is ambiguous
      var2.i(0);
          ^
  both method i(int) in a and method i(g) in a match
recovery/normalized-src-vf/l1r/be/S_SkillBuy.java:13: error: incompatible types: Object cannot be converted to int
      for (int var3 : var2) {
                      ^
recovery/normalized-src-vf/l1r/be/S_SkillBuyItem.java:17: error: incompatible types: Object cannot be converted to int
      for (int var3 : var2) {
                      ^
recovery/normalized-src-vf/l1r/be/S_SummonPack.java:28: error: reference to h is ambiguous
      var4.h(0);
          ^
  both method h(int) in a and method h(g) in a match
recovery/normalized-src-vf/l1r/be/S_SummonPack.java:31: error: reference to i is ambiguous
      var4.i(var1.fc());
          ^
  both method i(int) in a and method i(g) in a match
recovery/normalized-src-vf/l1r/be/S_TrapPack.java:19: error: reference to h is ambiguous
      var3.h(0);
          ^
  both method h(int) in a and method h(g) in a match
recovery/normalized-src-vf/l1r/be/S_TrapPack.java:22: error: reference to i is ambiguous
      var3.i(0);
          ^
  both method i(int) in a and method i(g) in a match
recovery/normalized-src-vf/l1r/bf/S_000.java:42: error: incompatible types: Object cannot be converted to L1Character
         for (L1Character var6 : var5) {
                                 ^
recovery/normalized-src-vf/l1r/bf/S_000.java:45: error: 'void' type not allowed here
            } else if (var3.r && var6.e(var1) > 5.0) {
                                       ^
recovery/normalized-src-vf/l1r/bf/S_000.java:73: error: incompatible types: Object cannot be converted to L1Character
               L1Character var12 = var5.get(var10);
                                           ^
recovery/normalized-src-vf/l1r/bf/S_000.java:91: error: 'void' type not allowed here
         var1.ct(var1.a(var2));
                       ^
recovery/normalized-src-vf/l1r/bf/S_017.java:26: error: incompatible types: Object cannot be converted to L1Character
         for (L1Character var9 : var8) {
                                 ^
recovery/normalized-src-vf/l1r/bf/S_022.java:26: error: incompatible types: Object cannot be converted to L1Character
         for (L1Character var9 : var8) {
                                 ^
recovery/normalized-src-vf/l1r/bf/S_025.java:27: error: incompatible types: Object cannot be converted to L1Character
         for (L1Character var10 : var9) {
                                  ^
recovery/normalized-src-vf/l1r/bf/S_030.java:27: error: incompatible types: Object cannot be converted to L1Character
         for (L1Character var10 : var9) {
                                  ^
recovery/normalized-src-vf/l1r/bf/S_044.java:49: error: incompatible types: Object cannot be converted to int
      for (int var4 : var6.keySet()) {
                                 ^
recovery/normalized-src-vf/l1r/bf/S_044.java:93: error: incompatible types: Object cannot be converted to int
            for (int var10 : var13.keySet()) {
                                         ^
recovery/normalized-src-vf/l1r/bf/S_065.java:27: error: incompatible types: Object cannot be converted to L1Character
         for (L1Character var10 : var9) {
                                  ^
recovery/normalized-src-vf/l1r/bf/S_074.java:27: error: incompatible types: Object cannot be converted to L1Character
         for (L1Character var10 : var9) {
                                  ^
recovery/normalized-src-vf/l1r/bf/S_184.java:27: error: incompatible types: Object cannot be converted to L1Character
         for (L1Character var10 : var9) {
                                  ^
recovery/normalized-src-vf/l1r/bi/CalcExp.java:29: error: incompatible types: Object cannot be converted to L1HateList.a
         for (L1HateList.a var6 : var5) {
                                  ^
recovery/normalized-src-vf/l1r/bi/CalcExp.java:52: error: incompatible types: Object cannot be converted to L1HateList.a
               for (L1HateList.a var43 : var5) {
                                         ^
recovery/normalized-src-vf/l1r/bi/CalcExp.java:67: error: incompatible types: Object cannot be converted to L1HateList.a
               for (L1HateList.a var12 : var5) {
                                         ^
recovery/normalized-src-vf/l1r/bi/CalcExp.java:134: error: incompatible types: Object cannot be converted to L1HateList.a
                     for (L1HateList.a var26 : var5) {
                                               ^
recovery/normalized-src-vf/l1r/bi/CalcExp.java:152: error: incompatible types: Object cannot be converted to L1HateList.a
                        for (L1HateList.a var57 : var5) {
                                                  ^
recovery/normalized-src-vf/l1r/bi/LineageUtil.java:417: error: incompatible types: a.p.a cannot be converted to l1r.an.PBMessageALL3.a.a
            PBMessageALL3.a.a var3 = PBMessageALL3.a.aa();
                                                       ^
recovery/normalized-src-vf/l1r/bi/LineageUtil.java:601: error: incompatible types: Object cannot be converted to L1PcInstance
      for (L1PcInstance var6 : var5) {
                               ^
Note: Some input files use unchecked or unsafe operations.
Note: Recompile with -Xlint:unchecked for details.
Note: Some messages have been simplified; recompile with -Xdiags:verbose to get full output
4580 errors
103 warnings
