===== ai/b.java [CFR] EXIT=1 =====
warning: [options] bootstrap class path not set in conjunction with -source 8
recovered-src-obf/ai/b.java:58: error: a has private access in eu
                    command = ak.a.a(name);
                                ^
recovered-src-obf/ai/b.java:58: error: cannot find symbol
                    command = ak.a.a(name);
                                  ^
  symbol:   method a(String)
  location: variable a of type Logger
Note: recovered-src-obf/ai/b.java uses unchecked or unsafe operations.
Note: Recompile with -Xlint:unchecked for details.
2 errors
1 warning

===== ai/c.java [CFR] EXIT=1 =====
warning: [options] bootstrap class path not set in conjunction with -source 8
recovered-src-obf/ai/c.java:294: error: class c is already defined in package ai
    private class c
            ^
recovered-src-obf/ai/c.java:77: error: non-static variable this cannot be referenced from a static context
            c = new c();
                ^
recovered-src-obf/ai/c.java:107: error: d has private access in ax
        ax.d.b();
          ^
recovered-src-obf/ai/c.java:107: error: cannot find symbol
        ax.d.b();
            ^
  symbol:   method b()
  location: variable d of type Set<String>
recovered-src-obf/ai/c.java:108: error: cannot find symbol
        am.d.a();
          ^
  symbol:   variable d
  location: class am
recovered-src-obf/ai/c.java:109: error: a has private access in ao
        ao.a.a();
          ^
recovered-src-obf/ai/c.java:109: error: cannot find symbol
        ao.a.a();
            ^
  symbol:   method a()
  location: variable a of type Logger
recovered-src-obf/ai/c.java:110: error: cannot find symbol
        ao.o.a();
          ^
  symbol:   variable o
  location: class ao
recovered-src-obf/ai/c.java:111: error: c has private access in at
        at.c.a();
          ^
recovered-src-obf/ai/c.java:111: error: cannot find symbol
        at.c.a();
            ^
  symbol:   method a()
  location: variable c of type HashMap<Integer,ag>
recovered-src-obf/ai/c.java:113: error: cannot find symbol
            ba.e elementalStoneGenerator = ba.e.a();
              ^
  symbol:   class e
  location: class ba
recovered-src-obf/ai/c.java:113: error: e has private access in ba
            ba.e elementalStoneGenerator = ba.e.a();
                                             ^
recovered-src-obf/ai/c.java:113: error: cannot find symbol
            ba.e elementalStoneGenerator = ba.e.a();
                                               ^
  symbol:   method a()
  location: variable e of type HashMap<Integer,Integer>
recovered-src-obf/ai/c.java:114: error: e has private access in bi
            bi.e.a().a(elementalStoneGenerator);
              ^
recovered-src-obf/ai/c.java:116: error: h has private access in ba
        ba.h.a();
          ^
recovered-src-obf/ai/c.java:116: error: cannot find symbol
        ba.h.a();
            ^
  symbol:   method a()
  location: variable h of type HashMap<Integer,Integer>
recovered-src-obf/ai/c.java:117: error: a has private access in bc
        bc.a.b();
          ^
recovered-src-obf/ai/c.java:117: error: cannot find symbol
        bc.a.b();
            ^
  symbol:   method b()
  location: variable a of type Logger
recovered-src-obf/ai/c.java:118: error: f has private access in ba
        f lightTimeController = ba.f.a();
                                  ^
recovered-src-obf/ai/c.java:118: error: cannot find symbol
        f lightTimeController = ba.f.a();
                                    ^
  symbol:   method a()
  location: variable f of type HashMap<Integer,Integer>
recovered-src-obf/ai/c.java:119: error: e has private access in bi
        bi.e.a().a(lightTimeController);
          ^
recovered-src-obf/ai/c.java:119: error: no suitable method found for a(f)
        bi.e.a().a(lightTimeController);
                ^
    method bi.a(ab) is not applicable
      (argument mismatch; f cannot be converted to ab)
    method bi.a(List<ab>) is not applicable
      (argument mismatch; f cannot be converted to List<ab>)
    method bi.a(u) is not applicable
      (argument mismatch; f cannot be converted to u)
recovered-src-obf/ai/c.java:120: error: non-static method a() cannot be referenced from a static context
        ba.a.a();
            ^
recovered-src-obf/ai/c.java:121: error: c has private access in ba
        ba.c.a();
          ^
recovered-src-obf/ai/c.java:128: error: c has private access in am
        am.c.a();
          ^
recovered-src-obf/ai/c.java:128: error: cannot find symbol
        am.c.a();
            ^
  symbol:   method a()
  location: variable c of type HashMap<Integer,am.a>
recovered-src-obf/ai/c.java:129: error: b has private access in ao
        ao.b.a();
          ^
recovered-src-obf/ai/c.java:130: error: cannot find symbol
        as.i.a();
          ^
  symbol:   variable i
  location: class as
recovered-src-obf/ai/c.java:145: error: cannot find symbol
        ao.g.a();
          ^
  symbol:   variable g
  location: class ao
recovered-src-obf/ai/c.java:146: error: e has private access in aq
        aq.e.a();
          ^
recovered-src-obf/ai/c.java:146: error: cannot find symbol
        aq.e.a();
            ^
  symbol:   method a()
  location: variable e of type ConcurrentHashMap<Integer,z>
recovered-src-obf/ai/c.java:148: error: e has private access in bi
        bi.e.a();
          ^
recovered-src-obf/ai/c.java:153: error: cannot find symbol
        ao.e.a();
          ^
  symbol:   variable e
  location: class ao
recovered-src-obf/ai/c.java:157: error: a has private access in as
        as.a.a();
          ^
recovered-src-obf/ai/c.java:157: error: cannot find symbol
        as.a.a();
            ^
  symbol:   method a()
  location: variable a of type Logger
recovered-src-obf/ai/c.java:161: error: cannot find symbol
        ao.x.a();
          ^
  symbol:   variable x
  location: class ao
recovered-src-obf/ai/c.java:172: error: b has private access in ba
        ba.b.a();
          ^
recovered-src-obf/ai/c.java:172: error: int cannot be dereferenced
        ba.b.a();
            ^
recovered-src-obf/ai/c.java:175: error: b has private access in as
        as.b.a();
          ^
recovered-src-obf/ai/c.java:176: error: cannot find symbol
        ao.aq.a();

===== ai/e.java [CFR] EXIT=1 =====
warning: [options] bootstrap class path not set in conjunction with -source 8
recovered-src-obf/ai/e.java:222: error: cannot find symbol
                cpacket = new aj.a(abyte0, this.a);
                                ^
  symbol:   class a
  location: class aj
recovered-src-obf/ai/e.java:331: error: cannot find symbol
                cpacket = new aj.d(abyte0, this.a);
                                ^
  symbol:   class d
  location: class aj
recovered-src-obf/ai/e.java:335: error: cannot find symbol
                cpacket = new aj.e(abyte0, this.a);
                                ^
  symbol:   class e
  location: class aj
recovered-src-obf/ai/e.java:521: error: cannot find symbol
            System.out.println(bi.g.a(abyte0));
                                 ^
  symbol:   variable g
  location: class bi
4 errors
1 warning

===== aj/ag.java [CFR] EXIT=1 =====
warning: [options] bootstrap class path not set in conjunction with -source 8
recovered-src-obf/aj/ag.java:30: error: cannot find symbol
            bh.d l1castle;
              ^
  symbol:   class d
  location: class bh
recovered-src-obf/aj/ag.java:31: error: cannot find symbol
            bh.d d2 = l1castle = g.a().a(castle_id);
              ^
  symbol:   class d
  location: class bh
2 errors
1 warning

===== aj/ai.java [CFR] EXIT=1 =====
warning: [options] bootstrap class path not set in conjunction with -source 8
recovered-src-obf/aj/ai.java:56: error: cannot find symbol
        bh.i house;
          ^
  symbol:   class i
  location: class bh
1 error
1 warning

===== aj/aj.java [CFR] EXIT=1 =====
warning: [options] bootstrap class path not set in conjunction with -source 8
recovered-src-obf/aj/aj.java:34: error: cannot find symbol
        i clan = ao.q.a().a(pc.aF());
                   ^
  symbol:   variable q
  location: class ao
recovered-src-obf/aj/aj.java:42: error: cannot find symbol
        bh.d l1castle = g.a().a(castle_id);
          ^
  symbol:   class d
  location: class bh
2 errors
1 warning

===== aj/am.java [CFR] EXIT=1 =====
warning: [options] bootstrap class path not set in conjunction with -source 8
recovered-src-obf/aj/am.java:21: error: cannot find symbol
    public am(byte[] abyte0, bj.d clientthread) throws Exception {
                               ^
  symbol:   class d
  location: class bj
1 error
1 warning

===== aj/an.java [CFR] EXIT=1 =====
warning: [options] bootstrap class path not set in conjunction with -source 8
recovered-src-obf/aj/an.java:14: error: cannot find symbol
    public an(byte[] abyte0, bj.d client) throws Exception {
                               ^
  symbol:   class d
  location: class bj
1 error
1 warning

===== aj/aw.java [VINEFLOWER_HARDTAIL] EXIT=1 =====
warning: [options] bootstrap class path not set in conjunction with -source 8
recovery/vineflower-hard-tail/aj/aw.java:9: error: cannot find symbol
   public aw(byte[] var1, bj.d var2) {
                            ^
  symbol:   class d
  location: class bj
recovery/vineflower-hard-tail/aj/aw.java:82: error: cannot find symbol
   private void a(ap.t var1, ap.q var2) {
                    ^
  symbol:   class t
  location: class ap
recovery/vineflower-hard-tail/aj/aw.java:82: error: cannot find symbol
   private void a(ap.t var1, ap.q var2) {
                               ^
  symbol:   class q
  location: class ap
recovery/vineflower-hard-tail/aj/aw.java:96: error: cannot find symbol
   private void b(ap.t var1, ap.q var2) {
                    ^
  symbol:   class t
  location: class ap
recovery/vineflower-hard-tail/aj/aw.java:96: error: cannot find symbol
   private void b(ap.t var1, ap.q var2) {
                               ^
  symbol:   class q
  location: class ap
recovery/vineflower-hard-tail/aj/aw.java:108: error: cannot find symbol
   private boolean a(bh.l var1) {
                       ^
  symbol:   class l
  location: class bh
recovery/vineflower-hard-tail/aj/aw.java:122: error: cannot find symbol
   private void a(ap.u var1, ap.t var2) {
                    ^
  symbol:   class u
  location: class ap
recovery/vineflower-hard-tail/aj/aw.java:122: error: cannot find symbol
   private void a(ap.u var1, ap.t var2) {
                               ^
  symbol:   class t
  location: class ap
recovery/vineflower-hard-tail/aj/aw.java:161: error: cannot find symbol
   private void a(ap.u var1, ap.t var2, int var3) {
                    ^
  symbol:   class u
  location: class ap
recovery/vineflower-hard-tail/aj/aw.java:161: error: cannot find symbol
   private void a(ap.u var1, ap.t var2, int var3) {
                               ^
  symbol:   class t
  location: class ap
recovery/vineflower-hard-tail/aj/aw.java:179: error: cannot find symbol
   private boolean b(ap.u var1, ap.t var2) {
                       ^
  symbol:   class u
  location: class ap
recovery/vineflower-hard-tail/aj/aw.java:179: error: cannot find symbol
   private boolean b(ap.u var1, ap.t var2) {
                                  ^
  symbol:   class t
  location: class ap
recovery/vineflower-hard-tail/aj/aw.java:11: error: cannot find symbol
      ap.u var3 = var2.f();
        ^
  symbol:   class u
  location: class ap
recovery/vineflower-hard-tail/aj/aw.java:18: error: cannot find symbol
         aq.aa var7 = aq.aq.a().a(var4);
           ^
  symbol:   class aa
  location: class aq
recovery/vineflower-hard-tail/aj/aw.java:18: error: cannot find symbol
         aq.aa var7 = aq.aq.a().a(var4);
                        ^
  symbol:   variable aq
  location: class aq
recovery/vineflower-hard-tail/aj/aw.java:19: error: cannot find symbol
         if (var7 != null && var7 instanceof ap.t) {
                                               ^
  symbol:   class t
  location: class ap
recovery/vineflower-hard-tail/aj/aw.java:20: error: cannot find symbol
            ap.t var8 = (ap.t)var7;
              ^
  symbol:   class t
  location: class ap
recovery/vineflower-hard-tail/aj/aw.java:20: error: cannot find symbol
            ap.t var8 = (ap.t)var7;
                           ^
  symbol:   class t
  location: class ap
recovery/vineflower-hard-tail/aj/aw.java:22: error: cannot find symbol
               au.f var9 = var8.y();
                 ^
  symbol:   class f
  location: class au
recovery/vineflower-hard-tail/aj/aw.java:23: error: cannot find symbol
               au.f var10 = var3.j();
                 ^
  symbol:   class f
  location: class au
recovery/vineflower-hard-tail/aj/aw.java:24: error: cannot find symbol
               ap.q var11 = var10.e(var5);
                 ^
  symbol:   class q
  location: class ap
recovery/vineflower-hard-tail/aj/aw.java:33: error: cannot find symbol
                     for (ap.t var12 : var3.ek().values()) {
                            ^
  symbol:   class t
  location: class ap
recovery/vineflower-hard-tail/aj/aw.java:34: error: cannot find symbol
                        if (var12 instanceof ap.v) {
                                               ^
  symbol:   class v
  location: class ap
recovery/vineflower-hard-tail/aj/aw.java:35: error: cannot find symbol
                           ap.v var14 = (ap.v)var12;
                             ^
  symbol:   class v
  location: class ap
recovery/vineflower-hard-tail/aj/aw.java:35: error: cannot find symbol
                           ap.v var14 = (ap.v)var12;
                                           ^
  symbol:   class v
  location: class ap
recovery/vineflower-hard-tail/aj/aw.java:43: error: cannot find symbol
                     for (ap.e var16 : var3.el().values()) {
                            ^
  symbol:   class e
  location: class ap
recovery/vineflower-hard-tail/aj/aw.java:57: error: cannot find symbol
                        ao.aa.a().a(var3, "給予(" + var8.et() + ")", var11, var6);
                          ^
  symbol:   variable aa
  location: class ao
recovery/vineflower-hard-tail/aj/aw.java:58: error: cannot find symbol
                        bh.p var17 = ao.ax.b().a(var8.U_().b());
                          ^
  symbol:   class p
  location: class bh
recovery/vineflower-hard-tail/aj/aw.java:58: error: cannot find symbol
                        bh.p var17 = ao.ax.b().a(var8.U_().b());
                                       ^
  symbol:   variable ax
  location: class ao
recovery/vineflower-hard-tail/aj/aw.java:83: error: cannot find symbol
      if (var1 instanceof ap.v && var2.a().V() != 0) {
                            ^
  symbol:   class v
  location: class ap
recovery/vineflower-hard-tail/aj/aw.java:84: error: cannot find symbol
         ap.v var3 = (ap.v)var1;
           ^
  symbol:   class v
  location: class ap
recovery/vineflower-hard-tail/aj/aw.java:84: error: cannot find symbol
         ap.v var3 = (ap.v)var1;
                        ^
  symbol:   class v

===== aj/az.java [CFR] EXIT=1 =====
warning: [options] bootstrap class path not set in conjunction with -source 8
recovered-src-obf/aj/az.java:50: error: <identifier> expected
import be.do;
          ^
recovered-src-obf/aj/az.java:1174: error: <identifier> expected
                    pc.a(new do(pc));
                            ^
recovered-src-obf/aj/az.java:1174: error: '(' or '[' expected
                    pc.a(new do(pc));
                             ^
recovered-src-obf/aj/az.java:1174: error: not a statement
                    pc.a(new do(pc));
                               ^
recovered-src-obf/aj/az.java:1174: error: ';' expected
                    pc.a(new do(pc));
                                   ^
recovered-src-obf/aj/az.java:2224: error: <identifier> expected
        pc.a(new do(pc));
                ^
recovered-src-obf/aj/az.java:2224: error: '(' or '[' expected
        pc.a(new do(pc));
                 ^
recovered-src-obf/aj/az.java:2224: error: not a statement
        pc.a(new do(pc));
                   ^
recovered-src-obf/aj/az.java:2224: error: ';' expected
        pc.a(new do(pc));
                       ^
9 errors
1 warning

===== aj/b.java [CFR] EXIT=1 =====
warning: [options] bootstrap class path not set in conjunction with -source 8
recovered-src-obf/aj/b.java:21: error: cannot find symbol
        aq.d buddyList = f.a().a(pc.fr());
          ^
  symbol:   class d
  location: class aq
1 error
1 warning

===== aj/be.java [CFR] EXIT=1 =====
warning: [options] bootstrap class path not set in conjunction with -source 8
recovered-src-obf/aj/be.java:70: error: cannot find symbol
        bi.a bs2 = new bi.a();
          ^
  symbol:   class a
  location: class bi
recovered-src-obf/aj/be.java:70: error: cannot find symbol
        bi.a bs2 = new bi.a();
                         ^
  symbol:   class a
  location: class bi
recovered-src-obf/aj/be.java:102: error: cannot find symbol
        bh.a account = ao.a.a().c(accountName);
          ^
  symbol:   class a
  location: class bh
recovered-src-obf/aj/be.java:102: error: a has private access in cv
        bh.a account = ao.a.a().c(accountName);
                         ^
recovered-src-obf/aj/be.java:102: error: cannot find symbol
        bh.a account = ao.a.a().c(accountName);
                           ^
  symbol:   method a()
  location: variable a of type Logger
recovered-src-obf/aj/be.java:110: error: a has private access in cv
                if (!ao.a.a().b(host)) {
                       ^
recovered-src-obf/aj/be.java:110: error: cannot find symbol
                if (!ao.a.a().b(host)) {
                         ^
  symbol:   method a()
  location: variable a of type Logger
recovered-src-obf/aj/be.java:115: error: a has private access in cv
            } else if (!ao.a.a().a(ip)) {
                          ^
recovered-src-obf/aj/be.java:115: error: cannot find symbol
            } else if (!ao.a.a().a(ip)) {
                            ^
  symbol:   method a()
  location: variable a of type Logger
recovered-src-obf/aj/be.java:120: error: a has private access in cv
            account = ao.a.a().a(accountName, password, ip, host);
                        ^
recovered-src-obf/aj/be.java:120: error: cannot find symbol
            account = ao.a.a().a(accountName, password, ip, host);
                          ^
  symbol:   method a()
  location: variable a of type Logger
recovered-src-obf/aj/be.java:136: error: a has private access in cv
                ao.a.a().a(account, false);
                  ^
recovered-src-obf/aj/be.java:136: error: cannot find symbol
                ao.a.a().a(account, false);
                    ^
  symbol:   method a()
  location: variable a of type Logger
recovered-src-obf/aj/be.java:137: error: a has private access in cv
                ao.a.a().b(account, false);
                  ^
recovered-src-obf/aj/be.java:137: error: cannot find symbol
                ao.a.a().b(account, false);
                    ^
  symbol:   method a()
  location: variable a of type Logger
recovered-src-obf/aj/be.java:138: error: a has private access in cv
                ao.a.a().e(account.d());
                  ^
recovered-src-obf/aj/be.java:138: error: cannot find symbol
                ao.a.a().e(account.d());
                    ^
  symbol:   method a()
  location: variable a of type Logger
recovered-src-obf/aj/be.java:164: error: a has private access in cv
            ao.a.a().a(account, client);
              ^
recovered-src-obf/aj/be.java:164: error: cannot find symbol
            ao.a.a().a(account, client);
                ^
  symbol:   method a()
  location: variable a of type Logger
19 errors
1 warning

===== aj/bf.java [CFR] EXIT=1 =====
warning: [options] bootstrap class path not set in conjunction with -source 8
recovered-src-obf/aj/bf.java:52: error: <identifier> expected
import bf.do;
          ^
recovered-src-obf/aj/bf.java:198: error: <identifier> expected
        pc.a(new be.do(pc));
                    ^
recovered-src-obf/aj/bf.java:198: error: not a statement
        pc.a(new be.do(pc));
                      ^
recovered-src-obf/aj/bf.java:198: error: ';' expected
        pc.a(new be.do(pc));
                          ^
recovered-src-obf/aj/bf.java:582: error: <identifier> expected
                                pc.a(new be.do(pc));
                                            ^
recovered-src-obf/aj/bf.java:582: error: not a statement
                                pc.a(new be.do(pc));
                                              ^
recovered-src-obf/aj/bf.java:582: error: ';' expected
                                pc.a(new be.do(pc));
                                                  ^
recovered-src-obf/aj/bf.java:742: error: <identifier> expected
                            new do().a((f)pc, remaining_time);
                               ^
recovered-src-obf/aj/bf.java:742: error: '(' or '[' expected
                            new do().a((f)pc, remaining_time);
                                ^
recovered-src-obf/aj/bf.java:742: error: -> expected
                            new do().a((f)pc, remaining_time);
                                    ^
recovered-src-obf/aj/bf.java:742: error: while expected
                            new do().a((f)pc, remaining_time);
                                                              ^
recovered-src-obf/aj/bf.java:743: error: illegal start of expression
                            break;
                            ^
12 errors
1 warning

===== aj/bg.java [CFR] EXIT=1 =====
warning: [options] bootstrap class path not set in conjunction with -source 8
recovered-src-obf/aj/bg.java:25: error: constructor cv in class cv cannot be applied to given types;
    public bg(byte[] abyte0, d client) {
                                       ^
  required: byte[]
  found:    no arguments
  reason: actual and formal argument lists differ in length
recovered-src-obf/aj/bg.java:35: error: call to super must be first statement in constructor
                                    super(abyte0);
                                         ^
2 errors
1 warning

===== aj/bh.java [CFR] EXIT=1 =====
warning: [options] bootstrap class path not set in conjunction with -source 8
recovered-src-obf/aj/bh.java:17: error: reference to d is ambiguous
    public bh(byte[] abyte0, d clientthread) throws Exception {
                             ^
  both class bh.d in bh and class bj.d in bj match
recovered-src-obf/aj/bh.java:13: error: a type with the same simple name is already defined by the single-type-import of d
import bj.d;
^
recovered-src-obf/aj/bh.java:28: error: cannot find symbol
        bh.d l1castle = g.a().a(castaleID);
          ^
  symbol:   class d
  location: class bh
recovered-src-obf/aj/bh.java:35: error: reference to d is ambiguous
            for (d.a m2 : l1castle.k()) {
                 ^
  both class bh.d in bh and class bj.d in bj match
4 errors
1 warning

===== aj/bi.java [CFR] EXIT=1 =====
warning: [options] bootstrap class path not set in conjunction with -source 8
recovered-src-obf/aj/bi.java:21: error: cannot find symbol
        bh.d l1castle = g.a().a(castaleID);
          ^
  symbol:   class d
  location: class bh
1 error
1 warning

===== aj/bj.java [CFR] EXIT=1 =====
warning: [options] bootstrap class path not set in conjunction with -source 8
recovered-src-obf/aj/bj.java:49: error: double cannot be dereferenced
        int result = pc.ce().a(ak.a.a);
                                   ^
1 error
1 warning

===== aj/bk.java [CFR] EXIT=1 =====
warning: [options] bootstrap class path not set in conjunction with -source 8
recovered-src-obf/aj/bk.java:115: error: cannot find symbol
        if (!(obj instanceof ap.v) && !(obj instanceof z) && npc.fu().c(pc.fu()) > 11) {
                               ^
  symbol:   class v
  location: class ap
recovered-src-obf/aj/bk.java:122: error: cannot find symbol
        if (ao.ae.a().a(s2, pc, npc)) {
              ^
  symbol:   variable ae
  location: class ao
recovered-src-obf/aj/bk.java:196: error: cannot find symbol
                ao.ah.a(pc, 20081, 1, npc.T());
                  ^
  symbol:   variable ah
  location: class ao
recovered-src-obf/aj/bk.java:231: error: cannot find symbol
                        ao.ah.a(pc, 40308, pay, 0, false);
                          ^
  symbol:   variable ah
  location: class ao
recovered-src-obf/aj/bk.java:276: error: cannot find symbol
                i clan = ao.q.a().a(pc.aF());
                           ^
  symbol:   variable q
  location: class ao
recovered-src-obf/aj/bk.java:278: error: cannot find symbol
                    bh.d l1castle = ao.g.a().a(castle_id);
                      ^
  symbol:   class d
  location: class bh
recovered-src-obf/aj/bk.java:278: error: cannot find symbol
                    bh.d l1castle = ao.g.a().a(castle_id);
                                      ^
  symbol:   variable g
  location: class ao
recovered-src-obf/aj/bk.java:286: error: cannot find symbol
                i clan = ao.q.a().a(pc.aF());
                           ^
  symbol:   variable q
  location: class ao
recovered-src-obf/aj/bk.java:288: error: cannot find symbol
                    bh.d l1castle = ao.g.a().a(castle_id);
                      ^
  symbol:   class d
  location: class bh
recovered-src-obf/aj/bk.java:288: error: cannot find symbol
                    bh.d l1castle = ao.g.a().a(castle_id);
                                      ^
  symbol:   variable g
  location: class ao
recovered-src-obf/aj/bk.java:294: error: cannot find symbol
                i clan = ao.q.a().a(pc.aF());
                           ^
  symbol:   variable q
  location: class ao
recovered-src-obf/aj/bk.java:300: error: cannot find symbol
                    bh.d l1castle = ao.g.a().a(castle_id);
                      ^
  symbol:   class d
  location: class bh
recovered-src-obf/aj/bk.java:300: error: cannot find symbol
                    bh.d l1castle = ao.g.a().a(castle_id);
                                      ^
  symbol:   variable g
  location: class ao
recovered-src-obf/aj/bk.java:306: error: cannot find symbol
                i clan = ao.q.a().a(pc.aF());
                           ^
  symbol:   variable q
  location: class ao
recovered-src-obf/aj/bk.java:314: error: cannot find symbol
                bh.d l1castle = ao.g.a().a(castle_id);
                  ^
  symbol:   class d
  location: class bh
recovered-src-obf/aj/bk.java:314: error: cannot find symbol
                bh.d l1castle = ao.g.a().a(castle_id);
                                  ^
  symbol:   variable g
  location: class ao
recovered-src-obf/aj/bk.java:322: error: cannot find symbol
                i clan = ao.q.a().a(pc.aF());
                           ^
  symbol:   variable q
  location: class ao
recovered-src-obf/aj/bk.java:328: error: cannot find symbol
                    bh.d l1castle = ao.g.a().a(castle_id);
                      ^
  symbol:   class d
  location: class bh
recovered-src-obf/aj/bk.java:328: error: cannot find symbol
                    bh.d l1castle = ao.g.a().a(castle_id);
                                      ^
  symbol:   variable g
  location: class ao
recovered-src-obf/aj/bk.java:330: error: cannot find symbol
                        pc.a(new be.f(l1castle));
                                   ^
  symbol:   class f
  location: class be
recovered-src-obf/aj/bk.java:337: error: cannot find symbol
                i clan = ao.q.a().a(pc.aF());
                           ^
  symbol:   variable q
  location: class ao
recovered-src-obf/aj/bk.java:343: error: cannot find symbol
                    bh.d l1castle = ao.g.a().a(castle_id);
                      ^
  symbol:   class d
  location: class bh
recovered-src-obf/aj/bk.java:343: error: cannot find symbol
                    bh.d l1castle = ao.g.a().a(castle_id);
                                      ^
  symbol:   variable g
  location: class ao
recovered-src-obf/aj/bk.java:354: error: cannot find symbol
                    if (!(petNpc instanceof ap.v)) continue;
                                              ^
  symbol:   class v
  location: class ap
recovered-src-obf/aj/bk.java:355: error: cannot find symbol
                    ap.v pet = (ap.v)petNpc;
                      ^
  symbol:   class v
  location: class ap
recovered-src-obf/aj/bk.java:355: error: cannot find symbol
                    ap.v pet = (ap.v)petNpc;
                                  ^
  symbol:   class v
  location: class ap
recovered-src-obf/aj/bk.java:366: error: cannot find symbol
                if (obj instanceof ap.v) {
                                     ^
  symbol:   class v
  location: class ap
recovered-src-obf/aj/bk.java:367: error: cannot find symbol
                    ap.v pet = (ap.v)obj;
                      ^
  symbol:   class v
  location: class ap
recovered-src-obf/aj/bk.java:367: error: cannot find symbol
                    ap.v pet = (ap.v)obj;
                                  ^
  symbol:   class v
  location: class ap
recovered-src-obf/aj/bk.java:371: error: cannot find symbol
                if (obj instanceof ap.v) {
                                     ^
  symbol:   class v
  location: class ap
recovered-src-obf/aj/bk.java:372: error: cannot find symbol
                    ap.v pet = (ap.v)obj;
                      ^
  symbol:   class v
  location: class ap
recovered-src-obf/aj/bk.java:372: error: cannot find symbol
                    ap.v pet = (ap.v)obj;
                                  ^
  symbol:   class v

===== aj/bs.java [CFR] EXIT=1 =====
warning: [options] bootstrap class path not set in conjunction with -source 8
recovered-src-obf/aj/bs.java:52: error: cannot find symbol
    public bs(byte[] decrypt, bj.d client) {
                                ^
  symbol:   class d
  location: class bj
recovered-src-obf/aj/bs.java:28: error: a type with the same simple name is already defined by the single-type-import of b
import aq.b;
^
recovered-src-obf/aj/bs.java:29: error: a type with the same simple name is already defined by the single-type-import of f
import aq.f;
^
recovered-src-obf/aj/bs.java:38: error: a type with the same simple name is already defined by the single-type-import of c
import bi.c;
^
recovered-src-obf/aj/bs.java:39: error: a type with the same simple name is already defined by the single-type-import of d
import bi.d;
^
recovered-src-obf/aj/bs.java:46: error: a type with the same simple name is already defined by the single-type-import of a
import l1j.server.a;
^
recovered-src-obf/aj/bs.java:52: error: constructor cv in class cv cannot be applied to given types;
    public bs(byte[] decrypt, bj.d client) {
                                           ^
  required: byte[]
  found:    no arguments
  reason: actual and formal argument lists differ in length
recovered-src-obf/aj/bs.java:54: error: call to super must be first statement in constructor
            super(decrypt);
                 ^
recovered-src-obf/aj/bs.java:61: error: reference to c is ambiguous
                    c.c msg = c.c.a(data);
                    ^
  both class an.c in an and class bi.c in bi match
recovered-src-obf/aj/bs.java:61: error: reference to c is ambiguous
                    c.c msg = c.c.a(data);
                              ^
  both class an.c in an and class bi.c in bi match
recovered-src-obf/aj/bs.java:66: error: cannot find symbol
                    new bc.d(client, account, name).a(3000L);
                          ^
  symbol:   class d
  location: class bc
recovered-src-obf/aj/bs.java:79: error: reference to a is ambiguous
                    a.a msg = a.a.a(data);
                    ^
  both class an.a in an and class l1j.server.a in l1j.server match
recovered-src-obf/aj/bs.java:79: error: cannot find symbol
                    a.a msg = a.a.a(data);
                               ^
  symbol:   variable a
  location: variable a of type Logger
recovered-src-obf/aj/bs.java:92: error: reference to a is ambiguous
                    a.a msg = a.a.a(data);
                    ^
  both class an.a in an and class l1j.server.a in l1j.server match
recovered-src-obf/aj/bs.java:92: error: cannot find symbol
                    a.a msg = a.a.a(data);
                               ^
  symbol:   variable a
  location: variable a of type Logger
recovered-src-obf/aj/bs.java:104: error: g has private access in aq
                    aq.g.a(pc, chatType, chatText, chatCount, targetName);
                      ^
recovered-src-obf/aj/bs.java:104: error: cannot find symbol
                    aq.g.a(pc, chatType, chatText, chatCount, targetName);
                        ^
  symbol:   method a(u,int,String,int,String)
  location: variable g of type ConcurrentHashMap<Integer,aa>
recovered-src-obf/aj/bs.java:110: error: reference to a is ambiguous
                    a.a msg = a.a.a(data);
                    ^
  both class an.a in an and class l1j.server.a in l1j.server match
recovered-src-obf/aj/bs.java:110: error: cannot find symbol
                    a.a msg = a.a.a(data);
                               ^
  symbol:   variable a
  location: variable a of type Logger
recovered-src-obf/aj/bs.java:112: error: cannot find symbol
                    bh.s qn = pc.dS().get(questID);
                      ^
  symbol:   class s
  location: class bh
recovered-src-obf/aj/bs.java:130: error: cannot find symbol
                            i = 0;
                            ^
  symbol:   variable i
  location: class bs
recovered-src-obf/aj/bs.java:131: error: cannot find symbol
                            while (i < qn.r().length) {
                                   ^
  symbol:   variable i
  location: class bs
recovered-src-obf/aj/bs.java:132: error: cannot find symbol
                                pc.j().b(qn.r()[i], qn.t()[i], qn.s()[i], 3);
                                                ^
  symbol:   variable i
  location: class bs
recovered-src-obf/aj/bs.java:132: error: cannot find symbol
                                pc.j().b(qn.r()[i], qn.t()[i], qn.s()[i], 3);
                                                           ^
  symbol:   variable i
  location: class bs
recovered-src-obf/aj/bs.java:132: error: cannot find symbol
                                pc.j().b(qn.r()[i], qn.t()[i], qn.s()[i], 3);
                                                                      ^
  symbol:   variable i
  location: class bs
recovered-src-obf/aj/bs.java:133: error: cannot find symbol
                                ++i;
                                  ^
  symbol:   variable i
  location: class bs
recovered-src-obf/aj/bs.java:142: error: reference to a is ambiguous
                    a.a msg = a.a.a(data);
                    ^
  both class an.a in an and class l1j.server.a in l1j.server match
recovered-src-obf/aj/bs.java:142: error: cannot find symbol
                    a.a msg = a.a.a(data);
                               ^
  symbol:   variable a
  location: variable a of type Logger
recovered-src-obf/aj/bs.java:144: error: cannot find symbol
                    bh.s qn = pc.dS().get(questID);
                      ^
  symbol:   class s
  location: class bh
recovered-src-obf/aj/bs.java:153: error: reference to a is ambiguous
                    a.c msg = a.c.a(data);
                    ^
  both class an.a in an and class l1j.server.a in l1j.server match
recovered-src-obf/aj/bs.java:153: error: cannot find symbol
                    a.c msg = a.c.a(data);
                               ^
  symbol:   variable c
  location: variable a of type Logger
recovered-src-obf/aj/bs.java:195: error: reference to a is ambiguous
                    a.a msg = a.a.a(data);
                    ^
  both class an.a in an and class l1j.server.a in l1j.server match
recovered-src-obf/aj/bs.java:195: error: cannot find symbol
                    a.a msg = a.a.a(data);
                               ^
  symbol:   variable a
  location: variable a of type Logger
recovered-src-obf/aj/bs.java:197: error: reference to d is ambiguous
                    d.i msg15 = am.d.a().a(number);
                    ^
  both class an.d in an and class bi.d in bi match
recovered-src-obf/aj/bs.java:197: error: cannot find symbol
                    d.i msg15 = am.d.a().a(number);
                                  ^
  symbol:   variable d
  location: class am
recovered-src-obf/aj/bs.java:199: error: reference to a is ambiguous
                        a.a msg1 = a.a.a(bs2);
                        ^
  both class an.a in an and class l1j.server.a in l1j.server match
recovered-src-obf/aj/bs.java:199: error: cannot find symbol
                        a.a msg1 = a.a.a(bs2);

===== aj/bt.java [CFR] EXIT=1 =====
warning: [options] bootstrap class path not set in conjunction with -source 8
recovered-src-obf/aj/bt.java:153: error: cannot find symbol
                            addHp = (int)((double)pc.ew() * (20.0 + (double)bi.i.a(20) / 100.0));
                                                                              ^
  symbol:   variable i
  location: class bi
recovered-src-obf/aj/bt.java:157: error: cannot find symbol
                            addHp = (int)((double)pc.ew() * ((double)(30 + bi.i.a(20)) / 100.0));
                                                                             ^
  symbol:   variable i
  location: class bi
recovered-src-obf/aj/bt.java:161: error: cannot find symbol
                            addHp = (int)((double)pc.ew() * ((double)(50 + bi.i.a(10)) / 100.0));
                                                                             ^
  symbol:   variable i
  location: class bi
3 errors
1 warning

===== aj/bx.java [VINEFLOWER_HARDTAIL] EXIT=1 =====
warning: [options] bootstrap class path not set in conjunction with -source 8
recovery/vineflower-hard-tail/aj/bx.java:11: error: cannot find symbol
   public bx(byte[] var1, bj.d var2) throws Exception {
                            ^
  symbol:   class d
  location: class bj
recovery/vineflower-hard-tail/aj/bx.java:327: error: cannot find symbol
   private void a(ap.u var1, int var2, int var3) {
                    ^
  symbol:   class u
  location: class ap
recovery/vineflower-hard-tail/aj/bx.java:394: error: cannot find symbol
   private void b(ap.u var1, int var2, int var3) {
                    ^
  symbol:   class u
  location: class ap
recovery/vineflower-hard-tail/aj/bx.java:13: error: cannot find symbol
      ap.u var3 = var2.f();
        ^
  symbol:   class u
  location: class ap
recovery/vineflower-hard-tail/aj/bx.java:22: error: cannot find symbol
               HashMap var32 = ao.al.a().c(var2.e().d());
                                 ^
  symbol:   variable al
  location: class ao
recovery/vineflower-hard-tail/aj/bx.java:23: error: cannot find symbol
               ap.q var39 = var32.get(var30);
                 ^
  symbol:   class q
  location: class ap
recovery/vineflower-hard-tail/aj/bx.java:30: error: cannot find symbol
               ao.al.a().a(var2.e().d(), var30);
                 ^
  symbol:   variable al
  location: class ao
recovery/vineflower-hard-tail/aj/bx.java:31: error: cannot find symbol
               var3.a(new dc(ao.al.a().c(var2.e().d()), 0));
                               ^
  symbol:   variable al
  location: class ao
recovery/vineflower-hard-tail/aj/bx.java:37: error: cannot find symbol
            aq.aa var10 = aq.aq.a().a(var4);
              ^
  symbol:   class aa
  location: class aq
recovery/vineflower-hard-tail/aj/bx.java:37: error: cannot find symbol
            aq.aa var10 = aq.aq.a().a(var4);
                            ^
  symbol:   variable aq
  location: class aq
recovery/vineflower-hard-tail/aj/bx.java:41: error: cannot find symbol
                     aq.i var38 = ao.q.a().a(var3.aF());
                       ^
  symbol:   class i
  location: class aq
recovery/vineflower-hard-tail/aj/bx.java:41: error: cannot find symbol
                     aq.i var38 = ao.q.a().a(var3.aF());
                                    ^
  symbol:   variable q
  location: class ao
recovery/vineflower-hard-tail/aj/bx.java:47: error: cannot find symbol
                  if (var10 instanceof ap.t) {
                                         ^
  symbol:   class t
  location: class ap
recovery/vineflower-hard-tail/aj/bx.java:48: error: cannot find symbol
                     ap.t var11 = (ap.t)var10;
                       ^
  symbol:   class t
  location: class ap
recovery/vineflower-hard-tail/aj/bx.java:48: error: cannot find symbol
                     ap.t var11 = (ap.t)var10;
                                     ^
  symbol:   class t
  location: class ap
recovery/vineflower-hard-tail/aj/bx.java:52: error: cannot find symbol
                     if (!(var10 instanceof ap.u)) {
                                              ^
  symbol:   class u
  location: class ap
recovery/vineflower-hard-tail/aj/bx.java:62: error: cannot find symbol
                           ap.u var37 = (ap.u)var10;
                             ^
  symbol:   class u
  location: class ap
recovery/vineflower-hard-tail/aj/bx.java:62: error: cannot find symbol
                           ap.u var37 = (ap.u)var10;
                                           ^
  symbol:   class u
  location: class ap
recovery/vineflower-hard-tail/aj/bx.java:79: error: cannot find symbol
                                 bh.r var65 = var44.get(var60);
                                   ^
  symbol:   class r
  location: class bh
recovery/vineflower-hard-tail/aj/bx.java:84: error: cannot find symbol
                                 ap.q var73 = var37.j().e(var67);
                                   ^
  symbol:   class q
  location: class ap
recovery/vineflower-hard-tail/aj/bx.java:110: error: cannot find symbol
                                       ap.q var25 = var3.j().b(40308);
                                         ^
  symbol:   class q
  location: class ap
recovery/vineflower-hard-tail/aj/bx.java:149: error: cannot find symbol
                           ao.bc.a().b(var3, var36, (ap.t)var10);
                                                       ^
  symbol:   class t
  location: class ap
recovery/vineflower-hard-tail/aj/bx.java:149: error: cannot find symbol
                           ao.bc.a().b(var3, var36, (ap.t)var10);
                             ^
  symbol:   variable bc
  location: class ao
recovery/vineflower-hard-tail/aj/bx.java:154: error: cannot find symbol
                           ao.bc.a().a(var3, var36, (ap.t)var10);
                                                       ^
  symbol:   class t
  location: class ap
recovery/vineflower-hard-tail/aj/bx.java:154: error: cannot find symbol
                           ao.bc.a().a(var3, var36, (ap.t)var10);
                             ^
  symbol:   variable bc
  location: class ao
recovery/vineflower-hard-tail/aj/bx.java:167: error: cannot find symbol
                        ao.bc.a().b(var3, var36, (ap.t)var10, var43);
                                                    ^
  symbol:   class t
  location: class ap
recovery/vineflower-hard-tail/aj/bx.java:167: error: cannot find symbol
                        ao.bc.a().b(var3, var36, (ap.t)var10, var43);
                          ^
  symbol:   variable bc
  location: class ao
recovery/vineflower-hard-tail/aj/bx.java:171: error: cannot find symbol
                           bh.t var34 = ao.bc.a().a(var7);
                             ^
  symbol:   class t
  location: class bh
recovery/vineflower-hard-tail/aj/bx.java:171: error: cannot find symbol
                           bh.t var34 = ao.bc.a().a(var7);
                                          ^
  symbol:   variable bc
  location: class ao
recovery/vineflower-hard-tail/aj/bx.java:184: error: cannot find symbol
                           ao.bc.a().a(var3, var40, (ap.t)var10, var47);
                                                       ^
  symbol:   class t
  location: class ap
recovery/vineflower-hard-tail/aj/bx.java:184: error: cannot find symbol
                           ao.bc.a().a(var3, var40, (ap.t)var10, var47);
                             ^
  symbol:   variable bc
  location: class ao
recovery/vineflower-hard-tail/aj/bx.java:186: error: cannot find symbol
                           ap.u var35 = (ap.u)var10;
                             ^
  symbol:   class u

===== aj/bz.java [CFR] EXIT=1 =====
warning: [options] bootstrap class path not set in conjunction with -source 8
recovered-src-obf/aj/bz.java:63: error: cannot find symbol
                i = 0;
                ^
  symbol:   variable i
  location: class bz
recovered-src-obf/aj/bz.java:64: error: cannot find symbol
                while (i < 5) {
                       ^
  symbol:   variable i
  location: class bz
recovered-src-obf/aj/bz.java:68: error: cannot find symbol
                    bookmark.f(i);
                               ^
  symbol:   variable i
  location: class bz
recovered-src-obf/aj/bz.java:69: error: cannot find symbol
                    ++i;
                      ^
  symbol:   variable i
  location: class bz
recovered-src-obf/aj/bz.java:104: error: cannot find symbol
                i clan = ao.q.a().a(pc.aF());
                           ^
  symbol:   variable q
  location: class ao
recovered-src-obf/aj/bz.java:109: error: cannot find symbol
                ao.q.a().b(clan);
                  ^
  symbol:   variable q
  location: class ao
6 errors
1 warning

===== aj/cb.java [CFR] EXIT=1 =====
warning: [options] bootstrap class path not set in conjunction with -source 8
recovered-src-obf/aj/cb.java:45: error: cannot find symbol
            ap.q checkItem;
              ^
  symbol:   class q
  location: class ap
1 error
1 warning

===== aj/cd.java [CFR] EXIT=1 =====
warning: [options] bootstrap class path not set in conjunction with -source 8
recovered-src-obf/aj/cd.java:100: error: cannot find symbol
                    bh.a account = client.e();
                      ^
  symbol:   class a
  location: class bh
recovered-src-obf/aj/cd.java:137: error: cannot find symbol
                i clan = ao.q.a().a(pc.aF());
                           ^
  symbol:   variable q
  location: class ao
recovered-src-obf/aj/cd.java:139: error: cannot find symbol
                ao.q.a().b(clan);
                  ^
  symbol:   variable q
  location: class ao
3 errors
1 warning

===== aj/cg.java [CFR] EXIT=1 =====
warning: [options] bootstrap class path not set in conjunction with -source 8
recovered-src-obf/aj/cg.java:88: error: cannot find symbol
        pc.a(new be.d(pc, list));
                   ^
  symbol:   class d
  location: class be
1 error
1 warning

===== aj/ch.java [CFR] EXIT=1 =====
warning: [options] bootstrap class path not set in conjunction with -source 8
recovered-src-obf/aj/ch.java:55: error: cannot find symbol
        pc.a(new be.d(pc, list));
                   ^
  symbol:   class d
  location: class be
1 error
1 warning

===== aj/ci.java [CFR] EXIT=1 =====
warning: [options] bootstrap class path not set in conjunction with -source 8
recovered-src-obf/aj/ci.java:28: error: cannot find symbol
            bh.d l1castle = g.a().a(castle_id);
              ^
  symbol:   class d
  location: class bh
1 error
1 warning

===== aj/ck.java [CFR] EXIT=1 =====
warning: [options] bootstrap class path not set in conjunction with -source 8
recovered-src-obf/aj/ck.java:31: error: cannot find symbol
        aq.u loc = aq.u.a(target.fu(), 1, 2, false);
          ^
  symbol:   class u
  location: class aq
recovered-src-obf/aj/ck.java:31: error: cannot find symbol
        aq.u loc = aq.u.a(target.fu(), 1, 2, false);
                     ^
  symbol:   variable u
  location: class aq
2 errors
1 warning

===== aj/cq.java [CFR] EXIT=1 =====
warning: [options] bootstrap class path not set in conjunction with -source 8
recovered-src-obf/aj/cq.java:49: error: cannot find symbol
                pc.a(new be.cq(data, pet, listNo));
                           ^
  symbol:   class cq
  location: class be
recovered-src-obf/aj/cq.java:52: error: cannot find symbol
                pc.a(new be.cq(data, pet, listNo));
                           ^
  symbol:   class cq
  location: class be
2 errors
1 warning

===== aj/cr.java [CFR] EXIT=1 =====
warning: [options] bootstrap class path not set in conjunction with -source 8
recovered-src-obf/aj/cr.java:38: error: double cannot be dereferenced
        int result = be.a().a(skillId).s() == 18 ? pc.ce().a(ak.a.c) : pc.ce().a(ak.a.d);
                                                                 ^
recovered-src-obf/aj/cr.java:38: error: double cannot be dereferenced
        int result = be.a().a(skillId).s() == 18 ? pc.ce().a(ak.a.c) : pc.ce().a(ak.a.d);
                                                                                     ^
2 errors
1 warning

===== aj/d.java [CFR] EXIT=1 =====
warning: [options] bootstrap class path not set in conjunction with -source 8
recovered-src-obf/aj/d.java:18: error: cannot find symbol
    public d(byte[] decrypt, bj.d client) {
                               ^
  symbol:   class d
  location: class bj
recovered-src-obf/aj/d.java:63: error: double cannot be dereferenced
        int result = pc.ce().a(ak.a.b);
                                   ^
2 errors
1 warning

===== aj/f.java [CFR] EXIT=1 =====
warning: [options] bootstrap class path not set in conjunction with -source 8
recovered-src-obf/aj/f.java:665: error: cannot find symbol
    private static void a(ap.v pet, String name) {
                            ^
  symbol:   class v
  location: class ap
recovered-src-obf/aj/f.java:100: error: cannot find symbol
                aq.i clan = ao.q.a().a(pc.aF());
                  ^
  symbol:   class i
  location: class aq
recovered-src-obf/aj/f.java:100: error: cannot find symbol
                aq.i clan = ao.q.a().a(pc.aF());
                              ^
  symbol:   variable q
  location: class ao
recovered-src-obf/aj/f.java:130: error: cannot find symbol
                    joinPc.a(new be.ac(joinPc));
                                   ^
  symbol:   class ac
  location: class be
recovered-src-obf/aj/f.java:133: error: cannot find symbol
                    joinPc.a(new be.ac(joinPc, true));
                                   ^
  symbol:   class ac
  location: class be
recovered-src-obf/aj/f.java:237: error: cannot find symbol
                ap.v pet = (ap.v)aq.a().a(pc.aQ());
                  ^
  symbol:   class v
  location: class ap
recovered-src-obf/aj/f.java:237: error: cannot find symbol
                ap.v pet = (ap.v)aq.a().a(pc.aQ());
                              ^
  symbol:   class v
  location: class ap
recovered-src-obf/aj/f.java:475: error: cannot find symbol
                    ap.v pet2 = (ap.v)aq.a().a(pc.aQ());
                      ^
  symbol:   class v
  location: class ap
recovered-src-obf/aj/f.java:475: error: cannot find symbol
                    ap.v pet2 = (ap.v)aq.a().a(pc.aQ());
                                   ^
  symbol:   class v
  location: class ap
recovered-src-obf/aj/f.java:490: error: c has private access in cv
                    bh.c.a(pc, new_item);
                      ^
recovered-src-obf/aj/f.java:490: error: int cannot be dereferenced
                    bh.c.a(pc, new_item);
                        ^
recovered-src-obf/aj/f.java:511: error: c has private access in cv
                        bh.c.a(item, pc);
                          ^
recovered-src-obf/aj/f.java:511: error: int cannot be dereferenced
                        bh.c.a(item, pc);
                            ^
recovered-src-obf/aj/f.java:515: error: c has private access in cv
                        list = bh.c.b;
                                 ^
recovered-src-obf/aj/f.java:515: error: int cannot be dereferenced
                        list = bh.c.b;
                                   ^
recovered-src-obf/aj/f.java:517: error: c has private access in cv
                        list = bh.c.a;
                                 ^
recovered-src-obf/aj/f.java:517: error: int cannot be dereferenced
                        list = bh.c.a;
                                   ^
recovered-src-obf/aj/f.java:525: error: c has private access in cv
                    bh.c.a(pc, list);
                      ^
recovered-src-obf/aj/f.java:525: error: int cannot be dereferenced
                    bh.c.a(pc, list);
                        ^
recovered-src-obf/aj/f.java:565: error: cannot find symbol
                aq.i clan;
                  ^
  symbol:   class i
  location: class aq
recovered-src-obf/aj/f.java:566: error: cannot find symbol
                aq.i targetClan = ao.q.a().a(pc.aQ());
                  ^
  symbol:   class i
  location: class aq
recovered-src-obf/aj/f.java:566: error: cannot find symbol
                aq.i targetClan = ao.q.a().a(pc.aQ());
                                    ^
  symbol:   variable q
  location: class ao
recovered-src-obf/aj/f.java:567: error: cannot find symbol
                if (targetClan != null && this.c() == 1 && (clan = ao.q.a().a(pc.aF())) != null) {
                                                                     ^
  symbol:   variable q
  location: class ao
recovered-src-obf/aj/f.java:573: error: cannot find symbol
                    ao.q.a().b(clan);
                      ^
  symbol:   variable q
  location: class ao
recovered-src-obf/aj/f.java:579: error: cannot find symbol
                    ao.q.a().b(targetClan);
                      ^
  symbol:   variable q
  location: class ao
recovered-src-obf/aj/f.java:606: error: cannot find symbol
        aq.i clan = ao.q.a().a(pc.aF());
          ^
  symbol:   class i
  location: class aq
recovered-src-obf/aj/f.java:606: error: cannot find symbol
        aq.i clan = ao.q.a().a(pc.aF());
                      ^
  symbol:   variable q
  location: class ao
recovered-src-obf/aj/f.java:607: error: cannot find symbol
        aq.i oldClan = ao.q.a().a(joinPc.aF());
          ^
  symbol:   class i
  location: class aq
recovered-src-obf/aj/f.java:607: error: cannot find symbol
        aq.i oldClan = ao.q.a().a(joinPc.aF());
                         ^
  symbol:   variable q
  location: class ao
recovered-src-obf/aj/f.java:631: error: cannot find symbol
                    oldClanMember.a(new be.ac(oldClanMember, true));
                                          ^
  symbol:   class ac
  location: class be
recovered-src-obf/aj/f.java:661: error: cannot find symbol
            ao.q.a().b(oldClan.f());
              ^
  symbol:   variable q
  location: class ao
recovered-src-obf/aj/f.java:702: error: cannot find symbol
        if (!callClanPc.fq().h() || as.b.a().a((aq.f)pc)) {
                                                  ^
  symbol:   class f
  location: class aq
recovered-src-obf/aj/f.java:702: error: b has private access in cv
        if (!callClanPc.fq().h() || as.b.a().a((aq.f)pc)) {
                                      ^
recovered-src-obf/aj/f.java:702: error: cannot find symbol
        if (!callClanPc.fq().h() || as.b.a().a((aq.f)pc)) {
                                        ^
  symbol:   method a()
  location: variable b of type byte[]
recovered-src-obf/aj/f.java:715: error: cannot find symbol
            aq.f cha;
              ^
  symbol:   class f
  location: class aq
recovered-src-obf/aj/f.java:716: error: cannot find symbol
            if (!(object instanceof aq.f) || (cha = (aq.f)object).fs() != locX || cha.ft() != locY || cha.fp() != callClanPc.fp()) continue;
                                      ^
  symbol:   class f
  location: class aq
recovered-src-obf/aj/f.java:716: error: cannot find symbol

===== aj/g.java [CFR] EXIT=1 =====
warning: [options] bootstrap class path not set in conjunction with -source 8
recovered-src-obf/aj/g.java:66: error: cannot find symbol
                bh.a account = ao.a.a().c(accountName);
                  ^
  symbol:   class a
  location: class bh
recovered-src-obf/aj/g.java:66: error: a has private access in cv
                bh.a account = ao.a.a().c(accountName);
                                 ^
recovered-src-obf/aj/g.java:66: error: cannot find symbol
                bh.a account = ao.a.a().c(accountName);
                                   ^
  symbol:   method a()
  location: variable a of type Logger
recovered-src-obf/aj/g.java:74: error: a has private access in cv
                        if (!ao.a.a().b(host)) {
                               ^
recovered-src-obf/aj/g.java:74: error: cannot find symbol
                        if (!ao.a.a().b(host)) {
                                 ^
  symbol:   method a()
  location: variable a of type Logger
recovered-src-obf/aj/g.java:79: error: a has private access in cv
                    } else if (!ao.a.a().a(ip)) {
                                  ^
recovered-src-obf/aj/g.java:79: error: cannot find symbol
                    } else if (!ao.a.a().a(ip)) {
                                    ^
  symbol:   method a()
  location: variable a of type Logger
recovered-src-obf/aj/g.java:84: error: a has private access in cv
                    account = ao.a.a().a(accountName, password, ip, host);
                                ^
recovered-src-obf/aj/g.java:84: error: cannot find symbol
                    account = ao.a.a().a(accountName, password, ip, host);
                                  ^
  symbol:   method a()
  location: variable a of type Logger
recovered-src-obf/aj/g.java:100: error: a has private access in cv
                        ao.a.a().a(account, false);
                          ^
recovered-src-obf/aj/g.java:100: error: cannot find symbol
                        ao.a.a().a(account, false);
                            ^
  symbol:   method a()
  location: variable a of type Logger
recovered-src-obf/aj/g.java:101: error: a has private access in cv
                        ao.a.a().b(account, false);
                          ^
recovered-src-obf/aj/g.java:101: error: cannot find symbol
                        ao.a.a().b(account, false);
                            ^
  symbol:   method a()
  location: variable a of type Logger
recovered-src-obf/aj/g.java:102: error: a has private access in cv
                        ao.a.a().e(account.d());
                          ^
recovered-src-obf/aj/g.java:102: error: cannot find symbol
                        ao.a.a().e(account.d());
                            ^
  symbol:   method a()
  location: variable a of type Logger
recovered-src-obf/aj/g.java:128: error: a has private access in cv
                    ao.a.a().a(account, client);
                      ^
recovered-src-obf/aj/g.java:128: error: cannot find symbol
                    ao.a.a().a(account, client);
                        ^
  symbol:   method a()
  location: variable a of type Logger
17 errors
1 warning

===== aj/h.java [CFR] EXIT=1 =====
warning: [options] bootstrap class path not set in conjunction with -source 8
recovered-src-obf/aj/h.java:23: error: constructor cv in class cv cannot be applied to given types;
    public h(byte[] abyte0, d clientthread) throws Exception {
                                                             ^
  required: byte[]
  found:    no arguments
  reason: actual and formal argument lists differ in length
recovered-src-obf/aj/h.java:25: error: call to super must be first statement in constructor
            super(abyte0);
                 ^
2 errors
1 warning

===== aj/p.java [CFR] EXIT=1 =====
warning: [options] bootstrap class path not set in conjunction with -source 8
recovered-src-obf/aj/p.java:20: error: cannot find symbol
        aq.d buddy = f.a().a(pc.fr());
          ^
  symbol:   class d
  location: class aq
1 error
1 warning

===== aj/s.java [CFR] EXIT=1 =====
warning: [options] bootstrap class path not set in conjunction with -source 8
recovered-src-obf/aj/s.java:22: error: cannot find symbol
    public s(byte[] abyte0, bj.d clientthread) {
                              ^
  symbol:   class d
  location: class bj
1 error
1 warning

===== aj/u.java [CFR] EXIT=1 =====
warning: [options] bootstrap class path not set in conjunction with -source 8
recovered-src-obf/aj/u.java:137: error: cannot find symbol
    private void a(ap.u pc, String chatText, int chatType) {
                     ^
  symbol:   class u
  location: class ap
recovered-src-obf/aj/u.java:26: error: cannot find symbol
        ap.u pc = clientthread.f();
          ^
  symbol:   class u
  location: class ap
recovered-src-obf/aj/u.java:53: error: cannot find symbol
            for (ap.u listner : aq.a().c(pc, range)) {
                   ^
  symbol:   class u
  location: class ap
recovered-src-obf/aj/u.java:60: error: cannot find symbol
                for (ap.u listner : aq.a().c(mob, range)) {
                       ^
  symbol:   class u
  location: class ap
recovered-src-obf/aj/u.java:71: error: cannot find symbol
            for (ap.u listner : clan.b()) {
                   ^
  symbol:   class u
  location: class ap
recovered-src-obf/aj/u.java:79: error: cannot find symbol
            for (ap.u listner : pc.aL().c()) {
                   ^
  symbol:   class u
  location: class ap
recovered-src-obf/aj/u.java:94: error: cannot find symbol
            for (ap.u listner : clan.b()) {
                   ^
  symbol:   class u
  location: class ap
recovered-src-obf/aj/u.java:102: error: cannot find symbol
            ap.u[] uArray = pc.aM().e();
              ^
  symbol:   class u
  location: class ap
recovered-src-obf/aj/u.java:106: error: cannot find symbol
                ap.u listner = uArray[clan];
                  ^
  symbol:   class u
  location: class ap
recovered-src-obf/aj/u.java:117: error: cannot find symbol
            for (ap.u listner : clan.b()) {
                   ^
  symbol:   class u
  location: class ap
recovered-src-obf/aj/u.java:127: error: cannot find symbol
                for (ap.u listner : clan.b()) {
                       ^
  symbol:   class u
  location: class ap
recovered-src-obf/aj/u.java:154: error: cannot find symbol
        for (ap.u listner : aq.a().c()) {
               ^
  symbol:   class u
  location: class ap
12 errors
1 warning

===== aj/z.java [CFR] EXIT=1 =====
warning: [options] bootstrap class path not set in conjunction with -source 8
recovered-src-obf/aj/z.java:42: error: cannot find symbol
    public z(byte[] abyte0, bj.d client) throws Exception {
                              ^
  symbol:   class d
  location: class bj
recovered-src-obf/aj/z.java:94: error: cannot find symbol
    private static void a(bj.d client, ap.u pc) throws IOException, Exception {
                            ^
  symbol:   class d
  location: class bj
recovered-src-obf/aj/z.java:94: error: cannot find symbol
    private static void a(bj.d client, ap.u pc) throws IOException, Exception {
                                         ^
  symbol:   class u
  location: class ap
recovered-src-obf/aj/z.java:45: error: cannot find symbol
        ap.u pc = new ap.u();
          ^
  symbol:   class u
  location: class ap
recovered-src-obf/aj/z.java:45: error: cannot find symbol
        ap.u pc = new ap.u();
                        ^
  symbol:   class u
  location: class ap
recovered-src-obf/aj/z.java:47: error: cannot find symbol
        bh.a account = client.e();
          ^
  symbol:   class a
  location: class bh
recovered-src-obf/aj/z.java:95: error: cannot find symbol
        pc.cF(ai.d.a().d());
                ^
  symbol:   variable d
  location: class ai
recovered-src-obf/aj/z.java:100: error: c has private access in cv
        int initHp = bi.c.a(pc);
                       ^
recovered-src-obf/aj/z.java:100: error: int cannot be dereferenced
        int initHp = bi.c.a(pc);
                         ^
recovered-src-obf/aj/z.java:101: error: c has private access in cv
        int initMp = bi.c.c(pc);
                       ^
recovered-src-obf/aj/z.java:101: error: int cannot be dereferenced
        int initMp = bi.c.c(pc);
                         ^
recovered-src-obf/aj/z.java:112: error: cannot find symbol
            pc.a(new be.d(pc, 4));
                       ^
  symbol:   class d
  location: class be
recovered-src-obf/aj/z.java:114: error: cannot find symbol
        ao.d.a().a(pc);
          ^
  symbol:   variable d
  location: class ao
recovered-src-obf/aj/z.java:134: error: a has private access in am
        if (am.a.a().a(name)) {
              ^
recovered-src-obf/aj/z.java:134: error: cannot find symbol
        if (am.a.a().a(name)) {
                ^
  symbol:   method a()
  location: variable a of type Logger
recovered-src-obf/aj/z.java:150: error: a has private access in am
        return !am.a.a().a(name);
                  ^
recovered-src-obf/aj/z.java:150: error: cannot find symbol
        return !am.a.a().a(name);
                    ^
  symbol:   method a()
  location: variable a of type Logger
17 errors
1 warning

===== ak/a.java [CFR] EXIT=1 =====
warning: [options] bootstrap class path not set in conjunction with -source 8
recovered-src-obf/ak/a.java:38: error: unreported exception SQLException; must be caught or declared to be thrown
            con = b.a().b();
                     ^
recovered-src-obf/ak/a.java:38: error: unreported exception SQLException; must be caught or declared to be thrown
            con = b.a().b();
                         ^
recovered-src-obf/ak/a.java:39: error: unreported exception SQLException; must be caught or declared to be thrown
            pstm = con.prepareStatement("SELECT * FROM commands WHERE name=?");
                                       ^
recovered-src-obf/ak/a.java:40: error: unreported exception SQLException; must be caught or declared to be thrown
            pstm.setString(1, name);
                          ^
recovered-src-obf/ak/a.java:41: error: unreported exception SQLException; must be caught or declared to be thrown
            rs = pstm.executeQuery();
                                  ^
recovered-src-obf/ak/a.java:42: error: unreported exception SQLException; must be caught or declared to be thrown
            if (rs.next()) break block5;
                       ^
6 errors
1 warning

===== al/a.java [CFR] EXIT=1 =====
warning: [options] bootstrap class path not set in conjunction with -source 8
recovered-src-obf/al/a.java:26: error: cannot find symbol
                ao.a.a().d(target.bc());
                  ^
  symbol:   variable a
  location: class ao
1 error
1 warning

===== al/aa.java [CFR] EXIT=1 =====
warning: [options] bootstrap class path not set in conjunction with -source 8
recovered-src-obf/al/aa.java:40: error: cannot find symbol
    public static boolean a(aq.aa obj) {
                              ^
  symbol:   class aa
  location: class aq
recovered-src-obf/al/aa.java:31: error: cannot find symbol
            for (aq.aa obj : pc.eq()) {
                   ^
  symbol:   class aa
  location: class aq
recovered-src-obf/al/aa.java:53: error: cannot find symbol
        if (obj instanceof ap.aa) {
                             ^
  symbol:   class aa
  location: class ap
3 errors
1 warning

===== al/ab.java [VINEFLOWER_HARDTAIL] EXIT=1 =====
warning: [options] bootstrap class path not set in conjunction with -source 8
recovery/vineflower-hard-tail/al/ab.java:16: error: cannot find symbol
   public void a(ap.u var1, String var2, String var3) {
                   ^
  symbol:   class u
  location: class ap
recovery/vineflower-hard-tail/al/ab.java:24: error: cannot find symbol
            bh.l var8 = ao.au.a().a(var7);
                          ^
  symbol:   variable au
  location: class ao
recovery/vineflower-hard-tail/al/ab.java:38: error: cannot find symbol
               ao.at.a().a(var1, var8);
                 ^
  symbol:   variable at
  location: class ao
3 errors
1 warning

===== al/ah.java [CFR] EXIT=1 =====
warning: [options] bootstrap class path not set in conjunction with -source 8
recovered-src-obf/al/ah.java:31: error: cannot find symbol
            j temp = ao.ah.a().a(itemid);
                       ^
  symbol:   variable ah
  location: class ao
1 error
1 warning

===== al/aq.java [CFR] EXIT=1 =====
warning: [options] bootstrap class path not set in conjunction with -source 8
recovered-src-obf/al/aq.java:27: error: cannot find symbol
                targets = aq.aq.a().c();
                            ^
  symbol:   variable aq
  location: class aq
recovered-src-obf/al/aq.java:30: error: cannot find symbol
                u tg = aq.aq.a().a(arg);
                         ^
  symbol:   variable aq
  location: class aq
2 errors
1 warning

===== al/g.java [CFR] EXIT=1 =====
warning: [options] bootstrap class path not set in conjunction with -source 8
recovered-src-obf/al/g.java:32: error: incompatible types: ArrayList<u> cannot be converted to Collection<Object>
                players = new ArrayList<u>();
                          ^
recovered-src-obf/al/g.java:36: error: incompatible types: Collection<u> cannot be converted to Collection<Object>
                players = aq.a().c();
                                  ^
recovered-src-obf/al/g.java:39: error: incompatible types: List<u> cannot be converted to Collection<Object>
                players = aq.a().f(pc);
                                  ^
recovered-src-obf/al/g.java:47: error: incompatible types: Object cannot be converted to u
            for (u u2 : players) {
                        ^
4 errors
1 warning

===== al/p.java [CFR] EXIT=1 =====
warning: [options] bootstrap class path not set in conjunction with -source 8
recovered-src-obf/al/p.java:30: error: cannot find symbol
            ap.l furniture;
              ^
  symbol:   class l
  location: class ap
recovered-src-obf/al/p.java:40: error: cannot find symbol
            } else if (itemId >= 41383 && itemId <= 41400 && l1object instanceof ap.l && (furniture = (ap.l)l1object).f() == l1iteminstance.fr()) {
                                                                                   ^
  symbol:   class l
  location: class ap
recovered-src-obf/al/p.java:40: error: cannot find symbol
            } else if (itemId >= 41383 && itemId <= 41400 && l1object instanceof ap.l && (furniture = (ap.l)l1object).f() == l1iteminstance.fr()) {
                                                                                                         ^
  symbol:   class l
  location: class ap
3 errors
1 warning

===== al/u.java [CFR] EXIT=1 =====
warning: [options] bootstrap class path not set in conjunction with -source 8
recovered-src-obf/al/u.java:19: error: cannot find symbol
    public void a(ap.u pc, String cmdName, String arg) {
                    ^
  symbol:   class u
  location: class ap
1 error
1 warning

===== al/y.java [CFR] EXIT=1 =====
warning: [options] bootstrap class path not set in conjunction with -source 8
recovered-src-obf/al/y.java:62: error: incompatible types: ArrayList<Integer> cannot be converted to ArrayList<Object>
                findList = c.a().a(true);
                                  ^
recovered-src-obf/al/y.java:64: error: incompatible types: ArrayList<Integer> cannot be converted to ArrayList<Object>
                findList = c.a().a(false);
                                  ^
recovered-src-obf/al/y.java:66: error: incompatible types: ArrayList<Integer> cannot be converted to ArrayList<Object>
                findList = c.a().b();
                                  ^
recovered-src-obf/al/y.java:77: error: incompatible types: ArrayList<Integer> cannot be converted to ArrayList<Object>
                findList = c.a().e(Integer.parseInt(type));
                                  ^
recovered-src-obf/al/y.java:79: error: no suitable method found for sort(ArrayList<Object>)
            Collections.sort(findList);
                       ^
    method Collections.<T#1>sort(List<T#1>) is not applicable
      (inference variable T#1 has incompatible bounds
        equality constraints: Object
        lower bounds: Comparable<? super T#1>)
    method Collections.<T#2>sort(List<T#2>,Comparator<? super T#2>) is not applicable
      (cannot infer type-variable(s) T#2
        (actual and formal argument lists differ in length))
  where T#1,T#2 are type-variables:
    T#1 extends Comparable<? super T#1> declared in method <T#1>sort(List<T#1>)
    T#2 extends Object declared in method <T#2>sort(List<T#2>,Comparator<? super T#2>)
Note: recovered-src-obf/al/y.java uses unchecked or unsafe operations.
Note: Recompile with -Xlint:unchecked for details.
5 errors
1 warning

===== am/d.java [CFR] EXIT=1 =====
warning: [options] bootstrap class path not set in conjunction with -source 8
recovered-src-obf/am/d.java:10: error: d is already defined in this compilation unit
import an.d;
^
recovered-src-obf/am/d.java:13: error: a type with the same simple name is already defined by the single-type-import of g
import an.g;
^
recovered-src-obf/am/d.java:362: error: class d is already defined in package am
    class d {
    ^
recovered-src-obf/am/d.java:52: error: non-static variable this cannot be referenced from a static context
            b = new d();
                ^
recovered-src-obf/am/d.java:63: error: cannot find symbol
            a.a msg1;
             ^
  symbol:   class a
  location: class d.a
recovered-src-obf/am/d.java:69: error: cannot find symbol
            c.a msg10 = c.a.a(data3);
             ^
  symbol:   class a
  location: class d.c
recovered-src-obf/am/d.java:69: error: cannot find symbol
            c.a msg10 = c.a.a(data3);
                         ^
  symbol:   variable a
  location: variable c of type HashMap<Integer,String>
recovered-src-obf/am/d.java:70: error: reference to g is ambiguous
            for (g bs2 : msg10.q()) {
                 ^
  both class a.g in a and class an.g in an match
recovered-src-obf/am/d.java:71: error: cannot find symbol
                e.g msg19 = e.g.a(bs2);
                             ^
  symbol:   variable g
  location: variable e of type HashMap<Integer,d>
recovered-src-obf/am/d.java:73: error: cannot find symbol
                b.g item = b.g.a(msg19.r());
                 ^
  symbol:   class g
  location: class d.b
recovered-src-obf/am/d.java:73: error: unexpected type
                b.g item = b.g.a(msg19.r());
                           ^
  required: class,package
  found:    variable
recovered-src-obf/am/d.java:97: error: cannot find symbol
            f.g msg24 = f.g.a(data);
                         ^
  symbol:   variable g
  location: variable f of type HashMap<Integer,d.a>
recovered-src-obf/am/d.java:98: error: reference to g is ambiguous
            for (g bs3 : msg24.q()) {
                 ^
  both class a.g in a and class an.g in an match
recovered-src-obf/am/d.java:99: error: cannot find symbol
                c.c msg6 = c.c.a(bs3);
                 ^
  symbol:   class c
  location: class d.c
recovered-src-obf/am/d.java:99: error: cannot find symbol
                c.c msg6 = c.c.a(bs3);
                            ^
  symbol:   variable c
  location: variable c of type HashMap<Integer,String>
recovered-src-obf/am/d.java:100: error: cannot find symbol
                b.i msg27 = b.i.a(msg6.r());
                 ^
  symbol:   class i
  location: class d.b
recovered-src-obf/am/d.java:100: error: unexpected type
                b.i msg27 = b.i.a(msg6.r());
                            ^
  required: class,package
  found:    variable
recovered-src-obf/am/d.java:113: error: reference to g is ambiguous
                for (g bs2 : msg27.H_()) {
                     ^
  both class a.g in a and class an.g in an match
recovered-src-obf/am/d.java:114: error: cannot find symbol
                    msg1 = a.a.a(bs2);
                            ^
  symbol:   variable a
  location: variable a of type Logger
recovered-src-obf/am/d.java:122: error: cannot find symbol
            f.g msg242 = f.g.a(data2);
                          ^
  symbol:   variable g
  location: variable f of type HashMap<Integer,d.a>
recovered-src-obf/am/d.java:123: error: reference to g is ambiguous
            for (g bs4 : msg242.q()) {
                 ^
  both class a.g in a and class an.g in an match
recovered-src-obf/am/d.java:124: error: cannot find symbol
                c.c msg6 = c.c.a(bs4);
                 ^
  symbol:   class c
  location: class d.c
recovered-src-obf/am/d.java:124: error: cannot find symbol
                c.c msg6 = c.c.a(bs4);
                            ^
  symbol:   variable c
  location: variable c of type HashMap<Integer,String>
recovered-src-obf/am/d.java:126: error: reference to g is ambiguous
                g.a msg26 = g.a.a(msg6.r());
                ^
  both class a.g in a and class an.g in an match
recovered-src-obf/am/d.java:126: error: cannot find symbol
                g.a msg26 = g.a.a(msg6.r());
                             ^
  symbol:   variable a
  location: variable g of type HashMap<Integer,d.b>
recovered-src-obf/am/d.java:136: error: cannot find symbol
            c.a msg101 = c.a.a(data4);
             ^
  symbol:   class a
  location: class d.c
recovered-src-obf/am/d.java:136: error: cannot find symbol
            c.a msg101 = c.a.a(data4);
                          ^
  symbol:   variable a
  location: variable c of type HashMap<Integer,String>
recovered-src-obf/am/d.java:137: error: reference to g is ambiguous
            for (g bs5 : msg101.q()) {
                 ^
  both class a.g in a and class an.g in an match
recovered-src-obf/am/d.java:138: error: cannot find symbol
                e.g msg19 = e.g.a(bs5);
                             ^
  symbol:   variable g
  location: variable e of type HashMap<Integer,d>
recovered-src-obf/am/d.java:140: error: cannot find symbol
                h.g quest = h.g.a(msg19.r());
                             ^
  symbol:   variable g
  location: variable h of type HashMap<Integer,int[][]>
recovered-src-obf/am/d.java:143: error: incompatible types: am.d.d cannot be converted to an.d
                e.put(questID, qd);
                               ^
recovered-src-obf/am/d.java:146: error: cannot find symbol
                    c.g msg8 = c.g.a(quest.B());
                     ^
  symbol:   class g
  location: class d.c
recovered-src-obf/am/d.java:146: error: cannot find symbol
                    c.g msg8 = c.g.a(quest.B());
                                ^
  symbol:   variable g
  location: variable c of type HashMap<Integer,String>
recovered-src-obf/am/d.java:147: error: reference to g is ambiguous
                    for (g bs2 : msg8.o()) {
                         ^
  both class a.g in a and class an.g in an match
recovered-src-obf/am/d.java:148: error: cannot find symbol
                        a.a msg12 = a.a.a(bs2);
                         ^
  symbol:   class a
  location: class d.a
recovered-src-obf/am/d.java:148: error: cannot find symbol

===== an/a.java [VINEFLOWER_PROTO] EXIT=1 =====
warning: [options] bootstrap class path not set in conjunction with -source 8
recovery/vineflower-stage2/an/a.java:816: error: not a statement
            an.a.a.m;
                  ^
recovery/vineflower-stage2/an/a.java:2263: error: not a statement
            an.a.c.m;
                  ^
recovery/vineflower-stage2/an/a.java:3764: error: not a statement
            an.a.e.m;
                  ^
recovery/vineflower-stage2/an/a.java:5245: error: not a statement
            an.a.g.m;
                  ^
recovery/vineflower-stage2/an/a.java:6695: error: not a statement
            an.a.i.m;
                  ^
5 errors
1 warning

===== an/b.java [VINEFLOWER_PROTO] EXIT=1 =====
warning: [options] bootstrap class path not set in conjunction with -source 8
recovery/vineflower-stage2/an/b.java:560: error: not a statement
            an.b.a.m;
                  ^
recovery/vineflower-stage2/an/b.java:1299: error: not a statement
            an.b.c.m;
                  ^
recovery/vineflower-stage2/an/b.java:2756: error: not a statement
            an.b.e.m;
                  ^
recovery/vineflower-stage2/an/b.java:5442: error: not a statement
            an.b.g.m;
                  ^
recovery/vineflower-stage2/an/b.java:7804: error: not a statement
            an.b.i.m;
                  ^
5 errors
1 warning

===== an/c.java [VINEFLOWER_PROTO] EXIT=1 =====
warning: [options] bootstrap class path not set in conjunction with -source 8
recovery/vineflower-stage2/an/c.java:832: error: not a statement
            an.c.a.m;
                  ^
recovery/vineflower-stage2/an/c.java:2307: error: not a statement
            an.c.c.m;
                  ^
recovery/vineflower-stage2/an/c.java:3761: error: not a statement
            an.c.e.m;
                  ^
recovery/vineflower-stage2/an/c.java:5213: error: not a statement
            an.c.g.m;
                  ^
recovery/vineflower-stage2/an/c.java:6688: error: not a statement
            an.c.i.m;
                  ^
5 errors
1 warning

===== an/d.java [VINEFLOWER_PROTO] EXIT=1 =====
warning: [options] bootstrap class path not set in conjunction with -source 8
recovery/vineflower-stage2/an/d.java:815: error: not a statement
            an.d.a.m;
                  ^
recovery/vineflower-stage2/an/d.java:2249: error: not a statement
            an.d.c.m;
                  ^
recovery/vineflower-stage2/an/d.java:3687: error: not a statement
            an.d.e.m;
                  ^
recovery/vineflower-stage2/an/d.java:5127: error: not a statement
            an.d.g.m;
                  ^
recovery/vineflower-stage2/an/d.java:6604: error: not a statement
            an.d.i.m;
                  ^
5 errors
1 warning

===== an/e.java [VINEFLOWER_PROTO] EXIT=1 =====
warning: [options] bootstrap class path not set in conjunction with -source 8
recovery/vineflower-stage2/an/e.java:832: error: not a statement
            an.e.a.m;
                  ^
recovery/vineflower-stage2/an/e.java:2311: error: not a statement
            an.e.c.m;
                  ^
recovery/vineflower-stage2/an/e.java:3749: error: not a statement
            an.e.e.m;
                  ^
recovery/vineflower-stage2/an/e.java:5195: error: not a statement
            an.e.g.m;
                  ^
recovery/vineflower-stage2/an/e.java:6653: error: not a statement
            an.e.i.m;
                  ^
5 errors
1 warning

===== an/f.java [VINEFLOWER_PROTO] EXIT=1 =====
warning: [options] bootstrap class path not set in conjunction with -source 8
recovery/vineflower-stage2/an/f.java:819: error: not a statement
            an.f.a.m;
                  ^
recovery/vineflower-stage2/an/f.java:2269: error: not a statement
            an.f.c.m;
                  ^
recovery/vineflower-stage2/an/f.java:3761: error: not a statement
            an.f.e.m;
                  ^
recovery/vineflower-stage2/an/f.java:5270: error: not a statement
            an.f.g.m;
                  ^
recovery/vineflower-stage2/an/f.java:6811: error: not a statement
            an.f.i.m;
                  ^
5 errors
1 warning

===== an/g.java [VINEFLOWER_PROTO] EXIT=1 =====
warning: [options] bootstrap class path not set in conjunction with -source 8
recovery/vineflower-stage2/an/g.java:854: error: not a statement
            an.g.a.m;
                  ^
recovery/vineflower-stage2/an/g.java:2516: error: not a statement
            an.g.c.m;
                  ^
recovery/vineflower-stage2/an/g.java:4382: error: not a statement
            an.g.e.m;
                  ^
recovery/vineflower-stage2/an/g.java:6031: error: not a statement
            an.g.g.m;
                  ^
recovery/vineflower-stage2/an/g.java:7568: error: not a statement
            an.g.i.m;
                  ^
5 errors
1 warning

===== an/h.java [VINEFLOWER_PROTO] EXIT=1 =====
warning: [options] bootstrap class path not set in conjunction with -source 8
recovery/vineflower-stage2/an/h.java:849: error: not a statement
            an.h.a.m;
                  ^
recovery/vineflower-stage2/an/h.java:2381: error: not a statement
            an.h.c.m;
                  ^
recovery/vineflower-stage2/an/h.java:3841: error: not a statement
            an.h.e.m;
                  ^
recovery/vineflower-stage2/an/h.java:5297: error: not a statement
            an.h.g.m;
                  ^
recovery/vineflower-stage2/an/h.java:6755: error: not a statement
            an.h.i.m;
                  ^
5 errors
1 warning

===== an/i.java [VINEFLOWER_PROTO] EXIT=1 =====
warning: [options] bootstrap class path not set in conjunction with -source 8
recovery/vineflower-stage2/an/i.java:622: error: not a statement
            i.a.m;
               ^
recovery/vineflower-stage2/an/i.java:1971: error: not a statement
            i.c.m;
               ^
recovery/vineflower-stage2/an/i.java:3426: error: not a statement
            i.e.m;
               ^
recovery/vineflower-stage2/an/i.java:4771: error: not a statement
            i.g.m;
               ^
4 errors
1 warning

===== ao/a.java [CFR] EXIT=1 =====
warning: [options] bootstrap class path not set in conjunction with -source 8
recovered-src-obf/ao/a.java:60: error: cannot find symbol
    public bh.a a(String name, String rawPassword, String ip, String host) {
             ^
  symbol:   class a
  location: class bh
recovered-src-obf/ao/a.java:174: error: cannot find symbol
    public bh.a c(String name) {
             ^
  symbol:   class a
  location: class bh
recovered-src-obf/ao/a.java:224: error: cannot find symbol
    public void a(bh.a account) {
                    ^
  symbol:   class a
  location: class bh
recovered-src-obf/ao/a.java:254: error: cannot find symbol
    public void b(bh.a account) {
                    ^
  symbol:   class a
  location: class bh
recovered-src-obf/ao/a.java:287: error: cannot find symbol
    public void c(bh.a account) {
                    ^
  symbol:   class a
  location: class bh
recovered-src-obf/ao/a.java:316: error: cannot find symbol
    public void d(bh.a account) {
                    ^
  symbol:   class a
  location: class bh
recovered-src-obf/ao/a.java:345: error: cannot find symbol
    public synchronized void a(bh.a account, boolean b2) {
                                 ^
  symbol:   class a
  location: class bh
recovered-src-obf/ao/a.java:380: error: cannot find symbol
    public synchronized void b(bh.a account, boolean b2) {
                                 ^
  symbol:   class a
  location: class bh
recovered-src-obf/ao/a.java:438: error: cannot find symbol
    public void a(bh.a account, int newPassword) {
                    ^
  symbol:   class a
  location: class bh
recovered-src-obf/ao/a.java:490: error: cannot find symbol
    public synchronized void a(bh.a account, d client) {
                                 ^
  symbol:   class a
  location: class bh
recovered-src-obf/ao/a.java:62: error: cannot find symbol
            bh.a a2;
              ^
  symbol:   class a
  location: class bh
recovered-src-obf/ao/a.java:66: error: cannot find symbol
                bh.a account = new bh.a();
                  ^
  symbol:   class a
  location: class bh
recovered-src-obf/ao/a.java:66: error: cannot find symbol
                bh.a account = new bh.a();
                                     ^
  symbol:   class a
  location: class bh
recovered-src-obf/ao/a.java:68: error: a has private access in bh
                account.e(bh.a.b(rawPassword));
                            ^
recovered-src-obf/ao/a.java:68: error: cannot find symbol
                account.e(bh.a.b(rawPassword));
                              ^
  symbol:   method b(String)
  location: variable a of type Logger
recovered-src-obf/ao/a.java:175: error: cannot find symbol
        bh.a a2;
          ^
  symbol:   class a
  location: class bh
recovered-src-obf/ao/a.java:193: error: cannot find symbol
            bh.a account = new bh.a();
              ^
  symbol:   class a
  location: class bh
recovered-src-obf/ao/a.java:193: error: cannot find symbol
            bh.a account = new bh.a();
                                 ^
  symbol:   class a
  location: class bh
recovered-src-obf/ao/a.java:468: error: name clash: class a has two methods with the same erasure, yet neither overrides the other
    private void a(final d client) {
                 ^
  first method:  a(a) in a
  second method: a(String) in a
Note: recovered-src-obf/ao/a.java uses unchecked or unsafe operations.
Note: Recompile with -Xlint:unchecked for details.
19 errors
1 warning

===== ao/ac.java [CFR] EXIT=1 =====
warning: [options] bootstrap class path not set in conjunction with -source 8
recovered-src-obf/ao/ac.java:106: error: cannot find symbol
                bh.j l1item = ah.a().a(data.e[i2]);
                  ^
  symbol:   class j
  location: class bh
Note: recovered-src-obf/ao/ac.java uses unchecked or unsafe operations.
Note: Recompile with -Xlint:unchecked for details.
1 error
1 warning

===== ao/ad.java [CFR] EXIT=1 =====
warning: [options] bootstrap class path not set in conjunction with -source 8
recovered-src-obf/ao/ad.java:83: error: cannot find symbol
            bh.j l1item = ah.a().a(data.c);
              ^
  symbol:   class j
  location: class bh
Note: recovered-src-obf/ao/ad.java uses unchecked or unsafe operations.
Note: Recompile with -Xlint:unchecked for details.
1 error
1 warning

===== ao/ae.java [CFR] EXIT=1 =====
warning: [options] bootstrap class path not set in conjunction with -source 8
recovered-src-obf/ao/ae.java:82: error: cannot find symbol
            bh.j l1item = ah.a().a(data.g);
              ^
  symbol:   class j
  location: class bh
Note: recovered-src-obf/ao/ae.java uses unchecked or unsafe operations.
Note: Recompile with -Xlint:unchecked for details.
1 error
1 warning

===== ao/af.java [CFR] EXIT=1 =====
warning: [options] bootstrap class path not set in conjunction with -source 8
recovered-src-obf/ao/af.java:203: error: d has private access in ax
            b map = ax.d.b().a(baseMapID);
                      ^
recovered-src-obf/ao/af.java:203: error: cannot find symbol
            b map = ax.d.b().a(baseMapID);
                        ^
  symbol:   method b()
  location: variable d of type Set<String>
recovered-src-obf/ao/af.java:210: error: d has private access in ax
                    ax.d.b().a().put(clone.a, clone);
                      ^
recovered-src-obf/ao/af.java:210: error: cannot find symbol
                    ax.d.b().a().put(clone.a, clone);
                        ^
  symbol:   method b()
  location: variable d of type Set<String>
recovered-src-obf/ao/af.java:213: error: cannot find symbol
                        l.a().a(new aq.u(32746, 32803, clone.a), new aq.u(32599, 32931, 0));
                                      ^
  symbol:   class u
  location: class aq
recovered-src-obf/ao/af.java:213: error: cannot find symbol
                        l.a().a(new aq.u(32746, 32803, clone.a), new aq.u(32599, 32931, 0));
                                                                       ^
  symbol:   class u
  location: class aq
recovered-src-obf/ao/af.java:215: error: cannot find symbol
                        l.a().a(new aq.u(32744, 32808, clone.a), new aq.u(32599, 32931, 0));
                                      ^
  symbol:   class u
  location: class aq
recovered-src-obf/ao/af.java:215: error: cannot find symbol
                        l.a().a(new aq.u(32744, 32808, clone.a), new aq.u(32599, 32931, 0));
                                                                       ^
  symbol:   class u
  location: class aq
recovered-src-obf/ao/af.java:217: error: cannot find symbol
                        l.a().a(new aq.u(32744, 32803, clone.a), new aq.u(32631, 32761, 4));
                                      ^
  symbol:   class u
  location: class aq
recovered-src-obf/ao/af.java:217: error: cannot find symbol
                        l.a().a(new aq.u(32744, 32803, clone.a), new aq.u(32631, 32761, 4));
                                                                       ^
  symbol:   class u
  location: class aq
recovered-src-obf/ao/af.java:219: error: cannot find symbol
                        l.a().a(new aq.u(32745, 32807, clone.a), new aq.u(32631, 32761, 4));
                                      ^
  symbol:   class u
  location: class aq
recovered-src-obf/ao/af.java:219: error: cannot find symbol
                        l.a().a(new aq.u(32745, 32807, clone.a), new aq.u(32631, 32761, 4));
                                                                       ^
  symbol:   class u
  location: class aq
recovered-src-obf/ao/af.java:221: error: cannot find symbol
                        l.a().a(new aq.u(32745, 32803, clone.a), new aq.u(33437, 32790, 4));
                                      ^
  symbol:   class u
  location: class aq
recovered-src-obf/ao/af.java:221: error: cannot find symbol
                        l.a().a(new aq.u(32745, 32803, clone.a), new aq.u(33437, 32790, 4));
                                                                       ^
  symbol:   class u
  location: class aq
recovered-src-obf/ao/af.java:223: error: cannot find symbol
                        l.a().a(new aq.u(32745, 32087, clone.a), new aq.u(33437, 32790, 4));
                                      ^
  symbol:   class u
  location: class aq
recovered-src-obf/ao/af.java:223: error: cannot find symbol
                        l.a().a(new aq.u(32745, 32087, clone.a), new aq.u(33437, 32790, 4));
                                                                       ^
  symbol:   class u
  location: class aq
recovered-src-obf/ao/af.java:225: error: cannot find symbol
                        l.a().a(new aq.u(32745, 32803, clone.a), new aq.u(34067, 32254, 4));
                                      ^
  symbol:   class u
  location: class aq
recovered-src-obf/ao/af.java:225: error: cannot find symbol
                        l.a().a(new aq.u(32745, 32803, clone.a), new aq.u(34067, 32254, 4));
                                                                       ^
  symbol:   class u
  location: class aq
recovered-src-obf/ao/af.java:227: error: cannot find symbol
                        l.a().a(new aq.u(32745, 32807, clone.a), new aq.u(34067, 32254, 4));
                                      ^
  symbol:   class u
  location: class aq
recovered-src-obf/ao/af.java:227: error: cannot find symbol
                        l.a().a(new aq.u(32745, 32807, clone.a), new aq.u(34067, 32254, 4));
                                                                       ^
  symbol:   class u
  location: class aq
recovered-src-obf/ao/af.java:229: error: cannot find symbol
                        l.a().a(new aq.u(32745, 32803, clone.a), new aq.u(32632, 33165, 4));
                                      ^
  symbol:   class u
  location: class aq
recovered-src-obf/ao/af.java:229: error: cannot find symbol
                        l.a().a(new aq.u(32745, 32803, clone.a), new aq.u(32632, 33165, 4));
                                                                       ^
  symbol:   class u
  location: class aq
recovered-src-obf/ao/af.java:231: error: cannot find symbol
                        l.a().a(new aq.u(32745, 32807, clone.a), new aq.u(32632, 33165, 4));
                                      ^
  symbol:   class u
  location: class aq
recovered-src-obf/ao/af.java:231: error: cannot find symbol
                        l.a().a(new aq.u(32745, 32807, clone.a), new aq.u(32632, 33165, 4));
                                                                       ^
  symbol:   class u
  location: class aq
recovered-src-obf/ao/af.java:233: error: cannot find symbol
                        l.a().a(new aq.u(32745, 32803, clone.a), new aq.u(33112, 33376, 4));
                                      ^
  symbol:   class u
  location: class aq
recovered-src-obf/ao/af.java:233: error: cannot find symbol
                        l.a().a(new aq.u(32745, 32803, clone.a), new aq.u(33112, 33376, 4));
                                                                       ^
  symbol:   class u
  location: class aq
recovered-src-obf/ao/af.java:235: error: cannot find symbol
                        l.a().a(new aq.u(32745, 32807, clone.a), new aq.u(33112, 33376, 4));
                                      ^
  symbol:   class u
  location: class aq
recovered-src-obf/ao/af.java:235: error: cannot find symbol
                        l.a().a(new aq.u(32745, 32807, clone.a), new aq.u(33112, 33376, 4));
                                                                       ^
  symbol:   class u
  location: class aq
recovered-src-obf/ao/af.java:237: error: cannot find symbol
                        l.a().a(new aq.u(32745, 32803, clone.a), new aq.u(33604, 33276, 4));
                                      ^
  symbol:   class u
  location: class aq
recovered-src-obf/ao/af.java:237: error: cannot find symbol
                        l.a().a(new aq.u(32745, 32803, clone.a), new aq.u(33604, 33276, 4));
                                                                       ^
  symbol:   class u
  location: class aq
recovered-src-obf/ao/af.java:239: error: cannot find symbol
                        l.a().a(new aq.u(32745, 32807, clone.a), new aq.u(33604, 33276, 4));
                                      ^
  symbol:   class u
  location: class aq
recovered-src-obf/ao/af.java:239: error: cannot find symbol
                        l.a().a(new aq.u(32745, 32807, clone.a), new aq.u(33604, 33276, 4));
                                                                       ^
  symbol:   class u
  location: class aq
recovered-src-obf/ao/af.java:241: error: cannot find symbol
                        l.a().a(new aq.u(32745, 32803, clone.a), new aq.u(33985, 33312, 4));
                                      ^

===== ao/ah.java [CFR] EXIT=1 =====
warning: [options] bootstrap class path not set in conjunction with -source 8
recovered-src-obf/ao/ah.java:35: error: cannot find symbol
    private bh.j[] i;
              ^
  symbol:   class j
  location: class bh
recovered-src-obf/ao/ah.java:36: error: cannot find symbol
    private final HashMap<Integer, bh.j> j = this.e();
                                     ^
  symbol:   class j
  location: class bh
recovered-src-obf/ao/ah.java:37: error: cannot find symbol
    private final HashMap<Integer, bh.j> k;
                                     ^
  symbol:   class j
  location: class bh
recovered-src-obf/ao/ah.java:38: error: cannot find symbol
    private final HashMap<Integer, bh.j> l = this.f();
                                     ^
  symbol:   class j
  location: class bh
recovered-src-obf/ao/ah.java:501: error: cannot find symbol
    private HashMap<Integer, bh.j> e() {
                               ^
  symbol:   class j
  location: class bh
recovered-src-obf/ao/ah.java:570: error: cannot find symbol
    private HashMap<Integer, bh.j> f() {
                               ^
  symbol:   class j
  location: class bh
recovered-src-obf/ao/ah.java:665: error: cannot find symbol
    private HashMap<Integer, bh.j> g() {
                               ^
  symbol:   class j
  location: class bh
recovered-src-obf/ao/ah.java:869: error: cannot find symbol
    public bh.j a(int id) {
             ^
  symbol:   class j
  location: class bh
recovered-src-obf/ao/ah.java:1117: error: cannot find symbol
    public HashMap<Integer, bh.j> b() {
                              ^
  symbol:   class j
  location: class bh
recovered-src-obf/ao/ah.java:1121: error: cannot find symbol
    public HashMap<Integer, bh.j> c() {
                              ^
  symbol:   class j
  location: class bh
recovered-src-obf/ao/ah.java:1125: error: cannot find symbol
    public HashMap<Integer, bh.j> d() {
                              ^
  symbol:   class j
  location: class bh
recovered-src-obf/ao/ah.java:112: warning: [removal] Integer(int) in Integer has been deprecated and marked for removal
        g.put("none", new Integer(0));
                      ^
recovered-src-obf/ao/ah.java:113: warning: [removal] Integer(int) in Integer has been deprecated and marked for removal
        g.put("weapon", new Integer(1));
                        ^
recovered-src-obf/ao/ah.java:114: warning: [removal] Integer(int) in Integer has been deprecated and marked for removal
        g.put("armor", new Integer(2));
                       ^
recovered-src-obf/ao/ah.java:115: warning: [removal] Integer(int) in Integer has been deprecated and marked for removal
        g.put("spell_long", new Integer(5));
                            ^
recovered-src-obf/ao/ah.java:116: warning: [removal] Integer(int) in Integer has been deprecated and marked for removal
        g.put("ntele", new Integer(6));
                       ^
recovered-src-obf/ao/ah.java:117: warning: [removal] Integer(int) in Integer has been deprecated and marked for removal
        g.put("identify", new Integer(7));
                          ^
recovered-src-obf/ao/ah.java:118: warning: [removal] Integer(int) in Integer has been deprecated and marked for removal
        g.put("res", new Integer(8));
                     ^
recovered-src-obf/ao/ah.java:119: warning: [removal] Integer(int) in Integer has been deprecated and marked for removal
        g.put("nts", new Integer(9));
                     ^
recovered-src-obf/ao/ah.java:120: warning: [removal] Integer(int) in Integer has been deprecated and marked for removal
        g.put("letter", new Integer(12));
                        ^
recovered-src-obf/ao/ah.java:121: warning: [removal] Integer(int) in Integer has been deprecated and marked for removal
        g.put("letter_w", new Integer(13));
                          ^
recovered-src-obf/ao/ah.java:122: warning: [removal] Integer(int) in Integer has been deprecated and marked for removal
        g.put("choice", new Integer(14));
                        ^
recovered-src-obf/ao/ah.java:123: warning: [removal] Integer(int) in Integer has been deprecated and marked for removal
        g.put("instrument", new Integer(15));
                            ^
recovered-src-obf/ao/ah.java:124: warning: [removal] Integer(int) in Integer has been deprecated and marked for removal
        g.put("sosc", new Integer(16));
                      ^
recovered-src-obf/ao/ah.java:125: warning: [removal] Integer(int) in Integer has been deprecated and marked for removal
        g.put("spell_short", new Integer(17));
                             ^
recovered-src-obf/ao/ah.java:126: warning: [removal] Integer(int) in Integer has been deprecated and marked for removal
        g.put("armor_T", new Integer(18));
                         ^
recovered-src-obf/ao/ah.java:127: warning: [removal] Integer(int) in Integer has been deprecated and marked for removal
        g.put("armor_Cloak", new Integer(19));
                             ^
recovered-src-obf/ao/ah.java:128: warning: [removal] Integer(int) in Integer has been deprecated and marked for removal
        g.put("armor_Glove", new Integer(20));
                             ^
recovered-src-obf/ao/ah.java:129: warning: [removal] Integer(int) in Integer has been deprecated and marked for removal
        g.put("armor_Boots", new Integer(21));
                             ^
recovered-src-obf/ao/ah.java:130: warning: [removal] Integer(int) in Integer has been deprecated and marked for removal
        g.put("armor_Helm", new Integer(22));
                            ^
recovered-src-obf/ao/ah.java:131: warning: [removal] Integer(int) in Integer has been deprecated and marked for removal
        g.put("armor_Ring", new Integer(23));
                            ^
recovered-src-obf/ao/ah.java:132: warning: [removal] Integer(int) in Integer has been deprecated and marked for removal
        g.put("armor_Amulet", new Integer(24));
                              ^
recovered-src-obf/ao/ah.java:133: warning: [removal] Integer(int) in Integer has been deprecated and marked for removal
        g.put("armor_Shield", new Integer(25));
                              ^
recovered-src-obf/ao/ah.java:134: warning: [removal] Integer(int) in Integer has been deprecated and marked for removal
        g.put("dai", new Integer(26));
                     ^
recovered-src-obf/ao/ah.java:135: warning: [removal] Integer(int) in Integer has been deprecated and marked for removal
        g.put("zel", new Integer(27));
                     ^
recovered-src-obf/ao/ah.java:136: warning: [removal] Integer(int) in Integer has been deprecated and marked for removal
        g.put("blank", new Integer(28));
                       ^
recovered-src-obf/ao/ah.java:137: warning: [removal] Integer(int) in Integer has been deprecated and marked for removal
        g.put("btele", new Integer(29));
                       ^
recovered-src-obf/ao/ah.java:138: warning: [removal] Integer(int) in Integer has been deprecated and marked for removal
        g.put("skill", new Integer(30));
                       ^
recovered-src-obf/ao/ah.java:139: warning: [removal] Integer(int) in Integer has been deprecated and marked for removal
        g.put("ccard", new Integer(31));
                       ^
recovered-src-obf/ao/ah.java:140: warning: [removal] Integer(int) in Integer has been deprecated and marked for removal
        g.put("ccard_w", new Integer(32));
                         ^
recovered-src-obf/ao/ah.java:141: warning: [removal] Integer(int) in Integer has been deprecated and marked for removal
        g.put("vcard", new Integer(33));
                       ^
recovered-src-obf/ao/ah.java:142: warning: [removal] Integer(int) in Integer has been deprecated and marked for removal
        g.put("vcard_w", new Integer(34));
                         ^
recovered-src-obf/ao/ah.java:143: warning: [removal] Integer(int) in Integer has been deprecated and marked for removal
        g.put("wcard", new Integer(35));
                       ^
recovered-src-obf/ao/ah.java:144: warning: [removal] Integer(int) in Integer has been deprecated and marked for removal
        g.put("wcard_w", new Integer(36));
                         ^
recovered-src-obf/ao/ah.java:145: warning: [removal] Integer(int) in Integer has been deprecated and marked for removal
        g.put("armor_Belt", new Integer(37));
                            ^
recovered-src-obf/ao/ah.java:146: warning: [removal] Integer(int) in Integer has been deprecated and marked for removal
        g.put("select_short", new Integer(39));

===== ao/am.java [CFR] EXIT=1 =====
warning: [options] bootstrap class path not set in conjunction with -source 8
recovered-src-obf/ao/am.java:35: error: b has private access in aq
        aq.b.a().a(this.c);
          ^
recovered-src-obf/ao/am.java:35: error: method a in class aq cannot be applied to given types;
        aq.b.a().a(this.c);
                ^
  required: no arguments
  found:    HashMap<Integer,am.a>
  reason: actual and formal argument lists differ in length
Note: recovered-src-obf/ao/am.java uses unchecked or unsafe operations.
Note: Recompile with -Xlint:unchecked for details.
2 errors
1 warning

===== ao/ap.java [CFR] EXIT=1 =====
warning: [options] bootstrap class path not set in conjunction with -source 8
recovered-src-obf/ao/ap.java:106: error: cannot find symbol
            mob.cF(ai.d.a().c());
                     ^
  symbol:   variable d
  location: class ai
Note: recovered-src-obf/ao/ap.java uses unchecked or unsafe operations.
Note: Recompile with -Xlint:unchecked for details.
1 error
1 warning

===== ao/ar.java [CFR] EXIT=1 =====
warning: [options] bootstrap class path not set in conjunction with -source 8
recovered-src-obf/ao/ar.java:117: error: cannot find symbol
        bf.b executor = new bf.b();
          ^
  symbol:   class b
  location: class bf
recovered-src-obf/ao/ar.java:117: error: cannot find symbol
        bf.b executor = new bf.b();
                              ^
  symbol:   class b
  location: class bf
recovered-src-obf/ao/ar.java:132: error: a has private access in bg
            bg.a.a(mob, data.t);
              ^
recovered-src-obf/ao/ar.java:137: error: c has private access in am
        return am.c.a().a(mob.fe(), data.i) + 100;
                 ^
recovered-src-obf/ao/ar.java:137: error: cannot find symbol
        return am.c.a().a(mob.fe(), data.i) + 100;
                   ^
  symbol:   method a()
  location: variable c of type HashMap<Integer,am.a>
Note: recovered-src-obf/ao/ar.java uses unchecked or unsafe operations.
Note: Recompile with -Xlint:unchecked for details.
5 errors
1 warning

===== ao/aw.java [VINEFLOWER_HARDTAIL] EXIT=1 =====
warning: [options] bootstrap class path not set in conjunction with -source 8
recovery/vineflower-hard-tail/ao/aw.java:14: error: cannot find symbol
   private final HashMap<Integer, bh.n> c = new HashMap<>();
                                    ^
  symbol:   class n
  location: class bh
recovery/vineflower-hard-tail/ao/aw.java:99: error: cannot find symbol
   public void a(ap.t var1, int var2, int var3) {
                   ^
  symbol:   class t
  location: class ap
recovery/vineflower-hard-tail/ao/aw.java:137: error: cannot find symbol
   public void a(bh.n var1) {
                   ^
  symbol:   class n
  location: class bh
recovery/vineflower-hard-tail/ao/aw.java:163: error: cannot find symbol
   public void a(ap.v var1) {
                   ^
  symbol:   class v
  location: class ap
recovery/vineflower-hard-tail/ao/aw.java:279: error: cannot find symbol
   public bh.n b(int var1) {
            ^
  symbol:   class n
  location: class bh
recovery/vineflower-hard-tail/ao/aw.java:283: error: cannot find symbol
   public bh.n[] b() {
            ^
  symbol:   class n
  location: class bh
recovery/vineflower-hard-tail/ao/aw.java:39: error: cannot find symbol
            bh.n var4 = new bh.n();
              ^
  symbol:   class n
  location: class bh
recovery/vineflower-hard-tail/ao/aw.java:39: error: cannot find symbol
            bh.n var4 = new bh.n();
                              ^
  symbol:   class n
  location: class bh
recovery/vineflower-hard-tail/ao/aw.java:51: warning: [removal] Integer(int) in Integer has been deprecated and marked for removal
            this.c.put(new Integer(var5), var4);
                       ^
recovery/vineflower-hard-tail/ao/aw.java:56: error: cannot find symbol
         bi.j.a(var3, var2, var1);
           ^
  symbol:   variable j
  location: class bi
recovery/vineflower-hard-tail/ao/aw.java:61: error: cannot find symbol
      bh.l var3 = au.a().a(var1);
        ^
  symbol:   class l
  location: class bh
recovery/vineflower-hard-tail/ao/aw.java:62: error: cannot find symbol
      bh.n var4 = new bh.n();
        ^
  symbol:   class n
  location: class bh
recovery/vineflower-hard-tail/ao/aw.java:62: error: cannot find symbol
      bh.n var4 = new bh.n();
                        ^
  symbol:   class n
  location: class bh
recovery/vineflower-hard-tail/ao/aw.java:64: error: cannot find symbol
      var4.b(ai.d.a().c());
               ^
  symbol:   variable d
  location: class ai
recovery/vineflower-hard-tail/ao/aw.java:73: warning: [removal] Integer(int) in Integer has been deprecated and marked for removal
      this.c.put(new Integer(var2), var4);
                 ^
recovery/vineflower-hard-tail/ao/aw.java:94: error: cannot find symbol
         bi.j.a(var6);
           ^
  symbol:   variable j
  location: class bi
recovery/vineflower-hard-tail/ao/aw.java:95: error: cannot find symbol
         bi.j.a(var5);
           ^
  symbol:   variable j
  location: class bi
recovery/vineflower-hard-tail/ao/aw.java:100: error: cannot find symbol
      bh.n var4 = new bh.n();
        ^
  symbol:   class n
  location: class bh
recovery/vineflower-hard-tail/ao/aw.java:100: error: cannot find symbol
      bh.n var4 = new bh.n();
                        ^
  symbol:   class n
  location: class bh
recovery/vineflower-hard-tail/ao/aw.java:111: warning: [removal] Integer(int) in Integer has been deprecated and marked for removal
      this.c.put(new Integer(var3), var4);
                 ^
recovery/vineflower-hard-tail/ao/aw.java:132: error: cannot find symbol
         bi.j.a(var6);
           ^
  symbol:   variable j
  location: class bi
recovery/vineflower-hard-tail/ao/aw.java:133: error: cannot find symbol
         bi.j.a(var5);
           ^
  symbol:   variable j
  location: class bi
recovery/vineflower-hard-tail/ao/aw.java:158: error: cannot find symbol
         bi.j.a(var3);
           ^
  symbol:   variable j
  location: class bi
recovery/vineflower-hard-tail/ao/aw.java:159: error: cannot find symbol
         bi.j.a(var2);
           ^
  symbol:   variable j
  location: class bi
recovery/vineflower-hard-tail/ao/aw.java:176: error: cannot find symbol
         bi.j.a(var3);
           ^
  symbol:   variable j
  location: class bi
recovery/vineflower-hard-tail/ao/aw.java:177: error: cannot find symbol
         bi.j.a(var2);
           ^
  symbol:   variable j
  location: class bi
recovery/vineflower-hard-tail/ao/aw.java:193: error: cannot find symbol
         bi.j.a(var3);
           ^
  symbol:   variable j
  location: class bi
recovery/vineflower-hard-tail/ao/aw.java:194: error: cannot find symbol
         bi.j.a(var2);
           ^
  symbol:   variable j
  location: class bi
recovery/vineflower-hard-tail/ao/aw.java:222: error: cannot find symbol
         bi.j.a(var4, var3, var2);
           ^
  symbol:   variable j
  location: class bi
recovery/vineflower-hard-tail/ao/aw.java:229: error: cannot find symbol
      bh.p var6 = ax.b().a(var1);
        ^
  symbol:   class p
  location: class bh
recovery/vineflower-hard-tail/ao/aw.java:230: error: cannot find symbol
      bh.n var7 = new bh.n();
        ^
  symbol:   class n
  location: class bh
recovery/vineflower-hard-tail/ao/aw.java:230: error: cannot find symbol
      bh.n var7 = new bh.n();
                        ^
  symbol:   class n
  location: class bh
recovery/vineflower-hard-tail/ao/aw.java:244: error: cannot find symbol
         var12 = (short)(var12 + bi.i.a(var9 - var8) + var8 + 1);
                                   ^
  symbol:   variable i
  location: class bi

===== ao/az.java [CFR] EXIT=1 =====
warning: [options] bootstrap class path not set in conjunction with -source 8
recovered-src-obf/ao/az.java:8: error: a type with the same simple name is already defined by the single-type-import of g
import an.g;
^
recovered-src-obf/ao/az.java:80: error: cannot find symbol
                        c.g msg = c.g.a(data);
                                   ^
  symbol:   variable g
  location: variable c of type HashMap<Integer,s>
recovered-src-obf/ao/az.java:81: error: reference to g is ambiguous
                        for (g bs2 : msg.o()) {
                             ^
  both class a.g in a and class an.g in an match
recovered-src-obf/ao/az.java:84: error: reference to g is ambiguous
                            g.e msg2 = g.e.a(bs2);
                            ^
  both class a.g in a and class an.g in an match
recovered-src-obf/ao/az.java:84: error: reference to g is ambiguous
                            g.e msg2 = g.e.a(bs2);
                                       ^
  both class a.g in a and class an.g in an match
recovered-src-obf/ao/az.java:167: error: cannot find symbol
        c.g.a build = c.g.aa();
                       ^
  symbol:   variable g
  location: variable c of type HashMap<Integer,s>
recovered-src-obf/ao/az.java:170: error: reference to g is ambiguous
            g.e.a builder = g.e.aa();
            ^
  both class a.g in a and class an.g in an match
recovered-src-obf/ao/az.java:170: error: reference to g is ambiguous
            g.e.a builder = g.e.aa();
                            ^
  both class a.g in a and class an.g in an match
Note: recovered-src-obf/ao/az.java uses unchecked or unsafe operations.
Note: Recompile with -Xlint:unchecked for details.
8 errors
1 warning

===== ao/ba.java [CFR] EXIT=1 =====
warning: [options] bootstrap class path not set in conjunction with -source 8
recovered-src-obf/ao/ba.java:129: error: cannot find symbol
                    bi.j.a(rs, pstm, con);
                      ^
  symbol:   variable j
  location: class bi
recovered-src-obf/ao/ba.java:134: error: cannot find symbol
                bi.j.a(rs, pstm, con);
                  ^
  symbol:   variable j
  location: class bi
recovered-src-obf/ao/ba.java:137: error: cannot find symbol
            bi.j.a(rs, pstm, con);
              ^
  symbol:   variable j
  location: class bi
recovered-src-obf/ao/ba.java:202: error: cannot find symbol
                    bi.j.a(rs, pstm, con);
                      ^
  symbol:   variable j
  location: class bi
recovered-src-obf/ao/ba.java:207: error: cannot find symbol
                bi.j.a(rs, pstm, con);
                  ^
  symbol:   variable j
  location: class bi
recovered-src-obf/ao/ba.java:210: error: cannot find symbol
            bi.j.a(rs, pstm, con);
              ^
  symbol:   variable j
  location: class bi
recovered-src-obf/ao/ba.java:217: error: incompatible types: HashMap<Integer,Integer> cannot be converted to HashMap<Object,Object>
            templList = this.e;
                            ^
recovered-src-obf/ao/ba.java:219: error: incompatible types: HashMap<Integer,Integer> cannot be converted to HashMap<Object,Object>
            templList = this.f;
                            ^
recovered-src-obf/ao/ba.java:221: error: incompatible types: HashMap<Integer,Integer> cannot be converted to HashMap<Object,Object>
            templList = this.g;
                            ^
recovered-src-obf/ao/ba.java:223: error: incompatible types: HashMap<Integer,Integer> cannot be converted to HashMap<Object,Object>
            templList = this.h;
                            ^
recovered-src-obf/ao/ba.java:225: error: incompatible types: HashMap<Integer,Integer> cannot be converted to HashMap<Object,Object>
            templList = this.i;
                            ^
recovered-src-obf/ao/ba.java:227: error: incompatible types: HashMap<Integer,Integer> cannot be converted to HashMap<Object,Object>
            templList = this.j;
                            ^
recovered-src-obf/ao/ba.java:229: error: incompatible types: HashMap<Integer,Integer> cannot be converted to HashMap<Object,Object>
            templList = this.k;
                            ^
recovered-src-obf/ao/ba.java:231: error: incompatible types: HashMap<Integer,Integer> cannot be converted to HashMap<Object,Object>
            templList = this.l;
                            ^
recovered-src-obf/ao/ba.java:233: error: incompatible types: HashMap<Integer,Integer> cannot be converted to HashMap<Object,Object>
            templList = this.d;
                            ^
recovered-src-obf/ao/ba.java:254: error: <anonymous ao.ba$1> is not abstract and does not override abstract method compare(ba.a,ba.a) in Comparator
        Collections.sort(list, new Comparator<a>(){
                                                  ^
recovered-src-obf/ao/ba.java:264: error: name clash: compare(Object,Object) in <anonymous ao.ba$1> and compare(ba.a,ba.a) in Comparator have the same erasure, yet neither overrides the other
            public /* synthetic */ int compare(Object object, Object object2) {
                                       ^
recovered-src-obf/ao/ba.java:263: error: method does not override or implement a method from a supertype
            @Override
            ^
recovered-src-obf/ao/ba.java:282: error: cannot find symbol
                    bi.j.a(pstm);
                      ^
  symbol:   variable j
  location: class bi
recovered-src-obf/ao/ba.java:283: error: cannot find symbol
                    bi.j.a(con);
                      ^
  symbol:   variable j
  location: class bi
recovered-src-obf/ao/ba.java:288: error: cannot find symbol
                bi.j.a(pstm);
                  ^
  symbol:   variable j
  location: class bi
recovered-src-obf/ao/ba.java:289: error: cannot find symbol
                bi.j.a(con);
                  ^
  symbol:   variable j
  location: class bi
recovered-src-obf/ao/ba.java:292: error: cannot find symbol
            bi.j.a(pstm);
              ^
  symbol:   variable j
  location: class bi
recovered-src-obf/ao/ba.java:293: error: cannot find symbol
            bi.j.a(con);
              ^
  symbol:   variable j
  location: class bi
Note: recovered-src-obf/ao/ba.java uses unchecked or unsafe operations.
Note: Recompile with -Xlint:unchecked for details.
24 errors
1 warning

===== ao/bc.java [CFR] EXIT=1 =====
warning: [options] bootstrap class path not set in conjunction with -source 8
recovered-src-obf/ao/bc.java:260: error: cannot find symbol
    public void a(ap.u pc, ArrayList<int[]> orderList, ap.t npc, int coinID) {
                    ^
  symbol:   class u
  location: class ap
recovered-src-obf/ao/bc.java:260: error: cannot find symbol
    public void a(ap.u pc, ArrayList<int[]> orderList, ap.t npc, int coinID) {
                                                         ^
  symbol:   class t
  location: class ap
recovered-src-obf/ao/bc.java:312: error: cannot find symbol
    public void b(ap.u pc, ArrayList<int[]> orderList, ap.t npc, int coinID) {
                    ^
  symbol:   class u
  location: class ap
recovered-src-obf/ao/bc.java:312: error: cannot find symbol
    public void b(ap.u pc, ArrayList<int[]> orderList, ap.t npc, int coinID) {
                                                         ^
  symbol:   class t
  location: class ap
recovered-src-obf/ao/bc.java:428: error: cannot find symbol
    public void a(ap.u pc, ArrayList<int[]> orderList, ap.t npc) {
                    ^
  symbol:   class u
  location: class ap
recovered-src-obf/ao/bc.java:428: error: cannot find symbol
    public void a(ap.u pc, ArrayList<int[]> orderList, ap.t npc) {
                                                         ^
  symbol:   class t
  location: class ap
recovered-src-obf/ao/bc.java:524: error: cannot find symbol
    public void b(ap.u pc, ArrayList<int[]> orderList, ap.t npc) {
                    ^
  symbol:   class u
  location: class ap
recovered-src-obf/ao/bc.java:524: error: cannot find symbol
    public void b(ap.u pc, ArrayList<int[]> orderList, ap.t npc) {
                                                         ^
  symbol:   class t
  location: class ap
recovered-src-obf/ao/bc.java:90: error: cannot find symbol
        HashMap<Integer, bh.j> list = ah.a().c();
                           ^
  symbol:   class j
  location: class bh
recovered-src-obf/ao/bc.java:97: error: cannot find symbol
        for (bh.j l1item : list.values()) {
               ^
  symbol:   class j
  location: class bh
recovered-src-obf/ao/bc.java:110: error: <anonymous ao.bc$1> is not abstract and does not override abstract method compare(u,u) in Comparator
        Collections.sort(sellingList, new Comparator<u>(){
                                                         ^
recovered-src-obf/ao/bc.java:117: error: name clash: compare(Object,Object) in <anonymous ao.bc$1> and compare(u,u) in Comparator have the same erasure, yet neither overrides the other
            public /* synthetic */ int compare(Object object, Object object2) {
                                       ^
recovered-src-obf/ao/bc.java:116: error: method does not override or implement a method from a supertype
            @Override
            ^
recovered-src-obf/ao/bc.java:137: error: cannot find symbol
                bh.j item = ah.a().a(itemid);
                  ^
  symbol:   class j
  location: class bh
recovered-src-obf/ao/bc.java:283: error: a has private access in as
                price = as.a.a().a(item.fr()) * true_count;
                          ^
recovered-src-obf/ao/bc.java:283: error: cannot find symbol
                price = as.a.a().a(item.fr()) * true_count;
                            ^
  symbol:   method a()
  location: variable a of type Logger
recovered-src-obf/ao/bc.java:335: error: cannot find symbol
            bh.j temp = shopItem.b();
              ^
  symbol:   class j
  location: class bh
recovered-src-obf/ao/bc.java:450: error: cannot find symbol
            bh.j temp = shopItem.b();
              ^
  symbol:   class j
  location: class bh
recovered-src-obf/ao/bc.java:544: error: cannot find symbol
            bh.j temp = shopItem.b();
              ^
  symbol:   class j
  location: class bh
recovered-src-obf/ao/bc.java:551: error: cannot find symbol
        bh.a account = pc.aK().e();
          ^
  symbol:   class a
  location: class bh
recovered-src-obf/ao/bc.java:566: error: a has private access in ao
        ao.a.a().d(account);
          ^
recovered-src-obf/ao/bc.java:566: error: cannot find symbol
        ao.a.a().d(account);
            ^
  symbol:   method a()
  location: variable a of type Logger
22 errors
1 warning

===== ao/bf.java [CFR] EXIT=1 =====
warning: [options] bootstrap class path not set in conjunction with -source 8
recovered-src-obf/ao/bf.java:89: error: <anonymous ao.bf$1> is not abstract and does not override abstract method compare(bf.a,bf.a) in Comparator
                Collections.sort(this.c, new Comparator<a>(){
                                                            ^
recovered-src-obf/ao/bf.java:96: error: name clash: compare(Object,Object) in <anonymous ao.bf$1> and compare(bf.a,bf.a) in Comparator have the same erasure, yet neither overrides the other
                    public /* synthetic */ int compare(Object object, Object object2) {
                                               ^
recovered-src-obf/ao/bf.java:95: error: method does not override or implement a method from a supertype
                    @Override
                    ^
Note: recovered-src-obf/ao/bf.java uses unchecked or unsafe operations.
Note: Recompile with -Xlint:unchecked for details.
3 errors
1 warning

===== ao/bg.java [CFR] EXIT=1 =====
warning: [options] bootstrap class path not set in conjunction with -source 8
recovered-src-obf/ao/bg.java:109: warning: [removal] Integer(int) in Integer has been deprecated and marked for removal
                        this.c.put(new Integer(spawnDat.b()), spawnDat);
                                   ^
recovered-src-obf/ao/bg.java:129: warning: [removal] Integer(int) in Integer has been deprecated and marked for removal
        return this.c.get(new Integer(Id));
                          ^
recovered-src-obf/ao/bg.java:252: error: cannot find symbol
            npc.cF(ai.d.a().c());
                     ^
  symbol:   variable d
  location: class ai
recovered-src-obf/ao/bg.java:336: error: e has private access in bi
            bi.e.a().a(this, this.e);
              ^
recovered-src-obf/ao/bg.java:336: error: no suitable method found for a(a,long)
            bi.e.a().a(this, this.e);
                    ^
    method bi.a() is not applicable
      (actual and formal argument lists differ in length)
    method bi.a(ab) is not applicable
      (actual and formal argument lists differ in length)
    method bi.a(List<ab>) is not applicable
      (actual and formal argument lists differ in length)
    method bi.a(u) is not applicable
      (actual and formal argument lists differ in length)
Note: recovered-src-obf/ao/bg.java uses unchecked or unsafe operations.
Note: Recompile with -Xlint:unchecked for details.
3 errors
3 warnings

===== ao/bi.java [CFR] EXIT=1 =====
warning: [options] bootstrap class path not set in conjunction with -source 8
recovered-src-obf/ao/bi.java:59: error: cannot find symbol
                        aq.u loc = new aq.u();
                          ^
  symbol:   class u
  location: class aq
recovered-src-obf/ao/bi.java:59: error: cannot find symbol
                        aq.u loc = new aq.u();
                                         ^
  symbol:   class u
  location: class aq
recovered-src-obf/ao/bi.java:70: error: cannot find symbol
                            ab trap = new ab(ai.d.a().c(), trapTemp, loc, rndPt, span);
                                               ^
  symbol:   variable d
  location: class ai
recovered-src-obf/ao/bi.java:75: error: cannot find symbol
                        ab base = new ab(ai.d.a().c(), loc);
                                           ^
  symbol:   variable d
  location: class ai
recovered-src-obf/ao/bi.java:138: error: no suitable method found for a(bi.a,int)
            bi.e.a().a(new a(trap), trap.e());
                    ^
    method bi.a() is not applicable
      (actual and formal argument lists differ in length)
    method bi.a(ab) is not applicable
      (actual and formal argument lists differ in length)
    method bi.a(List<ab>) is not applicable
      (actual and formal argument lists differ in length)
    method bi.a(u) is not applicable
      (actual and formal argument lists differ in length)
recovered-src-obf/ao/bi.java:150: error: cannot find symbol
        aq.u loc = player.fu();
          ^
  symbol:   class u
  location: class aq
recovered-src-obf/ao/bi.java:159: error: cannot find symbol
        aq.u loc = caster.fu();
          ^
  symbol:   class u
  location: class aq
Note: recovered-src-obf/ao/bi.java uses unchecked or unsafe operations.
Note: Recompile with -Xlint:unchecked for details.
7 errors
1 warning

===== ao/bj.java [CFR] EXIT=1 =====
warning: [options] bootstrap class path not set in conjunction with -source 8
recovered-src-obf/ao/bj.java:80: error: cannot find symbol
    implements bd.j {
                 ^
  symbol:   class j
  location: class bd
recovered-src-obf/ao/bj.java:38: error: no suitable method found for a(String,bj.a)
                    i trap = g.a(typeName, new a(rs));
                              ^
    method g.a(String,String) is not applicable
      (argument mismatch; bj.a cannot be converted to String)
    method g.a(Closeable...) is not applicable
      (varargs mismatch; String cannot be converted to Closeable)
    method g.a(u,aq.i) is not applicable
      (argument mismatch; String cannot be converted to u)
    method g.a(u,boolean) is not applicable
      (argument mismatch; String cannot be converted to u)
    method g.a(String,j) is not applicable
      (argument mismatch; bj.a cannot be converted to j)
    method g.a(int,int) is not applicable
      (argument mismatch; String cannot be converted to int)
recovered-src-obf/ao/bj.java:87: error: method does not override or implement a method from a supertype
        @Override
        ^
recovered-src-obf/ao/bj.java:98: error: method does not override or implement a method from a supertype
        @Override
        ^
recovered-src-obf/ao/bj.java:109: error: method does not override or implement a method from a supertype
        @Override
        ^
Note: recovered-src-obf/ao/bj.java uses unchecked or unsafe operations.
Note: Recompile with -Xlint:unchecked for details.
Note: Some messages have been simplified; recompile with -Xdiags:verbose to get full output
5 errors
1 warning

===== ao/bk.java [CFR] EXIT=1 =====
warning: [options] bootstrap class path not set in conjunction with -source 8
recovered-src-obf/ao/bk.java:129: error: <anonymous ao.bk$b$1> is not abstract and does not override abstract method compare(bk.a,bk.a) in Comparator
            Collections.sort(this.c, new Comparator<a>(){
                                                        ^
recovered-src-obf/ao/bk.java:136: error: name clash: compare(Object,Object) in <anonymous ao.bk$b$1> and compare(bk.a,bk.a) in Comparator have the same erasure, yet neither overrides the other
                public /* synthetic */ int compare(Object object, Object object2) {
                                           ^
recovered-src-obf/ao/bk.java:135: error: method does not override or implement a method from a supertype
                @Override
                ^
Note: recovered-src-obf/ao/bk.java uses unchecked or unsafe operations.
Note: Recompile with -Xlint:unchecked for details.
3 errors
1 warning

===== ao/bl.java [CFR] EXIT=1 =====
warning: [options] bootstrap class path not set in conjunction with -source 8
recovered-src-obf/ao/bl.java:164: error: cannot find symbol
            new bc.e(pc, target, data.q).a();
                  ^
  symbol:   class e
  location: class bc
recovered-src-obf/ao/bl.java:186: error: cannot find symbol
            } else if (target instanceof ap.t) {
                                           ^
  symbol:   class t
  location: class ap
recovered-src-obf/ao/bl.java:187: error: cannot find symbol
                ap.t npc = (ap.t)target;
                  ^
  symbol:   class t
  location: class ap
recovered-src-obf/ao/bl.java:187: error: cannot find symbol
                ap.t npc = (ap.t)target;
                              ^
  symbol:   class t
  location: class ap
recovered-src-obf/ao/bl.java:218: error: cannot find symbol
                    ap.t pet = (ap.t)object;
                      ^
  symbol:   class t
  location: class ap
recovered-src-obf/ao/bl.java:218: error: cannot find symbol
                    ap.t pet = (ap.t)object;
                                  ^
  symbol:   class t
  location: class ap
recovered-src-obf/ao/bl.java:243: error: cannot find symbol
                    new bc.e(pc, (f)object, data.q).a();
                          ^
  symbol:   class e
  location: class bc
recovered-src-obf/ao/bl.java:258: error: cannot find symbol
                    } else if (object instanceof ap.t) {
                                                   ^
  symbol:   class t
  location: class ap
recovered-src-obf/ao/bl.java:259: error: cannot find symbol
                        ap.t npc = (ap.t)object;
                          ^
  symbol:   class t
  location: class ap
recovered-src-obf/ao/bl.java:259: error: cannot find symbol
                        ap.t npc = (ap.t)object;
                                      ^
  symbol:   class t
  location: class ap
recovered-src-obf/ao/bl.java:283: error: cannot find symbol
                if (!(object instanceof ap.t)) continue;
                                          ^
  symbol:   class t
  location: class ap
recovered-src-obf/ao/bl.java:284: error: cannot find symbol
                ap.t targetNpc = (ap.t)object;
                  ^
  symbol:   class t
  location: class ap
recovered-src-obf/ao/bl.java:284: error: cannot find symbol
                ap.t targetNpc = (ap.t)object;
                                    ^
  symbol:   class t
  location: class ap
recovered-src-obf/ao/bl.java:330: error: cannot find symbol
        } else if (cha instanceof ap.t) {
                                    ^
  symbol:   class t
  location: class ap
recovered-src-obf/ao/bl.java:331: error: cannot find symbol
            ap.t npc = (ap.t)cha;
              ^
  symbol:   class t
  location: class ap
recovered-src-obf/ao/bl.java:331: error: cannot find symbol
            ap.t npc = (ap.t)cha;
                          ^
  symbol:   class t
  location: class ap
recovered-src-obf/ao/bl.java:346: error: cannot find symbol
            ap.t pet;
              ^
  symbol:   class t
  location: class ap
recovered-src-obf/ao/bl.java:354: error: cannot find symbol
            } else if (!(object instanceof s) ? !(object instanceof z) && !(object instanceof v) || (master = (u)(pet = (ap.t)object).M()) != null && (master.fr() == pc.fr() || master.a(pc, master, true)) : (mob = (s)object).eX() || mob.ac() == 1 || mob.ac() == 2) continue;
                                                                                                                           ^
  symbol:   class t
  location: class ap
recovered-src-obf/ao/bl.java:363: error: cannot find symbol
            if (!(object instanceof ap.t)) continue;
                                      ^
  symbol:   class t
  location: class ap
recovered-src-obf/ao/bl.java:364: error: cannot find symbol
            ap.t targetNpc = (ap.t)object;
              ^
  symbol:   class t
  location: class ap
recovered-src-obf/ao/bl.java:364: error: cannot find symbol
            ap.t targetNpc = (ap.t)object;
                                ^
  symbol:   class t
  location: class ap
Note: recovered-src-obf/ao/bl.java uses unchecked or unsafe operations.
Note: Recompile with -Xlint:unchecked for details.
21 errors
1 warning

===== ao/c.java [CFR] EXIT=1 =====
warning: [options] bootstrap class path not set in conjunction with -source 8
recovered-src-obf/ao/c.java:68: error: c has private access in ao
            as2.a(ao.c.a(rs.getString("sets"), ","));
                    ^
recovered-src-obf/ao/c.java:68: error: cannot find symbol
            as2.a(ao.c.a(rs.getString("sets"), ","));
                      ^
  symbol:   method a(String,String)
  location: variable c of type HashMap<Integer,b>
Note: recovered-src-obf/ao/c.java uses unchecked or unsafe operations.
Note: Recompile with -Xlint:unchecked for details.
2 errors
1 warning

===== ao/d.java [CFR] EXIT=1 =====
warning: [options] bootstrap class path not set in conjunction with -source 8
recovered-src-obf/ao/d.java:75: error: cannot find symbol
                    pstm2.setInt(1, ai.d.a().d());
                                      ^
  symbol:   variable d
  location: class ai
Note: recovered-src-obf/ao/d.java uses unchecked or unsafe operations.
Note: Recompile with -Xlint:unchecked for details.
1 error
1 warning

===== ao/i.java [CFR] EXIT=1 =====
warning: [options] bootstrap class path not set in conjunction with -source 8
recovered-src-obf/ao/i.java:39: error: unreported exception SQLException; must be caught or declared to be thrown
                    con = l1j.server.b.a().b();
                                        ^
recovered-src-obf/ao/i.java:39: error: unreported exception SQLException; must be caught or declared to be thrown
                    con = l1j.server.b.a().b();
                                            ^
recovered-src-obf/ao/i.java:40: error: unreported exception SQLException; must be caught or declared to be thrown
                    pstm = con.prepareStatement("SELECT * FROM character_config WHERE object_id=?");
                                               ^
recovered-src-obf/ao/i.java:41: error: unreported exception SQLException; must be caught or declared to be thrown
                    pstm.setInt(1, pc.fr());
                               ^
recovered-src-obf/ao/i.java:42: error: unreported exception SQLException; must be caught or declared to be thrown
                    rs = pstm.executeQuery();
                                          ^
recovered-src-obf/ao/i.java:43: error: unreported exception SQLException; must be caught or declared to be thrown
                    if (!rs.next()) break block5;
                                ^
recovered-src-obf/ao/i.java:44: error: unreported exception SQLException; must be caught or declared to be thrown
                    data = rs.getBytes("data");
                                      ^
7 errors
1 warning

===== ao/j.java [CFR] EXIT=1 =====
warning: [options] bootstrap class path not set in conjunction with -source 8
recovered-src-obf/ao/j.java:18: error: a type with the same simple name is already defined by the single-type-import of b
import l1j.server.b;
^
recovered-src-obf/ao/j.java:45: error: cannot find symbol
                    bi.j.a(pstm);
                      ^
  symbol:   variable j
  location: class bi
recovered-src-obf/ao/j.java:46: error: cannot find symbol
                    bi.j.a(con);
                      ^
  symbol:   variable j
  location: class bi
recovered-src-obf/ao/j.java:51: error: cannot find symbol
                bi.j.a(pstm);
                  ^
  symbol:   variable j
  location: class bi
recovered-src-obf/ao/j.java:52: error: cannot find symbol
                bi.j.a(con);
                  ^
  symbol:   variable j
  location: class bi
recovered-src-obf/ao/j.java:55: error: cannot find symbol
            bi.j.a(pstm);
              ^
  symbol:   variable j
  location: class bi
recovered-src-obf/ao/j.java:56: error: cannot find symbol
            bi.j.a(con);
              ^
  symbol:   variable j
  location: class bi
recovered-src-obf/ao/j.java:78: error: reference to b is ambiguous
                            b.c msg2 = b.c.a(bs2);
                            ^
  both class an.b in an and class l1j.server.b in l1j.server match
recovered-src-obf/ao/j.java:78: error: cannot find symbol
                            b.c msg2 = b.c.a(bs2);
                                        ^
  symbol:   variable c
  location: variable b of type j
recovered-src-obf/ao/j.java:91: error: cannot find symbol
                    bi.j.a(rs, pstm, con);
                      ^
  symbol:   variable j
  location: class bi
recovered-src-obf/ao/j.java:96: error: cannot find symbol
                bi.j.a(rs, pstm, con);
                  ^
  symbol:   variable j
  location: class bi
recovered-src-obf/ao/j.java:99: error: cannot find symbol
            bi.j.a(rs, pstm, con);
              ^
  symbol:   variable j
  location: class bi
recovered-src-obf/ao/j.java:117: error: cannot find symbol
                    bi.j.a(pstm);
                      ^
  symbol:   variable j
  location: class bi
recovered-src-obf/ao/j.java:118: error: cannot find symbol
                    bi.j.a(con);
                      ^
  symbol:   variable j
  location: class bi
recovered-src-obf/ao/j.java:123: error: cannot find symbol
                bi.j.a(pstm);
                  ^
  symbol:   variable j
  location: class bi
recovered-src-obf/ao/j.java:124: error: cannot find symbol
                bi.j.a(con);
                  ^
  symbol:   variable j
  location: class bi
recovered-src-obf/ao/j.java:127: error: cannot find symbol
            bi.j.a(pstm);
              ^
  symbol:   variable j
  location: class bi
recovered-src-obf/ao/j.java:128: error: cannot find symbol
            bi.j.a(con);
              ^
  symbol:   variable j
  location: class bi
recovered-src-obf/ao/j.java:135: error: reference to b is ambiguous
        b.c.a builder = b.c.s();
        ^
  both class an.b in an and class l1j.server.b in l1j.server match
recovered-src-obf/ao/j.java:135: error: cannot find symbol
        b.c.a builder = b.c.s();
                         ^
  symbol:   variable c
  location: variable b of type j
recovered-src-obf/ao/j.java:136: error: reference to b is ambiguous
        b.c.a builder2 = b.c.s();
        ^
  both class an.b in an and class l1j.server.b in l1j.server match
recovered-src-obf/ao/j.java:136: error: cannot find symbol
        b.c.a builder2 = b.c.s();
                          ^
  symbol:   variable c
  location: variable b of type j
22 errors
1 warning

===== ao/l.java [CFR] EXIT=1 =====
warning: [options] bootstrap class path not set in conjunction with -source 8
recovered-src-obf/ao/l.java:74: error: cannot find symbol
                bh.j itemTemplate = ah.a().a(itemId);
                  ^
  symbol:   class j
  location: class bh
1 error
1 warning

===== ao/n.java [CFR] EXIT=1 =====
warning: [options] bootstrap class path not set in conjunction with -source 8
recovered-src-obf/ao/n.java:38: error: unreported exception SQLException; must be caught or declared to be thrown
                    con = l1j.server.b.a().b();
                                        ^
recovered-src-obf/ao/n.java:38: error: unreported exception SQLException; must be caught or declared to be thrown
                    con = l1j.server.b.a().b();
                                            ^
recovered-src-obf/ao/n.java:39: error: unreported exception SQLException; must be caught or declared to be thrown
                    pstm = con.prepareStatement("SELECT * FROM character_mobs_week WHERE login=?");
                                               ^
recovered-src-obf/ao/n.java:40: error: unreported exception SQLException; must be caught or declared to be thrown
                    pstm.setString(1, pc.bc());
                                  ^
recovered-src-obf/ao/n.java:41: error: unreported exception SQLException; must be caught or declared to be thrown
                    rs = pstm.executeQuery();
                                          ^
recovered-src-obf/ao/n.java:42: error: unreported exception SQLException; must be caught or declared to be thrown
                    if (!rs.next()) break block6;
                                ^
recovered-src-obf/ao/n.java:43: error: unreported exception SQLException; must be caught or declared to be thrown
                    numbers = rs.getString("numbers").split(",");
                                          ^
7 errors
1 warning

===== ao/t.java [CFR] EXIT=1 =====
warning: [options] bootstrap class path not set in conjunction with -source 8
recovered-src-obf/ao/t.java:77: error: cannot find symbol
    public f a(int doorId, bh.f gfx, u loc, int hp, int keeper, boolean isOpening) {
                             ^
  symbol:   class f
  location: class bh
Note: recovered-src-obf/ao/t.java uses unchecked or unsafe operations.
Note: Recompile with -Xlint:unchecked for details.
1 error
1 warning

===== ao/v.java [VINEFLOWER_HARDTAIL] EXIT=1 =====
warning: [options] bootstrap class path not set in conjunction with -source 8
recovery/vineflower-hard-tail/ao/v.java:19: error: cannot find symbol
   private final HashMap<Integer, ArrayList<bh.h>> c = this.b();
                                              ^
  symbol:   class h
  location: class bh
recovery/vineflower-hard-tail/ao/v.java:32: error: cannot find symbol
   private HashMap<Integer, ArrayList<bh.h>> b() {
                                        ^
  symbol:   class h
  location: class bh
recovery/vineflower-hard-tail/ao/v.java:70: error: cannot find symbol
   public void a(ap.t var1, au.f var2) {
                   ^
  symbol:   class t
  location: class ap
recovery/vineflower-hard-tail/ao/v.java:70: error: cannot find symbol
   public void a(ap.t var1, au.f var2) {
                              ^
  symbol:   class f
  location: class au
recovery/vineflower-hard-tail/ao/v.java:144: error: cannot find symbol
   public void a(ap.t var1, aq.q var2) {
                   ^
  symbol:   class t
  location: class ap
recovery/vineflower-hard-tail/ao/v.java:144: error: cannot find symbol
   public void a(ap.t var1, aq.q var2) {
                              ^
  symbol:   class q
  location: class aq
recovery/vineflower-hard-tail/ao/v.java:52: error: cannot find symbol
            bh.h var13 = new bh.h(var5, var6, var7, var8, var9, var10, var11, var12);
              ^
  symbol:   class h
  location: class bh
recovery/vineflower-hard-tail/ao/v.java:52: error: cannot find symbol
            bh.h var13 = new bh.h(var5, var6, var7, var8, var9, var10, var11, var12);
                               ^
  symbol:   class h
  location: class bh
recovery/vineflower-hard-tail/ao/v.java:64: error: cannot find symbol
         bi.j.a(var4, var3, var2);
           ^
  symbol:   variable j
  location: class bi
recovery/vineflower-hard-tail/ao/v.java:86: error: cannot find symbol
            for (bh.h var15 : var4) {
                   ^
  symbol:   class h
  location: class bh
recovery/vineflower-hard-tail/ao/v.java:89: error: cannot find symbol
                  int var12 = bi.i.a(1000000) + 1;
                                ^
  symbol:   variable i
  location: class bi
recovery/vineflower-hard-tail/ao/v.java:96: error: cannot find symbol
                        var10 += bi.i.a(var11);
                                   ^
  symbol:   variable i
  location: class bi
recovery/vineflower-hard-tail/ao/v.java:112: error: cannot find symbol
                     ap.q var14 = ah.a().b(var9);
                       ^
  symbol:   class q
  location: class ap
recovery/vineflower-hard-tail/ao/v.java:116: error: cannot find symbol
                        if (var15.g() > 0 && bi.i.a(100) < var15.g()) {
                                               ^
  symbol:   variable i
  location: class bi
recovery/vineflower-hard-tail/ao/v.java:118: error: cannot find symbol
                        } else if (var15.h() > 0 && bi.i.a(100) < var15.h()) {
                                                      ^
  symbol:   variable i
  location: class bi
recovery/vineflower-hard-tail/ao/v.java:125: error: cannot find symbol
                           ap.q var20 = ah.a().b(var9);
                             ^
  symbol:   class q
  location: class ap
recovery/vineflower-hard-tail/ao/v.java:128: error: cannot find symbol
                           if (var15.g() > 0 && bi.i.a(100) < var15.g()) {
                                                  ^
  symbol:   variable i
  location: class bi
recovery/vineflower-hard-tail/ao/v.java:130: error: cannot find symbol
                           } else if (var15.h() > 0 && bi.i.a(100) < var15.h()) {
                                                         ^
  symbol:   variable i
  location: class bi
recovery/vineflower-hard-tail/ao/v.java:145: error: cannot find symbol
      au.f var3 = var1.y();
        ^
  symbol:   class f
  location: class au
recovery/vineflower-hard-tail/ao/v.java:150: error: cannot find symbol
         for (aq.q.a var6 : var4) {
                ^
  symbol:   class q
  location: class aq
recovery/vineflower-hard-tail/ao/v.java:151: error: cannot find symbol
            aq.f var8 = var6.a;
              ^
  symbol:   class f
  location: class aq
recovery/vineflower-hard-tail/ao/v.java:152: error: cannot find symbol
            if (l1j.server.a.P != 2 || !(var8 instanceof ap.z) && !(var8 instanceof ap.v)) {
                                                           ^
  symbol:   class z
  location: class ap
recovery/vineflower-hard-tail/ao/v.java:152: error: cannot find symbol
            if (l1j.server.a.P != 2 || !(var8 instanceof ap.z) && !(var8 instanceof ap.v)) {
                                                                                      ^
  symbol:   class v
  location: class ap
recovery/vineflower-hard-tail/ao/v.java:163: error: cannot find symbol
         au.f var25 = null;
           ^
  symbol:   class f
  location: class au
recovery/vineflower-hard-tail/ao/v.java:165: error: cannot find symbol
         for (ap.q var26 : var3.d()) {
                ^
  symbol:   class q
  location: class ap
recovery/vineflower-hard-tail/ao/v.java:177: error: cannot find symbol
                  int var32 = bi.i.a(8);
                                ^
  symbol:   variable i
  location: class bi
recovery/vineflower-hard-tail/ao/v.java:185: error: cannot find symbol
               var25 = aq.aq.a().a(var1.fs() + var28, var1.ft() + var29, var1.fp());
                         ^
  symbol:   variable aq
  location: class aq
recovery/vineflower-hard-tail/ao/v.java:187: error: cannot find symbol
               int var10 = bi.i.a(var5);
                             ^
  symbol:   variable i
  location: class bi
recovery/vineflower-hard-tail/ao/v.java:190: error: cannot find symbol
               for (aq.q.a var12 : var4) {
                      ^
  symbol:   class q
  location: class aq
recovery/vineflower-hard-tail/ao/v.java:193: error: cannot find symbol
                     aq.f var14 = var12.a;
                       ^
  symbol:   class f
  location: class aq
recovery/vineflower-hard-tail/ao/v.java:195: error: cannot find symbol
                        var25 = aq.aq.a().a(var1.fs(), var1.ft(), var1.fp());
                                  ^
  symbol:   variable aq
  location: class aq
recovery/vineflower-hard-tail/ao/v.java:201: error: cannot find symbol
                        if (!(var14 instanceof ap.u) || var4.size() > 1) {
                                                 ^
  symbol:   class u

===== ao/w.java [CFR] EXIT=1 =====
warning: [options] bootstrap class path not set in conjunction with -source 8
recovered-src-obf/ao/w.java:226: error: cannot find symbol
        return ao.w.a(level) - ao.w.a(level - 1);
                 ^
  symbol:   variable w
  location: class ao
recovered-src-obf/ao/w.java:226: error: cannot find symbol
        return ao.w.a(level) - ao.w.a(level - 1);
                                 ^
  symbol:   variable w
  location: class ao
recovered-src-obf/ao/w.java:239: error: cannot find symbol
        return (int)(100.0 * ((double)(exp - ao.w.a(level - 1)) / (double)ao.w.b(level)));
                                               ^
  symbol:   variable w
  location: class ao
recovered-src-obf/ao/w.java:239: error: cannot find symbol
        return (int)(100.0 * ((double)(exp - ao.w.a(level - 1)) / (double)ao.w.b(level)));
                                                                            ^
  symbol:   variable w
  location: class ao
4 errors
1 warning

===== ao/y.java [CFR] EXIT=1 =====
warning: [options] bootstrap class path not set in conjunction with -source 8
recovered-src-obf/ao/y.java:46: error: cannot find symbol
                        bh.l l1npc = au.a().a(npcid);
                          ^
  symbol:   class l
  location: class bh
1 error
1 warning

===== ap/a.java [CFR] EXIT=1 =====
warning: [options] bootstrap class path not set in conjunction with -source 8
recovered-src-obf/ap/a.java:127: error: cannot find symbol
    public void a(aq.f attacker, int mpDamage) {
                    ^
  symbol:   class f
  location: class aq
recovered-src-obf/ap/a.java:140: error: cannot find symbol
    public void b(aq.f attacker, int damage) {
                    ^
  symbol:   class f
  location: class aq
recovered-src-obf/ap/a.java:25: error: cannot find symbol
        this.y = aq.e.a((aq.f)this);
                           ^
  symbol:   class f
  location: class aq
recovered-src-obf/ap/a.java:25: error: e has private access in aq
        this.y = aq.e.a((aq.f)this);
                   ^
recovered-src-obf/ap/a.java:26: error: cannot find symbol
        for (aq.aa l1object : aq.a().b()) {
               ^
  symbol:   class aa
  location: class aq
recovered-src-obf/ap/a.java:28: error: e has private access in aq
            if (!(l1object instanceof aa) || !aq.e.a(this.y, tower = (aa)l1object)) continue;
                                                ^
recovered-src-obf/ap/a.java:28: error: cannot find symbol
            if (!(l1object instanceof aa) || !aq.e.a(this.y, tower = (aa)l1object)) continue;
                                                  ^
  symbol:   method a(int,aa)
  location: variable e of type ConcurrentHashMap<Integer,z>
recovered-src-obf/ap/a.java:48: error: cannot find symbol
        aq.f target = this.m;
          ^
  symbol:   class f
  location: class aq
recovered-src-obf/ap/a.java:49: error: cannot find symbol
        if (aq.e.a((aq.f)this) <= 0) {
                      ^
  symbol:   class f
  location: class aq
recovered-src-obf/ap/a.java:49: error: e has private access in aq
        if (aq.e.a((aq.f)this) <= 0) {
              ^
recovered-src-obf/ap/a.java:72: error: cannot find symbol
            if (this.m instanceof u && this.e((aq.aa)this.m) >= 5.0) {
                                                 ^
  symbol:   class aa
  location: class aq
recovered-src-obf/ap/a.java:87: error: name clash: class a has two methods with the same erasure, yet neither overrides the other
    protected int a(int x2, int y2) {
                  ^
  first method:  a(f,int) in a
  second method: a(f,int) in s
recovered-src-obf/ap/a.java:107: error: cannot find symbol
        aq.f lastTarget = null;
          ^
  symbol:   class f
  location: class aq
recovered-src-obf/ap/a.java:113: error: cannot find symbol
        for (aq.aa obj : aq.a().e(this)) {
               ^
  symbol:   class aa
  location: class aq
recovered-src-obf/ap/a.java:127: error: a(f,int) in a cannot override a(t,int) in t
    public void a(aq.f attacker, int mpDamage) {
                ^
  overridden method is static
recovered-src-obf/ap/a.java:140: error: b(f,int) in a cannot override b(t,int) in t
    public void b(aq.f attacker, int damage) {
                ^
  overridden method is static
recovered-src-obf/ap/a.java:184: error: cannot find symbol
        perceivedFrom.c((aq.aa)this);
                           ^
  symbol:   class aa
  location: class aq
17 errors
1 warning

===== ap/aa.java [CFR] EXIT=1 =====
warning: [options] bootstrap class path not set in conjunction with -source 8
recovered-src-obf/ap/aa.java:41: error: cannot find symbol
        perceivedFrom.c((aq.aa)this);
                           ^
  symbol:   class aa
  location: class aq
recovered-src-obf/ap/aa.java:56: error: cannot find symbol
            for (aq.aa obj : aq.a().b((aq.aa)this, 20)) {
                                         ^
  symbol:   class aa
  location: class aq
recovered-src-obf/ap/aa.java:56: error: cannot find symbol
            for (aq.aa obj : aq.a().b((aq.aa)this, 20)) {
                   ^
  symbol:   class aa
  location: class aq
recovered-src-obf/ap/aa.java:65: error: e has private access in aq
            this.z = this.h() ? 7 : aq.e.a(this.fs(), this.ft(), this.fp());
                                      ^
recovered-src-obf/ap/aa.java:65: error: cannot find symbol
            this.z = this.h() ? 7 : aq.e.a(this.fs(), this.ft(), this.fp());
                                        ^
  symbol:   method a(int,int,int)
  location: variable e of type ConcurrentHashMap<Integer,z>
recovered-src-obf/ap/aa.java:70: error: cannot find symbol
                for (aq.aa l1object : aq.a().b()) {
                       ^
  symbol:   class aa
  location: class aq
recovered-src-obf/ap/aa.java:85: error: ap.a has private access in ap
            } else if (attacker instanceof ap.a) {
                                             ^
recovered-src-obf/ap/aa.java:173: error: ap.a has private access in ap
            if (aa.this.y instanceof ap.a) {
                                       ^
recovered-src-obf/ap/aa.java:174: error: e has private access in aq
                int castle_id = aq.e.a(aa.this.fs(), aa.this.ft(), aa.this.fp());
                                  ^
recovered-src-obf/ap/aa.java:174: error: cannot find symbol
                int castle_id = aq.e.a(aa.this.fs(), aa.this.ft(), aa.this.fp());
                                    ^
  symbol:   method a(int,int,int)
  location: variable e of type ConcurrentHashMap<Integer,z>
recovered-src-obf/ap/aa.java:184: error: cannot find symbol
                for (aq.aa obj : aq.a().b(aa.this.fp()).values()) {
                       ^
  symbol:   class aa
  location: class aq
recovered-src-obf/ap/aa.java:185: error: ap.a has private access in ap
                    ap.a attacker;
                      ^
recovered-src-obf/ap/aa.java:188: error: e has private access in aq
                        if (!aq.e.a(castle_id, pc)) continue;
                               ^
recovered-src-obf/ap/aa.java:188: error: cannot find symbol
                        if (!aq.e.a(castle_id, pc)) continue;
                                 ^
  symbol:   method a(int,u)
  location: variable e of type ConcurrentHashMap<Integer,z>
recovered-src-obf/ap/aa.java:189: error: e has private access in aq
                        int[] loc = aq.e.e(castle_id);
                                      ^
recovered-src-obf/ap/aa.java:189: error: cannot find symbol
                        int[] loc = aq.e.e(castle_id);
                                        ^
  symbol:   method e(int)
  location: variable e of type ConcurrentHashMap<Integer,z>
recovered-src-obf/ap/aa.java:196: error: ap.a has private access in ap
                    if (!(obj instanceof ap.a) || !aq.e.a(castle_id, attacker = (ap.a)obj)) continue;
                                           ^
recovered-src-obf/ap/aa.java:196: error: ap.a has private access in ap
                    if (!(obj instanceof ap.a) || !aq.e.a(castle_id, attacker = (ap.a)obj)) continue;
                                                                                   ^
recovered-src-obf/ap/aa.java:196: error: e has private access in aq
                    if (!(obj instanceof ap.a) || !aq.e.a(castle_id, attacker = (ap.a)obj)) continue;
                                                     ^
recovered-src-obf/ap/aa.java:199: error: ap.a has private access in ap
                String npcClanName = ((ap.a)aa.this.y).ap();
                                         ^
Note: recovered-src-obf/ap/aa.java uses unchecked or unsafe operations.
Note: Recompile with -Xlint:unchecked for details.
20 errors
1 warning

===== ap/b.java [CFR] EXIT=1 =====
warning: [options] bootstrap class path not set in conjunction with -source 8
recovered-src-obf/ap/b.java:49: error: cannot find symbol
            pc.a(new be.i(this.fr(), sellList));
                       ^
  symbol:   class i
  location: class be
1 error
1 warning

===== ap/d.java [CFR] EXIT=1 =====
warning: [options] bootstrap class path not set in conjunction with -source 8
recovered-src-obf/ap/d.java:53: error: e has private access in aq
        int castle_id = aq.e.a(this.fs(), this.ft(), this.fp());
                          ^
recovered-src-obf/ap/d.java:53: error: cannot find symbol
        int castle_id = aq.e.a(this.fs(), this.ft(), this.fp());
                            ^
  symbol:   method a(int,int,int)
  location: variable e of type ConcurrentHashMap<Integer,z>
recovered-src-obf/ap/d.java:77: error: e has private access in aq
            if (pc.aF() == picker.aF() || !aq.e.a(castle_id, pc)) continue;
                                             ^
recovered-src-obf/ap/d.java:77: error: cannot find symbol
            if (pc.aF() == picker.aF() || !aq.e.a(castle_id, pc)) continue;
                                               ^
  symbol:   method a(int,u)
  location: variable e of type ConcurrentHashMap<Integer,z>
recovered-src-obf/ap/d.java:78: error: e has private access in aq
            loc = aq.e.e(castle_id);
                    ^
recovered-src-obf/ap/d.java:78: error: cannot find symbol
            loc = aq.e.e(castle_id);
                      ^
  symbol:   method e(int)
  location: variable e of type ConcurrentHashMap<Integer,z>
recovered-src-obf/ap/d.java:95: error: cannot find symbol
        for (aq.aa l1object : aq.a().b()) {
               ^
  symbol:   class aa
  location: class aq
recovered-src-obf/ap/d.java:97: error: e has private access in aq
            if (!(l1object instanceof aa) || !aq.e.a(castle_id, tower = (aa)l1object)) continue;
                                                ^
recovered-src-obf/ap/d.java:97: error: cannot find symbol
            if (!(l1object instanceof aa) || !aq.e.a(castle_id, tower = (aa)l1object)) continue;
                                                  ^
  symbol:   method a(int,aa)
  location: variable e of type ConcurrentHashMap<Integer,z>
recovered-src-obf/ap/d.java:106: error: e has private access in aq
            if (aq.e.a(castle_id, door)) {
                  ^
recovered-src-obf/ap/d.java:106: error: cannot find symbol
            if (aq.e.a(castle_id, door)) {
                    ^
  symbol:   method a(int,f)
  location: variable e of type ConcurrentHashMap<Integer,z>
11 errors
1 warning

===== ap/e.java [CFR] EXIT=1 =====
warning: [options] bootstrap class path not set in conjunction with -source 8
recovered-src-obf/ap/e.java:18: error: <identifier> expected
import be.do;
          ^
recovered-src-obf/ap/e.java:133: error: <identifier> expected
            pc.a(new do(pc));
                    ^
recovered-src-obf/ap/e.java:133: error: '(' or '[' expected
            pc.a(new do(pc));
                     ^
recovered-src-obf/ap/e.java:133: error: not a statement
            pc.a(new do(pc));
                       ^
recovered-src-obf/ap/e.java:133: error: ';' expected
            pc.a(new do(pc));
                           ^
recovered-src-obf/ap/e.java:193: error: <identifier> expected
                pc.a(new do(pc));
                        ^
recovered-src-obf/ap/e.java:193: error: '(' or '[' expected
                pc.a(new do(pc));
                         ^
recovered-src-obf/ap/e.java:193: error: not a statement
                pc.a(new do(pc));
                           ^
recovered-src-obf/ap/e.java:193: error: ';' expected
                pc.a(new do(pc));
                               ^
9 errors
1 warning

===== ap/f.java [CFR] EXIT=1 =====
warning: [options] bootstrap class path not set in conjunction with -source 8
recovered-src-obf/ap/f.java:29: error: cannot find symbol
    public f(l template, int doorId, bh.f gfx, aq.u loc, int hp, int keeper, boolean isOpening) {
                                                 ^
  symbol:   class u
  location: class aq
recovered-src-obf/ap/f.java:92: error: cannot find symbol
    public void b(aq.f attacker, int damage) {
                    ^
  symbol:   class f
  location: class aq
recovered-src-obf/ap/f.java:92: error: b(f,int) in f cannot override b(t,int) in t
    public void b(aq.f attacker, int damage) {
                ^
  overridden method is static
3 errors
1 warning

===== ap/i.java [CFR] EXIT=1 =====
warning: [options] bootstrap class path not set in conjunction with -source 8
recovered-src-obf/ap/i.java:137: error: cannot find symbol
                    int temp = am.c.a().a(this.b.fe(), actid);
                                 ^
  symbol:   variable c
  location: class am
1 error
1 warning

===== ap/o.java [CFR] EXIT=1 =====
warning: [options] bootstrap class path not set in conjunction with -source 8
recovered-src-obf/ap/o.java:29: error: cannot find symbol
    private aq.f B;
              ^
  symbol:   class f
  location: class aq
recovered-src-obf/ap/o.java:57: error: cannot find symbol
    public void a(aq.f cha) {
                    ^
  symbol:   class f
  location: class aq
recovered-src-obf/ap/o.java:125: error: cannot find symbol
    public void b(aq.f attacker, int damage) {
                    ^
  symbol:   class f
  location: class aq
recovered-src-obf/ap/o.java:228: error: cannot find symbol
        aq.f a;
          ^
  symbol:   class f
  location: class aq
recovered-src-obf/ap/o.java:57: error: a(f) in o cannot override a(aa) in f
    public void a(aq.f cha) {
                ^
  return type void is not compatible with int
recovered-src-obf/ap/o.java:118: error: cannot find symbol
            attack.a((aq.f)pc, (aq.f)this);
                        ^
  symbol:   class f
  location: class aq
recovered-src-obf/ap/o.java:118: error: cannot find symbol
            attack.a((aq.f)pc, (aq.f)this);
                                  ^
  symbol:   class f
  location: class aq
recovered-src-obf/ap/o.java:125: error: b(f,int) in o cannot override b(t,int) in t
    public void b(aq.f attacker, int damage) {
                ^
  overridden method is static
recovered-src-obf/ap/o.java:167: error: name clash: class o has two methods with the same erasure, yet neither overrides the other
    public void a(int i2) {
                ^
  first method:  a(f) in o
  second method: a(y) in t
9 errors
1 warning

===== ap/p.java [CFR] EXIT=1 =====
warning: [options] bootstrap class path not set in conjunction with -source 8
recovered-src-obf/ap/p.java:35: error: variable house2 is already defined in method a(u)
            for (bh.i house2 : ab.a().c().values()) {
                      ^
1 error
1 warning

===== ap/q.java [CFR] EXIT=1 =====
warning: [options] bootstrap class path not set in conjunction with -source 8
recovered-src-obf/ap/q.java:292: error: int cannot be dereferenced
            ao.bl.a().a(this);
              ^
recovered-src-obf/ap/q.java:618: error: int cannot be dereferenced
        if ((itemId == 40314 || itemId == 40316) && (pet = ao.aw.a().b(this.fr())) != null) {
                                                             ^
recovered-src-obf/ap/q.java:619: error: int cannot be dereferenced
            l npc = ao.au.a().a(pet.c());
                      ^
recovered-src-obf/ap/q.java:700: error: int cannot be dereferenced
            name.append(ao.af.a(this));
                          ^
recovered-src-obf/ap/q.java:710: error: int cannot be dereferenced
        o petItem = ao.av.a().a(this.N());
                      ^
recovered-src-obf/ap/q.java:1149: error: cannot find symbol
            ArrayList<c.a> resultList = ao.c.a().a(this.N());
                       ^
  symbol:   class a
  location: class q.c
recovered-src-obf/ap/q.java:1149: error: int cannot be dereferenced
            ArrayList<c.a> resultList = ao.c.a().a(this.N());
                                          ^
recovered-src-obf/ap/q.java:1150: error: cannot find symbol
            for (c.a as2 : resultList) {
                  ^
  symbol:   class a
  location: class q.c
recovered-src-obf/ap/q.java:1161: error: int cannot be dereferenced
                            os.a("\\fR " + ao.ah.a().a(i3).j());
                                             ^
recovered-src-obf/ap/q.java:1324: error: int cannot be dereferenced
        this.ag = bi.e.a().a(new b(), skillTime);
                    ^
recovered-src-obf/ap/q.java:1355: error: int cannot be dereferenced
        this.ag = bi.e.a().a(new b(), skillTime);
                    ^
recovered-src-obf/ap/q.java:1360: error: int cannot be dereferenced
        bi.e.a().a(new c(), 10000L);
          ^
recovered-src-obf/ap/q.java:1365: error: int cannot be dereferenced
            this.aj = bi.e.a().a(new a(pc), 1000L, 1000L);
                        ^
recovered-src-obf/ap/q.java:2066: error: int cannot be dereferenced
        ao.am.b().a(this);
          ^
14 errors
1 warning

===== ap/r.java [CFR] EXIT=1 =====
warning: [options] bootstrap class path not set in conjunction with -source 8
recovered-src-obf/ap/r.java:122: error: constructor a in class s.a cannot be applied to given types;
                    s.a death = new s.a(this, attacker);
                                ^
  required: f
  found:    r,f
  reason: actual and formal argument lists differ in length
recovered-src-obf/ap/r.java:134: error: constructor a in class s.a cannot be applied to given types;
            s.a death = new s.a(this, attacker);
                        ^
  required: f
  found:    r,f
  reason: actual and formal argument lists differ in length
2 errors
1 warning

===== ap/s.java [CFR] EXIT=1 =====
warning: [options] bootstrap class path not set in conjunction with -source 8
recovered-src-obf/ap/s.java:152: error: cannot find symbol
    public void a(aq.f cha) {
                    ^
  symbol:   class f
  location: class aq
recovered-src-obf/ap/s.java:185: error: cannot find symbol
    public void a(aq.f attacker, int mpDamage) {
                    ^
  symbol:   class f
  location: class aq
recovered-src-obf/ap/s.java:202: error: cannot find symbol
    public void b(aq.f attacker, int damage) {
                    ^
  symbol:   class f
  location: class aq
recovered-src-obf/ap/s.java:270: error: cannot find symbol
    private void f(aq.f lastAttacker) {
                     ^
  symbol:   class f
  location: class aq
recovered-src-obf/ap/s.java:621: error: cannot find symbol
        private final aq.f b;
                        ^
  symbol:   class f
  location: class aq
recovered-src-obf/ap/s.java:623: error: cannot find symbol
        public a(aq.f _lastAttacker) {
                   ^
  symbol:   class f
  location: class aq
recovered-src-obf/ap/s.java:59: error: reference to a is ambiguous
            this.a(true);
                ^
  both method a(boolean) in s and method a(f) in s match
recovered-src-obf/ap/s.java:67: error: name clash: class s has two methods with the same erasure, yet neither overrides the other
    public void a(boolean isChangeShape) {
                ^
  first method:  a(f) in s
  second method: a(y) in t
recovered-src-obf/ap/s.java:92: error: cannot find symbol
        this.m(am.c.a().a(this.fe(), this.eY()));
                 ^
  symbol:   variable c
  location: class am
recovered-src-obf/ap/s.java:93: error: cannot find symbol
        this.n(am.c.a().a(this.fe(), this.eY() + 1));
                 ^
  symbol:   variable c
  location: class am
recovered-src-obf/ap/s.java:152: error: a(f) in s cannot override a(aa) in f
    public void a(aq.f cha) {
                ^
  return type void is not compatible with int
recovered-src-obf/ap/s.java:177: error: name clash: class s has two methods with the same erasure, yet neither overrides the other
    public void a(u pc, int skillId) {
                ^
  first method:  a(f,int) in s
  second method: a(t,int) in t
recovered-src-obf/ap/s.java:185: error: a(f,int) in s cannot override a(t,int) in t
    public void a(aq.f attacker, int mpDamage) {
                ^
  overridden method is static
recovered-src-obf/ap/s.java:202: error: b(f,int) in s cannot override b(t,int) in t
    public void b(aq.f attacker, int damage) {
                ^
  overridden method is static
recovered-src-obf/ap/s.java:247: error: name clash: class s has two methods with the same erasure, yet neither overrides the other
    public synchronized void a(int i2) {
                             ^
  first method:  a(f) in s
  second method: a(y) in t
recovered-src-obf/ap/s.java:270: error: f(f) in s cannot override f(boolean) in t
    private void f(aq.f lastAttacker) {
                 ^
  attempting to assign weaker access privileges; was public
recovered-src-obf/ap/s.java:301: error: p has private access in aq
                        aq.p.a().a(this);
                          ^
recovered-src-obf/ap/s.java:301: error: cannot find symbol
                        aq.p.a().a(this);
                            ^
  symbol:   method a()
  location: variable p of type Collection<u>
recovered-src-obf/ap/s.java:364: error: cannot find symbol
            int stage = am.d.a().a(index, pc.dQ()[index]);
                          ^
  symbol:   variable d
  location: class am
recovered-src-obf/ap/s.java:367: error: cannot find symbol
            int new_stage = am.d.a().a(index, count);
                              ^
  symbol:   variable d
  location: class am
recovered-src-obf/ap/s.java:435: error: cannot find symbol
            if (am.c.a().c(this.fe())) {
                  ^
  symbol:   variable c
  location: class am
recovered-src-obf/ap/s.java:446: error: cannot find symbol
        this.cq(am.c.a().a(this));
                  ^
  symbol:   variable c
  location: class am
recovered-src-obf/ap/s.java:475: error: cannot find symbol
        } else if (am.c.a().b(this.fe()) && this.ac() != 1) {
                     ^
  symbol:   variable c
  location: class am
recovered-src-obf/ap/s.java:509: error: cannot find symbol
        if (am.c.a().b(this.fe())) {
              ^
  symbol:   variable c
  location: class am
recovered-src-obf/ap/s.java:534: error: cannot find symbol
        } else if (am.c.a().a(this.fe())) {
                     ^
  symbol:   variable c
  location: class am
recovered-src-obf/ap/s.java:552: error: cannot find symbol
        if (am.c.a().b(this.fe()) && !this.ar()) {
              ^
  symbol:   variable c
  location: class am
recovered-src-obf/ap/s.java:556: error: cannot find symbol
        } else if (am.c.a().c(this.fe())) {
                     ^
  symbol:   variable c
  location: class am
recovered-src-obf/ap/s.java:562: error: cannot find symbol
        } else if (am.c.a().a(this.fe())) {
                     ^
  symbol:   variable c
  location: class am
recovered-src-obf/ap/s.java:570: error: cannot find symbol
        } else if (am.c.a().d(this.fe())) {
                     ^
  symbol:   variable c
  location: class am
recovered-src-obf/ap/s.java:573: error: cannot find symbol
        this.cq(am.c.a().a(this));
                  ^
  symbol:   variable c
  location: class am
recovered-src-obf/ap/s.java:576: error: name clash: class s has two methods with the same erasure, yet neither overrides the other
    public void a(t leader) {
                ^
  first method:  a(f) in s
  second method: a(y) in t
recovered-src-obf/ap/s.java:579: error: cannot find symbol
            if (am.c.a().b(this.fe())) {
                  ^
  symbol:   variable c
  location: class am
recovered-src-obf/ap/s.java:582: error: cannot find symbol
                if (am.c.a().c(this.fe())) {
                      ^
  symbol:   variable c
  location: class am
recovered-src-obf/ap/s.java:592: error: cannot find symbol

===== ap/t.java [CFR] EXIT=1 =====
warning: [options] bootstrap class path not set in conjunction with -source 8
recovered-src-obf/ap/t.java:43: error: cannot find symbol
extends aq.f {
          ^
  symbol:   class f
  location: class aq
recovered-src-obf/ap/t.java:60: error: cannot find symbol
    protected aq.f k;
                ^
  symbol:   class f
  location: class aq
recovered-src-obf/ap/t.java:61: error: cannot find symbol
    protected aq.q l;
                ^
  symbol:   class q
  location: class aq
recovered-src-obf/ap/t.java:62: error: cannot find symbol
    protected aq.f m;
                ^
  symbol:   class f
  location: class aq
recovered-src-obf/ap/t.java:64: error: cannot find symbol
    protected aq.q n;
                ^
  symbol:   class q
  location: class aq
recovered-src-obf/ap/t.java:71: error: cannot find symbol
    protected au.f o;
                ^
  symbol:   class f
  location: class au
recovered-src-obf/ap/t.java:186: error: cannot find symbol
    public void c(aq.f cha, int hate) {
                    ^
  symbol:   class f
  location: class aq
recovered-src-obf/ap/t.java:198: error: cannot find symbol
    public void a(aq.f cha) {
                    ^
  symbol:   class f
  location: class aq
recovered-src-obf/ap/t.java:270: error: cannot find symbol
    public void b(aq.f target) {
                    ^
  symbol:   class f
  location: class aq
recovered-src-obf/ap/t.java:456: error: cannot find symbol
    public void c(aq.f target) {
                    ^
  symbol:   class f
  location: class aq
recovered-src-obf/ap/t.java:701: error: cannot find symbol
    public au.f y() {
             ^
  symbol:   class f
  location: class au
recovered-src-obf/ap/t.java:758: error: cannot find symbol
    public void a(aq.f attacker, int damageMp) {
                    ^
  symbol:   class f
  location: class aq
recovered-src-obf/ap/t.java:761: error: cannot find symbol
    public void b(aq.f attacker, int damage) {
                    ^
  symbol:   class f
  location: class aq
recovered-src-obf/ap/t.java:1161: error: cannot find symbol
    public boolean d(aq.f cha) {
                       ^
  symbol:   class f
  location: class aq
recovered-src-obf/ap/t.java:1170: error: cannot find symbol
    public aq.f M() {
             ^
  symbol:   class f
  location: class aq
recovered-src-obf/ap/t.java:1174: error: cannot find symbol
    public void e(aq.f master) {
                    ^
  symbol:   class f
  location: class aq
recovered-src-obf/ap/t.java:1198: error: cannot find symbol
    public void a(au.f inventory) {
                    ^
  symbol:   class f
  location: class au
recovered-src-obf/ap/t.java:122: error: reference to a is ambiguous
        this.a(true);
            ^
  both method a(f) in t and method a(f) in t match
recovered-src-obf/ap/t.java:137: error: cannot find symbol
                au.e groundInventory = aq.a().a(this.j.fs(), this.j.ft(), this.j.fp());
                  ^
  symbol:   class e
  location: class au
recovered-src-obf/ap/t.java:157: error: method does not override or implement a method from a supertype
    @Override
    ^
recovered-src-obf/ap/t.java:159: error: reference to a is ambiguous
        this.a(pc, 0);
            ^
  both method a(u,int) in t and method a(f,int) in t match
recovered-src-obf/ap/t.java:162: error: method does not override or implement a method from a supertype
    @Override
    ^
recovered-src-obf/ap/t.java:164: error: cannot find symbol
        aq.c attack = new aq.c(pc, this, skillId);
          ^
  symbol:   class c
  location: class aq
recovered-src-obf/ap/t.java:164: error: cannot find symbol
        aq.c attack = new aq.c(pc, this, skillId);
                            ^
  symbol:   class c
  location: class aq
recovered-src-obf/ap/t.java:167: error: cannot find symbol
            attack.a((aq.f)pc, (aq.f)this);
                        ^
  symbol:   class f
  location: class aq
recovered-src-obf/ap/t.java:167: error: cannot find symbol
            attack.a((aq.f)pc, (aq.f)this);
                                  ^
  symbol:   class f
  location: class aq
recovered-src-obf/ap/t.java:177: error: cannot find symbol
        if (this.m == null || this.m.fp() != this.fp() || this.m.ea() <= 0 || this.m.eX() || this.m.ff() && !this.V() && !this.n.a(this.m) || this.m.f(this) > 30) {
                                                 ^
  symbol: method fp()
recovered-src-obf/ap/t.java:187: error: cannot find symbol
        if (cha != null && cha.fr() != this.fr()) {
                                           ^
  symbol: method fr()
recovered-src-obf/ap/t.java:189: error: cannot find symbol
                hate += this.ew() / 10;
                            ^
  symbol: method ew()
recovered-src-obf/ap/t.java:203: error: incompatible types: aa cannot be converted to t
            if (!(obj instanceof t)) continue;
                  ^
recovered-src-obf/ap/t.java:204: error: incompatible types: aa cannot be converted to t
            t npc = (t)obj;
                       ^
recovered-src-obf/ap/t.java:206: error: cannot find symbol
                npc.a((aq.f)tpc);
                         ^
  symbol:   class f
  location: class aq
recovered-src-obf/ap/t.java:209: error: cannot find symbol
            npc.a((aq.f)tpc);
                     ^
  symbol:   class f
  location: class aq
recovered-src-obf/ap/t.java:217: error: cannot find symbol
        aq.f target = this.m;
          ^
  symbol:   class f
  location: class aq
recovered-src-obf/ap/t.java:221: error: cannot find symbol
                int n2 = escapeDistance = this.bB(40) ? 1 : 15;

===== ap/u.java [CFR] EXIT=1 =====
warning: [options] bootstrap class path not set in conjunction with -source 8
recovered-src-obf/ap/u.java:53: error: <identifier> expected
import be.do;
          ^
recovered-src-obf/ap/u.java:298: error: <identifier> expected
    private int do = 0;
               ^
recovered-src-obf/ap/u.java:1671: error: <identifier> expected
        this.a(new do(this));
                  ^
recovered-src-obf/ap/u.java:1671: error: '(' or '[' expected
        this.a(new do(this));
                   ^
recovered-src-obf/ap/u.java:1671: error: not a statement
        this.a(new do(this));
                     ^
recovered-src-obf/ap/u.java:1671: error: ';' expected
        this.a(new do(this));
                           ^
recovered-src-obf/ap/u.java:1714: error: <identifier> expected
            this.a(new do(this));
                      ^
recovered-src-obf/ap/u.java:1714: error: '(' or '[' expected
            this.a(new do(this));
                       ^
recovered-src-obf/ap/u.java:1714: error: not a statement
            this.a(new do(this));
                         ^
recovered-src-obf/ap/u.java:1714: error: ';' expected
            this.a(new do(this));
                               ^
recovered-src-obf/ap/u.java:1917: error: <identifier> expected
        this.do += i2;
             ^
recovered-src-obf/ap/u.java:1917: error: not a statement
        this.do += i2;
            ^
recovered-src-obf/ap/u.java:1917: error: illegal start of expression
        this.do += i2;
                ^
recovered-src-obf/ap/u.java:1917: error: while expected
        this.do += i2;
                      ^
recovered-src-obf/ap/u.java:1918: error: illegal start of expression
    }
    ^
recovered-src-obf/ap/u.java:2988: error: <identifier> expected
    public int do() {
              ^
recovered-src-obf/ap/u.java:3117: error: <identifier> expected
        return this.do;
                    ^
recovered-src-obf/ap/u.java:3117: error: while expected
        return this.do;
                       ^
recovered-src-obf/ap/u.java:3118: error: illegal start of expression
    }
    ^
19 errors
1 warning

===== ap/v.java [CFR] EXIT=1 =====
warning: [options] bootstrap class path not set in conjunction with -source 8
recovered-src-obf/ap/v.java:188: error: cannot find symbol
    public void b(aq.f attacker, int damage) {
                    ^
  symbol:   class f
  location: class aq
recovered-src-obf/ap/v.java:383: error: cannot find symbol
    public void f(aq.f target) {
                    ^
  symbol:   class f
  location: class aq
recovered-src-obf/ap/v.java:392: error: cannot find symbol
    public void g(aq.f target) {
                    ^
  symbol:   class f
  location: class aq
recovered-src-obf/ap/v.java:188: error: b(f,int) in v cannot override b(t,int) in t
    public void b(aq.f attacker, int damage) {
                ^
  overridden method is static
recovered-src-obf/ap/v.java:383: error: f(f) in v cannot override f(aa) in aa
    public void f(aq.f target) {
                ^
  return type void is not compatible with int
recovered-src-obf/ap/v.java:392: error: g(f) in v cannot override g(aa) in aa
    public void g(aq.f target) {
                ^
  return type void is not compatible with int
recovered-src-obf/ap/v.java:415: error: cannot find symbol
        aq.f cha = this.M();
          ^
  symbol:   class f
  location: class aq
recovered-src-obf/ap/v.java:597: error: name clash: class v has two methods with the same erasure, yet neither overrides the other
    public void f(int expPercent) {
                ^
  first method:  f(f) in v
  second method: f(boolean) in t
8 errors
1 warning

===== ap/z.java [CFR] EXIT=1 =====
warning: [options] bootstrap class path not set in conjunction with -source 8
recovered-src-obf/ap/z.java:88: error: cannot find symbol
    public z(l template, aq.f master) {
                           ^
  symbol:   class f
  location: class aq
recovered-src-obf/ap/z.java:108: error: cannot find symbol
    public z(s target, aq.f master, boolean isCreateZombie) {
                         ^
  symbol:   class f
  location: class aq
recovered-src-obf/ap/z.java:167: error: cannot find symbol
    public void b(aq.f attacker, int damage) {
                    ^
  symbol:   class f
  location: class aq
recovered-src-obf/ap/z.java:302: error: cannot find symbol
    public void f(aq.f target) {
                    ^
  symbol:   class f
  location: class aq
recovered-src-obf/ap/z.java:311: error: cannot find symbol
    public void g(aq.f target) {
                    ^
  symbol:   class f
  location: class aq
recovered-src-obf/ap/z.java:167: error: b(f,int) in z cannot override b(t,int) in t
    public void b(aq.f attacker, int damage) {
                ^
  overridden method is static
recovered-src-obf/ap/z.java:302: error: f(f) in z cannot override f(aa) in aa
    public void f(aq.f target) {
                ^
  return type void is not compatible with int
recovered-src-obf/ap/z.java:311: error: g(f) in z cannot override g(aa) in aa
    public void g(aq.f target) {
                ^
  return type void is not compatible with int
recovered-src-obf/ap/z.java:328: error: cannot find symbol
        aq.f cha = this.M();
          ^
  symbol:   class f
  location: class aq
9 errors
1 warning

===== aq/aa.java [CFR] EXIT=1 =====
warning: [options] bootstrap class path not set in conjunction with -source 8
recovered-src-obf/aq/aa.java:85: error: cannot find symbol
    public void b(ap.u perceivedFrom) {
                    ^
  symbol:   class u
  location: class ap
recovered-src-obf/aq/aa.java:88: error: cannot find symbol
    public void c(ap.u actionFrom) {
                    ^
  symbol:   class u
  location: class ap
recovered-src-obf/aq/aa.java:91: error: cannot find symbol
    public void a(ap.u talkFrom) {
                    ^
  symbol:   class u
  location: class ap
recovered-src-obf/aq/aa.java:94: error: cannot find symbol
    public void a(ap.u attacker, int skillId) {
                    ^
  symbol:   class u
  location: class ap
recovered-src-obf/aq/aa.java:26: error: name clash: class aa has two methods with the same erasure, yet neither overrides the other
    public void a(b map) {
                ^
  first method:  a(u) in aa
  second method: a(u) in aa
5 errors
1 warning

===== aq/ad.java [CFR] EXIT=1 =====
warning: [options] bootstrap class path not set in conjunction with -source 8
recovered-src-obf/aq/ad.java:79: error: cannot find symbol
                        a.log(Level.SEVERE, e2.getLocalizedMessage(), e2);
                         ^
  symbol:   method log(Level,String,Exception)
  location: variable a of type u
1 error
1 warning

===== aq/ae.java [CFR] EXIT=1 =====
warning: [options] bootstrap class path not set in conjunction with -source 8
recovered-src-obf/aq/ae.java:176: error: cannot find symbol
        } else if (cha instanceof ap.s) {
                                    ^
  symbol:   class s
  location: class ap
recovered-src-obf/aq/ae.java:177: error: cannot find symbol
            ap.s mob = (ap.s)cha;
              ^
  symbol:   class s
  location: class ap
recovered-src-obf/aq/ae.java:177: error: cannot find symbol
            ap.s mob = (ap.s)cha;
                          ^
  symbol:   class s
  location: class ap
recovered-src-obf/aq/ae.java:183: error: cannot find symbol
                if (am.c.a().b(polyId, 21)) {
                      ^
  symbol:   variable c
  location: class am
recovered-src-obf/aq/ae.java:187: error: cannot find symbol
                } else if (am.c.a().b(polyId, 25)) {
                             ^
  symbol:   variable c
  location: class am
recovered-src-obf/aq/ae.java:191: error: cannot find symbol
                } else if (am.c.a().b(polyId, 17)) {
                             ^
  symbol:   variable c
  location: class am
recovered-src-obf/aq/ae.java:195: error: cannot find symbol
                } else if (am.c.a().b(polyId, 5)) {
                             ^
  symbol:   variable c
  location: class am
recovered-src-obf/aq/ae.java:205: error: cannot find symbol
                mob.m(am.c.a().a(polyId, mob.eY()));
                        ^
  symbol:   variable c
  location: class am
recovered-src-obf/aq/ae.java:206: error: cannot find symbol
                mob.n(am.c.a().a(polyId, mob.eY() + 1));
                        ^
  symbol:   variable c
  location: class am
recovered-src-obf/aq/ae.java:263: error: cannot find symbol
        } else if (cha instanceof ap.s) {
                                    ^
  symbol:   class s
  location: class ap
recovered-src-obf/aq/ae.java:264: error: cannot find symbol
            ap.s mob = (ap.s)cha;
              ^
  symbol:   class s
  location: class ap
recovered-src-obf/aq/ae.java:264: error: cannot find symbol
            ap.s mob = (ap.s)cha;
                          ^
  symbol:   class s
  location: class ap
recovered-src-obf/aq/ae.java:267: error: cannot find symbol
            mob.cq(am.c.a().a(mob));
                     ^
  symbol:   variable c
  location: class am
recovered-src-obf/aq/ae.java:270: error: cannot find symbol
            mob.m(am.c.a().a(gfxId, mob.eY()));
                    ^
  symbol:   variable c
  location: class am
recovered-src-obf/aq/ae.java:271: error: cannot find symbol
            mob.n(am.c.a().a(gfxId, mob.eY() + 1));
                    ^
  symbol:   variable c
  location: class am
Note: recovered-src-obf/aq/ae.java uses unchecked or unsafe operations.
Note: Recompile with -Xlint:unchecked for details.
15 errors
1 warning

===== aq/ag.java [CFR] EXIT=1 =====
warning: [options] bootstrap class path not set in conjunction with -source 8
recovered-src-obf/aq/ag.java:111: error: cannot find symbol
            npc.cF(ai.d.a().c());
                     ^
  symbol:   variable d
  location: class ai
recovered-src-obf/aq/ag.java:180: error: cannot find symbol
            for (ap.u pc : aq.a().c()) {
                   ^
  symbol:   class u
  location: class ap
recovered-src-obf/aq/ag.java:185: error: cannot find symbol
            for (ap.u pc : aq.a().c()) {
                   ^
  symbol:   class u
  location: class ap
Note: recovered-src-obf/aq/ag.java uses unchecked or unsafe operations.
Note: Recompile with -Xlint:unchecked for details.
3 errors
1 warning

===== aq/ai.java [CFR] EXIT=1 =====
warning: [options] bootstrap class path not set in conjunction with -source 8
recovered-src-obf/aq/ai.java:40: error: cannot find symbol
        effect.cF(ai.d.a().c());
                    ^
  symbol:   variable d
  location: class ai
1 error
1 warning

===== aq/ak.java [CFR] EXIT=1 =====
warning: [options] bootstrap class path not set in conjunction with -source 8
recovered-src-obf/aq/ak.java:31: error: cannot find symbol
        a[] aArray = aq.ak$a.values();
                       ^
  symbol:   variable ak$a
  location: class aq
recovered-src-obf/aq/ak.java:79: error: cannot find symbol
                interval = am.c.a().a(this.f.fe(), this.f.k() + 1);
                             ^
  symbol:   variable c
  location: class am
recovered-src-obf/aq/ak.java:81: error: cannot find symbol
                    interval = am.c.a().a(this.f.fe(), 1);
                                 ^
  symbol:   variable c
  location: class am
recovered-src-obf/aq/ak.java:100: error: cannot find symbol
                interval = am.c.a().a(this.f.fe(), this.f.k());
                             ^
  symbol:   variable c
  location: class am
recovered-src-obf/aq/ak.java:102: error: cannot find symbol
                    interval = am.c.a().a(this.f.fe(), 0);
                                 ^
  symbol:   variable c
  location: class am
recovered-src-obf/aq/ak.java:108: error: cannot find symbol
                interval = am.c.a().a(this.f.fe(), 18);
                             ^
  symbol:   variable c
  location: class am
recovered-src-obf/aq/ak.java:113: error: cannot find symbol
                interval = am.c.a().a(this.f.fe(), 19);
                             ^
  symbol:   variable c
  location: class am
recovered-src-obf/aq/ak.java:147: error: cannot find symbol
                if (type.equals((Object)aq.ak$a.a)) {
                                          ^
  symbol:   variable ak$a
  location: class aq
recovered-src-obf/aq/ak.java:155: error: cannot find symbol
                if (!type.equals((Object)aq.ak$a.a)) break;
                                           ^
  symbol:   variable ak$a
  location: class aq
recovered-src-obf/aq/ak.java:166: error: cannot find symbol
        if (this.f.M() && !type.equals((Object)aq.ak$a.a)) {
                                                 ^
  symbol:   variable ak$a
  location: class aq
recovered-src-obf/aq/ak.java:179: error: cannot find symbol
        int[] nArray = new int[aq.ak$a.values().length];
                                 ^
  symbol:   variable ak$a
  location: class aq
recovered-src-obf/aq/ak.java:181: error: cannot find symbol
            nArray[aq.ak$a.b.ordinal()] = 2;
                     ^
  symbol:   variable ak$a
  location: class aq
recovered-src-obf/aq/ak.java:185: error: cannot find symbol
            nArray[aq.ak$a.a.ordinal()] = 1;
                     ^
  symbol:   variable ak$a
  location: class aq
recovered-src-obf/aq/ak.java:189: error: cannot find symbol
            nArray[aq.ak$a.c.ordinal()] = 3;
                     ^
  symbol:   variable ak$a
  location: class aq
recovered-src-obf/aq/ak.java:193: error: cannot find symbol
            nArray[aq.ak$a.d.ordinal()] = 4;
                     ^
  symbol:   variable ak$a
  location: class aq
Note: recovered-src-obf/aq/ak.java uses unchecked or unsafe operations.
Note: Recompile with -Xlint:unchecked for details.
15 errors
1 warning

===== aq/am.java [CFR] EXIT=1 =====
warning: [options] bootstrap class path not set in conjunction with -source 8
recovered-src-obf/aq/am.java:35: error: cannot find symbol
    public static void a(ap.u pc, int x2, int y2, int mapid, int head, boolean effectable) {
                           ^
  symbol:   class u
  location: class ap
recovered-src-obf/aq/am.java:39: error: cannot find symbol
    public static void a(ap.u pc, int x2, int y2, int mapId, int head, boolean effectable, boolean sendPBPacket) {
                           ^
  symbol:   class u
  location: class ap
recovered-src-obf/aq/am.java:63: error: cannot find symbol
    public static void a(ap.u pc) {
                           ^
  symbol:   class u
  location: class ap
recovered-src-obf/aq/am.java:192: error: cannot find symbol
    public static void a(ap.u pc, int range) {
                           ^
  symbol:   class u
  location: class ap
recovered-src-obf/aq/am.java:104: error: cannot find symbol
        HashSet<ap.u> subjects = new HashSet<ap.u>();
                  ^
  symbol:   class u
  location: class ap
recovered-src-obf/aq/am.java:104: error: cannot find symbol
        HashSet<ap.u> subjects = new HashSet<ap.u>();
                                               ^
  symbol:   class u
  location: class ap
recovered-src-obf/aq/am.java:110: error: cannot find symbol
            for (ap.u visiblePc : aq.a().f(pc)) {
                   ^
  symbol:   class u
  location: class ap
recovered-src-obf/aq/am.java:129: error: cannot find symbol
                    for (ap.u visiblePc : aq.a().f(petNpc)) {
                           ^
  symbol:   class u
  location: class ap
recovered-src-obf/aq/am.java:141: error: cannot find symbol
                for (ap.u visiblePc : aq.a().f(doll)) {
                       ^
  symbol:   class u
  location: class ap
recovered-src-obf/aq/am.java:147: error: cannot find symbol
        for (ap.u updatePc : subjects) {
               ^
  symbol:   class u
  location: class ap
recovered-src-obf/aq/am.java:184: error: cannot find symbol
            if (cha instanceof ap.u) {
                                 ^
  symbol:   class u
  location: class ap
recovered-src-obf/aq/am.java:185: error: cannot find symbol
                am.a((ap.u)cha, locX, locY, mapId, cha.fb(), true);
                        ^
  symbol:   class u
  location: class ap
12 errors
1 warning

===== aq/ap.java [CFR] EXIT=1 =====
warning: [options] bootstrap class path not set in conjunction with -source 8
recovered-src-obf/aq/ap.java:48: error: cannot find symbol
            this.h = ao.g.a().a(this.i).d();
                       ^
  symbol:   variable g
  location: class ao
recovered-src-obf/aq/ap.java:130: error: e has private access in aq
                if (!(obj instanceof r) || !aq.e.a(this.i, keeper = (r)obj)) continue;
                                              ^
recovered-src-obf/aq/ap.java:130: error: cannot find symbol
                if (!(obj instanceof r) || !aq.e.a(this.i, keeper = (r)obj)) continue;
                                                ^
  symbol:   method a(int,r)
  location: variable e of type ConcurrentHashMap<Integer,z>
Note: recovered-src-obf/aq/ap.java uses unchecked or unsafe operations.
Note: Recompile with -Xlint:unchecked for details.
3 errors
1 warning

===== aq/aq.java [CFR] EXIT=1 =====
warning: [options] bootstrap class path not set in conjunction with -source 8
recovered-src-obf/aq/aq.java:26: error: cannot find symbol
    private final ConcurrentHashMap<String, ap.u> c;
                                              ^
  symbol:   class u
  location: class ap
recovered-src-obf/aq/aq.java:29: error: cannot find symbol
    private final ConcurrentHashMap<Integer, ap.h> f;
                                               ^
  symbol:   class h
  location: class ap
recovered-src-obf/aq/aq.java:40: error: cannot find symbol
    private Collection<ap.u> p;
                         ^
  symbol:   class u
  location: class ap
recovered-src-obf/aq/aq.java:257: error: cannot find symbol
    public List<ap.u> f(aa object) {
                  ^
  symbol:   class u
  location: class ap
recovered-src-obf/aq/aq.java:261: error: cannot find symbol
    public List<ap.u> c(aa object, int radius) {
                  ^
  symbol:   class u
  location: class ap
recovered-src-obf/aq/aq.java:283: error: cannot find symbol
    public List<ap.u> b(aa object, aa target) {
                  ^
  symbol:   class u
  location: class ap
recovered-src-obf/aq/aq.java:295: error: cannot find symbol
    public Collection<ap.u> c() {
                        ^
  symbol:   class u
  location: class ap
recovered-src-obf/aq/aq.java:300: error: cannot find symbol
    public ap.u a(String name) {
             ^
  symbol:   class u
  location: class ap
recovered-src-obf/aq/aq.java:311: error: cannot find symbol
    public Map<Integer, ap.h> d() {
                          ^
  symbol:   class h
  location: class ap
recovered-src-obf/aq/aq.java:73: error: cannot find symbol
        if (object instanceof ap.u) {
                                ^
  symbol:   class u
  location: class ap
recovered-src-obf/aq/aq.java:74: error: cannot find symbol
            this.c.put(((ap.u)object).et(), (ap.u)object);
                                               ^
  symbol:   class u
  location: class ap
recovered-src-obf/aq/aq.java:74: error: cannot find symbol
            this.c.put(((ap.u)object).et(), (ap.u)object);
                           ^
  symbol:   class u
  location: class ap
recovered-src-obf/aq/aq.java:82: error: cannot find symbol
        if (object instanceof ap.h) {
                                ^
  symbol:   class h
  location: class ap
recovered-src-obf/aq/aq.java:83: error: cannot find symbol
            this.f.put(object.fr(), (ap.h)object);
                                       ^
  symbol:   class h
  location: class ap
recovered-src-obf/aq/aq.java:92: error: cannot find symbol
        if (object instanceof ap.u) {
                                ^
  symbol:   class u
  location: class ap
recovered-src-obf/aq/aq.java:93: error: cannot find symbol
            this.c.remove(((ap.u)object).et());
                              ^
  symbol:   class u
  location: class ap
recovered-src-obf/aq/aq.java:101: error: cannot find symbol
        if (object instanceof ap.h) {
                                ^
  symbol:   class h
  location: class ap
recovered-src-obf/aq/aq.java:264: error: cannot find symbol
        ArrayList<ap.u> result = new ArrayList<ap.u>();
                    ^
  symbol:   class u
  location: class ap
recovered-src-obf/aq/aq.java:264: error: cannot find symbol
        ArrayList<ap.u> result = new ArrayList<ap.u>();
                                                 ^
  symbol:   class u
  location: class ap
recovered-src-obf/aq/aq.java:265: error: cannot find symbol
        for (ap.u element : this.c()) {
               ^
  symbol:   class u
  location: class ap
recovered-src-obf/aq/aq.java:287: error: cannot find symbol
        ArrayList<ap.u> result = new ArrayList<ap.u>();
                    ^
  symbol:   class u
  location: class ap
recovered-src-obf/aq/aq.java:287: error: cannot find symbol
        ArrayList<ap.u> result = new ArrayList<ap.u>();
                                                 ^
  symbol:   class u
  location: class ap
recovered-src-obf/aq/aq.java:288: error: cannot find symbol
        for (ap.u element : this.c()) {
               ^
  symbol:   class u
  location: class ap
recovered-src-obf/aq/aq.java:296: error: cannot find symbol
        Collection<ap.u> vs = this.p;
                     ^
  symbol:   class u
  location: class ap
recovered-src-obf/aq/aq.java:304: error: cannot find symbol
        for (ap.u each : this.c()) {
               ^
  symbol:   class u
  location: class ap
recovered-src-obf/aq/aq.java:391: error: cannot find symbol
        for (ap.u pc : this.c()) {
               ^
  symbol:   class u
  location: class ap
Note: recovered-src-obf/aq/aq.java uses unchecked or unsafe operations.
Note: Recompile with -Xlint:unchecked for details.
26 errors
1 warning

===== aq/b.java [CFR] EXIT=1 =====
warning: [options] bootstrap class path not set in conjunction with -source 8
recovered-src-obf/aq/b.java:66: error: cannot find symbol
        e.g.a Builder19 = e.g.aa();
                           ^
  symbol:   variable g
  location: variable e of type ArrayList<j>
recovered-src-obf/aq/b.java:77: error: cannot find symbol
        e.g.a Builder19 = e.g.aa();
                           ^
  symbol:   variable g
  location: variable e of type ArrayList<j>
recovered-src-obf/aq/b.java:88: error: cannot find symbol
        e.g.a Builder19 = e.g.aa();
                           ^
  symbol:   variable g
  location: variable e of type ArrayList<j>
recovered-src-obf/aq/b.java:103: error: incompatible types: ArrayList<j> cannot be converted to ArrayList<Object>
            list = this.b;
                       ^
recovered-src-obf/aq/b.java:105: error: incompatible types: ArrayList<j> cannot be converted to ArrayList<Object>
            list = this.c;
                       ^
recovered-src-obf/aq/b.java:107: error: incompatible types: ArrayList<j> cannot be converted to ArrayList<Object>
            list = this.d;
                       ^
recovered-src-obf/aq/b.java:109: error: incompatible types: ArrayList<j> cannot be converted to ArrayList<Object>
            list = this.e;
                       ^
recovered-src-obf/aq/b.java:111: error: incompatible types: ArrayList<j> cannot be converted to ArrayList<Object>
            list = this.f;
                       ^
recovered-src-obf/aq/b.java:113: error: cannot find symbol
        f.g.a Builder24 = f.g.aa();
                           ^
  symbol:   variable g
  location: variable f of type ArrayList<j>
recovered-src-obf/aq/b.java:117: error: cannot find symbol
            a.a.a Builder1 = a.a.aa();
                                ^
  symbol:   method aa()
  location: variable a of type b
recovered-src-obf/aq/b.java:129: error: cannot find symbol
            f.e.a Builder23 = f.e.aa();
                               ^
  symbol:   variable e
  location: variable f of type ArrayList<j>
recovered-src-obf/aq/b.java:141: error: cannot find symbol
            f.e.a Builder23 = f.e.aa();
                               ^
  symbol:   variable e
  location: variable f of type ArrayList<j>
recovered-src-obf/aq/b.java:149: error: cannot find symbol
        f.e.a Builder23 = f.e.aa();
                           ^
  symbol:   variable e
  location: variable f of type ArrayList<j>
recovered-src-obf/aq/b.java:165: error: incompatible types: ArrayList<j> cannot be converted to ArrayList<Object>
            list = this.b;
                       ^
recovered-src-obf/aq/b.java:167: error: incompatible types: ArrayList<j> cannot be converted to ArrayList<Object>
            list = this.c;
                       ^
recovered-src-obf/aq/b.java:169: error: incompatible types: ArrayList<j> cannot be converted to ArrayList<Object>
            list = this.d;
                       ^
recovered-src-obf/aq/b.java:171: error: incompatible types: ArrayList<j> cannot be converted to ArrayList<Object>
            list = this.e;
                       ^
recovered-src-obf/aq/b.java:173: error: incompatible types: ArrayList<j> cannot be converted to ArrayList<Object>
            list = this.f;
                       ^
recovered-src-obf/aq/b.java:175: error: cannot find symbol
        c.a.a Builder10 = c.a.aa();
                           ^
  symbol:   variable a
  location: variable c of type ArrayList<j>
recovered-src-obf/aq/b.java:177: error: incompatible types: Object cannot be converted to j
        for (j j2 : list) {
                    ^
recovered-src-obf/aq/b.java:178: error: cannot find symbol
            a.a.a Builder1 = a.a.aa();
                                ^
  symbol:   method aa()
  location: variable a of type b
recovered-src-obf/aq/b.java:189: error: incompatible types: ArrayList<j> cannot be converted to ArrayList<Object>
            list = this.b;
                       ^
recovered-src-obf/aq/b.java:191: error: incompatible types: ArrayList<j> cannot be converted to ArrayList<Object>
            list = this.c;
                       ^
recovered-src-obf/aq/b.java:193: error: incompatible types: ArrayList<j> cannot be converted to ArrayList<Object>
            list = this.d;
                       ^
recovered-src-obf/aq/b.java:195: error: incompatible types: ArrayList<j> cannot be converted to ArrayList<Object>
            list = this.e;
                       ^
recovered-src-obf/aq/b.java:197: error: incompatible types: ArrayList<j> cannot be converted to ArrayList<Object>
            list = this.f;
                       ^
recovered-src-obf/aq/b.java:199: error: cannot find symbol
        c.a.a Builder10 = c.a.aa();
                           ^
  symbol:   variable a
  location: variable c of type ArrayList<j>
recovered-src-obf/aq/b.java:201: error: incompatible types: Object cannot be converted to j
        for (j j2 : list) {
                    ^
recovered-src-obf/aq/b.java:202: error: cannot find symbol
            a.a.a Builder1 = a.a.aa();
                                ^
  symbol:   method aa()
  location: variable a of type b
recovered-src-obf/aq/b.java:232: error: incompatible types: bad type in conditional expression
                    list = isBigSuccess ? this.d : this.c;
                                              ^
    ArrayList<j> cannot be converted to ArrayList<Object>
recovered-src-obf/aq/b.java:232: error: incompatible types: bad type in conditional expression
                    list = isBigSuccess ? this.d : this.c;
                                                       ^
    ArrayList<j> cannot be converted to ArrayList<Object>
recovered-src-obf/aq/b.java:234: error: incompatible types: bad type in conditional expression
                    list = isBigSuccess ? this.e : this.d;
                                              ^
    ArrayList<j> cannot be converted to ArrayList<Object>
recovered-src-obf/aq/b.java:234: error: incompatible types: bad type in conditional expression
                    list = isBigSuccess ? this.e : this.d;
                                                       ^
    ArrayList<j> cannot be converted to ArrayList<Object>
recovered-src-obf/aq/b.java:236: error: incompatible types: bad type in conditional expression
                    list = isBigSuccess ? this.f : this.e;
                                              ^
    ArrayList<j> cannot be converted to ArrayList<Object>
recovered-src-obf/aq/b.java:236: error: incompatible types: bad type in conditional expression
                    list = isBigSuccess ? this.f : this.e;
                                                       ^
    ArrayList<j> cannot be converted to ArrayList<Object>
recovered-src-obf/aq/b.java:238: error: incompatible types: ArrayList<j> cannot be converted to ArrayList<Object>
                    list = this.f;
                               ^
recovered-src-obf/aq/b.java:255: error: incompatible types: ArrayList<j> cannot be converted to ArrayList<Object>
                    list = this.b;
                               ^
recovered-src-obf/aq/b.java:257: error: incompatible types: ArrayList<j> cannot be converted to ArrayList<Object>
                    list = this.c;
                               ^
recovered-src-obf/aq/b.java:259: error: incompatible types: ArrayList<j> cannot be converted to ArrayList<Object>
                    list = this.d;
                               ^
recovered-src-obf/aq/b.java:261: error: incompatible types: ArrayList<j> cannot be converted to ArrayList<Object>
                    list = this.e;
                               ^
recovered-src-obf/aq/b.java:263: error: incompatible types: ArrayList<j> cannot be converted to ArrayList<Object>
                    list = this.f;
                               ^
Note: recovered-src-obf/aq/b.java uses unchecked or unsafe operations.
Note: Recompile with -Xlint:unchecked for details.
41 errors
1 warning

===== aq/c.java [CFR] EXIT=1 =====
warning: [options] bootstrap class path not set in conjunction with -source 8
recovered-src-obf/aq/c.java:512: error: <identifier> expected
        if (this.d.do() > 0 && bi.i.a(100) < this.d.do()) {
                   ^
recovered-src-obf/aq/c.java:512: error: -> expected
        if (this.d.do() > 0 && bi.i.a(100) < this.d.do()) {
                       ^
recovered-src-obf/aq/c.java:512: error: illegal start of expression
        if (this.d.do() > 0 && bi.i.a(100) < this.d.do()) {
                        ^
recovered-src-obf/aq/c.java:512: error: <identifier> expected
        if (this.d.do() > 0 && bi.i.a(100) < this.d.do()) {
                                                    ^
recovered-src-obf/aq/c.java:512: error: not a statement
        if (this.d.do() > 0 && bi.i.a(100) < this.d.do()) {
                     ^
recovered-src-obf/aq/c.java:512: error: -> expected
        if (this.d.do() > 0 && bi.i.a(100) < this.d.do()) {
                                                        ^
recovered-src-obf/aq/c.java:512: error: not a statement
        if (this.d.do() > 0 && bi.i.a(100) < this.d.do()) {
                                                      ^
recovered-src-obf/aq/c.java:512: error: ';' expected
        if (this.d.do() > 0 && bi.i.a(100) < this.d.do()) {
                                                         ^
recovered-src-obf/aq/c.java:815: error: <identifier> expected
        if (this.d.do() > 0 && bi.i.a(100) < this.d.do()) {
                   ^
recovered-src-obf/aq/c.java:815: error: -> expected
        if (this.d.do() > 0 && bi.i.a(100) < this.d.do()) {
                       ^
recovered-src-obf/aq/c.java:815: error: illegal start of expression
        if (this.d.do() > 0 && bi.i.a(100) < this.d.do()) {
                        ^
recovered-src-obf/aq/c.java:815: error: <identifier> expected
        if (this.d.do() > 0 && bi.i.a(100) < this.d.do()) {
                                                    ^
recovered-src-obf/aq/c.java:815: error: not a statement
        if (this.d.do() > 0 && bi.i.a(100) < this.d.do()) {
                     ^
recovered-src-obf/aq/c.java:815: error: -> expected
        if (this.d.do() > 0 && bi.i.a(100) < this.d.do()) {
                                                        ^
recovered-src-obf/aq/c.java:815: error: not a statement
        if (this.d.do() > 0 && bi.i.a(100) < this.d.do()) {
                                                      ^
recovered-src-obf/aq/c.java:815: error: ';' expected
        if (this.d.do() > 0 && bi.i.a(100) < this.d.do()) {
                                                         ^
16 errors
1 warning

===== aq/e.java [CFR] EXIT=1 =====
warning: [options] bootstrap class path not set in conjunction with -source 8
recovered-src-obf/aq/e.java:157: error: int cannot be dereferenced
        return aq.e.b(new u(locx, locy, i2));
                 ^
recovered-src-obf/aq/e.java:165: error: incompatible types: Entry<Integer,Integer> cannot be converted to Entry<Integer,Object>
        for (Map.Entry<Integer, Object> entry : aK.entrySet()) {
                                                           ^
recovered-src-obf/aq/e.java:173: error: int cannot be dereferenced
        return aq.e.c(cha.fu());
                 ^
recovered-src-obf/aq/e.java:177: error: int cannot be dereferenced
        return castleId == aq.e.c(loc);
                             ^
recovered-src-obf/aq/e.java:181: error: int cannot be dereferenced
        return aq.e.a(castleId, cha.fu());
                 ^
recovered-src-obf/aq/e.java:185: error: int cannot be dereferenced
        return aq.e.c(loc) != 0;
                 ^
recovered-src-obf/aq/e.java:189: error: int cannot be dereferenced
        return aq.e.a(new u(locx, locy, mapid));
                 ^
recovered-src-obf/aq/e.java:328: error: int cannot be dereferenced
            loc = aq.an.a(6);
                    ^
recovered-src-obf/aq/e.java:330: error: int cannot be dereferenced
            loc = aq.an.a(4);
                    ^
recovered-src-obf/aq/e.java:332: error: int cannot be dereferenced
            loc = aq.an.a(5);
                    ^
recovered-src-obf/aq/e.java:334: error: int cannot be dereferenced
            loc = aq.an.a(7);
                    ^
recovered-src-obf/aq/e.java:336: error: int cannot be dereferenced
            loc = aq.an.a(8);
                    ^
recovered-src-obf/aq/e.java:338: error: int cannot be dereferenced
            loc = aq.an.a(9);
                    ^
recovered-src-obf/aq/e.java:340: error: int cannot be dereferenced
            loc = aq.an.a(12);
                    ^
recovered-src-obf/aq/e.java:358: error: int cannot be dereferenced
            loc = aq.an.a(2);
                    ^
recovered-src-obf/aq/e.java:365: error: int cannot be dereferenced
        int town_id = aq.an.a((f)npc);
                        ^
recovered-src-obf/aq/e.java:411: error: int cannot be dereferenced
        int castleId = aq.e.a(npc);
                         ^
recovered-src-obf/aq/e.java:419: error: int cannot be dereferenced
        d[] dArray = ao.g.a().b();
                       ^
recovered-src-obf/aq/e.java:429: error: int cannot be dereferenced
            at.c.a().a(aN);
              ^
recovered-src-obf/aq/e.java:451: error: int cannot be dereferenced
            aq.e.a();
              ^
Note: recovered-src-obf/aq/e.java uses unchecked or unsafe operations.
Note: Recompile with -Xlint:unchecked for details.
20 errors
1 warning

===== aq/f.java [CFR] EXIT=1 =====
warning: [options] bootstrap class path not set in conjunction with -source 8
recovered-src-obf/aq/f.java:126: error: int cannot be dereferenced
        aq.ae.b(this);
          ^
recovered-src-obf/aq/f.java:127: error: int cannot be dereferenced
        for (u pc : aq.aq.a().f(this)) {
                      ^
recovered-src-obf/aq/f.java:195: error: int cannot be dereferenced
        for (u pc : aq.aq.a().f(this)) {
                      ^
recovered-src-obf/aq/f.java:202: error: int cannot be dereferenced
        for (u pc : aq.aq.a().b((aa)this, target)) {
                      ^
recovered-src-obf/aq/f.java:209: error: int cannot be dereferenced
        for (u pc : aq.aq.a().f(this)) {
                      ^
recovered-src-obf/aq/f.java:216: error: int cannot be dereferenced
        for (u pc : aq.aq.a().c(this, 50)) {
                      ^
Note: recovered-src-obf/aq/f.java uses unchecked or unsafe operations.
Note: Recompile with -Xlint:unchecked for details.
6 errors
1 warning

===== aq/g.java [CFR] EXIT=1 =====
warning: [options] bootstrap class path not set in conjunction with -source 8
recovered-src-obf/aq/g.java:56: error: cannot find symbol
            ao.aa.a().a(pc, chatType == 2 ? "\u5927\u53eb" : "\u4e00\u822c", chatText);
              ^
  symbol:   variable aa
  location: class ao
recovered-src-obf/aq/g.java:84: error: cannot find symbol
            ao.aa.a().a(pc, "\u5bc6\u8a9e\u7d66(" + whisperTo.et() + ")", chatText);
              ^
  symbol:   variable aa
  location: class ao
recovered-src-obf/aq/g.java:87: error: cannot find symbol
            ao.aa.a().a(pc, "\u5168\u9ad4", chatText);
              ^
  symbol:   variable aa
  location: class ao
recovered-src-obf/aq/g.java:97: error: cannot find symbol
            ao.aa.a().a(pc, "\u8840\u76df", chatText);
              ^
  symbol:   variable aa
  location: class ao
recovered-src-obf/aq/g.java:106: error: cannot find symbol
            ao.aa.a().a(pc, "\u7d44\u968a", chatText);
              ^
  symbol:   variable aa
  location: class ao
recovered-src-obf/aq/g.java:109: error: cannot find symbol
            ao.aa.a().a(pc, "\u8cb7\u8ce3", chatText);
              ^
  symbol:   variable aa
  location: class ao
recovered-src-obf/aq/g.java:123: error: cannot find symbol
            ao.aa.a().a(pc, "\u806f\u5408\u8840\u76df", chatText);
              ^
  symbol:   variable aa
  location: class ao
recovered-src-obf/aq/g.java:138: error: cannot find symbol
            ao.aa.a().a(pc, "\u804a\u5929\u7d44\u968a", chatText);
              ^
  symbol:   variable aa
  location: class ao
recovered-src-obf/aq/g.java:148: error: cannot find symbol
            ao.aa.a().a(pc, "\u540c\u76df", chatText);
              ^
  symbol:   variable aa
  location: class ao
recovered-src-obf/aq/g.java:159: error: cannot find symbol
            ao.aa.a().a(pc, "\u8840\u76df\u738b\u65cf\u516c\u544a", chatText);
              ^
  symbol:   variable aa
  location: class ao
10 errors
1 warning

===== aq/i.java [CFR] EXIT=1 =====
warning: [options] bootstrap class path not set in conjunction with -source 8
recovered-src-obf/aq/i.java:121: error: cannot find symbol
            if (ao.q.a().a(id) == null) continue;
                  ^
  symbol:   variable q
  location: class ao
Note: recovered-src-obf/aq/i.java uses unchecked or unsafe operations.
Note: Recompile with -Xlint:unchecked for details.
1 error
1 warning

===== aq/j.java [CFR] EXIT=1 =====
warning: [options] bootstrap class path not set in conjunction with -source 8
recovered-src-obf/aq/j.java:11: error: <identifier> expected
import be.do;
          ^
recovered-src-obf/aq/j.java:174: error: <identifier> expected
            pc.a(new do(pc));
                    ^
recovered-src-obf/aq/j.java:174: error: '(' or '[' expected
            pc.a(new do(pc));
                     ^
recovered-src-obf/aq/j.java:174: error: not a statement
            pc.a(new do(pc));
                       ^
recovered-src-obf/aq/j.java:174: error: ';' expected
            pc.a(new do(pc));
                           ^
recovered-src-obf/aq/j.java:313: error: <identifier> expected
        pc.a(new do(pc));
                ^
recovered-src-obf/aq/j.java:313: error: '(' or '[' expected
        pc.a(new do(pc));
                 ^
recovered-src-obf/aq/j.java:313: error: not a statement
        pc.a(new do(pc));
                   ^
recovered-src-obf/aq/j.java:313: error: ';' expected
        pc.a(new do(pc));
                       ^
9 errors
1 warning

===== aq/k.java [CFR] EXIT=1 =====
warning: [options] bootstrap class path not set in conjunction with -source 8
recovered-src-obf/aq/k.java:146: error: cannot find symbol
        c.c.a builder = c.c.aa();
                         ^
  symbol:   variable c
  location: variable c of type ArrayList<q>
recovered-src-obf/aq/k.java:156: error: int cannot be dereferenced
        return a.g.a(builder.M().g());
                ^
recovered-src-obf/aq/k.java:160: error: int cannot be dereferenced
        a.c.a builder2 = a.c.aa();
                          ^
recovered-src-obf/aq/k.java:164: error: int cannot be dereferenced
            a.a.a builder1 = a.a.aa();
                              ^
recovered-src-obf/aq/k.java:170: error: int cannot be dereferenced
        return a.g.a(builder2.M().g());
                ^
recovered-src-obf/aq/k.java:174: error: int cannot be dereferenced
        a.a.a builder = a.a.aa();
                         ^
recovered-src-obf/aq/k.java:190: error: int cannot be dereferenced
        return a.g.a(builder.M().g());
                ^
recovered-src-obf/aq/k.java:194: error: int cannot be dereferenced
        a.e.a builder = a.e.ae();
                         ^
recovered-src-obf/aq/k.java:206: error: int cannot be dereferenced
        builder.f(a.g.a(""));
                   ^
recovered-src-obf/aq/k.java:207: error: int cannot be dereferenced
        builder.g(a.g.a(_craft_item.t()));
                   ^
recovered-src-obf/aq/k.java:211: error: int cannot be dereferenced
        return a.g.a(builder.M().g());
                ^
recovered-src-obf/aq/k.java:215: error: cannot find symbol
        d.e.a builder = d.e.aa();
                         ^
  symbol:   variable e
  location: variable d of type HashMap<Integer,q>
recovered-src-obf/aq/k.java:220: error: int cannot be dereferenced
        return a.g.a(builder.M().g());
                ^
recovered-src-obf/aq/k.java:224: error: cannot find symbol
        c.e.a builder = c.e.aa();
                         ^
  symbol:   variable e
  location: variable c of type ArrayList<q>
recovered-src-obf/aq/k.java:232: error: int cannot be dereferenced
        return a.g.a(builder.M().g());
                ^
recovered-src-obf/aq/k.java:236: error: int cannot be dereferenced
        a.g.a builder = a.g.aa();
                         ^
recovered-src-obf/aq/k.java:240: error: int cannot be dereferenced
        return a.g.a(builder.M().g());
                ^
recovered-src-obf/aq/k.java:244: error: cannot find symbol
        d.i.a builder = d.i.aa();
                         ^
  symbol:   variable i
  location: variable d of type HashMap<Integer,q>
recovered-src-obf/aq/k.java:257: error: int cannot be dereferenced
        return a.g.a(builder.M().g());
                ^
recovered-src-obf/aq/k.java:261: error: int cannot be dereferenced
        a.c.a builder = a.c.aa();
                         ^
recovered-src-obf/aq/k.java:265: error: int cannot be dereferenced
        return a.g.a(builder.M().g());
                ^
recovered-src-obf/aq/k.java:269: error: int cannot be dereferenced
        a.g.a builder = a.g.aa();
                         ^
recovered-src-obf/aq/k.java:279: error: int cannot be dereferenced
        return a.g.a(builder.M().g());
                ^
recovered-src-obf/aq/k.java:283: error: int cannot be dereferenced
        a.e.a builder = a.e.ae();
                         ^
recovered-src-obf/aq/k.java:295: error: int cannot be dereferenced
        builder.f(a.g.a(""));
                   ^
recovered-src-obf/aq/k.java:296: error: int cannot be dereferenced
        builder.g(a.g.a(this.i.t()));
                   ^
recovered-src-obf/aq/k.java:297: error: int cannot be dereferenced
        return a.g.a(builder.M().g());
                ^
recovered-src-obf/aq/k.java:301: error: cannot find symbol
        f.i.a builder = f.i.aa();
                         ^
  symbol:   variable i
  location: variable f of type HashMap<Integer,q>
recovered-src-obf/aq/k.java:316: error: int cannot be dereferenced
        return a.g.a(builder.M().g());
                ^
recovered-src-obf/aq/k.java:320: error: cannot find symbol
        d.a.a builder = d.a.aa();
                         ^
  symbol:   variable a
  location: variable d of type HashMap<Integer,q>
recovered-src-obf/aq/k.java:322: error: int cannot be dereferenced
        return a.g.a(builder.M().g());
                ^
recovered-src-obf/aq/k.java:326: error: cannot find symbol
        d.a.a builder = d.a.aa();
                         ^
  symbol:   variable a
  location: variable d of type HashMap<Integer,q>
recovered-src-obf/aq/k.java:329: error: int cannot be dereferenced
        return a.g.a(builder.M().g());
                ^
Note: recovered-src-obf/aq/k.java uses unchecked or unsafe operations.
Note: Recompile with -Xlint:unchecked for details.
33 errors
1 warning

===== aq/l.java [CFR] EXIT=1 =====
warning: [options] bootstrap class path not set in conjunction with -source 8
recovered-src-obf/aq/l.java:104: error: cannot find symbol
    public boolean a(int locX, int locY, int mapId, ap.u pc) {
                                                      ^
  symbol:   class u
  location: class ap
recovered-src-obf/aq/l.java:54: error: cannot find symbol
                        b dungeonType = aq.l$b.a;
                                          ^
  symbol:   variable l$b
  location: class aq
recovered-src-obf/aq/l.java:56: error: cannot find symbol
                            dungeonType = aq.l$b.b;
                                            ^
  symbol:   variable l$b
  location: class aq
recovered-src-obf/aq/l.java:58: error: cannot find symbol
                            dungeonType = aq.l$b.c;
                                            ^
  symbol:   variable l$b
  location: class aq
recovered-src-obf/aq/l.java:60: error: cannot find symbol
                            dungeonType = aq.l$b.d;
                                            ^
  symbol:   variable l$b
  location: class aq
recovered-src-obf/aq/l.java:62: error: cannot find symbol
                            dungeonType = aq.l$b.e;
                                            ^
  symbol:   variable l$b
  location: class aq
recovered-src-obf/aq/l.java:64: error: cannot find symbol
                            dungeonType = aq.l$b.f;
                                            ^
  symbol:   variable l$b
  location: class aq
recovered-src-obf/aq/l.java:66: error: cannot find symbol
                            dungeonType = aq.l$b.g;
                                            ^
  symbol:   variable l$b
  location: class aq
recovered-src-obf/aq/l.java:68: error: cannot find symbol
                            dungeonType = aq.l$b.i;
                                            ^
  symbol:   variable l$b
  location: class aq
recovered-src-obf/aq/l.java:70: error: cannot find symbol
                            dungeonType = aq.l$b.h;
                                            ^
  symbol:   variable l$b
  location: class aq
recovered-src-obf/aq/l.java:96: error: cannot find symbol
        a newDungeon = new a(dist.f(), dist.g(), (short)dist.b(), 5, aq.l$b.a);
                                                                       ^
  symbol:   variable l$b
  location: class aq
recovered-src-obf/aq/l.java:116: error: cannot find symbol
        if (dungeonType == aq.l$b.a) {
                             ^
  symbol:   variable l$b
  location: class aq
recovered-src-obf/aq/l.java:118: error: cannot find symbol
        } else if (dungeonType == aq.l$b.i) {
                                    ^
  symbol:   variable l$b
  location: class aq
recovered-src-obf/aq/l.java:132: error: cannot find symbol
            if (dungeonType == aq.l$b.h) {
                                 ^
  symbol:   variable l$b
  location: class aq
recovered-src-obf/aq/l.java:135: error: cannot find symbol
            if (dungeonType == aq.l$b.f && pc.j().g(40299, 1) || dungeonType == aq.l$b.b && pc.j().g(40300, 1) || dungeonType == aq.l$b.d && pc.j().g(40302, 1)) {
                                 ^
  symbol:   variable l$b
  location: class aq
recovered-src-obf/aq/l.java:135: error: cannot find symbol
            if (dungeonType == aq.l$b.f && pc.j().g(40299, 1) || dungeonType == aq.l$b.b && pc.j().g(40300, 1) || dungeonType == aq.l$b.d && pc.j().g(40302, 1)) {
                                                                                  ^
  symbol:   variable l$b
  location: class aq
recovered-src-obf/aq/l.java:135: error: cannot find symbol
            if (dungeonType == aq.l$b.f && pc.j().g(40299, 1) || dungeonType == aq.l$b.b && pc.j().g(40300, 1) || dungeonType == aq.l$b.d && pc.j().g(40302, 1)) {
                                                                                                                                   ^
  symbol:   variable l$b
  location: class aq
recovered-src-obf/aq/l.java:140: error: cannot find symbol
            } else if ((dungeonType == aq.l$b.g && pc.j().g(40298, 1) || dungeonType == aq.l$b.c && pc.j().g(40308, 1000) || dungeonType == aq.l$b.e && pc.j().g(40303, 1)) && ((nowtime = at.c.a().b().c() % 86400) >= 0 && nowtime < 360 || nowtime >= 10800 && nowtime < 14400 || nowtime >= 21600 && nowtime < 25200 || nowtime >= 32400 && nowtime < 36000 || nowtime >= 43200 && nowtime < 46800 || nowtime >= 54000 && nowtime < 57600 || nowtime >= 64800 && nowtime < 68400 || nowtime >= 75600 && nowtime < 79200)) {
                                         ^
  symbol:   variable l$b
  location: class aq
recovered-src-obf/aq/l.java:140: error: cannot find symbol
            } else if ((dungeonType == aq.l$b.g && pc.j().g(40298, 1) || dungeonType == aq.l$b.c && pc.j().g(40308, 1000) || dungeonType == aq.l$b.e && pc.j().g(40303, 1)) && ((nowtime = at.c.a().b().c() % 86400) >= 0 && nowtime < 360 || nowtime >= 10800 && nowtime < 14400 || nowtime >= 21600 && nowtime < 25200 || nowtime >= 32400 && nowtime < 36000 || nowtime >= 43200 && nowtime < 46800 || nowtime >= 54000 && nowtime < 57600 || nowtime >= 64800 && nowtime < 68400 || nowtime >= 75600 && nowtime < 79200)) {
                                                                                          ^
  symbol:   variable l$b
  location: class aq
recovered-src-obf/aq/l.java:140: error: cannot find symbol
            } else if ((dungeonType == aq.l$b.g && pc.j().g(40298, 1) || dungeonType == aq.l$b.c && pc.j().g(40308, 1000) || dungeonType == aq.l$b.e && pc.j().g(40303, 1)) && ((nowtime = at.c.a().b().c() % 86400) >= 0 && nowtime < 360 || nowtime >= 10800 && nowtime < 14400 || nowtime >= 21600 && nowtime < 25200 || nowtime >= 32400 && nowtime < 36000 || nowtime >= 43200 && nowtime < 46800 || nowtime >= 54000 && nowtime < 57600 || nowtime >= 64800 && nowtime < 68400 || nowtime >= 75600 && nowtime < 79200)) {
                                                                                                                                              ^
  symbol:   variable l$b
  location: class aq
Note: recovered-src-obf/aq/l.java uses unchecked or unsafe operations.
Note: Recompile with -Xlint:unchecked for details.
20 errors
1 warning

===== aq/m.java [CFR] EXIT=1 =====
warning: [options] bootstrap class path not set in conjunction with -source 8
recovered-src-obf/aq/m.java:16: error: <identifier> expected
import be.do;
          ^
recovered-src-obf/aq/m.java:394: error: <identifier> expected
        this.a.a(new do(this.a));
                    ^
recovered-src-obf/aq/m.java:394: error: '(' or '[' expected
        this.a.a(new do(this.a));
                     ^
recovered-src-obf/aq/m.java:394: error: not a statement
        this.a.a(new do(this.a));
                       ^
recovered-src-obf/aq/m.java:394: error: ';' expected
        this.a.a(new do(this.a));
                               ^
recovered-src-obf/aq/m.java:459: error: <identifier> expected
        this.a.a(new do(this.a));
                    ^
recovered-src-obf/aq/m.java:459: error: '(' or '[' expected
        this.a.a(new do(this.a));
                     ^
recovered-src-obf/aq/m.java:459: error: not a statement
        this.a.a(new do(this.a));
                       ^
recovered-src-obf/aq/m.java:459: error: ';' expected
        this.a.a(new do(this.a));
                               ^
9 errors
1 warning

===== aq/o.java [CFR] EXIT=1 =====
warning: [options] bootstrap class path not set in conjunction with -source 8
recovered-src-obf/aq/o.java:107: error: incompatible types: Object cannot be converted to o
            for (o gb2 : getbackList) {
                         ^
recovered-src-obf/aq/o.java:119: error: o has private access in aq
            loc = aq.o.a(getback, nPosition);
                    ^
recovered-src-obf/aq/o.java:119: error: cannot find symbol
            loc = aq.o.a(getback, nPosition);
                      ^
  symbol:   method a(o,int)
  location: variable o of type Collection<aa>
Note: recovered-src-obf/aq/o.java uses unchecked or unsafe operations.
Note: Recompile with -Xlint:unchecked for details.
3 errors
1 warning

===== aq/p.java [CFR] EXIT=1 =====
warning: [options] bootstrap class path not set in conjunction with -source 8
recovered-src-obf/aq/p.java:17: error: <identifier> expected
import be.do;
          ^
recovered-src-obf/aq/p.java:155: error: <identifier> expected
                    pc.a(new do(pc));
                            ^
recovered-src-obf/aq/p.java:155: error: '(' or '[' expected
                    pc.a(new do(pc));
                             ^
recovered-src-obf/aq/p.java:155: error: not a statement
                    pc.a(new do(pc));
                               ^
recovered-src-obf/aq/p.java:155: error: ';' expected
                    pc.a(new do(pc));
                                   ^
5 errors
1 warning

===== aq/s.java [CFR] EXIT=1 =====
warning: [options] bootstrap class path not set in conjunction with -source 8
recovered-src-obf/aq/s.java:14: error: <identifier> expected
import be.do;
          ^
recovered-src-obf/aq/s.java:42: error: <identifier> expected
                    pc.a(new do(pc));
                            ^
recovered-src-obf/aq/s.java:42: error: '(' or '[' expected
                    pc.a(new do(pc));
                             ^
recovered-src-obf/aq/s.java:42: error: not a statement
                    pc.a(new do(pc));
                               ^
recovered-src-obf/aq/s.java:42: error: ';' expected
                    pc.a(new do(pc));
                                   ^
recovered-src-obf/aq/s.java:51: error: <identifier> expected
                    pc.a(new do(pc));
                            ^
recovered-src-obf/aq/s.java:51: error: '(' or '[' expected
                    pc.a(new do(pc));
                             ^
recovered-src-obf/aq/s.java:51: error: not a statement
                    pc.a(new do(pc));
                               ^
recovered-src-obf/aq/s.java:51: error: ';' expected
                    pc.a(new do(pc));
                                   ^
recovered-src-obf/aq/s.java:210: error: <identifier> expected
                    pc.a(new do(pc));
                            ^
recovered-src-obf/aq/s.java:210: error: '(' or '[' expected
                    pc.a(new do(pc));
                             ^
recovered-src-obf/aq/s.java:210: error: not a statement
                    pc.a(new do(pc));
                               ^
recovered-src-obf/aq/s.java:210: error: ';' expected
                    pc.a(new do(pc));
                                   ^
recovered-src-obf/aq/s.java:273: error: <identifier> expected
                pc.a(new do(pc));
                        ^
recovered-src-obf/aq/s.java:273: error: '(' or '[' expected
                pc.a(new do(pc));
                         ^
recovered-src-obf/aq/s.java:273: error: not a statement
                pc.a(new do(pc));
                           ^
recovered-src-obf/aq/s.java:273: error: ';' expected
                pc.a(new do(pc));
                               ^
recovered-src-obf/aq/s.java:419: error: <identifier> expected
            pc.a(new do(pc));
                    ^
recovered-src-obf/aq/s.java:419: error: '(' or '[' expected
            pc.a(new do(pc));
                     ^
recovered-src-obf/aq/s.java:419: error: not a statement
            pc.a(new do(pc));
                       ^
recovered-src-obf/aq/s.java:419: error: ';' expected
            pc.a(new do(pc));
                           ^
21 errors
1 warning

===== aq/v.java [CFR] EXIT=1 =====
warning: [options] bootstrap class path not set in conjunction with -source 8
recovered-src-obf/aq/v.java:40: error: cannot find symbol
        ao.a.a().d(client.e());
          ^
  symbol:   variable a
  location: class ao
recovered-src-obf/aq/v.java:41: error: cannot find symbol
        ao.a.a().b(client.e());
          ^
  symbol:   variable a
  location: class ao
2 errors
1 warning

===== aq/w.java [CFR] EXIT=1 =====
warning: [options] bootstrap class path not set in conjunction with -source 8
recovered-src-obf/aq/w.java:269: error: cannot find symbol
        if (this.e == 1 ? this.i.ep() == 1 || this.h.ep() == 1 : (this.e == 2 ? this.h.d(this.h, this.k.U_().b()) : (this.e == 3 ? !(!(this.j instanceof ap.v) && !(this.j instanceof z) || this.i.ep() != 1 && this.j.ep() != 1 && !this.i.a(this.i, this.j, false)) : !(this.e != 4 || !(this.j instanceof ap.v) && !(this.j instanceof z) || !(this.k instanceof ap.v) && !(this.k instanceof z) || this.k.ep() != 1 && this.j.ep() != 1)))) {
                                                                                                                                                           ^
  symbol:   class v
  location: class ap
recovered-src-obf/aq/w.java:269: error: cannot find symbol
        if (this.e == 1 ? this.i.ep() == 1 || this.h.ep() == 1 : (this.e == 2 ? this.h.d(this.h, this.k.U_().b()) : (this.e == 3 ? !(!(this.j instanceof ap.v) && !(this.j instanceof z) || this.i.ep() != 1 && this.j.ep() != 1 && !this.i.a(this.i, this.j, false)) : !(this.e != 4 || !(this.j instanceof ap.v) && !(this.j instanceof z) || !(this.k instanceof ap.v) && !(this.k instanceof z) || this.k.ep() != 1 && this.j.ep() != 1)))) {
                                                                                                                                                                                                                                                                                                               ^
  symbol:   class v
  location: class ap
recovered-src-obf/aq/w.java:269: error: cannot find symbol
        if (this.e == 1 ? this.i.ep() == 1 || this.h.ep() == 1 : (this.e == 2 ? this.h.d(this.h, this.k.U_().b()) : (this.e == 3 ? !(!(this.j instanceof ap.v) && !(this.j instanceof z) || this.i.ep() != 1 && this.j.ep() != 1 && !this.i.a(this.i, this.j, false)) : !(this.e != 4 || !(this.j instanceof ap.v) && !(this.j instanceof z) || !(this.k instanceof ap.v) && !(this.k instanceof z) || this.k.ep() != 1 && this.j.ep() != 1)))) {
                                                                                                                                                                                                                                                                                                                                                                      ^
  symbol:   class v
  location: class ap
recovered-src-obf/aq/w.java:278: error: cannot find symbol
        if (this.e == 2 && (this.k instanceof ap.v || this.k instanceof z) && this.k.L() && !as.b.a().a(this.k)) {
                                                ^
  symbol:   class v
  location: class ap
4 errors
1 warning

===== aq/x.java [CFR] EXIT=1 =====
warning: [options] bootstrap class path not set in conjunction with -source 8
recovered-src-obf/aq/x.java:11: error: <identifier> expected
import be.do;
          ^
recovered-src-obf/aq/x.java:333: error: <identifier> expected
            pc.a(new do(pc));
                    ^
recovered-src-obf/aq/x.java:333: error: '(' or '[' expected
            pc.a(new do(pc));
                     ^
recovered-src-obf/aq/x.java:333: error: not a statement
            pc.a(new do(pc));
                       ^
recovered-src-obf/aq/x.java:333: error: ';' expected
            pc.a(new do(pc));
                           ^
recovered-src-obf/aq/x.java:347: error: <identifier> expected
            pc.a(new do(pc));
                    ^
recovered-src-obf/aq/x.java:347: error: '(' or '[' expected
            pc.a(new do(pc));
                     ^
recovered-src-obf/aq/x.java:347: error: not a statement
            pc.a(new do(pc));
                       ^
recovered-src-obf/aq/x.java:347: error: ';' expected
            pc.a(new do(pc));
                           ^
recovered-src-obf/aq/x.java:369: error: <identifier> expected
            pc.a(new do(pc));
                    ^
recovered-src-obf/aq/x.java:369: error: '(' or '[' expected
            pc.a(new do(pc));
                     ^
recovered-src-obf/aq/x.java:369: error: not a statement
            pc.a(new do(pc));
                       ^
recovered-src-obf/aq/x.java:369: error: ';' expected
            pc.a(new do(pc));
                           ^
recovered-src-obf/aq/x.java:383: error: <identifier> expected
            pc.a(new do(pc));
                    ^
recovered-src-obf/aq/x.java:383: error: '(' or '[' expected
            pc.a(new do(pc));
                     ^
recovered-src-obf/aq/x.java:383: error: not a statement
            pc.a(new do(pc));
                       ^
recovered-src-obf/aq/x.java:383: error: ';' expected
            pc.a(new do(pc));
                           ^
17 errors
1 warning

===== aq/z.java [CFR] EXIT=1 =====
warning: [options] bootstrap class path not set in conjunction with -source 8
recovered-src-obf/aq/z.java:72: error: cannot find symbol
        bh.d l1castle = null;
          ^
  symbol:   class d
  location: class bh
1 error
1 warning

===== as/a.java [CFR] EXIT=1 =====
warning: [options] bootstrap class path not set in conjunction with -source 8
recovered-src-obf/as/a.java:196: error: cannot find symbol
    private ap.t a(aq.u loc, int npcid) {
                     ^
  symbol:   class u
  location: class aq
recovered-src-obf/as/a.java:435: error: class a is already defined in package as
    private class a {
            ^
recovered-src-obf/as/a.java:58: error: non-static variable this cannot be referenced from a static context
            c = new a();
                ^
recovered-src-obf/as/a.java:150: error: cannot find symbol
            aq.u loc = new aq.u(33522 - diff * 2, 32861 + diff * 2, 4);
              ^
  symbol:   class u
  location: class aq
recovered-src-obf/as/a.java:150: error: cannot find symbol
            aq.u loc = new aq.u(33522 - diff * 2, 32861 + diff * 2, 4);
                             ^
  symbol:   class u
  location: class aq
recovered-src-obf/as/a.java:155: error: incompatible types: as.a.a cannot be converted to as.a
            this.n.put(num, round_ticket);
                            ^
recovered-src-obf/as/a.java:183: error: incompatible types: a.b cannot be converted to as.b
            this.o.put(i2, new b());
                           ^
recovered-src-obf/as/a.java:210: error: b has private access in b
        double win = this.o.get(num).b;
                                    ^
recovered-src-obf/as/a.java:211: error: cannot find symbol
        double race = this.o.get(num).c;
                                     ^
  symbol:   variable c
  location: class b
recovered-src-obf/as/a.java:235: error: incompatible types: as.a cannot be converted to as.a.a
        a ticket = this.m.get(item.fr());
                             ^
recovered-src-obf/as/a.java:249: error: incompatible types: as.a cannot be converted to as.a.a
        a a2 = this.n.get(num);
                         ^
recovered-src-obf/as/a.java:256: warning: [removal] Integer(int) in Integer has been deprecated and marked for removal
        this.m.put(new Integer(ticket.c), ticket);
                   ^
recovered-src-obf/as/a.java:256: error: incompatible types: as.a.a cannot be converted to as.a
        this.m.put(new Integer(ticket.c), ticket);
                                          ^
recovered-src-obf/as/a.java:257: error: no suitable method found for a(as.a.a)
        this.a(ticket);
            ^
    method as.a.a(q) is not applicable
      (argument mismatch; as.a.a cannot be converted to q)
    method as.a.a(int) is not applicable
      (argument mismatch; as.a.a cannot be converted to int)
    method as.a.a(String) is not applicable
      (argument mismatch; as.a.a cannot be converted to String)
    method as.a.a(as.a) is not applicable
      (argument mismatch; as.a.a cannot be converted to as.a)
recovered-src-obf/as/a.java:261: error: incompatible types: as.a cannot be converted to as.a.a
        a ticket = this.m.get(itemobjid);
                             ^
recovered-src-obf/as/a.java:297: error: incompatible types: as.a.a cannot be converted to as.a
                            this.m.put(itemobjid, ticket);
                                                  ^
recovered-src-obf/as/a.java:299: error: incompatible types: as.b cannot be converted to a.b
                            b b2 = this.o.get(num);
                                             ^
recovered-src-obf/as/a.java:303: error: incompatible types: as.b cannot be converted to a.b
                                b b3 = this.o.get(rs.getInt(i2));
                                                 ^
recovered-src-obf/as/a.java:335: error: incompatible types: a cannot be converted to int
                    pstm.setInt(1, ticket.c);
                                         ^
recovered-src-obf/as/a.java:336: error: incompatible types: t cannot be converted to int
                    pstm.setInt(2, ticket.d);
                                         ^
recovered-src-obf/as/a.java:405: error: incompatible types: as.b cannot be converted to a.b
            b b2 = this.o.get(winner_num);
                             ^
recovered-src-obf/as/a.java:410: error: incompatible types: as.b cannot be converted to a.b
                b b3 = this.o.get(num);
                                 ^
recovered-src-obf/as/a.java:422: error: incompatible types: as.a cannot be converted to as.a.a
        for (a ticket : this.m.values()) {
                                     ^
recovered-src-obf/as/a.java:469: error: not an enclosing class: a.a
                        a.this.b = Executors.newScheduledThreadPool(5);
                         ^
recovered-src-obf/as/a.java:470: error: not an enclosing class: a.a
                        a.this.i = 0;
                         ^
recovered-src-obf/as/a.java:471: error: not an enclosing class: a.a
                        a a2 = a.this;
                                ^
recovered-src-obf/as/a.java:472: error: cannot find symbol
                        a2.j = a2.j + 1;
                          ^
  symbol:   variable j
  location: variable a2 of type as.a.a
recovered-src-obf/as/a.java:472: error: cannot find symbol
                        a2.j = a2.j + 1;
                                 ^
  symbol:   variable j
  location: variable a2 of type as.a.a
recovered-src-obf/as/a.java:474: error: not an enclosing class: a.a
                        round_temp.d = a.this.j;
                                        ^
recovered-src-obf/as/a.java:475: error: not an enclosing class: a.a
                        a.this.a(round_temp);
                         ^
recovered-src-obf/as/a.java:476: error: not an enclosing class: a.a
                        a.this.b("$376 10 $377");
                         ^
recovered-src-obf/as/a.java:478: error: not an enclosing class: a.a
                        a.this.e();
                         ^
recovered-src-obf/as/a.java:482: error: not an enclosing class: a.a
                        Iterator<Object> iterator = a.this.l.keySet().iterator();
                                                     ^
recovered-src-obf/as/a.java:487: error: not an enclosing class: a.a
                            String view_name = String.valueOf(l1item.j()) + " " + a.this.j + "-" + num;
                                                                                   ^
recovered-src-obf/as/a.java:496: error: not an enclosing class: a.a
                        a.this.i = 1;
                         ^
recovered-src-obf/as/a.java:499: error: not an enclosing class: a.a
                            a.this.b("$376 " + i2 + " $377");
                             ^
recovered-src-obf/as/a.java:503: error: not an enclosing class: a.a
                        a.this.b("$363");
                         ^
recovered-src-obf/as/a.java:507: error: not an enclosing class: a.a
                            a.this.b("" + i2);
                             ^
recovered-src-obf/as/a.java:511: error: not an enclosing class: a.a
                        a.this.b("$364");
                         ^
recovered-src-obf/as/a.java:512: error: not an enclosing class: a.a
                        a.this.i = 2;
                         ^
recovered-src-obf/as/a.java:526: error: not an enclosing class: a.a
                        for (ap.t npc : a.this.l.values()) {
                                         ^
recovered-src-obf/as/a.java:527: error: not an enclosing class: a.a
                            a.this.b.schedule(new d(npc, a.this.e(npc.fs())), 0L, TimeUnit.MILLISECONDS);
                                                          ^
recovered-src-obf/as/a.java:527: error: not an enclosing class: a.a
                            a.this.b.schedule(new d(npc, a.this.e(npc.fs())), 0L, TimeUnit.MILLISECONDS);
                             ^
recovered-src-obf/as/a.java:530: error: not an enclosing class: a.a
                        for (ap.t npc : a.this.l.values()) {
                                         ^
recovered-src-obf/as/a.java:532: error: not an enclosing class: a.a
                            a ticket = (a)a.this.n.get(num2);
                                           ^
recovered-src-obf/as/a.java:534: error: not an enclosing class: a.a
                                ticket.e = (double)(a.this.h / ticket.b) / 500.0;
                                                     ^
recovered-src-obf/as/a.java:538: error: not an enclosing class: a.a

===== as/b.java [CFR] EXIT=1 =====
warning: [options] bootstrap class path not set in conjunction with -source 8
recovered-src-obf/as/b.java:113: error: cannot find symbol
        int n2 = ((ap.f[])defClanWar).length;
                     ^
  symbol:   class f
  location: class ap
recovered-src-obf/as/b.java:116: error: cannot find symbol
            ap.f door = defClanWar[n3];
              ^
  symbol:   class f
  location: class ap
recovered-src-obf/as/b.java:116: error: array required, but Object found
            ap.f door = defClanWar[n3];
                                  ^
recovered-src-obf/as/b.java:138: error: cannot find symbol
            for (aq.aa l1object : aq.a().b()) {
                   ^
  symbol:   class aa
  location: class aq
recovered-src-obf/as/b.java:143: error: cannot find symbol
                if (l1object instanceof ap.d) {
                                          ^
  symbol:   class d
  location: class ap
recovered-src-obf/as/b.java:144: error: cannot find symbol
                    ap.d crown = (ap.d)l1object;
                      ^
  symbol:   class d
  location: class ap
recovered-src-obf/as/b.java:144: error: cannot find symbol
                    ap.d crown = (ap.d)l1object;
                                    ^
  symbol:   class d
  location: class ap
recovered-src-obf/as/b.java:161: error: cannot find symbol
            ap.f[] fArray = ao.t.b().c();
              ^
  symbol:   class f
  location: class ap
recovered-src-obf/as/b.java:165: error: cannot find symbol
                ap.f door = fArray[n3];
                  ^
  symbol:   class f
  location: class ap
9 errors
1 warning

===== as/c.java [CFR] EXIT=1 =====
warning: [options] bootstrap class path not set in conjunction with -source 8
recovered-src-obf/as/c.java:347: error: cannot find symbol
        private ArrayList<t> a(aq.u loc, int mobid, int amount, int heading) {
                                 ^
  symbol:   class u
  location: class aq
recovered-src-obf/as/c.java:357: error: cannot find symbol
        private ArrayList<t> a(aq.u loc, int[] mobsID, int heading) {
                                 ^
  symbol:   class u
  location: class aq
recovered-src-obf/as/c.java:132: error: cannot find symbol
                    this.d = this.a(new aq.u(32801, 32862, this.c), 190114, 1, 4).get(0);
                                          ^
  symbol:   class u
  location: class aq
recovered-src-obf/as/c.java:135: error: cannot find symbol
                    list.addAll(this.a(new aq.u(32798, 32862, this.c), 190110, 1, 2));
                                             ^
  symbol:   class u
  location: class aq
recovered-src-obf/as/c.java:136: error: cannot find symbol
                    list.addAll(this.a(new aq.u(32801, 32865, this.c), 190110, 1, 0));
                                             ^
  symbol:   class u
  location: class aq
recovered-src-obf/as/c.java:137: error: cannot find symbol
                    list.addAll(this.a(new aq.u(32804, 32859, this.c), 190110, 1, 5));
                                             ^
  symbol:   class u
  location: class aq
recovered-src-obf/as/c.java:138: error: cannot find symbol
                    list.addAll(this.a(new aq.u(32798, 32861, this.c), 190111, 1, 2));
                                             ^
  symbol:   class u
  location: class aq
recovered-src-obf/as/c.java:139: error: cannot find symbol
                    list.addAll(this.a(new aq.u(32802, 32866, this.c), 190111, 1, 0));
                                             ^
  symbol:   class u
  location: class aq
recovered-src-obf/as/c.java:146: error: cannot find symbol
                    list2.addAll(this.a(new aq.u(32800, 32845, this.c), 190098, 15, 4));
                                              ^
  symbol:   class u
  location: class aq
recovered-src-obf/as/c.java:147: error: cannot find symbol
                    list2.addAll(this.a(new aq.u(32800, 32845, this.c), 190099, 15, 4));
                                              ^
  symbol:   class u
  location: class aq
recovered-src-obf/as/c.java:148: error: cannot find symbol
                    list2.addAll(this.a(new aq.u(32817, 32862, this.c), 190101, 15, 7));
                                              ^
  symbol:   class u
  location: class aq
recovered-src-obf/as/c.java:149: error: cannot find symbol
                    list2.addAll(this.a(new aq.u(32817, 32862, this.c), 190100, 15, 7));
                                              ^
  symbol:   class u
  location: class aq
recovered-src-obf/as/c.java:150: error: cannot find symbol
                    list2.addAll(this.a(new aq.u(32801, 32878, this.c), 190102, 15, 0));
                                              ^
  symbol:   class u
  location: class aq
recovered-src-obf/as/c.java:151: error: cannot find symbol
                    list2.addAll(this.a(new aq.u(32801, 32878, this.c), 190103, 15, 0));
                                              ^
  symbol:   class u
  location: class aq
recovered-src-obf/as/c.java:152: error: cannot find symbol
                    list2.addAll(this.a(new aq.u(32785, 32861, this.c), 190104, 15, 2));
                                              ^
  symbol:   class u
  location: class aq
recovered-src-obf/as/c.java:153: error: cannot find symbol
                    list2.addAll(this.a(new aq.u(32785, 32861, this.c), 190105, 15, 2));
                                              ^
  symbol:   class u
  location: class aq
recovered-src-obf/as/c.java:164: error: cannot find symbol
                        list3.addAll(this.a(new aq.u(32800, 32845, this.c), small_boss, 1, 4));
                                                  ^
  symbol:   class u
  location: class aq
recovered-src-obf/as/c.java:167: error: cannot find symbol
                        list3.addAll(this.a(new aq.u(32817, 32862, this.c), small_boss, 1, 7));
                                                  ^
  symbol:   class u
  location: class aq
recovered-src-obf/as/c.java:170: error: cannot find symbol
                        list3.addAll(this.a(new aq.u(32801, 32878, this.c), small_boss, 1, 0));
                                                  ^
  symbol:   class u
  location: class aq
recovered-src-obf/as/c.java:173: error: cannot find symbol
                        list3.addAll(this.a(new aq.u(32785, 32861, this.c), small_boss, 1, 2));
                                                  ^
  symbol:   class u
  location: class aq
recovered-src-obf/as/c.java:175: error: cannot find symbol
                    list3.addAll(this.a(new aq.u(32800, 32845, this.c), 190098, 15, 4));
                                              ^
  symbol:   class u
  location: class aq
recovered-src-obf/as/c.java:176: error: cannot find symbol
                    list3.addAll(this.a(new aq.u(32800, 32845, this.c), 190099, 15, 4));
                                              ^
  symbol:   class u
  location: class aq
recovered-src-obf/as/c.java:177: error: cannot find symbol
                    list3.addAll(this.a(new aq.u(32817, 32862, this.c), 190101, 15, 7));
                                              ^
  symbol:   class u
  location: class aq
recovered-src-obf/as/c.java:178: error: cannot find symbol
                    list3.addAll(this.a(new aq.u(32817, 32862, this.c), 190100, 15, 7));
                                              ^
  symbol:   class u
  location: class aq
recovered-src-obf/as/c.java:179: error: cannot find symbol
                    list3.addAll(this.a(new aq.u(32801, 32878, this.c), 190102, 15, 0));
                                              ^
  symbol:   class u
  location: class aq
recovered-src-obf/as/c.java:180: error: cannot find symbol
                    list3.addAll(this.a(new aq.u(32801, 32878, this.c), 190103, 15, 0));
                                              ^
  symbol:   class u
  location: class aq
recovered-src-obf/as/c.java:181: error: cannot find symbol
                    list3.addAll(this.a(new aq.u(32785, 32861, this.c), 190104, 15, 2));
                                              ^
  symbol:   class u
  location: class aq
recovered-src-obf/as/c.java:182: error: cannot find symbol
                    list3.addAll(this.a(new aq.u(32785, 32861, this.c), 190105, 15, 2));
                                              ^
  symbol:   class u
  location: class aq
recovered-src-obf/as/c.java:192: error: cannot find symbol
                        list4.addAll(this.a(new aq.u(32800, 32845, this.c), small_boss2, 1, 4));
                                                  ^
  symbol:   class u
  location: class aq
recovered-src-obf/as/c.java:195: error: cannot find symbol
                        list4.addAll(this.a(new aq.u(32817, 32862, this.c), small_boss2, 1, 7));
                                                  ^
  symbol:   class u
  location: class aq
recovered-src-obf/as/c.java:198: error: cannot find symbol
                        list4.addAll(this.a(new aq.u(32801, 32878, this.c), small_boss2, 1, 0));
                                                  ^
  symbol:   class u
  location: class aq
recovered-src-obf/as/c.java:201: error: cannot find symbol
                        list4.addAll(this.a(new aq.u(32785, 32861, this.c), small_boss2, 1, 2));
                                                  ^
  symbol:   class u

===== as/d.java [CFR] EXIT=1 =====
warning: [options] bootstrap class path not set in conjunction with -source 8
recovered-src-obf/as/d.java:76: error: e has private access in aq
        int castleId = aq.e.a(pc);
                         ^
recovered-src-obf/as/d.java:76: error: cannot find symbol
        int castleId = aq.e.a(pc);
                           ^
  symbol:   method a(u)
  location: variable e of type ConcurrentHashMap<Integer,z>
2 errors
1 warning

===== as/e.java [CFR] EXIT=1 =====
warning: [options] bootstrap class path not set in conjunction with -source 8
recovered-src-obf/as/e.java:27: error: cannot find symbol
    private aq.u c;
              ^
  symbol:   class u
  location: class aq
recovered-src-obf/as/e.java:270: error: cannot find symbol
    private ArrayList<t> a(aq.u loc, int mobid, int amount) {
                             ^
  symbol:   class u
  location: class aq
recovered-src-obf/as/e.java:280: error: cannot find symbol
    private ArrayList<t> a(aq.u loc, int[] mobsID) {
                             ^
  symbol:   class u
  location: class aq
recovered-src-obf/as/e.java:133: error: cannot find symbol
            ao.t.b().a(door.fu());
              ^
  symbol:   variable t
  location: variable ao of type int[][]
recovered-src-obf/as/e.java:136: error: cannot find symbol
            ao.t.b().a(wall.fu());
              ^
  symbol:   variable t
  location: variable ao of type int[][]
recovered-src-obf/as/e.java:138: error: cannot find symbol
        for (aa obj : aq.aq.a().b(this.e).values()) {
                        ^
  symbol:   variable aq
  location: variable aq of type int[][]
recovered-src-obf/as/e.java:139: error: cannot find symbol
            aq.aq.a().d(obj);
              ^
  symbol:   variable aq
  location: variable aq of type int[][]
recovered-src-obf/as/e.java:148: error: cannot find symbol
        this.c = new aq.u(32707, 32846, this.e);
                       ^
  symbol:   class u
  location: class aq
recovered-src-obf/as/e.java:150: error: cannot find symbol
        for (aa obj : aq.aq.a().b(this.e).values()) {
                        ^
  symbol:   variable aq
  location: variable aq of type int[][]
recovered-src-obf/as/e.java:158: error: cannot find symbol
        this.k = this.a(new aq.u(32742, 32930, this.e), 91397, 1).get(0);
                              ^
  symbol:   class u
  location: class aq
recovered-src-obf/as/e.java:159: error: cannot find symbol
        this.j = this.a(new aq.u(32733, 32724, this.e), 91430, 1).get(0);
                              ^
  symbol:   class u
  location: class aq
recovered-src-obf/as/e.java:164: error: array required, but Object found
            loc = object[n3];
                        ^
recovered-src-obf/as/e.java:165: error: cannot find symbol
            this.a(new aq.u(loc[0], loc[1], this.e), this.am);
                         ^
  symbol:   class u
  location: class aq
recovered-src-obf/as/e.java:172: error: array required, but Object found
            loc = object[n3];
                        ^
recovered-src-obf/as/e.java:174: error: cannot find symbol
                aq.u location = new aq.u(loc[0], loc[1], this.e);
                  ^
  symbol:   class u
  location: class aq
recovered-src-obf/as/e.java:174: error: cannot find symbol
                aq.u location = new aq.u(loc[0], loc[1], this.e);
                                      ^
  symbol:   class u
  location: class aq
recovered-src-obf/as/e.java:175: error: cannot find symbol
                aq.aq.a().a(location).a(41704 + bi.i.a(10), 1);
                  ^
  symbol:   variable aq
  location: variable aq of type int[][]
recovered-src-obf/as/e.java:179: error: cannot find symbol
        f[] fArray = ao.t.b().c();
                       ^
  symbol:   variable t
  location: variable ao of type int[][]
recovered-src-obf/as/e.java:184: error: array required, but Object found
            int[] door = object[n3];
                               ^
recovered-src-obf/as/e.java:185: error: cannot find symbol
            if (door.fp() == 2 && (door.fs() != 32684 || door.ft() != 32850)) {
                    ^
  symbol:   method fp()
  location: variable door of type int[]
recovered-src-obf/as/e.java:185: error: cannot find symbol
            if (door.fp() == 2 && (door.fs() != 32684 || door.ft() != 32850)) {
                                       ^
  symbol:   method fs()
  location: variable door of type int[]
recovered-src-obf/as/e.java:185: error: cannot find symbol
            if (door.fp() == 2 && (door.fs() != 32684 || door.ft() != 32850)) {
                                                             ^
  symbol:   method ft()
  location: variable door of type int[]
recovered-src-obf/as/e.java:186: error: cannot find symbol
                aq.u spwanLoc = new aq.u(door.fs(), door.ft(), this.e);
                  ^
  symbol:   class u
  location: class aq
recovered-src-obf/as/e.java:186: error: cannot find symbol
                aq.u spwanLoc = new aq.u(door.fs(), door.ft(), this.e);
                                      ^
  symbol:   class u
  location: class aq
recovered-src-obf/as/e.java:186: error: cannot find symbol
                aq.u spwanLoc = new aq.u(door.fs(), door.ft(), this.e);
                                             ^
  symbol:   method fs()
  location: variable door of type int[]
recovered-src-obf/as/e.java:186: error: cannot find symbol
                aq.u spwanLoc = new aq.u(door.fs(), door.ft(), this.e);
                                                        ^
  symbol:   method ft()
  location: variable door of type int[]
recovered-src-obf/as/e.java:187: error: cannot find symbol
                bh.f gfx = bh.f.a(door.fe());
                                      ^
  symbol:   method fe()
  location: variable door of type int[]
recovered-src-obf/as/e.java:188: error: cannot find symbol
                f create = ao.t.b().a(0, gfx, spwanLoc, 0, 0, false);
                             ^
  symbol:   variable t
  location: variable ao of type int[][]
recovered-src-obf/as/e.java:202: error: cannot find symbol
            this.o.add(ao.t.b().a(0, this.aj, new aq.u(32702 + i2, 32866, this.e), 0, 1, false));
                                                    ^
  symbol:   class u
  location: class aq
recovered-src-obf/as/e.java:202: error: cannot find symbol
            this.o.add(ao.t.b().a(0, this.aj, new aq.u(32702 + i2, 32866, this.e), 0, 1, false));
                         ^
  symbol:   variable t
  location: variable ao of type int[][]
recovered-src-obf/as/e.java:203: error: cannot find symbol
            this.o.add(ao.t.b().a(0, this.aj, new aq.u(32703 + i2, 32872, this.e), 0, 1, false));
                                                    ^
  symbol:   class u
  location: class aq
recovered-src-obf/as/e.java:203: error: cannot find symbol
            this.o.add(ao.t.b().a(0, this.aj, new aq.u(32703 + i2, 32872, this.e), 0, 1, false));
                         ^
  symbol:   variable t
  location: variable ao of type int[][]
recovered-src-obf/as/e.java:247: error: cannot find symbol
                            this.a(new aq.u(point[0], point[1], this.e), 91418, 1);
                                         ^
  symbol:   class u
  location: class aq

===== as/f.java [CFR] EXIT=1 =====
warning: [options] bootstrap class path not set in conjunction with -source 8
recovered-src-obf/as/f.java:114: error: cannot find symbol
    private ArrayList<t> a(aq.u loc, int mobid, int amount) {
                             ^
  symbol:   class u
  location: class aq
recovered-src-obf/as/f.java:124: error: cannot find symbol
    private ArrayList<t> a(aq.u loc, int[] mobsID) {
                             ^
  symbol:   class u
  location: class aq
recovered-src-obf/as/f.java:54: error: cannot find symbol
                ap.f[] fArray = ao.t.b().c();
                                  ^
  symbol:   variable t
  location: class ao
recovered-src-obf/as/f.java:60: error: cannot find symbol
                    aq.u spwanLoc;
                      ^
  symbol:   class u
  location: class aq
recovered-src-obf/as/f.java:63: error: cannot find symbol
                        spwanLoc = new aq.u(door.fs(), door.ft(), clone.a);
                                         ^
  symbol:   class u
  location: class aq
recovered-src-obf/as/f.java:65: error: cannot find symbol
                        create = ao.t.b().a(0, gfx, spwanLoc, 0, 0, false);
                                   ^
  symbol:   variable t
  location: class ao
recovered-src-obf/as/f.java:70: error: cannot find symbol
                        spwanLoc = new aq.u(door.fs(), door.ft(), clone2.a);
                                         ^
  symbol:   class u
  location: class aq
recovered-src-obf/as/f.java:72: error: cannot find symbol
                        create = ao.t.b().a(0, gfx, spwanLoc, 0, 0, false);
                                   ^
  symbol:   variable t
  location: class ao
recovered-src-obf/as/f.java:149: error: cannot find symbol
            f.this.a(new aq.u(32734, 32802, this.e), 81404, 1);
                           ^
  symbol:   class u
  location: class aq
recovered-src-obf/as/f.java:150: error: cannot find symbol
            f.this.a(new aq.u(32860, 32920, this.e), 190352, 1);
                           ^
  symbol:   class u
  location: class aq
recovered-src-obf/as/f.java:152: error: cannot find symbol
            f.this.a(new aq.u(32765, 32818, this.e), mobs);
                           ^
  symbol:   class u
  location: class aq
recovered-src-obf/as/f.java:154: error: cannot find symbol
            f.this.a(new aq.u(32836, 32805, this.e), mobs2);
                           ^
  symbol:   class u
  location: class aq
recovered-src-obf/as/f.java:156: error: cannot find symbol
            f.this.a(new aq.u(32848, 32852, this.e), mobs3);
                           ^
  symbol:   class u
  location: class aq
recovered-src-obf/as/f.java:158: error: cannot find symbol
            f.this.a(new aq.u(32765, 32895, this.e), mobs4);
                           ^
  symbol:   class u
  location: class aq
recovered-src-obf/as/f.java:160: error: cannot find symbol
            f.this.a(new aq.u(32823, 32921, this.e), mobs5);
                           ^
  symbol:   class u
  location: class aq
recovered-src-obf/as/f.java:162: error: cannot find symbol
                f.this.a(new aq.u(32823, 32921, this.e), 46142, 1);
                               ^
  symbol:   class u
  location: class aq
recovered-src-obf/as/f.java:164: error: cannot find symbol
                f.this.a(new aq.u(32823, 32921, this.e), 46141, 1);
                               ^
  symbol:   class u
  location: class aq
recovered-src-obf/as/f.java:188: error: int cannot be dereferenced
                c.log(Level.SEVERE, e2.getLocalizedMessage(), e2);
                 ^
18 errors
1 warning

===== as/g.java [CFR] EXIT=1 =====
warning: [options] bootstrap class path not set in conjunction with -source 8
recovered-src-obf/as/g.java:65: error: cannot find symbol
    private aq.u F;
              ^
  symbol:   class u
  location: class aq
recovered-src-obf/as/g.java:66: error: cannot find symbol
    private aq.u G;
              ^
  symbol:   class u
  location: class aq
recovered-src-obf/as/g.java:194: error: cannot find symbol
    private boolean a(aq.u point, int radius) {
                        ^
  symbol:   class u
  location: class aq
recovered-src-obf/as/g.java:472: error: cannot find symbol
    private ab a(int npcid, aq.u spawnLoc, aq.u teleLoc) {
                              ^
  symbol:   class u
  location: class aq
recovered-src-obf/as/g.java:472: error: cannot find symbol
    private ab a(int npcid, aq.u spawnLoc, aq.u teleLoc) {
                                             ^
  symbol:   class u
  location: class aq
recovered-src-obf/as/g.java:500: error: cannot find symbol
    private ArrayList<t> a(aq.u loc, int mobid, int amount) {
                             ^
  symbol:   class u
  location: class aq
recovered-src-obf/as/g.java:510: error: cannot find symbol
    private ArrayList<t> a(aq.u loc, int[] mobsID) {
                             ^
  symbol:   class u
  location: class aq
recovered-src-obf/as/g.java:609: error: cannot find symbol
    private aq.u b(aq.u baseLocation, int max) {
                     ^
  symbol:   class u
  location: class aq
recovered-src-obf/as/g.java:609: error: cannot find symbol
    private aq.u b(aq.u baseLocation, int max) {
              ^
  symbol:   class u
  location: class aq
recovered-src-obf/as/g.java:95: error: cannot find symbol
        this.O.addAll(this.a(new aq.u(32803, 32809, this.B), 91507, 1));
                                   ^
  symbol:   class u
  location: class aq
recovered-src-obf/as/g.java:96: error: cannot find symbol
        this.O.addAll(this.a(new aq.u(32792, 32809, this.B), 91508, 1));
                                   ^
  symbol:   class u
  location: class aq
recovered-src-obf/as/g.java:97: error: cannot find symbol
        this.I = this.a(new aq.u(32799, 32806, this.B), 91506, 1).get(0);
                              ^
  symbol:   class u
  location: class aq
recovered-src-obf/as/g.java:99: error: cannot find symbol
        this.F = new aq.u(32799, 32809, this.B);
                       ^
  symbol:   class u
  location: class aq
recovered-src-obf/as/g.java:100: error: cannot find symbol
        this.G = new aq.u(32799, 32803, this.B);
                       ^
  symbol:   class u
  location: class aq
recovered-src-obf/as/g.java:133: error: cannot find symbol
        aq.u loc = this.b(this.G, 10);
          ^
  symbol:   class u
  location: class aq
recovered-src-obf/as/g.java:176: error: cannot find symbol
        if (attack_time != 0 && bi.i.a(4) > 0) {
                                  ^
  symbol:   variable i
  location: class bi
recovered-src-obf/as/g.java:184: error: cannot find symbol
                int x2 = 32790 + bi.i.a(25);
                                   ^
  symbol:   variable i
  location: class bi
recovered-src-obf/as/g.java:185: error: cannot find symbol
                int y2 = bi.i.a(2) == 0 ? 32818 : 32788;
                           ^
  symbol:   variable i
  location: class bi
recovered-src-obf/as/g.java:213: error: cannot find symbol
            mobids[i2] = this.U[bi.i.a(5)];
                                  ^
  symbol:   variable i
  location: class bi
recovered-src-obf/as/g.java:216: error: cannot find symbol
        aq.u loc = new aq.u(32797, 32803, this.B);
          ^
  symbol:   class u
  location: class aq
recovered-src-obf/as/g.java:216: error: cannot find symbol
        aq.u loc = new aq.u(32797, 32803, this.B);
                         ^
  symbol:   class u
  location: class aq
recovered-src-obf/as/g.java:219: error: incompatible types: boolean cannot be converted to int
        int use_time = this.a(list, 35000);
                             ^
recovered-src-obf/as/g.java:228: error: cannot find symbol
        int n2 = i2 = bi.i.a(4);
                        ^
  symbol:   variable i
  location: class bi
recovered-src-obf/as/g.java:233: error: cannot find symbol
            this.a(new be.aq(new aq.u(32803, 32788, this.B), 8142));
                                   ^
  symbol:   class u
  location: class aq
recovered-src-obf/as/g.java:236: error: cannot find symbol
            rnd = bi.i.a(4) + 6;
                    ^
  symbol:   variable i
  location: class bi
recovered-src-obf/as/g.java:238: error: reference to a is ambiguous
            this.a(gfxNpcList, -1, 40);
                ^
  both method a(ArrayList<t>,int,int) in g and method a(u,int,int) in g match
recovered-src-obf/as/g.java:242: error: cannot find symbol
            rnd = bi.i.a(4) + 6;
                    ^
  symbol:   variable i
  location: class bi
recovered-src-obf/as/g.java:244: error: reference to a is ambiguous
            this.a(gfxNpcList, -1, 40);
                ^
  both method a(ArrayList<t>,int,int) in g and method a(u,int,int) in g match
recovered-src-obf/as/g.java:248: error: cannot find symbol
            this.a(new be.aq(new aq.u(32800, 32794, this.B), 8241));
                                   ^
  symbol:   class u
  location: class aq
recovered-src-obf/as/g.java:262: error: cannot find symbol
                ArrayList<t> list = this.a(new aq.u(32800, 32794, this.B), 91538, 1);
                                                 ^
  symbol:   class u
  location: class aq
recovered-src-obf/as/g.java:263: error: cannot find symbol
                list.addAll(this.a(new aq.u(32800, 32795, this.B), 91548, 1));
                                         ^
  symbol:   class u
  location: class aq
recovered-src-obf/as/g.java:264: error: cannot find symbol
                list.addAll(this.a(new aq.u(32800, 32796, this.B), 91549, 1));
                                         ^
  symbol:   class u
  location: class aq
recovered-src-obf/as/g.java:268: error: incompatible types: boolean cannot be converted to int
                int time = this.a(list, 60000);
                                 ^

===== as/i.java [CFR] EXIT=1 =====
warning: [options] bootstrap class path not set in conjunction with -source 8
recovered-src-obf/as/i.java:74: error: cannot find symbol
    private ArrayList<t> a(aq.u loc, int mobid, int amount) {
                             ^
  symbol:   class u
  location: class aq
recovered-src-obf/as/i.java:84: error: cannot find symbol
    private ArrayList<t> a(aq.u loc, int[] mobsID) {
                             ^
  symbol:   class u
  location: class aq
recovered-src-obf/as/i.java:115: error: cannot find symbol
                    i.this.a(new aq.u(32801, 32812, this.c), 190045, 1);
                                   ^
  symbol:   class u
  location: class aq
recovered-src-obf/as/i.java:116: error: cannot find symbol
                    i.this.a(new aq.u(32756, 32872, this.c), 190045, 1);
                                   ^
  symbol:   class u
  location: class aq
recovered-src-obf/as/i.java:117: error: cannot find symbol
                    f door1 = ao.t.b().a(0, bh.f.a(12632), new aq.u(32843, 32878, this.c), 0, 1, false);
                                                                 ^
  symbol:   class u
  location: class aq
recovered-src-obf/as/i.java:117: error: cannot find symbol
                    f door1 = ao.t.b().a(0, bh.f.a(12632), new aq.u(32843, 32878, this.c), 0, 1, false);
                                ^
  symbol:   variable t
  location: class ao
recovered-src-obf/as/i.java:118: error: cannot find symbol
                    i.this.a(new aq.u(32849, 32923, this.c), 190031, 10);
                                   ^
  symbol:   class u
  location: class aq
recovered-src-obf/as/i.java:119: error: cannot find symbol
                    i.this.a(new aq.u(32844, 32905, this.c), 190029, 6);
                                   ^
  symbol:   class u
  location: class aq
recovered-src-obf/as/i.java:120: error: cannot find symbol
                    i.this.a(new aq.u(32844, 32905, this.c), 190030, 6);
                                   ^
  symbol:   class u
  location: class aq
recovered-src-obf/as/i.java:127: error: cannot find symbol
                    ArrayList list = i.this.a(new aq.u(32843, 32894, this.c), 190034, 2);
                                                    ^
  symbol:   class u
  location: class aq
recovered-src-obf/as/i.java:130: error: cannot find symbol
                    i.this.a(new aq.u(32843, 32886, this.c), 190034, 2);
                                   ^
  symbol:   class u
  location: class aq
recovered-src-obf/as/i.java:131: error: cannot find symbol
                    i.this.a(new aq.u(32843, 32886, this.c), 190029, 6);
                                   ^
  symbol:   class u
  location: class aq
recovered-src-obf/as/i.java:132: error: cannot find symbol
                    t keeper1 = (t)i.this.a(new aq.u(32843, 32885, this.c), 190032, 1).get(0);
                                                  ^
  symbol:   class u
  location: class aq
recovered-src-obf/as/i.java:138: error: cannot find symbol
                    f door2 = ao.t.b().a(0, bh.f.a(6336), new aq.u(32842, 32848, this.c), 0, 1, false);
                                                                ^
  symbol:   class u
  location: class aq
recovered-src-obf/as/i.java:138: error: cannot find symbol
                    f door2 = ao.t.b().a(0, bh.f.a(6336), new aq.u(32842, 32848, this.c), 0, 1, false);
                                ^
  symbol:   variable t
  location: class ao
recovered-src-obf/as/i.java:142: error: cannot find symbol
                    list2.addAll(i.this.a(new aq.u(32844, 32862, this.c), 190034, 4));
                                                ^
  symbol:   class u
  location: class aq
recovered-src-obf/as/i.java:143: error: cannot find symbol
                    list2.addAll(i.this.a(new aq.u(32844, 32862, this.c), 190035, 4));
                                                ^
  symbol:   class u
  location: class aq
recovered-src-obf/as/i.java:144: error: cannot find symbol
                    list2.addAll(i.this.a(new aq.u(32844, 32862, this.c), 190036, 4));
                                                ^
  symbol:   class u
  location: class aq
recovered-src-obf/as/i.java:145: error: cannot find symbol
                    i.this.a(new aq.u(32844, 32862, this.c), 190029, 6);
                                   ^
  symbol:   class u
  location: class aq
recovered-src-obf/as/i.java:148: error: cannot find symbol
                    i.this.a(new aq.u(32859, 32858, this.c), 190034, 2);
                                   ^
  symbol:   class u
  location: class aq
recovered-src-obf/as/i.java:149: error: cannot find symbol
                    t keeper2 = (t)i.this.a(new aq.u(32859, 32858, this.c), 190037, 1).get(0);
                                                  ^
  symbol:   class u
  location: class aq
recovered-src-obf/as/i.java:155: error: cannot find symbol
                    f door3 = ao.t.b().a(0, bh.f.a(12754), new aq.u(32820, 32812, this.c), 0, 1, false);
                                                                 ^
  symbol:   class u
  location: class aq
recovered-src-obf/as/i.java:155: error: cannot find symbol
                    f door3 = ao.t.b().a(0, bh.f.a(12754), new aq.u(32820, 32812, this.c), 0, 1, false);
                                ^
  symbol:   variable t
  location: class ao
recovered-src-obf/as/i.java:156: error: cannot find symbol
                    f door4 = ao.t.b().a(0, bh.f.a(12754), new aq.u(32820, 32813, this.c), 0, 1, false);
                                                                 ^
  symbol:   class u
  location: class aq
recovered-src-obf/as/i.java:156: error: cannot find symbol
                    f door4 = ao.t.b().a(0, bh.f.a(12754), new aq.u(32820, 32813, this.c), 0, 1, false);
                                ^
  symbol:   variable t
  location: class ao
recovered-src-obf/as/i.java:157: error: cannot find symbol
                    f door5 = ao.t.b().a(0, bh.f.a(12754), new aq.u(32820, 32814, this.c), 0, 1, false);
                                                                 ^
  symbol:   class u
  location: class aq
recovered-src-obf/as/i.java:157: error: cannot find symbol
                    f door5 = ao.t.b().a(0, bh.f.a(12754), new aq.u(32820, 32814, this.c), 0, 1, false);
                                ^
  symbol:   variable t
  location: class ao
recovered-src-obf/as/i.java:160: error: cannot find symbol
                    i.this.a(new aq.u(32846, 32814, this.c), 190035, 2);
                                   ^
  symbol:   class u
  location: class aq
recovered-src-obf/as/i.java:161: error: cannot find symbol
                    i.this.a(new aq.u(32846, 32814, this.c), 190029, 3);
                                   ^
  symbol:   class u
  location: class aq
recovered-src-obf/as/i.java:162: error: cannot find symbol
                    i.this.a(new aq.u(32846, 32814, this.c), 190034, 2);
                                   ^
  symbol:   class u
  location: class aq
recovered-src-obf/as/i.java:163: error: cannot find symbol
                    i.this.a(new aq.u(32864, 32804, this.c), 190035, 2);
                                   ^
  symbol:   class u
  location: class aq
recovered-src-obf/as/i.java:164: error: cannot find symbol
                    i.this.a(new aq.u(32864, 32804, this.c), 190030, 3);
                                   ^
  symbol:   class u

===== as/j.java [CFR] EXIT=1 =====
warning: [options] bootstrap class path not set in conjunction with -source 8
recovered-src-obf/as/j.java:168: error: <anonymous as.j$1> is not abstract and does not override abstract method compare(j.g,j.g) in Comparator
        Collections.sort(list_4, new Comparator<g>(){
                                                    ^
recovered-src-obf/as/j.java:175: error: name clash: compare(Object,Object) in <anonymous as.j$1> and compare(j.g,j.g) in Comparator have the same erasure, yet neither overrides the other
            public /* synthetic */ int compare(Object object, Object object2) {
                                       ^
recovered-src-obf/as/j.java:174: error: method does not override or implement a method from a supertype
            @Override
            ^
recovered-src-obf/as/j.java:179: error: <anonymous as.j$2> is not abstract and does not override abstract method compare(j.g,j.g) in Comparator
        Collections.sort(list_5, new Comparator<g>(){
                                                    ^
recovered-src-obf/as/j.java:186: error: name clash: compare(Object,Object) in <anonymous as.j$2> and compare(j.g,j.g) in Comparator have the same erasure, yet neither overrides the other
            public /* synthetic */ int compare(Object object, Object object2) {
                                       ^
recovered-src-obf/as/j.java:185: error: method does not override or implement a method from a supertype
            @Override
            ^
recovered-src-obf/as/j.java:190: error: <anonymous as.j$3> is not abstract and does not override abstract method compare(j.g,j.g) in Comparator
        Collections.sort(list_6, new Comparator<g>(){
                                                    ^
recovered-src-obf/as/j.java:197: error: name clash: compare(Object,Object) in <anonymous as.j$3> and compare(j.g,j.g) in Comparator have the same erasure, yet neither overrides the other
            public /* synthetic */ int compare(Object object, Object object2) {
                                       ^
recovered-src-obf/as/j.java:196: error: method does not override or implement a method from a supertype
            @Override
            ^
recovered-src-obf/as/j.java:220: error: no suitable constructor found for dc(int,String,Object[])
            pc.a(new dc(this.e, pc.et(), list.toArray(new g[0])));
                 ^
    constructor dc.dc(int,int,int) is not applicable
      (argument mismatch; String cannot be converted to int)
    constructor dc.dc(int,k,int) is not applicable
      (argument mismatch; String cannot be converted to k)
    constructor dc.dc(int,String...) is not applicable
      (varargs mismatch; Object[] cannot be converted to String)
    constructor dc.dc(bf.a...) is not applicable
      (varargs mismatch; int cannot be converted to bf.a)
    constructor dc.dc(int,d...) is not applicable
      (varargs mismatch; String cannot be converted to d)
    constructor dc.dc(int,int,String) is not applicable
      (argument mismatch; String cannot be converted to int)
    constructor dc.dc(int,String,int...) is not applicable
      (varargs mismatch; Object[] cannot be converted to int)
    constructor dc.dc(u,String,int) is not applicable
      (argument mismatch; int cannot be converted to u)
    constructor dc.dc(ArrayList<Integer>,ArrayList<Integer>,int) is not applicable
      (argument mismatch; int cannot be converted to ArrayList<Integer>)
    constructor dc.dc(int,String,j.g...) is not applicable
      (varargs mismatch; Object[] cannot be converted to j.g)
recovered-src-obf/as/j.java:222: error: no suitable constructor found for dc(int,String,Object[])
            pc.a(new dc(this.f, pc.et(), list.toArray(new g[0])));
                 ^
    constructor dc.dc(int,int,int) is not applicable
      (argument mismatch; String cannot be converted to int)
    constructor dc.dc(int,k,int) is not applicable
      (argument mismatch; String cannot be converted to k)
    constructor dc.dc(int,String...) is not applicable
      (varargs mismatch; Object[] cannot be converted to String)
    constructor dc.dc(bf.a...) is not applicable
      (varargs mismatch; int cannot be converted to bf.a)
    constructor dc.dc(int,d...) is not applicable
      (varargs mismatch; String cannot be converted to d)
    constructor dc.dc(int,int,String) is not applicable
      (argument mismatch; String cannot be converted to int)
    constructor dc.dc(int,String,int...) is not applicable
      (varargs mismatch; Object[] cannot be converted to int)
    constructor dc.dc(u,String,int) is not applicable
      (argument mismatch; int cannot be converted to u)
    constructor dc.dc(ArrayList<Integer>,ArrayList<Integer>,int) is not applicable
      (argument mismatch; int cannot be converted to ArrayList<Integer>)
    constructor dc.dc(int,String,j.g...) is not applicable
      (varargs mismatch; Object[] cannot be converted to j.g)
recovered-src-obf/as/j.java:224: error: no suitable constructor found for dc(int,String,Object[])
            pc.a(new dc(this.g, pc.et(), list.toArray(new g[0])));
                 ^
    constructor dc.dc(int,int,int) is not applicable
      (argument mismatch; String cannot be converted to int)
    constructor dc.dc(int,k,int) is not applicable
      (argument mismatch; String cannot be converted to k)
    constructor dc.dc(int,String...) is not applicable
      (varargs mismatch; Object[] cannot be converted to String)
    constructor dc.dc(bf.a...) is not applicable
      (varargs mismatch; int cannot be converted to bf.a)
    constructor dc.dc(int,d...) is not applicable
      (varargs mismatch; String cannot be converted to d)
    constructor dc.dc(int,int,String) is not applicable
      (argument mismatch; String cannot be converted to int)
    constructor dc.dc(int,String,int...) is not applicable
      (varargs mismatch; Object[] cannot be converted to int)
    constructor dc.dc(u,String,int) is not applicable
      (argument mismatch; int cannot be converted to u)
    constructor dc.dc(ArrayList<Integer>,ArrayList<Integer>,int) is not applicable
      (argument mismatch; int cannot be converted to ArrayList<Integer>)
    constructor dc.dc(int,String,j.g...) is not applicable
      (varargs mismatch; Object[] cannot be converted to j.g)
Note: recovered-src-obf/as/j.java uses unchecked or unsafe operations.
Note: Recompile with -Xlint:unchecked for details.
Note: Some messages have been simplified; recompile with -Xdiags:verbose to get full output
12 errors
1 warning

===== as/k.java [CFR] EXIT=1 =====
warning: [options] bootstrap class path not set in conjunction with -source 8
recovered-src-obf/as/k.java:85: error: cannot find symbol
    private ArrayList<t> a(aq.u loc, int mobid, int amount) {
                             ^
  symbol:   class u
  location: class aq
recovered-src-obf/as/k.java:95: error: cannot find symbol
    private ArrayList<t> a(aq.u loc, int[] mobsID) {
                             ^
  symbol:   class u
  location: class aq
recovered-src-obf/as/k.java:58: error: cannot find symbol
                aq.u src = new aq.u(32753, 32985, clone.a);
                  ^
  symbol:   class u
  location: class aq
recovered-src-obf/as/k.java:58: error: cannot find symbol
                aq.u src = new aq.u(32753, 32985, clone.a);
                                 ^
  symbol:   class u
  location: class aq
recovered-src-obf/as/k.java:59: error: cannot find symbol
                aq.u src2 = new aq.u(32753, 32986, clone.a);
                  ^
  symbol:   class u
  location: class aq
recovered-src-obf/as/k.java:59: error: cannot find symbol
                aq.u src2 = new aq.u(32753, 32986, clone.a);
                                  ^
  symbol:   class u
  location: class aq
recovered-src-obf/as/k.java:60: error: cannot find symbol
                aq.u dist = new aq.u(32830, 32758, clone.a);
                  ^
  symbol:   class u
  location: class aq
recovered-src-obf/as/k.java:60: error: cannot find symbol
                aq.u dist = new aq.u(32830, 32758, clone.a);
                                  ^
  symbol:   class u
  location: class aq
recovered-src-obf/as/k.java:123: error: cannot find symbol
                    t npc1 = (t)k.this.a(new aq.u(32624, 33057, this.c), 46164, 1).get(0);
                                               ^
  symbol:   class u
  location: class aq
recovered-src-obf/as/k.java:124: error: cannot find symbol
                    t npc2 = (t)k.this.a(new aq.u(32624, 33057, this.c - 99), 46165, 1).get(0);
                                               ^
  symbol:   class u
  location: class aq
recovered-src-obf/as/k.java:143: error: cannot find symbol
                    k.this.a(new aq.u(32613, 33055, this.c - 99), 46166, 1);
                                   ^
  symbol:   class u
  location: class aq
recovered-src-obf/as/k.java:144: error: cannot find symbol
                    k.this.a(new aq.u(32609, 33045, this.c - 99), 46166, 1);
                                   ^
  symbol:   class u
  location: class aq
recovered-src-obf/as/k.java:145: error: cannot find symbol
                    k.this.a(new aq.u(32616, 33035, this.c - 99), 46166, 1);
                                   ^
  symbol:   class u
  location: class aq
recovered-src-obf/as/k.java:146: error: cannot find symbol
                    k.this.a(new aq.u(32623, 33020, this.c - 99), 46166, 1);
                                   ^
  symbol:   class u
  location: class aq
recovered-src-obf/as/k.java:147: error: cannot find symbol
                    k.this.a(new aq.u(32628, 33007, this.c - 99), 46166, 1);
                                   ^
  symbol:   class u
  location: class aq
recovered-src-obf/as/k.java:148: error: cannot find symbol
                    k.this.a(new aq.u(32628, 32998, this.c - 99), 46166, 1);
                                   ^
  symbol:   class u
  location: class aq
recovered-src-obf/as/k.java:149: error: cannot find symbol
                    k.this.a(new aq.u(32666, 33000, this.c - 99), 46166, 1);
                                   ^
  symbol:   class u
  location: class aq
recovered-src-obf/as/k.java:150: error: cannot find symbol
                    k.this.a(new aq.u(32669, 33014, this.c - 99), 46166, 1);
                                   ^
  symbol:   class u
  location: class aq
recovered-src-obf/as/k.java:151: error: cannot find symbol
                    k.this.a(new aq.u(32673, 33030, this.c - 99), 46166, 1);
                                   ^
  symbol:   class u
  location: class aq
recovered-src-obf/as/k.java:152: error: cannot find symbol
                    k.this.a(new aq.u(32681, 33040, this.c - 99), 46166, 1);
                                   ^
  symbol:   class u
  location: class aq
recovered-src-obf/as/k.java:153: error: cannot find symbol
                    k.this.a(new aq.u(32691, 33041, this.c - 99), 46166, 1);
                                   ^
  symbol:   class u
  location: class aq
recovered-src-obf/as/k.java:154: error: cannot find symbol
                    k.this.a(new aq.u(32690, 33054, this.c - 99), 46166, 1);
                                   ^
  symbol:   class u
  location: class aq
recovered-src-obf/as/k.java:155: error: cannot find symbol
                    k.this.a(new aq.u(32706, 33052, this.c - 99), 46166, 1);
                                   ^
  symbol:   class u
  location: class aq
recovered-src-obf/as/k.java:156: error: cannot find symbol
                    k.this.a(new aq.u(32718, 33042, this.c - 99), 46166, 1);
                                   ^
  symbol:   class u
  location: class aq
recovered-src-obf/as/k.java:157: error: cannot find symbol
                    k.this.a(new aq.u(32729, 33034, this.c - 99), 46166, 1);
                                   ^
  symbol:   class u
  location: class aq
recovered-src-obf/as/k.java:158: error: cannot find symbol
                    k.this.a(new aq.u(32735, 33018, this.c - 99), 46166, 1);
                                   ^
  symbol:   class u
  location: class aq
recovered-src-obf/as/k.java:159: error: cannot find symbol
                    k.this.a(new aq.u(32741, 33018, this.c - 99), 46166, 1);
                                   ^
  symbol:   class u
  location: class aq
recovered-src-obf/as/k.java:160: error: cannot find symbol
                    k.this.a(new aq.u(32747, 32990, this.c - 99), 46166, 1);
                                   ^
  symbol:   class u
  location: class aq
recovered-src-obf/as/k.java:161: error: cannot find symbol
                    k.this.a(new aq.u(32747, 32983, this.c - 99), 46166, 1);
                                   ^
  symbol:   class u
  location: class aq
recovered-src-obf/as/k.java:169: error: cannot find symbol
                    f door1 = ao.t.b().a(0, bh.f.a(8307), new aq.u(32654, 33002, this.c - 99), 0, 1, false);
                                                                ^
  symbol:   class u
  location: class aq
recovered-src-obf/as/k.java:169: error: cannot find symbol
                    f door1 = ao.t.b().a(0, bh.f.a(8307), new aq.u(32654, 33002, this.c - 99), 0, 1, false);
                                ^
  symbol:   variable t
  location: class ao
recovered-src-obf/as/k.java:170: error: cannot find symbol
                    t mob1 = (t)k.this.a(new aq.u(32640, 32997, this.c - 99), 46174, 1).get(0);
                                               ^
  symbol:   class u

===== at/c.java [CFR] EXIT=1 =====
warning: [options] bootstrap class path not set in conjunction with -source 8
recovered-src-obf/at/c.java:84: error: unreachable statement
                break;
                ^
Note: recovered-src-obf/at/c.java uses unchecked or unsafe operations.
Note: Recompile with -Xlint:unchecked for details.
1 error
1 warning

===== au/f.java [CFR] EXIT=1 =====
warning: [options] bootstrap class path not set in conjunction with -source 8
recovered-src-obf/au/f.java:107: error: cannot find symbol
                item.cF(ai.d.a().d());
                          ^
  symbol:   variable d
  location: class ai
recovered-src-obf/au/f.java:115: error: cannot find symbol
                item.cF(ai.d.a().d());
                          ^
  symbol:   variable d
  location: class ai
recovered-src-obf/au/f.java:124: error: cannot find symbol
            item.cF(ai.d.a().d());
                      ^
  symbol:   variable d
  location: class ai
recovered-src-obf/au/f.java:566: error: f.a is not abstract and does not override abstract method compare(q,q) in Comparator
    private class a<T>
            ^
recovered-src-obf/au/f.java:576: error: name clash: compare(Object,Object) in f.a and compare(q,q) in Comparator have the same erasure, yet neither overrides the other
        public /* synthetic */ int compare(Object object, Object object2) {
                                   ^
recovered-src-obf/au/f.java:575: error: method does not override or implement a method from a supertype
        @Override
        ^
Note: recovered-src-obf/au/f.java uses unchecked or unsafe operations.
Note: Recompile with -Xlint:unchecked for details.
6 errors
1 warning

===== au/g.java [CFR] EXIT=1 =====
warning: [options] bootstrap class path not set in conjunction with -source 8
recovered-src-obf/au/g.java:136: error: a has private access in eu
            as.a.a().b(item);
              ^
recovered-src-obf/au/g.java:136: error: cannot find symbol
            as.a.a().b(item);
                ^
  symbol:   method a()
  location: variable a of type Logger
recovered-src-obf/au/g.java:266: error: a has private access in eu
                    as.a.a().a(item);
                      ^
recovered-src-obf/au/g.java:266: error: cannot find symbol
                    as.a.a().a(item);
                        ^
  symbol:   method a()
  location: variable a of type Logger
4 errors
1 warning

===== av/a.java [CFR] EXIT=1 =====
warning: [options] bootstrap class path not set in conjunction with -source 8
recovered-src-obf/av/a.java:42: error: class a is already defined in package av
    public static class a
                  ^
1 error
1 warning

===== ay/a.java [CFR] EXIT=1 =====
warning: [options] bootstrap class path not set in conjunction with -source 8
recovered-src-obf/ay/a.java:24: error: cannot find symbol
                if (!(obj instanceof aq.f)) {
                                       ^
  symbol:   class f
  location: class aq
recovered-src-obf/ay/a.java:27: error: cannot find symbol
                aq.f target = (aq.f)aq.a().a(pc.cK());
                  ^
  symbol:   class f
  location: class aq
recovered-src-obf/ay/a.java:27: error: cannot find symbol
                aq.f target = (aq.f)aq.a().a(pc.cK());
                                 ^
  symbol:   class f
  location: class aq
recovered-src-obf/ay/a.java:38: error: double cannot be dereferenced
                int interval = pc.ce().b(ak.a.b);
                                             ^
4 errors
1 warning

===== az/a.java [CFR] EXIT=1 =====
warning: [options] bootstrap class path not set in conjunction with -source 8
recovered-src-obf/az/a.java:73: error: class a is already defined in package az
    private class a
            ^
recovered-src-obf/az/a.java:50: error: non-static variable this cannot be referenced from a static context
        cha.a(new a(attacker, cha, damageSpan, damage, maxTime));
              ^
recovered-src-obf/az/a.java:83: error: cannot find symbol
                        Thread.sleep(a.this.d);
                                           ^
  symbol: variable d
recovered-src-obf/az/a.java:88: error: cannot find symbol
                    if (!a.this.c.bB(11)) break block4;
                               ^
  symbol: variable c
recovered-src-obf/az/a.java:89: error: cannot find symbol
                    if (a.this.c instanceof u) {
                              ^
  symbol: variable c
recovered-src-obf/az/a.java:90: error: cannot find symbol
                        u player = (u)a.this.c;
                                            ^
  symbol: variable c
recovered-src-obf/az/a.java:91: error: cannot find symbol
                        player.a(a.this.b, (double)a.this.e, false);
                                       ^
  symbol: variable b
recovered-src-obf/az/a.java:91: error: cannot find symbol
                        player.a(a.this.b, (double)a.this.e, false);
                                                         ^
  symbol: variable e
recovered-src-obf/az/a.java:95: error: cannot find symbol
                    if (!(a.this.c instanceof s)) continue;
                                ^
  symbol: variable c
recovered-src-obf/az/a.java:96: error: cannot find symbol
                    s mob = (s)a.this.c;
                                     ^
  symbol: variable c
recovered-src-obf/az/a.java:97: error: cannot find symbol
                    mob.b(a.this.b, a.this.e);
                                ^
  symbol: variable b
recovered-src-obf/az/a.java:97: error: cannot find symbol
                    mob.b(a.this.b, a.this.e);
                                          ^
  symbol: variable e
recovered-src-obf/az/a.java:102: error: cannot find symbol
            a.this.b();
                  ^
  symbol: method b()
13 errors
1 warning

===== az/b.java [CFR] EXIT=1 =====
warning: [options] bootstrap class path not set in conjunction with -source 8
recovered-src-obf/az/b.java:88: error: class b is already defined in package az
    private class b
            ^
recovered-src-obf/az/b.java:31: error: non-static variable this cannot be referenced from a static context
        cha.a(new b(cha, delay, time));
              ^
recovered-src-obf/az/b.java:74: error: not an enclosing class: b.b
            b.this.a.y(2);
             ^
recovered-src-obf/az/b.java:75: error: not an enclosing class: b.b
            b.this.a.bA(1008);
             ^
recovered-src-obf/az/b.java:76: error: not an enclosing class: b.b
            if (b.this.a.eX()) {
                 ^
recovered-src-obf/az/b.java:79: error: not an enclosing class: b.b
            b.this.a.j(1009, 0);
             ^
recovered-src-obf/az/b.java:80: error: not an enclosing class: b.b
            if (b.this.a instanceof u) {
                 ^
recovered-src-obf/az/b.java:81: error: not an enclosing class: b.b
                u pc = (u)b.this.a;
                           ^
recovered-src-obf/az/b.java:83: error: not an enclosing class: b.b
                b.this.d = e.a().a(new b(), b.this.c);
                 ^
recovered-src-obf/az/b.java:83: error: not an enclosing class: b.b
                b.this.d = e.a().a(new b(), b.this.c);
                                             ^
recovered-src-obf/az/b.java:95: error: cannot find symbol
            b.this.b();
                  ^
  symbol: method b()
11 errors
1 warning

===== ba/a.java [CFR] EXIT=1 =====
warning: [options] bootstrap class path not set in conjunction with -source 8
recovered-src-obf/ba/a.java:30: error: class a is already defined in package ba
    private class a
            ^
recovered-src-obf/ba/a.java:21: error: non-static variable this cannot be referenced from a static context
            a = new a();
                ^
recovered-src-obf/ba/a.java:38: error: cannot find symbol
            ao.b.a().a(a.this.b);
                             ^
  symbol: variable b
recovered-src-obf/ba/a.java:44: error: cannot find symbol
            if ((iterator = a.this.b.listIterator()).hasNext()) {
                                  ^
  symbol: variable b
recovered-src-obf/ba/a.java:46: error: cannot find symbol
                a2.c = a2.c % a.this.b.size();
                  ^
  symbol:   variable c
  location: variable a2 of type ba.a.a
recovered-src-obf/ba/a.java:46: error: cannot find symbol
                a2.c = a2.c % a.this.b.size();
                         ^
  symbol:   variable c
  location: variable a2 of type ba.a.a
recovered-src-obf/ba/a.java:46: error: cannot find symbol
                a2.c = a2.c % a.this.b.size();
                                    ^
  symbol: variable b
recovered-src-obf/ba/a.java:47: error: cannot find symbol
                aq.a().d((String)a.this.b.get(a.this.c));
                                                    ^
  symbol: variable c
recovered-src-obf/ba/a.java:47: error: cannot find symbol
                aq.a().d((String)a.this.b.get(a.this.c));
                                       ^
  symbol: variable b
recovered-src-obf/ba/a.java:49: error: cannot find symbol
                a3.c = a3.c + 1;
                  ^
  symbol:   variable c
  location: variable a3 of type ba.a.a
recovered-src-obf/ba/a.java:49: error: cannot find symbol
                a3.c = a3.c + 1;
                         ^
  symbol:   variable c
  location: variable a3 of type ba.a.a
Note: recovered-src-obf/ba/a.java uses unchecked or unsafe operations.
Note: Recompile with -Xlint:unchecked for details.
11 errors
1 warning

===== ba/d.java [CFR] EXIT=1 =====
warning: [options] bootstrap class path not set in conjunction with -source 8
recovered-src-obf/ba/d.java:83: error: cannot find symbol
                for (u pc : aq.aq.a().c()) {
                              ^
  symbol:   variable aq
  location: class aq
recovered-src-obf/ba/d.java:126: error: cannot find symbol
                for (u pc : aq.aq.a().c()) {
                              ^
  symbol:   variable aq
  location: class aq
2 errors
1 warning

===== ba/i.java [CFR] EXIT=1 =====
warning: [options] bootstrap class path not set in conjunction with -source 8
recovered-src-obf/ba/i.java:88: error: cannot find symbol
        for (aq.i clan : ao.q.a().b().values()) {
               ^
  symbol:   class i
  location: class aq
recovered-src-obf/ba/i.java:96: error: cannot find symbol
        for (aq.i clan : ao.q.a().b().values()) {
               ^
  symbol:   class i
  location: class aq
recovered-src-obf/ba/i.java:122: error: cannot find symbol
        for (aq.i clan : ao.q.a().b().values()) {
               ^
  symbol:   class i
  location: class aq
3 errors
1 warning

===== bc/a.java [CFR] EXIT=1 =====
warning: [options] bootstrap class path not set in conjunction with -source 8
recovered-src-obf/bc/a.java:34: error: cannot find symbol
    private final aq.u g;
                    ^
  symbol:   class u
  location: class aq
recovered-src-obf/bc/a.java:165: error: class a is already defined in package bc
    private static class a {
                   ^
recovered-src-obf/bc/a.java:75: error: incompatible types: bc.a cannot be converted to bc.a.a
        for (a data : h) {
                      ^
recovered-src-obf/bc/a.java:111: error: no suitable method found for a(bc.a.a)
        this.c.a((a)null);
              ^
    method aa.a(b) is not applicable
      (argument mismatch; bc.a.a cannot be converted to b)
    method aa.a(aq.u) is not applicable
      (argument mismatch; bc.a.a cannot be converted to aq.u)
    method aa.a(ap.u) is not applicable
      (argument mismatch; bc.a.a cannot be converted to ap.u)
    method f.a(ab) is not applicable
      (argument mismatch; bc.a.a cannot be converted to ab)
    method f.a(aa) is not applicable
      (argument mismatch; bc.a.a cannot be converted to aa)
    method f.a(k) is not applicable
      (argument mismatch; bc.a.a cannot be converted to k)
    method f.a(az.c) is not applicable
      (argument mismatch; bc.a.a cannot be converted to az.c)
    method ap.u.a(int) is not applicable
      (argument mismatch; bc.a.a cannot be converted to int)
    method ap.u.a(List<ap.u>) is not applicable
      (argument mismatch; bc.a.a cannot be converted to List<ap.u>)
    method ap.u.a(eu) is not applicable
      (argument mismatch; bc.a.a cannot be converted to eu)
    method ap.u.a(f) is not applicable
      (argument mismatch; bc.a.a cannot be converted to f)
    method ap.u.a(boolean) is not applicable
      (argument mismatch; bc.a.a cannot be converted to boolean)
    method ap.u.a(String) is not applicable
      (argument mismatch; bc.a.a cannot be converted to String)
    method ap.u.a(q) is not applicable
      (argument mismatch; bc.a.a cannot be converted to q)
    method ap.u.a(CopyOnWriteArrayList<q>) is not applicable
      (argument mismatch; bc.a.a cannot be converted to CopyOnWriteArrayList<q>)
    method ap.u.a(Timestamp) is not applicable
      (argument mismatch; bc.a.a cannot be converted to Timestamp)
    method ap.u.a(d) is not applicable
      (argument mismatch; bc.a.a cannot be converted to d)
    method ap.u.a(ac) is not applicable
      (argument mismatch; bc.a.a cannot be converted to ac)
    method ap.u.a(h) is not applicable
      (argument mismatch; bc.a.a cannot be converted to h)
    method ap.u.a(byte[]) is not applicable
      (argument mismatch; bc.a.a cannot be converted to byte[])
    method ap.u.a(bc.a) is not applicable
      (argument mismatch; bc.a.a cannot be converted to bc.a)
    method ap.u.a(int[]) is not applicable
      (argument mismatch; bc.a.a cannot be converted to int[])
    method ap.u.a(ArrayList<Integer>) is not applicable
      (argument mismatch; bc.a.a cannot be converted to ArrayList<Integer>)
    method ap.u.a(int[][]) is not applicable
      (argument mismatch; bc.a.a cannot be converted to int[][])
recovered-src-obf/bc/a.java:148: error: incompatible types: bc.a.a cannot be converted to bc.a
                        h.add(data);
                              ^
Note: recovered-src-obf/bc/a.java uses unchecked or unsafe operations.
Note: Recompile with -Xlint:unchecked for details.
Note: Some messages have been simplified; recompile with -Xdiags:verbose to get full output
5 errors
1 warning

===== bc/d.java [CFR] EXIT=1 =====
warning: [options] bootstrap class path not set in conjunction with -source 8
recovered-src-obf/bc/d.java:33: error: <identifier> expected
import be.do;
          ^
recovered-src-obf/bc/d.java:149: error: <identifier> expected
            pc.a(new do(pc));
                    ^
recovered-src-obf/bc/d.java:149: error: '(' or '[' expected
            pc.a(new do(pc));
                     ^
recovered-src-obf/bc/d.java:149: error: not a statement
            pc.a(new do(pc));
                       ^
recovered-src-obf/bc/d.java:149: error: ';' expected
            pc.a(new do(pc));
                           ^
5 errors
1 warning

===== be/ae.java [CFR] EXIT=1 =====
warning: [options] bootstrap class path not set in conjunction with -source 8
recovered-src-obf/be/ae.java:27: error: incompatible types: possible lossy conversion from int to byte
        data[0] = hasLevel5to8 && !hasLevel9to10 ? 50 : (hasLevel9to10 ? 100 : 32);
                                                 ^
1 error
1 warning

===== be/bh.java [CFR] EXIT=1 =====
warning: [options] bootstrap class path not set in conjunction with -source 8
recovered-src-obf/be/bh.java:45: error: cannot find symbol
                builder9.f(a.g.a(item.t()));
                            ^
  symbol:   variable g
  location: class a
1 error
1 warning

===== be/bx.java [CFR] EXIT=1 =====
warning: [options] bootstrap class path not set in conjunction with -source 8
recovered-src-obf/be/bx.java:8: error: a type with the same simple name is already defined by the single-type-import of a
import l1j.server.a;
^
recovered-src-obf/be/bx.java:15: error: reference to a is ambiguous
        a.a.a builder1 = a.a.aa();
        ^
  both class an.a in an and class l1j.server.a in l1j.server match
recovered-src-obf/be/bx.java:15: error: reference to a is ambiguous
        a.a.a builder1 = a.a.aa();
                         ^
  both class an.a in an and class l1j.server.a in l1j.server match
recovered-src-obf/be/bx.java:17: error: reference to a is ambiguous
        builder1.b(a.a);
                   ^
  both class an.a in an and class l1j.server.a in l1j.server match
4 errors
1 warning

===== be/c.java [CFR] EXIT=1 =====
warning: [options] bootstrap class path not set in conjunction with -source 8
recovered-src-obf/be/c.java:6: error: c is already defined in this compilation unit
import an.c;
^
recovered-src-obf/be/c.java:43: error: cannot find symbol
            builder9.f(a.g.a(item.t()));
                        ^
  symbol:   variable g
  location: class a
recovered-src-obf/be/c.java:140: error: cannot find symbol
            builder9.f(a.g.a(item.t()));
                        ^
  symbol:   variable g
  location: class a
3 errors
1 warning

===== be/cm.java [CFR] EXIT=1 =====
warning: [options] bootstrap class path not set in conjunction with -source 8
recovered-src-obf/be/cm.java:376: error: int cannot be dereferenced
                CopyOnWriteArrayList<u> list = aq.x.a().b(value);
                                                 ^
recovered-src-obf/be/cm.java:385: error: int cannot be dereferenced
                this.a(aq.x.a().a(value));
                         ^
recovered-src-obf/be/cm.java:616: error: int cannot be dereferenced
        this.c(aq.aq.a().c().size());
                 ^
recovered-src-obf/be/cm.java:617: error: int cannot be dereferenced
        for (u pc : aq.aq.a().c()) {
                      ^
4 errors
1 warning

===== be/db.java [CFR] EXIT=1 =====
warning: [options] bootstrap class path not set in conjunction with -source 8
recovered-src-obf/be/db.java:35: error: cannot find symbol
                ap.q item = shopPc.j().e(itemObjectId);
                  ^
  symbol:   class q
  location: class ap
recovered-src-obf/be/db.java:68: error: cannot find symbol
                ap.q item = shopPc.j().e(itemObjectId);
                  ^
  symbol:   class q
  location: class ap
recovered-src-obf/be/db.java:69: error: cannot find symbol
                for (ap.q pcItem : pc.j().d()) {
                       ^
  symbol:   class q
  location: class ap
3 errors
1 warning

===== be/dc.java [VINEFLOWER_HARDTAIL] EXIT=1 =====
warning: [options] bootstrap class path not set in conjunction with -source 8
recovery/vineflower-hard-tail/be/dc.java:370: error: cannot find symbol
   public dc(int var1, ap.u var2) {
                         ^
  symbol:   class u
  location: class ap
recovery/vineflower-hard-tail/be/dc.java:634: error: cannot find symbol
   public dc(int var1, aq.k var2, ap.q var3, int var4) {
                         ^
  symbol:   class k
  location: class aq
recovery/vineflower-hard-tail/be/dc.java:634: error: cannot find symbol
   public dc(int var1, aq.k var2, ap.q var3, int var4) {
                                    ^
  symbol:   class q
  location: class ap
recovery/vineflower-hard-tail/be/dc.java:648: error: cannot find symbol
   public dc(int var1, aq.k var2, int var3) {
                         ^
  symbol:   class k
  location: class aq
recovery/vineflower-hard-tail/be/dc.java:710: error: cannot find symbol
   public dc(ao.bf.a... var1) {
               ^
  symbol:   class bf
  location: class ao
recovery/vineflower-hard-tail/be/dc.java:738: error: cannot find symbol
   public dc(int var1, bh.d... var2) {
                         ^
  symbol:   class d
  location: class bh
recovery/vineflower-hard-tail/be/dc.java:838: error: cannot find symbol
   public dc(HashMap<Integer, ap.q> var1, int var2) {
                                ^
  symbol:   class q
  location: class ap
recovery/vineflower-hard-tail/be/dc.java:896: error: cannot find symbol
   public dc(ap.u var1, String var2, int var3) {
               ^
  symbol:   class u
  location: class ap
recovery/vineflower-hard-tail/be/dc.java:937: error: cannot find symbol
   public dc(ap.u var1, String var2, int var3, int var4) {
               ^
  symbol:   class u
  location: class ap
recovery/vineflower-hard-tail/be/dc.java:985: error: cannot find symbol
   public dc(int var1, bh.s var2) {
                         ^
  symbol:   class s
  location: class bh
recovery/vineflower-hard-tail/be/dc.java:1034: error: cannot find symbol
   public dc(int var1, String var2, as.j.g... var3) {
                                      ^
  symbol:   class j
  location: class as
recovery/vineflower-hard-tail/be/dc.java:89: error: cannot find symbol
            an.a.a.a var3 = an.a.a.aa();
              ^
  symbol:   class a
  location: class an
recovery/vineflower-hard-tail/be/dc.java:89: error: int cannot be dereferenced
            an.a.a.a var3 = an.a.a.aa();
                              ^
recovery/vineflower-hard-tail/be/dc.java:94: error: cannot find symbol
            an.a.a.a var2 = an.a.a.aa();
              ^
  symbol:   class a
  location: class an
recovery/vineflower-hard-tail/be/dc.java:94: error: int cannot be dereferenced
            an.a.a.a var2 = an.a.a.aa();
                              ^
recovery/vineflower-hard-tail/be/dc.java:100: error: cannot find symbol
            an.a.c.a var4 = an.a.c.aa();
              ^
  symbol:   class a
  location: class an
recovery/vineflower-hard-tail/be/dc.java:100: error: int cannot be dereferenced
            an.a.c.a var4 = an.a.c.aa();
                              ^
recovery/vineflower-hard-tail/be/dc.java:106: error: cannot find symbol
               an.h.e.a var7 = an.h.e.aa();
                 ^
  symbol:   class h
  location: class an
recovery/vineflower-hard-tail/be/dc.java:106: error: int cannot be dereferenced
               an.h.e.a var7 = an.h.e.aa();
                                 ^
recovery/vineflower-hard-tail/be/dc.java:109: error: cannot find symbol
               var7.e(bi.g.a("http://g.lineage.power.plaync.com/wiki/%EC%97%90%EB%A5%B4%EC%9E%90%EB%B2%A0"));
                        ^
  symbol:   variable g
  location: class bi
recovery/vineflower-hard-tail/be/dc.java:110: error: cannot find symbol
               var7.f(bi.g.a(var5[var6]));
                        ^
  symbol:   variable g
  location: class bi
recovery/vineflower-hard-tail/be/dc.java:111: error: cannot find symbol
               var7.c(aq.aq.a().b[var6]);
                        ^
  symbol:   variable aq
  location: class aq
recovery/vineflower-hard-tail/be/dc.java:112: error: cannot find symbol
               var7.d(aq.aq.a().b[var6] + (var6 == 3 ? 2400 : 600));
                        ^
  symbol:   variable aq
  location: class aq
recovery/vineflower-hard-tail/be/dc.java:113: error: cannot find symbol
               an.e.c.a var9 = an.e.c.aa();
                 ^
  symbol:   class e
  location: class an
recovery/vineflower-hard-tail/be/dc.java:113: error: int cannot be dereferenced
               an.e.c.a var9 = an.e.c.aa();
                                 ^
recovery/vineflower-hard-tail/be/dc.java:114: error: cannot find symbol
               var9.e(bi.g.a("4654"));
                        ^
  symbol:   variable g
  location: class bi
recovery/vineflower-hard-tail/be/dc.java:131: error: cannot find symbol
            an.h.e.a var12 = an.h.e.aa();
              ^
  symbol:   class h
  location: class an
recovery/vineflower-hard-tail/be/dc.java:131: error: int cannot be dereferenced
            an.h.e.a var12 = an.h.e.aa();
                               ^
recovery/vineflower-hard-tail/be/dc.java:133: error: cannot find symbol
            var12.e(bi.g.a(""));
                      ^
  symbol:   variable g
  location: class bi
recovery/vineflower-hard-tail/be/dc.java:134: error: cannot find symbol
            var12.f(bi.g.a("$25034"));
                      ^
  symbol:   variable g
  location: class bi
recovery/vineflower-hard-tail/be/dc.java:137: error: cannot find symbol
            an.e.c.a var13 = an.e.c.aa();
              ^
  symbol:   class e
  location: class an
recovery/vineflower-hard-tail/be/dc.java:137: error: int cannot be dereferenced
            an.e.c.a var13 = an.e.c.aa();
                               ^
recovery/vineflower-hard-tail/be/dc.java:138: error: cannot find symbol
            var13.e(bi.g.a("4654"));
                      ^
  symbol:   variable g
  location: class bi
recovery/vineflower-hard-tail/be/dc.java:153: error: cannot find symbol
            an.a.g.a var3 = an.a.g.aa();
              ^
  symbol:   class a
  location: class an
recovery/vineflower-hard-tail/be/dc.java:153: error: int cannot be dereferenced
            an.a.g.a var3 = an.a.g.aa();
                              ^

===== be/dl.java [CFR] EXIT=1 =====
warning: [options] bootstrap class path not set in conjunction with -source 8
recovered-src-obf/be/dl.java:18: error: cannot find symbol
        i clan = ao.q.a().a(pc.aF());
                   ^
  symbol:   variable q
  location: class ao
1 error
1 warning

===== be/do.java [CFR] EXIT=1 =====
warning: [options] bootstrap class path not set in conjunction with -source 8
recovered-src-obf/be/do.java:9: error: <identifier> expected
public class do
            ^
recovered-src-obf/be/do.java:11: error: illegal start of type
    public do(u pc) {
           ^
recovered-src-obf/be/do.java:11: error: ';' expected
    public do(u pc) {
                  ^
3 errors
1 warning

===== be/du.java [CFR] EXIT=1 =====
warning: [options] bootstrap class path not set in conjunction with -source 8
recovered-src-obf/be/du.java:24: error: cannot find symbol
    public du(ap.t npc, int type) {
                ^
  symbol:   class t
  location: class ap
recovered-src-obf/be/du.java:34: error: cannot find symbol
    public du(ap.t npc, ap.u pc, int type) {
                ^
  symbol:   class t
  location: class ap
recovered-src-obf/be/du.java:34: error: cannot find symbol
    public du(ap.t npc, ap.u pc, int type) {
                          ^
  symbol:   class u
  location: class ap
recovered-src-obf/be/du.java:40: error: cannot find symbol
    private void a(ap.t npc) {
                     ^
  symbol:   class t
  location: class ap
recovered-src-obf/be/du.java:81: error: cannot find symbol
    private void b(ap.t npc) {
                     ^
  symbol:   class t
  location: class ap
recovered-src-obf/be/du.java:121: error: cannot find symbol
    private void c(ap.t npc) {
                     ^
  symbol:   class t
  location: class ap
recovered-src-obf/be/du.java:149: error: cannot find symbol
    private void a(ap.t npc, ap.u pc) {
                     ^
  symbol:   class t
  location: class ap
recovered-src-obf/be/du.java:149: error: cannot find symbol
    private void a(ap.t npc, ap.u pc) {
                               ^
  symbol:   class u
  location: class ap
recovered-src-obf/be/du.java:40: error: a(t) in du cannot override a(byte[]) in eu
    private void a(ap.t npc) {
                 ^
  attempting to assign weaker access privileges; was protected
recovered-src-obf/be/du.java:81: error: b(t) in du cannot override b(int) in eu
    private void b(ap.t npc) {
                 ^
  attempting to assign weaker access privileges; was protected
recovered-src-obf/be/du.java:121: error: c(t) in du cannot override c(int) in eu
    private void c(ap.t npc) {
                 ^
  attempting to assign weaker access privileges; was protected
recovered-src-obf/be/du.java:137: error: a has private access in eu
            this.a(as.a.a().a(shopItem.b().h()));
                     ^
recovered-src-obf/be/du.java:137: error: cannot find symbol
            this.a(as.a.a().a(shopItem.b().h()));
                       ^
  symbol:   method a()
  location: variable a of type Logger
13 errors
1 warning

===== be/dv.java [CFR] EXIT=1 =====
warning: [options] bootstrap class path not set in conjunction with -source 8
recovered-src-obf/be/dv.java:17: error: cannot find symbol
    public dv(ap.t npc, ap.u pc) {
                ^
  symbol:   class t
  location: class ap
recovered-src-obf/be/dv.java:17: error: cannot find symbol
    public dv(ap.t npc, ap.u pc) {
                          ^
  symbol:   class u
  location: class ap
2 errors
1 warning

===== be/g.java [CFR] EXIT=1 =====
warning: [options] bootstrap class path not set in conjunction with -source 8
recovered-src-obf/be/g.java:89: error: cannot find symbol
        this.a(ai.d.a().b());
                 ^
  symbol:   variable d
  location: class ai
1 error
1 warning

===== be/i.java [CFR] EXIT=1 =====
warning: [options] bootstrap class path not set in conjunction with -source 8
recovered-src-obf/be/i.java:13: error: cannot find symbol
    public i(int objid, ArrayList<bh.i> sellList) {
                                    ^
  symbol:   class i
  location: class bh
recovered-src-obf/be/i.java:17: error: cannot find symbol
        for (bh.i house : sellList) {
               ^
  symbol:   class i
  location: class bh
2 errors
1 warning

===== be/v.java [CFR] EXIT=1 =====
warning: [options] bootstrap class path not set in conjunction with -source 8
recovered-src-obf/be/v.java:84: error: <anonymous be.v$1> is not abstract and does not override abstract method compare(bd.b,bd.b) in Comparator
        Collections.sort(arrayList, new Comparator<bd.b>(){
                                                          ^
recovered-src-obf/be/v.java:94: error: name clash: compare(Object,Object) in <anonymous be.v$1> and compare(bd.b,bd.b) in Comparator have the same erasure, yet neither overrides the other
            public /* synthetic */ int compare(Object object, Object object2) {
                                       ^
recovered-src-obf/be/v.java:93: error: method does not override or implement a method from a supertype
            @Override
            ^
3 errors
1 warning

===== bf/a.java [CFR] EXIT=1 =====
warning: [options] bootstrap class path not set in conjunction with -source 8
recovered-src-obf/bf/a.java:253: error: a has private access in bg
            bg.a.a(_user, _skill.h());
              ^
recovered-src-obf/bf/a.java:253: error: int cannot be dereferenced
            bg.a.a(_user, _skill.h());
                ^
recovered-src-obf/bf/a.java:263: error: incompatible types: bad type in conditional expression
        objects = area == -2 ? aq.a().a((aa)user, target) : aq.a().b((aa)target, area);
                                       ^
    ArrayList<aa> cannot be converted to ArrayList<Object>
recovered-src-obf/bf/a.java:263: error: incompatible types: bad type in conditional expression
        objects = area == -2 ? aq.a().a((aa)user, target) : aq.a().b((aa)target, area);
                                                                    ^
    ArrayList<aa> cannot be converted to ArrayList<Object>
recovered-src-obf/bf/a.java:264: error: incompatible types: Object cannot be converted to aa
        for (aa aa2 : objects) {
                      ^
recovered-src-obf/bf/a.java:274: error: cannot find symbol
                } else if (user instanceof z || user instanceof ap.v) {
                                                                  ^
  symbol:   class v
  location: class ap
recovered-src-obf/bf/a.java:295: error: cannot find symbol
            if (aa2 instanceof z || aa2 instanceof ap.v) {
                                                     ^
  symbol:   class v
  location: class ap
recovered-src-obf/bf/a.java:300: error: cannot find symbol
                } else if (user instanceof z || user instanceof ap.v) {
                                                                  ^
  symbol:   class v
  location: class ap
recovered-src-obf/bf/a.java:362: error: cannot find symbol
            pc.a(new be.g(pc, target.fr(), _skill.s(), dmg, 0));
                       ^
  symbol:   class g
  location: class be
recovered-src-obf/bf/a.java:364: error: cannot find symbol
        _user.b(new be.g(_user, target.fr(), _skill.s(), dmg, 0));
                      ^
  symbol:   class g
  location: class be
recovered-src-obf/bf/a.java:371: error: cannot find symbol
            pc.a(new be.g(_user, target, _skill.s(), _skill.t(), dmg, 6, 0));
                       ^
  symbol:   class g
  location: class be
recovered-src-obf/bf/a.java:373: error: cannot find symbol
        _user.b(new be.g(_user, target, _skill.s(), _skill.t(), dmg, 6, 0));
                      ^
  symbol:   class g
  location: class be
recovered-src-obf/bf/a.java:383: error: cannot find symbol
            pc.a(new be.g(_user, target, actid, gfxid, dmg, 6, 0));
                       ^
  symbol:   class g
  location: class be
recovered-src-obf/bf/a.java:385: error: cannot find symbol
        _user.b(new be.g(_user, target, actid, gfxid, dmg, 6, 0));
                      ^
  symbol:   class g
  location: class be
Note: recovered-src-obf/bf/a.java uses unchecked or unsafe operations.
Note: Recompile with -Xlint:unchecked for details.
14 errors
1 warning

===== bf/aa.java [CFR] EXIT=1 =====
warning: [options] bootstrap class path not set in conjunction with -source 8
recovered-src-obf/bf/aa.java:37: error: cannot find symbol
        aq.aa obj = aq.a().a(_targetId);
          ^
  symbol:   class aa
  location: class aq
1 error
1 warning

===== bf/aj.java [CFR] EXIT=1 =====
warning: [options] bootstrap class path not set in conjunction with -source 8
recovered-src-obf/bf/aj.java:28: error: cannot find symbol
        aq.aa obj = aq.a().a(_targetId);
          ^
  symbol:   class aa
  location: class aq
recovered-src-obf/bf/aj.java:29: error: cannot find symbol
        if (!(obj instanceof f) || obj instanceof aa || obj instanceof ap.f) {
                                                                         ^
  symbol:   class f
  location: class ap
2 errors
1 warning

===== bf/aq.java [CFR] EXIT=1 =====
warning: [options] bootstrap class path not set in conjunction with -source 8
recovered-src-obf/bf/aq.java:38: error: cannot find symbol
        aa obj = aq.aq.a().a(_targetId);
                   ^
  symbol:   variable aq
  location: class aq
1 error
1 warning

===== bf/ay.java [CFR] EXIT=1 =====
warning: [options] bootstrap class path not set in conjunction with -source 8
recovered-src-obf/bf/ay.java:86: error: cannot find symbol
        } else if (cha instanceof s || cha instanceof z || cha instanceof ap.v) {
                                                                            ^
  symbol:   class v
  location: class ap
1 error
1 warning

===== bf/b.java [VINEFLOWER_HARDTAIL] EXIT=1 =====
warning: [options] bootstrap class path not set in conjunction with -source 8
recovery/vineflower-hard-tail/bf/b.java:7: error: cannot find symbol
   public void a(aq.f var1, int var2) {
                   ^
  symbol:   class f
  location: class aq
recovery/vineflower-hard-tail/bf/b.java:10: error: cannot find symbol
   public void a(ap.t var1, aq.f var2, ao.ar.b var3) {
                   ^
  symbol:   class t
  location: class ap
recovery/vineflower-hard-tail/bf/b.java:10: error: cannot find symbol
   public void a(ap.t var1, aq.f var2, ao.ar.b var3) {
                              ^
  symbol:   class f
  location: class aq
recovery/vineflower-hard-tail/bf/b.java:10: error: cannot find symbol
   public void a(ap.t var1, aq.f var2, ao.ar.b var3) {
                                         ^
  symbol:   class ar
  location: class ao
recovery/vineflower-hard-tail/bf/b.java:84: error: cannot find symbol
   private void d(aq.f var1, int var2) {
                    ^
  symbol:   class f
  location: class aq
recovery/vineflower-hard-tail/bf/b.java:90: error: cannot find symbol
   private void b(aq.f var1, aq.f var2, int var3) {
                    ^
  symbol:   class f
  location: class aq
recovery/vineflower-hard-tail/bf/b.java:90: error: cannot find symbol
   private void b(aq.f var1, aq.f var2, int var3) {
                               ^
  symbol:   class f
  location: class aq
recovery/vineflower-hard-tail/bf/b.java:97: error: cannot find symbol
   private void b(aq.f var1) {
                    ^
  symbol:   class f
  location: class aq
recovery/vineflower-hard-tail/bf/b.java:116: error: cannot find symbol
   private void c(aq.f var1) {
                    ^
  symbol:   class f
  location: class aq
recovery/vineflower-hard-tail/bf/b.java:135: error: cannot find symbol
   public void a(aq.f var1, int var2, int var3, int var4, String var5) {
                   ^
  symbol:   class f
  location: class aq
recovery/vineflower-hard-tail/bf/b.java:139: error: cannot find symbol
   public void a(aq.f var1) {
                   ^
  symbol:   class f
  location: class aq
recovery/vineflower-hard-tail/bf/b.java:10: error: a(t,f,b) in b cannot override a(f,f,int) in a
   public void a(ap.t var1, aq.f var2, ao.ar.b var3) {
               ^
  return type void is not compatible with ArrayList<f>
recovery/vineflower-hard-tail/bf/b.java:11: error: cannot find symbol
      aq.f var4 = var3.g ? var2 : var1;
        ^
  symbol:   class f
  location: class aq
recovery/vineflower-hard-tail/bf/b.java:20: error: cannot find symbol
         ao.bg.a(var3.n, var1, 5, var2);
           ^
  symbol:   variable bg
  location: class ao
recovery/vineflower-hard-tail/bf/b.java:24: error: cannot find symbol
         for (aq.f var6 : var5) {
                ^
  symbol:   class f
  location: class aq
recovery/vineflower-hard-tail/bf/b.java:28: error: cannot find symbol
               aq.am.a(var6, var1, 1);
                 ^
  symbol:   variable am
  location: class aq
recovery/vineflower-hard-tail/bf/b.java:34: error: cannot find symbol
               int var8 = var3.b + bi.i.a(var3.c);
                                     ^
  symbol:   variable i
  location: class bi
recovery/vineflower-hard-tail/bf/b.java:35: error: cannot find symbol
               var8 = (int)aq.w.a(var1, var2, var8, var3.m);
                             ^
  symbol:   variable w
  location: class aq
recovery/vineflower-hard-tail/bf/b.java:37: error: cannot find symbol
               if (var6 instanceof ap.u) {
                                     ^
  symbol:   class u
  location: class ap
recovery/vineflower-hard-tail/bf/b.java:38: error: cannot find symbol
                  ap.u var9 = (ap.u)var6;
                    ^
  symbol:   class u
  location: class ap
recovery/vineflower-hard-tail/bf/b.java:38: error: cannot find symbol
                  ap.u var9 = (ap.u)var6;
                                 ^
  symbol:   class u
  location: class ap
recovery/vineflower-hard-tail/bf/b.java:40: error: cannot find symbol
               } else if (var6 instanceof ap.t) {
                                            ^
  symbol:   class t
  location: class ap
recovery/vineflower-hard-tail/bf/b.java:41: error: cannot find symbol
                  ap.t var15 = (ap.t)var6;
                    ^
  symbol:   class t
  location: class ap
recovery/vineflower-hard-tail/bf/b.java:41: error: cannot find symbol
                  ap.t var15 = (ap.t)var6;
                                  ^
  symbol:   class t
  location: class ap
recovery/vineflower-hard-tail/bf/b.java:50: error: cannot find symbol
            var1.b(new be.de(var1, var5, var3.f, var3.i, 8));
                         ^
  symbol:   class de
  location: class be
recovery/vineflower-hard-tail/bf/b.java:52: error: cannot find symbol
            var1.b(new be.de(var1, var5, var3.f, var3.i, 0));
                         ^
  symbol:   class de
  location: class be
recovery/vineflower-hard-tail/bf/b.java:55: error: cannot find symbol
               aq.f var12 = var5.get(var10);
                 ^
  symbol:   class f
  location: class aq
recovery/vineflower-hard-tail/bf/b.java:57: error: cannot find symbol
                  var12.b(new be.ak(var12.fr(), 2));
                                ^
  symbol:   class ak
  location: class be
recovery/vineflower-hard-tail/bf/b.java:58: error: cannot find symbol
                  if (var12 instanceof ap.u) {
                                         ^
  symbol:   class u
  location: class ap
recovery/vineflower-hard-tail/bf/b.java:59: error: cannot find symbol
                     ap.u var14 = (ap.u)var12;
                       ^
  symbol:   class u
  location: class ap
recovery/vineflower-hard-tail/bf/b.java:59: error: cannot find symbol
                     ap.u var14 = (ap.u)var12;
                                     ^
  symbol:   class u
  location: class ap
recovery/vineflower-hard-tail/bf/b.java:60: error: cannot find symbol
                     var14.a(new be.ak(var14.fr(), 2));
                                   ^
  symbol:   class ak
  location: class be

===== bf/be.java [CFR] EXIT=1 =====
warning: [options] bootstrap class path not set in conjunction with -source 8
recovered-src-obf/bf/be.java:18: error: cannot find symbol
    private final v b = ao.be.a().a(56);
                          ^
  symbol:   variable be
  location: class ao
1 error
1 warning

===== bf/bf.java [CFR] EXIT=1 =====
warning: [options] bootstrap class path not set in conjunction with -source 8
recovered-src-obf/bf/bf.java:33: error: cannot find symbol
        aq.aa obj = aq.a().a(_targetId);
          ^
  symbol:   class aa
  location: class aq
recovered-src-obf/bf/bf.java:34: error: cannot find symbol
        if (!(obj instanceof f) || obj instanceof aa || obj instanceof ap.f) {
                                                                         ^
  symbol:   class f
  location: class ap
2 errors
1 warning

===== bf/bi.java [CFR] EXIT=1 =====
warning: [options] bootstrap class path not set in conjunction with -source 8
recovered-src-obf/bf/bi.java:27: error: cannot find symbol
                pc.a(new be.bi(pc.fr(), 1));
                           ^
  symbol:   class bi
  location: class be
recovered-src-obf/bf/bi.java:45: error: cannot find symbol
            pc.a(new be.bi(pc.fr(), 1));
                       ^
  symbol:   class bi
  location: class be
recovered-src-obf/bf/bi.java:60: error: cannot find symbol
            pc.a(new be.bi(pc.fr(), 0));
                       ^
  symbol:   class bi
  location: class be
3 errors
1 warning

===== bf/bj.java [CFR] EXIT=1 =====
warning: [options] bootstrap class path not set in conjunction with -source 8
recovered-src-obf/bf/bj.java:28: error: cannot find symbol
        aq.aa obj = aq.a().a(_targetId);
          ^
  symbol:   class aa
  location: class aq
recovered-src-obf/bf/bj.java:53: error: cannot find symbol
        } else if (target instanceof t && (!(npc = (t)target).U_().ah() || npc instanceof ap.v)) {
                                                                                            ^
  symbol:   class v
  location: class ap
recovered-src-obf/bf/bj.java:56: error: cannot find symbol
            if (npc instanceof ap.v) {
                                 ^
  symbol:   class v
  location: class ap
recovered-src-obf/bf/bj.java:57: error: cannot find symbol
                ap.v pet = (ap.v)npc;
                  ^
  symbol:   class v
  location: class ap
recovered-src-obf/bf/bj.java:57: error: cannot find symbol
                ap.v pet = (ap.v)npc;
                              ^
  symbol:   class v
  location: class ap
5 errors
1 warning

===== bf/br.java [CFR] EXIT=1 =====
warning: [options] bootstrap class path not set in conjunction with -source 8
recovered-src-obf/bf/br.java:54: error: cannot find symbol
                aq.u newLocation = pc.fu().a(200, true);
                  ^
  symbol:   class u
  location: class aq
1 error
1 warning

===== bf/bx.java [CFR] EXIT=1 =====
warning: [options] bootstrap class path not set in conjunction with -source 8
recovered-src-obf/bf/bx.java:28: error: cannot find symbol
        aq.aa obj = aq.a().a(_targetId);
          ^
  symbol:   class aa
  location: class aq
recovered-src-obf/bf/bx.java:53: error: cannot find symbol
        } else if (target instanceof t && (!(npc = (t)target).U_().ah() || npc instanceof ap.v)) {
                                                                                            ^
  symbol:   class v
  location: class ap
recovered-src-obf/bf/bx.java:56: error: cannot find symbol
            if (npc instanceof ap.v) {
                                 ^
  symbol:   class v
  location: class ap
recovered-src-obf/bf/bx.java:57: error: cannot find symbol
                ap.v pet = (ap.v)npc;
                  ^
  symbol:   class v
  location: class ap
recovered-src-obf/bf/bx.java:57: error: cannot find symbol
                ap.v pet = (ap.v)npc;
                              ^
  symbol:   class v
  location: class ap
5 errors
1 warning

===== bf/c.java [CFR] EXIT=1 =====
warning: [options] bootstrap class path not set in conjunction with -source 8
recovered-src-obf/bf/c.java:28: error: cannot find symbol
        aq.aa obj = aq.a().a(_targetId);
          ^
  symbol:   class aa
  location: class aq
recovered-src-obf/bf/c.java:29: error: cannot find symbol
        if (!(obj instanceof f) || obj instanceof aa || obj instanceof ap.f) {
                                                                         ^
  symbol:   class f
  location: class ap
2 errors
1 warning

===== bf/cl.java [CFR] EXIT=1 =====
warning: [options] bootstrap class path not set in conjunction with -source 8
recovered-src-obf/bf/cl.java:9: error: <identifier> expected
import be.do;
          ^
recovered-src-obf/bf/cl.java:31: error: <identifier> expected
            tpc.a(new do(tpc));
                     ^
recovered-src-obf/bf/cl.java:31: error: '(' or '[' expected
            tpc.a(new do(tpc));
                      ^
recovered-src-obf/bf/cl.java:31: error: not a statement
            tpc.a(new do(tpc));
                        ^
recovered-src-obf/bf/cl.java:31: error: ';' expected
            tpc.a(new do(tpc));
                             ^
recovered-src-obf/bf/cl.java:46: error: <identifier> expected
            pc.a(new do(pc));
                    ^
recovered-src-obf/bf/cl.java:46: error: '(' or '[' expected
            pc.a(new do(pc));
                     ^
recovered-src-obf/bf/cl.java:46: error: not a statement
            pc.a(new do(pc));
                       ^
recovered-src-obf/bf/cl.java:46: error: ';' expected
            pc.a(new do(pc));
                           ^
recovered-src-obf/bf/cl.java:56: error: <identifier> expected
            pc.a(new do(pc));
                    ^
recovered-src-obf/bf/cl.java:56: error: '(' or '[' expected
            pc.a(new do(pc));
                     ^
recovered-src-obf/bf/cl.java:56: error: not a statement
            pc.a(new do(pc));
                       ^
recovered-src-obf/bf/cl.java:56: error: ';' expected
            pc.a(new do(pc));
                           ^
13 errors
1 warning

===== bf/dh.java [CFR] EXIT=1 =====
warning: [options] bootstrap class path not set in conjunction with -source 8
recovered-src-obf/bf/dh.java:9: error: <identifier> expected
import be.do;
          ^
recovered-src-obf/bf/dh.java:39: error: <identifier> expected
                tpc.a(new do(tpc));
                         ^
recovered-src-obf/bf/dh.java:39: error: '(' or '[' expected
                tpc.a(new do(tpc));
                          ^
recovered-src-obf/bf/dh.java:39: error: not a statement
                tpc.a(new do(tpc));
                            ^
recovered-src-obf/bf/dh.java:39: error: ';' expected
                tpc.a(new do(tpc));
                                 ^
recovered-src-obf/bf/dh.java:67: error: <identifier> expected
            pc.a(new do(pc));
                    ^
recovered-src-obf/bf/dh.java:67: error: '(' or '[' expected
            pc.a(new do(pc));
                     ^
recovered-src-obf/bf/dh.java:67: error: not a statement
            pc.a(new do(pc));
                       ^
recovered-src-obf/bf/dh.java:67: error: ';' expected
            pc.a(new do(pc));
                           ^
9 errors
1 warning

===== bf/dj.java [CFR] EXIT=1 =====
warning: [options] bootstrap class path not set in conjunction with -source 8
recovered-src-obf/bf/dj.java:9: error: <identifier> expected
import be.do;
          ^
recovered-src-obf/bf/dj.java:30: error: <identifier> expected
            tpc.a(new do(tpc));
                     ^
recovered-src-obf/bf/dj.java:30: error: '(' or '[' expected
            tpc.a(new do(tpc));
                      ^
recovered-src-obf/bf/dj.java:30: error: not a statement
            tpc.a(new do(tpc));
                        ^
recovered-src-obf/bf/dj.java:30: error: ';' expected
            tpc.a(new do(tpc));
                             ^
recovered-src-obf/bf/dj.java:44: error: <identifier> expected
            pc.a(new do(pc));
                    ^
recovered-src-obf/bf/dj.java:44: error: '(' or '[' expected
            pc.a(new do(pc));
                     ^
recovered-src-obf/bf/dj.java:44: error: not a statement
            pc.a(new do(pc));
                       ^
recovered-src-obf/bf/dj.java:44: error: ';' expected
            pc.a(new do(pc));
                           ^
recovered-src-obf/bf/dj.java:53: error: <identifier> expected
            pc.a(new do(pc));
                    ^
recovered-src-obf/bf/dj.java:53: error: '(' or '[' expected
            pc.a(new do(pc));
                     ^
recovered-src-obf/bf/dj.java:53: error: not a statement
            pc.a(new do(pc));
                       ^
recovered-src-obf/bf/dj.java:53: error: ';' expected
            pc.a(new do(pc));
                           ^
13 errors
1 warning

===== bf/do.java [CFR] EXIT=1 =====
warning: [options] bootstrap class path not set in conjunction with -source 8
recovered-src-obf/bf/do.java:14: error: <identifier> expected
public class do
            ^
1 error
1 warning

===== bf/dq.java [CFR] EXIT=1 =====
warning: [options] bootstrap class path not set in conjunction with -source 8
recovered-src-obf/bf/dq.java:9: error: <identifier> expected
import be.do;
          ^
recovered-src-obf/bf/dq.java:31: error: <identifier> expected
            tpc.a(new do(tpc));
                     ^
recovered-src-obf/bf/dq.java:31: error: '(' or '[' expected
            tpc.a(new do(tpc));
                      ^
recovered-src-obf/bf/dq.java:31: error: not a statement
            tpc.a(new do(tpc));
                        ^
recovered-src-obf/bf/dq.java:31: error: ';' expected
            tpc.a(new do(tpc));
                             ^
recovered-src-obf/bf/dq.java:46: error: <identifier> expected
            pc.a(new do(pc));
                    ^
recovered-src-obf/bf/dq.java:46: error: '(' or '[' expected
            pc.a(new do(pc));
                     ^
recovered-src-obf/bf/dq.java:46: error: not a statement
            pc.a(new do(pc));
                       ^
recovered-src-obf/bf/dq.java:46: error: ';' expected
            pc.a(new do(pc));
                           ^
recovered-src-obf/bf/dq.java:56: error: <identifier> expected
            pc.a(new do(pc));
                    ^
recovered-src-obf/bf/dq.java:56: error: '(' or '[' expected
            pc.a(new do(pc));
                     ^
recovered-src-obf/bf/dq.java:56: error: not a statement
            pc.a(new do(pc));
                       ^
recovered-src-obf/bf/dq.java:56: error: ';' expected
            pc.a(new do(pc));
                           ^
13 errors
1 warning

===== bf/dx.java [CFR] EXIT=1 =====
warning: [options] bootstrap class path not set in conjunction with -source 8
recovered-src-obf/bf/dx.java:27: error: cannot find symbol
            tpc.a(new be.dx(tpc.fr(), 4, timeSecs));
                        ^
  symbol:   class dx
  location: class be
recovered-src-obf/bf/dx.java:28: error: cannot find symbol
            tpc.b(new be.dx(tpc.fr(), 4, timeSecs));
                        ^
  symbol:   class dx
  location: class be
recovered-src-obf/bf/dx.java:40: error: cannot find symbol
            pc.a(new be.dx(pc.fr(), 4, this.b.v()));
                       ^
  symbol:   class dx
  location: class be
recovered-src-obf/bf/dx.java:41: error: cannot find symbol
            pc.b(new be.dx(pc.fr(), 4, this.b.v()));
                       ^
  symbol:   class dx
  location: class be
recovered-src-obf/bf/dx.java:50: error: cannot find symbol
            pc.a(new be.dx(pc.fr(), 0, 0));
                       ^
  symbol:   class dx
  location: class be
recovered-src-obf/bf/dx.java:51: error: cannot find symbol
            pc.b(new be.dx(pc.fr(), 0, 0));
                       ^
  symbol:   class dx
  location: class be
6 errors
1 warning

===== bf/ea.java [CFR] EXIT=1 =====
warning: [options] bootstrap class path not set in conjunction with -source 8
recovered-src-obf/bf/ea.java:12: error: <identifier> expected
import be.do;
          ^
recovered-src-obf/bf/ea.java:32: error: <identifier> expected
            pc.a(new do(pc));
                    ^
recovered-src-obf/bf/ea.java:32: error: '(' or '[' expected
            pc.a(new do(pc));
                     ^
recovered-src-obf/bf/ea.java:32: error: not a statement
            pc.a(new do(pc));
                       ^
recovered-src-obf/bf/ea.java:32: error: ';' expected
            pc.a(new do(pc));
                           ^
recovered-src-obf/bf/ea.java:51: error: <identifier> expected
                pc.a(new do(pc));
                        ^
recovered-src-obf/bf/ea.java:51: error: '(' or '[' expected
                pc.a(new do(pc));
                         ^
recovered-src-obf/bf/ea.java:51: error: not a statement
                pc.a(new do(pc));
                           ^
recovered-src-obf/bf/ea.java:51: error: ';' expected
                pc.a(new do(pc));
                               ^
recovered-src-obf/bf/ea.java:62: error: <identifier> expected
            pc.a(new do(pc));
                    ^
recovered-src-obf/bf/ea.java:62: error: '(' or '[' expected
            pc.a(new do(pc));
                     ^
recovered-src-obf/bf/ea.java:62: error: not a statement
            pc.a(new do(pc));
                       ^
recovered-src-obf/bf/ea.java:62: error: ';' expected
            pc.a(new do(pc));
                           ^
13 errors
1 warning

===== bf/em.java [CFR] EXIT=1 =====
warning: [options] bootstrap class path not set in conjunction with -source 8
recovered-src-obf/bf/em.java:28: error: cannot find symbol
        aq.aa obj = aq.a().a(_targetId);
          ^
  symbol:   class aa
  location: class aq
recovered-src-obf/bf/em.java:52: error: cannot find symbol
        } else if (target instanceof t && (!(npc = (t)target).U_().ah() || npc instanceof ap.v)) {
                                                                                            ^
  symbol:   class v
  location: class ap
recovered-src-obf/bf/em.java:55: error: cannot find symbol
            if (npc instanceof ap.v) {
                                 ^
  symbol:   class v
  location: class ap
recovered-src-obf/bf/em.java:56: error: cannot find symbol
                ap.v pet = (ap.v)npc;
                  ^
  symbol:   class v
  location: class ap
recovered-src-obf/bf/em.java:56: error: cannot find symbol
                ap.v pet = (ap.v)npc;
                              ^
  symbol:   class v
  location: class ap
5 errors
1 warning

===== bf/f.java [CFR] EXIT=1 =====
warning: [options] bootstrap class path not set in conjunction with -source 8
recovered-src-obf/bf/f.java:19: error: cannot find symbol
    public void a(aq.f _target, int timeSecs) {
                    ^
  symbol:   class f
  location: class aq
recovered-src-obf/bf/f.java:23: error: cannot find symbol
    public void a(aq.f _user, int _targetId, int x2, int y2, String message) {
                    ^
  symbol:   class f
  location: class aq
recovered-src-obf/bf/f.java:36: error: cannot find symbol
    public void a(aq.f cha) {
                    ^
  symbol:   class f
  location: class aq
recovered-src-obf/bf/f.java:25: error: cannot find symbol
        if (!(obj instanceof aq.f)) {
                               ^
  symbol:   class f
  location: class aq
recovered-src-obf/bf/f.java:28: error: cannot find symbol
        aq.f target = (aq.f)obj;
          ^
  symbol:   class f
  location: class aq
recovered-src-obf/bf/f.java:28: error: cannot find symbol
        aq.f target = (aq.f)obj;
                         ^
  symbol:   class f
  location: class aq
6 errors
1 warning

===== bf/fe.java [CFR] EXIT=1 =====
warning: [options] bootstrap class path not set in conjunction with -source 8
recovered-src-obf/bf/fe.java:52: error: cannot find symbol
            pc.a(new be.aq(target.fs(), target.ft(), this.b.u()));
                       ^
  symbol:   class aq
  location: class be
recovered-src-obf/bf/fe.java:53: error: cannot find symbol
            pc.b(new be.aq(target.fs(), target.ft(), this.b.u()));
                       ^
  symbol:   class aq
  location: class be
2 errors
1 warning

===== bf/fw.java [CFR] EXIT=1 =====
warning: [options] bootstrap class path not set in conjunction with -source 8
recovered-src-obf/bf/fw.java:11: error: <identifier> expected
import be.do;
          ^
recovered-src-obf/bf/fw.java:32: error: <identifier> expected
            tpc.a(new do(tpc));
                     ^
recovered-src-obf/bf/fw.java:32: error: '(' or '[' expected
            tpc.a(new do(tpc));
                      ^
recovered-src-obf/bf/fw.java:32: error: not a statement
            tpc.a(new do(tpc));
                        ^
recovered-src-obf/bf/fw.java:32: error: ';' expected
            tpc.a(new do(tpc));
                             ^
recovered-src-obf/bf/fw.java:51: error: <identifier> expected
            tpc.a(new do(tpc));
                     ^
recovered-src-obf/bf/fw.java:51: error: '(' or '[' expected
            tpc.a(new do(tpc));
                      ^
recovered-src-obf/bf/fw.java:51: error: not a statement
            tpc.a(new do(tpc));
                        ^
recovered-src-obf/bf/fw.java:51: error: ';' expected
            tpc.a(new do(tpc));
                             ^
recovered-src-obf/bf/fw.java:60: error: <identifier> expected
            pc.a(new do(pc));
                    ^
recovered-src-obf/bf/fw.java:60: error: '(' or '[' expected
            pc.a(new do(pc));
                     ^
recovered-src-obf/bf/fw.java:60: error: not a statement
            pc.a(new do(pc));
                       ^
recovered-src-obf/bf/fw.java:60: error: ';' expected
            pc.a(new do(pc));
                           ^
13 errors
1 warning

===== bf/g.java [CFR] EXIT=1 =====
warning: [options] bootstrap class path not set in conjunction with -source 8
recovered-src-obf/bf/g.java:50: error: cannot find symbol
                aq.u newLocation = pc.fu().a(200, true);
                  ^
  symbol:   class u
  location: class aq
1 error
1 warning

===== bf/gl.java [CFR] EXIT=1 =====
warning: [options] bootstrap class path not set in conjunction with -source 8
recovered-src-obf/bf/gl.java:57: error: cannot find symbol
        } else if (cha instanceof s || cha instanceof z || cha instanceof ap.v) {
                                                                            ^
  symbol:   class v
  location: class ap
1 error
1 warning

===== bf/gm.java [CFR] EXIT=1 =====
warning: [options] bootstrap class path not set in conjunction with -source 8
recovered-src-obf/bf/gm.java:18: error: cannot find symbol
extends bf.a {
          ^
  symbol:   class a
  location: class bf
recovered-src-obf/bf/gm.java:22: error: method does not override or implement a method from a supertype
    @Override
    ^
recovered-src-obf/bf/gm.java:26: error: method does not override or implement a method from a supertype
    @Override
    ^
recovered-src-obf/bf/gm.java:34: error: cannot find symbol
        this.b(_user, target, this.b, 1);
            ^
  symbol: method b(f,f,v,int)
recovered-src-obf/bf/gm.java:38: error: method does not override or implement a method from a supertype
    @Override
    ^
recovered-src-obf/bf/gm.java:88: error: cannot find symbol
            bi.e.a().a(this);
              ^
  symbol:   variable e
  location: class bi
6 errors
1 warning

===== bf/gn.java [CFR] EXIT=1 =====
warning: [options] bootstrap class path not set in conjunction with -source 8
recovered-src-obf/bf/gn.java:58: error: cannot find symbol
        } else if (cha instanceof s || cha instanceof z || cha instanceof ap.v) {
                                                                            ^
  symbol:   class v
  location: class ap
1 error
1 warning

===== bf/m.java [CFR] EXIT=1 =====
warning: [options] bootstrap class path not set in conjunction with -source 8
recovered-src-obf/bf/m.java:27: error: a has private access in az
        az.a.a(_target, _target, 3000, 5, timeSecs);
          ^
recovered-src-obf/bf/m.java:27: error: int cannot be dereferenced
        az.a.a(_target, _target, 3000, 5, timeSecs);
            ^
recovered-src-obf/bf/m.java:42: error: a has private access in az
            az.a.a(_user, target, 3000, 5, this.b.v());
              ^
recovered-src-obf/bf/m.java:42: error: int cannot be dereferenced
            az.a.a(_user, target, 3000, 5, this.b.v());
                ^
4 errors
1 warning

===== bf/u.java [CFR] EXIT=1 =====
warning: [options] bootstrap class path not set in conjunction with -source 8
recovered-src-obf/bf/u.java:27: error: cannot find symbol
        aq.aa obj = aq.a().a(_targetId);
          ^
  symbol:   class aa
  location: class aq
recovered-src-obf/bf/u.java:28: error: cannot find symbol
        if (!(obj instanceof f) || obj instanceof aa || obj instanceof ap.f) {
                                                                         ^
  symbol:   class f
  location: class ap
recovered-src-obf/bf/u.java:43: error: cannot find symbol
        if (target.bB(73) && target instanceof ap.u) {
                                                 ^
  symbol:   class u
  location: class ap
recovered-src-obf/bf/u.java:44: error: cannot find symbol
            ap.u tpc = (ap.u)target;
              ^
  symbol:   class u
  location: class ap
recovered-src-obf/bf/u.java:44: error: cannot find symbol
            ap.u tpc = (ap.u)target;
                          ^
  symbol:   class u
  location: class ap
5 errors
1 warning

===== bf/v.java [CFR] EXIT=1 =====
warning: [options] bootstrap class path not set in conjunction with -source 8
recovered-src-obf/bf/v.java:18: error: cannot find symbol
    private final bh.v b = be.a().a(20);
                    ^
  symbol:   class v
  location: class bh
1 error
1 warning

===== bg/a.java [CFR] EXIT=1 =====
warning: [options] bootstrap class path not set in conjunction with -source 8
recovered-src-obf/bg/a.java:18: error: class a is already defined in package bg
    private static class a
                   ^
1 error
1 warning

===== bg/b.java [CFR] EXIT=1 =====
warning: [options] bootstrap class path not set in conjunction with -source 8
recovered-src-obf/bg/b.java:229: error: <identifier> expected
    public static final int do = 1014;
                           ^
1 error
1 warning

===== bg/c.java [CFR] EXIT=1 =====
warning: [options] bootstrap class path not set in conjunction with -source 8
recovered-src-obf/bg/c.java:23: error: <identifier> expected
import be.do;
          ^
recovered-src-obf/bg/c.java:910: error: <identifier> expected
            pc.a(new do(pc));
                    ^
recovered-src-obf/bg/c.java:910: error: '(' or '[' expected
            pc.a(new do(pc));
                     ^
recovered-src-obf/bg/c.java:910: error: not a statement
            pc.a(new do(pc));
                       ^
recovered-src-obf/bg/c.java:910: error: ';' expected
            pc.a(new do(pc));
                           ^
5 errors
1 warning

===== bh/a.java [CFR] EXIT=1 =====
warning: [options] bootstrap class path not set in conjunction with -source 8
recovered-src-obf/bh/a.java:21: error: cannot find symbol
import sun.misc.BASE64Encoder;
               ^
  symbol:   class BASE64Encoder
  location: package sun.misc
recovered-src-obf/bh/a.java:102: error: cannot find symbol
        return new BASE64Encoder().encode(buf);
                   ^
  symbol:   class BASE64Encoder
  location: class a
2 errors
1 warning

===== bh/f.java [CFR] EXIT=1 =====
warning: [options] bootstrap class path not set in conjunction with -source 8
recovered-src-obf/bh/f.java:70: error: unreported exception SQLException; must be caught or declared to be thrown
            con = l1j.server.b.a().b();
                                ^
recovered-src-obf/bh/f.java:70: error: unreported exception SQLException; must be caught or declared to be thrown
            con = l1j.server.b.a().b();
                                    ^
recovered-src-obf/bh/f.java:71: error: unreported exception SQLException; must be caught or declared to be thrown
            pstm = con.prepareStatement("SELECT * FROM door_gfxs WHERE gfxid = ?");
                                       ^
recovered-src-obf/bh/f.java:72: error: unreported exception SQLException; must be caught or declared to be thrown
            pstm.setInt(1, gfxId);
                       ^
recovered-src-obf/bh/f.java:73: error: unreported exception SQLException; must be caught or declared to be thrown
            rs = pstm.executeQuery();
                                  ^
recovered-src-obf/bh/f.java:74: error: unreported exception SQLException; must be caught or declared to be thrown
            if (rs.next()) break block5;
                       ^
6 errors
1 warning

===== bi/g.java [CFR] EXIT=1 =====
warning: [options] bootstrap class path not set in conjunction with -source 8
recovered-src-obf/bi/g.java:119: error: <identifier> expected
import bf.do;
          ^
recovered-src-obf/bi/g.java:967: error: <identifier> expected
            return new do();
                      ^
recovered-src-obf/bi/g.java:967: error: '(' or '[' expected
            return new do();
                       ^
recovered-src-obf/bi/g.java:967: error: -> expected
            return new do();
                           ^
recovered-src-obf/bi/g.java:967: error: not a statement
            return new do();
                         ^
recovered-src-obf/bi/g.java:967: error: while expected
            return new do();
                            ^
recovered-src-obf/bi/g.java:968: error: illegal start of expression
        }
        ^
7 errors
1 warning

===== bj/e.java [CFR] EXIT=1 =====
warning: [options] bootstrap class path not set in conjunction with -source 8
recovered-src-obf/bj/e.java:229: error: <identifier> expected
    public static final int do = 157;
                           ^
1 error
1 warning

===== l1j/server/a.java [CFR] EXIT=1 =====
warning: [options] bootstrap class path not set in conjunction with -source 8
recovered-src-obf/l1j/server/a.java:118: error: int cannot be dereferenced
            r table = ao.r.a();
                        ^
1 error
1 warning

