Class,ClassKind,SourceFile,MemberKind,Name,Descriptor,Synthetic,Bridge
ai.c,TOP_LEVEL,GameServer.java,method,a,(Lai/c;)Ljava/util/concurrent/CopyOnWriteArrayList;,1,0
ai.c,TOP_LEVEL,GameServer.java,method,b,(Lai/c;)Ljava/util/concurrent/ConcurrentHashMap;,1,0
ai.c,TOP_LEVEL,GameServer.java,method,f,()Ljava/util/logging/Logger;,1,0
ai.c$a,INNER,GameServer.java,field,a,Lai/c;,1,0
ai.c$b,INNER,GameServer.java,field,c,Lai/c;,1,0
ai.c$c,INNER,GameServer.java,field,a,Lai/c;,1,0
ai.c$c,INNER,GameServer.java,method,<init>,(Lai/c;Lai/c$c;)V,1,0
ai.c$d,INNER,GameServer.java,field,a,Lai/c;,1,0
ai.c$d,INNER,GameServer.java,method,<init>,(Lai/c;Ljava/net/ServerSocket;Lai/c$d;)V,1,0
ai.c$e,INNER,GameServer.java,field,a,Lai/c;,1,0
aj.ai$a,INNER,C_Door.java,field,a,Laj/ai;,1,0
aj.ai$a,INNER,C_Door.java,method,<init>,(Laj/ai;Lap/f;Laj/ai$a;)V,1,0
aj.ai$a,INNER,C_Door.java,method,a,(Laj/ai$a;)V,1,0
aj.bp$a,INNER,C_Pledge.java,field,h,Laj/bp;,1,0
am.d$a,INNER,MonsterListReader.java,field,k,Lam/d;,1,0
am.d$b,INNER,MonsterListReader.java,field,d,Lam/d;,1,0
am.d$c,INNER,MonsterListReader.java,field,j,Lam/d;,1,0
am.d$d,INNER,MonsterListReader.java,field,e,Lam/d;,1,0
an.a,TOP_LEVEL,PBMessageALL.java,method,a,(La/k$a;)V,1,0
an.a,TOP_LEVEL,PBMessageALL.java,method,a,(La/k$g;)V,1,0
an.a,TOP_LEVEL,PBMessageALL.java,method,a,(La/p$g;)V,1,0
an.a,TOP_LEVEL,PBMessageALL.java,method,b,()La/k$a;,1,0
an.a,TOP_LEVEL,PBMessageALL.java,method,b,(La/k$a;)V,1,0
an.a,TOP_LEVEL,PBMessageALL.java,method,b,(La/p$g;)V,1,0
an.a,TOP_LEVEL,PBMessageALL.java,method,c,()La/k$a;,1,0
an.a,TOP_LEVEL,PBMessageALL.java,method,c,(La/k$a;)V,1,0
an.a,TOP_LEVEL,PBMessageALL.java,method,c,(La/p$g;)V,1,0
an.a,TOP_LEVEL,PBMessageALL.java,method,d,()La/k$a;,1,0
an.a,TOP_LEVEL,PBMessageALL.java,method,d,(La/k$a;)V,1,0
an.a,TOP_LEVEL,PBMessageALL.java,method,d,(La/p$g;)V,1,0
an.a,TOP_LEVEL,PBMessageALL.java,method,e,()La/k$a;,1,0
an.a,TOP_LEVEL,PBMessageALL.java,method,e,(La/k$a;)V,1,0
an.a,TOP_LEVEL,PBMessageALL.java,method,e,(La/p$g;)V,1,0
an.a,TOP_LEVEL,PBMessageALL.java,method,f,()La/k$a;,1,0
an.a,TOP_LEVEL,PBMessageALL.java,method,g,()La/p$g;,1,0
an.a,TOP_LEVEL,PBMessageALL.java,method,h,()La/p$g;,1,0
an.a,TOP_LEVEL,PBMessageALL.java,method,i,()La/p$g;,1,0
an.a,TOP_LEVEL,PBMessageALL.java,method,j,()La/p$g;,1,0
an.a,TOP_LEVEL,PBMessageALL.java,method,k,()La/p$g;,1,0
an.a$a,INNER,PBMessageALL.java,method,<init>,(La/h;La/n;Lan/a$a;)V,1,0
an.a$a,INNER,PBMessageALL.java,method,<init>,(La/p$a;Lan/a$a;)V,1,0
an.a$a,INNER,PBMessageALL.java,method,M,()La/x$a;,1,0
an.a$a,INNER,PBMessageALL.java,method,N,()La/x$a;,1,0
an.a$a,INNER,PBMessageALL.java,method,O,()La/y$a;,1,0
an.a$a,INNER,PBMessageALL.java,method,P,()La/y$a;,1,0
an.a$a,INNER,PBMessageALL.java,method,Q,()La/y;,1,0
an.a$a,INNER,PBMessageALL.java,method,R,()La/x;,1,0
an.a$a,INNER,PBMessageALL.java,method,a,(Lan/a$a;I)V,1,0
an.a$a,INNER,PBMessageALL.java,method,af,()Z,1,0
an.a$a,INNER,PBMessageALL.java,method,b,(La/p$b;)La/x$a;,1,0
an.a$a,INNER,PBMessageALL.java,method,b,(Lan/a$a;I)V,1,0
an.a$a,INNER,PBMessageALL.java,method,c,(Lan/a$a;I)V,1,0
an.a$a,INNER,PBMessageALL.java,method,d,(Lan/a$a;I)V,1,0
an.a$a,INNER,PBMessageALL.java,method,e,(Lan/a$a;I)V,1,0
an.a$a,INNER,PBMessageALL.java,method,f,(Lan/a$a;I)V,1,0
an.a$a,INNER,PBMessageALL.java,method,g,(Lan/a$a;I)V,1,0
an.a$a,INNER,PBMessageALL.java,method,h,(Lan/a$a;I)V,1,0
an.a$a,INNER,PBMessageALL.java,method,i,(Lan/a$a;I)V,1,0
an.a$a,INNER,PBMessageALL.java,method,j,(Lan/a$a;I)V,1,0
an.a$a,INNER,PBMessageALL.java,method,k,(Lan/a$a;I)V,1,0
an.a$a,INNER,PBMessageALL.java,method,l,(Lan/a$a;I)V,1,0
an.a$a,INNER,PBMessageALL.java,method,m,(Lan/a$a;I)V,1,0
an.a$a,INNER,PBMessageALL.java,method,n,(Lan/a$a;I)V,1,0
an.a$a,INNER,PBMessageALL.java,method,o,(Lan/a$a;I)V,1,0
an.a$a,INNER,PBMessageALL.java,method,p,(Lan/a$a;I)V,1,0
an.a$a$1,ANONYMOUS,PBMessageALL.java,method,d,(La/h;La/n;)Ljava/lang/Object;,1,0
an.a$a$a,INNER,PBMessageALL.java,method,<init>,(La/p$b;Lan/a$a$a;)V,1,0
an.a$a$a,INNER,PBMessageALL.java,method,Q,()La/y;,1,0
an.a$a$a,INNER,PBMessageALL.java,method,R,()La/x;,1,0
an.a$a$a,INNER,PBMessageALL.java,method,a,(La/h;La/n;)La/a$a;,1,0
an.a$a$a,INNER,PBMessageALL.java,method,a,(La/x;)La/a$a;,1,0
an.a$a$a,INNER,PBMessageALL.java,method,ah,()La/p$a;,1,0
an.a$a$a,INNER,PBMessageALL.java,method,ai,()La/p$a;,1,0
an.a$a$a,INNER,PBMessageALL.java,method,aj,()La/x;,1,0
an.a$a$a,INNER,PBMessageALL.java,method,ak,()La/x;,1,0
an.a$a$a,INNER,PBMessageALL.java,method,al,()La/y;,1,0
an.a$a$a,INNER,PBMessageALL.java,method,am,()La/y;,1,0
an.a$a$a,INNER,PBMessageALL.java,method,at,()Lan/a$a$a;,1,0
an.a$a$a,INNER,PBMessageALL.java,method,c,(La/h;La/n;)La/y$a;,1,0
an.a$a$a,INNER,PBMessageALL.java,method,c,(La/x;)La/x$a;,1,0
an.a$a$a,INNER,PBMessageALL.java,method,d,(La/h;La/n;)La/x$a;,1,0
an.a$a$a,INNER,PBMessageALL.java,method,g,()La/y$a;,1,0
an.a$a$a,INNER,PBMessageALL.java,method,h,()La/y$a;,1,0
an.a$a$a,INNER,PBMessageALL.java,method,i,()La/x$a;,1,0
an.a$a$a,INNER,PBMessageALL.java,method,j,()La/x$a;,1,0
an.a$c,INNER,PBMessageALL.java,method,<init>,(La/h;La/n;Lan/a$c;)V,1,0
an.a$c,INNER,PBMessageALL.java,method,<init>,(La/p$a;Lan/a$c;)V,1,0
an.a$c,INNER,PBMessageALL.java,method,M,()La/x$a;,1,0
an.a$c,INNER,PBMessageALL.java,method,N,()La/x$a;,1,0
an.a$c,INNER,PBMessageALL.java,method,O,()La/y$a;,1,0
an.a$c,INNER,PBMessageALL.java,method,P,()La/y$a;,1,0
an.a$c,INNER,PBMessageALL.java,method,Q,()La/y;,1,0
an.a$c,INNER,PBMessageALL.java,method,R,()La/x;,1,0
an.a$c,INNER,PBMessageALL.java,method,a,(Lan/a$c;I)V,1,0
an.a$c,INNER,PBMessageALL.java,method,a,(Lan/a$c;Ljava/util/List;)V,1,0
an.a$c,INNER,PBMessageALL.java,method,af,()Z,1,0
an.a$c,INNER,PBMessageALL.java,method,b,(La/p$b;)La/x$a;,1,0
an.a$c,INNER,PBMessageALL.java,method,b,(Lan/a$c;)Ljava/util/List;,1,0
an.a$c,INNER,PBMessageALL.java,method,b,(Lan/a$c;I)V,1,0
an.a$c,INNER,PBMessageALL.java,method,c,(Lan/a$c;I)V,1,0
an.a$c,INNER,PBMessageALL.java,method,d,(Lan/a$c;I)V,1,0
an.a$c,INNER,PBMessageALL.java,method,e,(Lan/a$c;I)V,1,0
an.a$c,INNER,PBMessageALL.java,method,f,(Lan/a$c;I)V,1,0
an.a$c,INNER,PBMessageALL.java,method,g,(Lan/a$c;I)V,1,0
an.a$c,INNER,PBMessageALL.java,method,h,(Lan/a$c;I)V,1,0
an.a$c,INNER,PBMessageALL.java,method,i,(Lan/a$c;I)V,1,0
an.a$c,INNER,PBMessageALL.java,method,j,(Lan/a$c;I)V,1,0
an.a$c,INNER,PBMessageALL.java,method,k,(Lan/a$c;I)V,1,0
an.a$c,INNER,PBMessageALL.java,method,l,(Lan/a$c;I)V,1,0
an.a$c,INNER,PBMessageALL.java,method,m,(Lan/a$c;I)V,1,0
an.a$c,INNER,PBMessageALL.java,method,n,(Lan/a$c;I)V,1,0
an.a$c,INNER,PBMessageALL.java,method,o,(Lan/a$c;I)V,1,0
an.a$c$1,ANONYMOUS,PBMessageALL.java,method,d,(La/h;La/n;)Ljava/lang/Object;,1,0
an.a$c$a,INNER,PBMessageALL.java,method,<init>,(La/p$b;Lan/a$c$a;)V,1,0
an.a$c$a,INNER,PBMessageALL.java,method,Q,()La/y;,1,0
an.a$c$a,INNER,PBMessageALL.java,method,R,()La/x;,1,0
an.a$c$a,INNER,PBMessageALL.java,method,a,(La/h;La/n;)La/a$a;,1,0
an.a$c$a,INNER,PBMessageALL.java,method,a,(La/x;)La/a$a;,1,0
an.a$c$a,INNER,PBMessageALL.java,method,ah,()La/p$a;,1,0
an.a$c$a,INNER,PBMessageALL.java,method,ai,()La/p$a;,1,0
an.a$c$a,INNER,PBMessageALL.java,method,aj,()La/x;,1,0
an.a$c$a,INNER,PBMessageALL.java,method,ak,()La/x;,1,0
an.a$c$a,INNER,PBMessageALL.java,method,al,()La/y;,1,0
an.a$c$a,INNER,PBMessageALL.java,method,am,()La/y;,1,0
an.a$c$a,INNER,PBMessageALL.java,method,at,()Lan/a$c$a;,1,0
an.a$c$a,INNER,PBMessageALL.java,method,c,(La/h;La/n;)La/y$a;,1,0
an.a$c$a,INNER,PBMessageALL.java,method,c,(La/x;)La/x$a;,1,0
an.a$c$a,INNER,PBMessageALL.java,method,d,(La/h;La/n;)La/x$a;,1,0
an.a$c$a,INNER,PBMessageALL.java,method,g,()La/y$a;,1,0
an.a$c$a,INNER,PBMessageALL.java,method,h,()La/y$a;,1,0
an.a$c$a,INNER,PBMessageALL.java,method,i,()La/x$a;,1,0
an.a$c$a,INNER,PBMessageALL.java,method,j,()La/x$a;,1,0
an.a$e,INNER,PBMessageALL.java,method,<init>,(La/h;La/n;Lan/a$e;)V,1,0
an.a$e,INNER,PBMessageALL.java,method,<init>,(La/p$a;Lan/a$e;)V,1,0
an.a$e,INNER,PBMessageALL.java,method,M,()La/x$a;,1,0
an.a$e,INNER,PBMessageALL.java,method,N,()La/x$a;,1,0
an.a$e,INNER,PBMessageALL.java,method,O,()La/y$a;,1,0
an.a$e,INNER,PBMessageALL.java,method,P,()La/y$a;,1,0
an.a$e,INNER,PBMessageALL.java,method,Q,()La/y;,1,0
an.a$e,INNER,PBMessageALL.java,method,R,()La/x;,1,0
an.a$e,INNER,PBMessageALL.java,method,a,(Lan/a$e;I)V,1,0
an.a$e,INNER,PBMessageALL.java,method,a,(Lan/a$e;La/g;)V,1,0
an.a$e,INNER,PBMessageALL.java,method,ah,()Z,1,0
an.a$e,INNER,PBMessageALL.java,method,b,(La/p$b;)La/x$a;,1,0
an.a$e,INNER,PBMessageALL.java,method,b,(Lan/a$e;I)V,1,0
an.a$e,INNER,PBMessageALL.java,method,b,(Lan/a$e;La/g;)V,1,0
an.a$e,INNER,PBMessageALL.java,method,c,(Lan/a$e;I)V,1,0
an.a$e,INNER,PBMessageALL.java,method,c,(Lan/a$e;La/g;)V,1,0
an.a$e,INNER,PBMessageALL.java,method,d,(Lan/a$e;I)V,1,0
an.a$e,INNER,PBMessageALL.java,method,e,(Lan/a$e;I)V,1,0
an.a$e,INNER,PBMessageALL.java,method,f,(Lan/a$e;I)V,1,0
an.a$e,INNER,PBMessageALL.java,method,g,(Lan/a$e;I)V,1,0
an.a$e,INNER,PBMessageALL.java,method,h,(Lan/a$e;I)V,1,0
an.a$e,INNER,PBMessageALL.java,method,i,(Lan/a$e;I)V,1,0
an.a$e,INNER,PBMessageALL.java,method,j,(Lan/a$e;I)V,1,0
an.a$e,INNER,PBMessageALL.java,method,k,(Lan/a$e;I)V,1,0
an.a$e,INNER,PBMessageALL.java,method,l,(Lan/a$e;I)V,1,0
an.a$e,INNER,PBMessageALL.java,method,m,(Lan/a$e;I)V,1,0
an.a$e,INNER,PBMessageALL.java,method,n,(Lan/a$e;I)V,1,0
an.a$e$1,ANONYMOUS,PBMessageALL.java,method,d,(La/h;La/n;)Ljava/lang/Object;,1,0
an.a$e$a,INNER,PBMessageALL.java,method,<init>,(La/p$b;Lan/a$e$a;)V,1,0
an.a$e$a,INNER,PBMessageALL.java,method,Q,()La/y;,1,0
an.a$e$a,INNER,PBMessageALL.java,method,R,()La/x;,1,0
an.a$e$a,INNER,PBMessageALL.java,method,a,(La/h;La/n;)La/a$a;,1,0
an.a$e$a,INNER,PBMessageALL.java,method,a,(La/x;)La/a$a;,1,0
an.a$e$a,INNER,PBMessageALL.java,method,ah,()La/p$a;,1,0
an.a$e$a,INNER,PBMessageALL.java,method,ai,()La/p$a;,1,0
an.a$e$a,INNER,PBMessageALL.java,method,aj,()La/x;,1,0
an.a$e$a,INNER,PBMessageALL.java,method,ak,()La/x;,1,0
an.a$e$a,INNER,PBMessageALL.java,method,al,()La/y;,1,0
an.a$e$a,INNER,PBMessageALL.java,method,am,()La/y;,1,0
an.a$e$a,INNER,PBMessageALL.java,method,aw,()Lan/a$e$a;,1,0
an.a$e$a,INNER,PBMessageALL.java,method,c,(La/h;La/n;)La/y$a;,1,0
an.a$e$a,INNER,PBMessageALL.java,method,c,(La/x;)La/x$a;,1,0
an.a$e$a,INNER,PBMessageALL.java,method,d,(La/h;La/n;)La/x$a;,1,0
an.a$e$a,INNER,PBMessageALL.java,method,g,()La/y$a;,1,0
an.a$e$a,INNER,PBMessageALL.java,method,h,()La/y$a;,1,0
an.a$e$a,INNER,PBMessageALL.java,method,i,()La/x$a;,1,0
an.a$e$a,INNER,PBMessageALL.java,method,j,()La/x$a;,1,0
an.a$g,INNER,PBMessageALL.java,method,<init>,(La/h;La/n;Lan/a$g;)V,1,0
an.a$g,INNER,PBMessageALL.java,method,<init>,(La/p$a;Lan/a$g;)V,1,0
an.a$g,INNER,PBMessageALL.java,method,M,()La/x$a;,1,0
an.a$g,INNER,PBMessageALL.java,method,N,()La/x$a;,1,0
an.a$g,INNER,PBMessageALL.java,method,O,()La/y$a;,1,0
an.a$g,INNER,PBMessageALL.java,method,P,()La/y$a;,1,0
an.a$g,INNER,PBMessageALL.java,method,Q,()La/y;,1,0
an.a$g,INNER,PBMessageALL.java,method,R,()La/x;,1,0
an.a$g,INNER,PBMessageALL.java,method,a,(Lan/a$g;I)V,1,0
an.a$g,INNER,PBMessageALL.java,method,a,(Lan/a$g;La/g;)V,1,0
an.a$g,INNER,PBMessageALL.java,method,af,()Z,1,0
an.a$g,INNER,PBMessageALL.java,method,b,(La/p$b;)La/x$a;,1,0
an.a$g,INNER,PBMessageALL.java,method,b,(Lan/a$g;I)V,1,0
an.a$g,INNER,PBMessageALL.java,method,b,(Lan/a$g;La/g;)V,1,0
an.a$g,INNER,PBMessageALL.java,method,c,(Lan/a$g;I)V,1,0
an.a$g,INNER,PBMessageALL.java,method,c,(Lan/a$g;La/g;)V,1,0
an.a$g,INNER,PBMessageALL.java,method,d,(Lan/a$g;I)V,1,0
an.a$g,INNER,PBMessageALL.java,method,d,(Lan/a$g;La/g;)V,1,0
an.a$g,INNER,PBMessageALL.java,method,e,(Lan/a$g;I)V,1,0
an.a$g,INNER,PBMessageALL.java,method,e,(Lan/a$g;La/g;)V,1,0
an.a$g,INNER,PBMessageALL.java,method,f,(Lan/a$g;I)V,1,0
an.a$g,INNER,PBMessageALL.java,method,g,(Lan/a$g;I)V,1,0
an.a$g,INNER,PBMessageALL.java,method,h,(Lan/a$g;I)V,1,0
an.a$g,INNER,PBMessageALL.java,method,i,(Lan/a$g;I)V,1,0
an.a$g,INNER,PBMessageALL.java,method,j,(Lan/a$g;I)V,1,0
an.a$g,INNER,PBMessageALL.java,method,k,(Lan/a$g;I)V,1,0
an.a$g$1,ANONYMOUS,PBMessageALL.java,method,d,(La/h;La/n;)Ljava/lang/Object;,1,0
an.a$g$a,INNER,PBMessageALL.java,method,<init>,(La/p$b;Lan/a$g$a;)V,1,0
an.a$g$a,INNER,PBMessageALL.java,method,Q,()La/y;,1,0
an.a$g$a,INNER,PBMessageALL.java,method,R,()La/x;,1,0
an.a$g$a,INNER,PBMessageALL.java,method,a,(La/h;La/n;)La/a$a;,1,0
an.a$g$a,INNER,PBMessageALL.java,method,a,(La/x;)La/a$a;,1,0
an.a$g$a,INNER,PBMessageALL.java,method,ah,()La/p$a;,1,0
an.a$g$a,INNER,PBMessageALL.java,method,ai,()La/p$a;,1,0
an.a$g$a,INNER,PBMessageALL.java,method,aj,()La/x;,1,0
an.a$g$a,INNER,PBMessageALL.java,method,ak,()La/x;,1,0
an.a$g$a,INNER,PBMessageALL.java,method,al,()La/y;,1,0
an.a$g$a,INNER,PBMessageALL.java,method,am,()La/y;,1,0
an.a$g$a,INNER,PBMessageALL.java,method,at,()Lan/a$g$a;,1,0
an.a$g$a,INNER,PBMessageALL.java,method,c,(La/h;La/n;)La/y$a;,1,0
an.a$g$a,INNER,PBMessageALL.java,method,c,(La/x;)La/x$a;,1,0
an.a$g$a,INNER,PBMessageALL.java,method,d,(La/h;La/n;)La/x$a;,1,0
an.a$g$a,INNER,PBMessageALL.java,method,g,()La/y$a;,1,0
an.a$g$a,INNER,PBMessageALL.java,method,h,()La/y$a;,1,0
an.a$g$a,INNER,PBMessageALL.java,method,i,()La/x$a;,1,0
an.a$g$a,INNER,PBMessageALL.java,method,j,()La/x$a;,1,0
an.a$i,INNER,PBMessageALL.java,method,<init>,(La/h;La/n;Lan/a$i;)V,1,0
an.a$i,INNER,PBMessageALL.java,method,<init>,(La/p$a;Lan/a$i;)V,1,0
an.a$i,INNER,PBMessageALL.java,method,M,()La/x$a;,1,0
an.a$i,INNER,PBMessageALL.java,method,N,()La/x$a;,1,0
an.a$i,INNER,PBMessageALL.java,method,O,()La/y$a;,1,0
an.a$i,INNER,PBMessageALL.java,method,P,()La/y$a;,1,0
an.a$i,INNER,PBMessageALL.java,method,Q,()La/y;,1,0
an.a$i,INNER,PBMessageALL.java,method,R,()La/x;,1,0
an.a$i,INNER,PBMessageALL.java,method,a,(Lan/a$i;I)V,1,0
an.a$i,INNER,PBMessageALL.java,method,a,(Lan/a$i;La/g;)V,1,0
an.a$i,INNER,PBMessageALL.java,method,af,()Z,1,0
an.a$i,INNER,PBMessageALL.java,method,b,(La/p$b;)La/x$a;,1,0
an.a$i,INNER,PBMessageALL.java,method,b,(Lan/a$i;I)V,1,0
an.a$i,INNER,PBMessageALL.java,method,b,(Lan/a$i;La/g;)V,1,0
an.a$i,INNER,PBMessageALL.java,method,c,(Lan/a$i;I)V,1,0
an.a$i,INNER,PBMessageALL.java,method,d,(Lan/a$i;I)V,1,0
an.a$i,INNER,PBMessageALL.java,method,e,(Lan/a$i;I)V,1,0
an.a$i,INNER,PBMessageALL.java,method,f,(Lan/a$i;I)V,1,0
an.a$i,INNER,PBMessageALL.java,method,g,(Lan/a$i;I)V,1,0
an.a$i,INNER,PBMessageALL.java,method,h,(Lan/a$i;I)V,1,0
an.a$i,INNER,PBMessageALL.java,method,i,(Lan/a$i;I)V,1,0
an.a$i,INNER,PBMessageALL.java,method,j,(Lan/a$i;I)V,1,0
an.a$i,INNER,PBMessageALL.java,method,k,(Lan/a$i;I)V,1,0
an.a$i,INNER,PBMessageALL.java,method,l,(Lan/a$i;I)V,1,0
an.a$i,INNER,PBMessageALL.java,method,m,(Lan/a$i;I)V,1,0
an.a$i,INNER,PBMessageALL.java,method,n,(Lan/a$i;I)V,1,0
an.a$i$1,ANONYMOUS,PBMessageALL.java,method,d,(La/h;La/n;)Ljava/lang/Object;,1,0
an.a$i$a,INNER,PBMessageALL.java,method,<init>,(La/p$b;Lan/a$i$a;)V,1,0
an.a$i$a,INNER,PBMessageALL.java,method,Q,()La/y;,1,0
an.a$i$a,INNER,PBMessageALL.java,method,R,()La/x;,1,0
an.a$i$a,INNER,PBMessageALL.java,method,a,(La/h;La/n;)La/a$a;,1,0
an.a$i$a,INNER,PBMessageALL.java,method,a,(La/x;)La/a$a;,1,0
an.a$i$a,INNER,PBMessageALL.java,method,ah,()La/p$a;,1,0
an.a$i$a,INNER,PBMessageALL.java,method,ai,()La/p$a;,1,0
an.a$i$a,INNER,PBMessageALL.java,method,aj,()La/x;,1,0
an.a$i$a,INNER,PBMessageALL.java,method,ak,()La/x;,1,0
an.a$i$a,INNER,PBMessageALL.java,method,al,()La/y;,1,0
an.a$i$a,INNER,PBMessageALL.java,method,am,()La/y;,1,0
an.a$i$a,INNER,PBMessageALL.java,method,at,()Lan/a$i$a;,1,0
an.a$i$a,INNER,PBMessageALL.java,method,c,(La/h;La/n;)La/y$a;,1,0
an.a$i$a,INNER,PBMessageALL.java,method,c,(La/x;)La/x$a;,1,0
an.a$i$a,INNER,PBMessageALL.java,method,d,(La/h;La/n;)La/x$a;,1,0
an.a$i$a,INNER,PBMessageALL.java,method,g,()La/y$a;,1,0
an.a$i$a,INNER,PBMessageALL.java,method,h,()La/y$a;,1,0
an.a$i$a,INNER,PBMessageALL.java,method,i,()La/x$a;,1,0
an.a$i$a,INNER,PBMessageALL.java,method,j,()La/x$a;,1,0
an.b,TOP_LEVEL,PBMessageALL2.java,method,a,(La/k$a;)V,1,0
an.b,TOP_LEVEL,PBMessageALL2.java,method,a,(La/k$g;)V,1,0
an.b,TOP_LEVEL,PBMessageALL2.java,method,a,(La/p$g;)V,1,0
an.b,TOP_LEVEL,PBMessageALL2.java,method,b,()La/k$a;,1,0
an.b,TOP_LEVEL,PBMessageALL2.java,method,b,(La/k$a;)V,1,0
an.b,TOP_LEVEL,PBMessageALL2.java,method,b,(La/p$g;)V,1,0
an.b,TOP_LEVEL,PBMessageALL2.java,method,c,()La/k$a;,1,0
an.b,TOP_LEVEL,PBMessageALL2.java,method,c,(La/k$a;)V,1,0
an.b,TOP_LEVEL,PBMessageALL2.java,method,c,(La/p$g;)V,1,0
an.b,TOP_LEVEL,PBMessageALL2.java,method,d,()La/k$a;,1,0
an.b,TOP_LEVEL,PBMessageALL2.java,method,d,(La/k$a;)V,1,0
an.b,TOP_LEVEL,PBMessageALL2.java,method,d,(La/p$g;)V,1,0
an.b,TOP_LEVEL,PBMessageALL2.java,method,e,()La/k$a;,1,0
an.b,TOP_LEVEL,PBMessageALL2.java,method,e,(La/k$a;)V,1,0
an.b,TOP_LEVEL,PBMessageALL2.java,method,e,(La/p$g;)V,1,0
an.b,TOP_LEVEL,PBMessageALL2.java,method,f,()La/k$a;,1,0
an.b,TOP_LEVEL,PBMessageALL2.java,method,g,()La/p$g;,1,0
an.b,TOP_LEVEL,PBMessageALL2.java,method,h,()La/p$g;,1,0
an.b,TOP_LEVEL,PBMessageALL2.java,method,i,()La/p$g;,1,0
an.b,TOP_LEVEL,PBMessageALL2.java,method,j,()La/p$g;,1,0
an.b,TOP_LEVEL,PBMessageALL2.java,method,k,()La/p$g;,1,0
an.b$a,INNER,PBMessageALL2.java,method,<init>,(La/h;La/n;Lan/b$a;)V,1,0
an.b$a,INNER,PBMessageALL2.java,method,<init>,(La/p$a;Lan/b$a;)V,1,0
an.b$a,INNER,PBMessageALL2.java,method,B,()Z,1,0
an.b$a,INNER,PBMessageALL2.java,method,M,()La/x$a;,1,0
an.b$a,INNER,PBMessageALL2.java,method,N,()La/x$a;,1,0
an.b$a,INNER,PBMessageALL2.java,method,O,()La/y$a;,1,0
an.b$a,INNER,PBMessageALL2.java,method,P,()La/y$a;,1,0
an.b$a,INNER,PBMessageALL2.java,method,Q,()La/y;,1,0
an.b$a,INNER,PBMessageALL2.java,method,R,()La/x;,1,0
an.b$a,INNER,PBMessageALL2.java,method,a,(Lan/b$a;I)V,1,0
an.b$a,INNER,PBMessageALL2.java,method,a,(Lan/b$a;La/g;)V,1,0
an.b$a,INNER,PBMessageALL2.java,method,b,(La/p$b;)La/x$a;,1,0
an.b$a,INNER,PBMessageALL2.java,method,b,(Lan/b$a;I)V,1,0
an.b$a,INNER,PBMessageALL2.java,method,c,(Lan/b$a;I)V,1,0
an.b$a,INNER,PBMessageALL2.java,method,d,(Lan/b$a;I)V,1,0
an.b$a,INNER,PBMessageALL2.java,method,e,(Lan/b$a;I)V,1,0
an.b$a$1,ANONYMOUS,PBMessageALL2.java,method,d,(La/h;La/n;)Ljava/lang/Object;,1,0
an.b$a$a,INNER,PBMessageALL2.java,method,<init>,(La/p$b;Lan/b$a$a;)V,1,0
an.b$a$a,INNER,PBMessageALL2.java,method,G,()Lan/b$a$a;,1,0
an.b$a$a,INNER,PBMessageALL2.java,method,Q,()La/y;,1,0
an.b$a$a,INNER,PBMessageALL2.java,method,R,()La/x;,1,0
an.b$a$a,INNER,PBMessageALL2.java,method,a,(La/h;La/n;)La/a$a;,1,0
an.b$a$a,INNER,PBMessageALL2.java,method,a,(La/x;)La/a$a;,1,0
an.b$a$a,INNER,PBMessageALL2.java,method,ah,()La/p$a;,1,0
an.b$a$a,INNER,PBMessageALL2.java,method,ai,()La/p$a;,1,0
an.b$a$a,INNER,PBMessageALL2.java,method,aj,()La/x;,1,0
an.b$a$a,INNER,PBMessageALL2.java,method,ak,()La/x;,1,0
an.b$a$a,INNER,PBMessageALL2.java,method,al,()La/y;,1,0
an.b$a$a,INNER,PBMessageALL2.java,method,am,()La/y;,1,0
an.b$a$a,INNER,PBMessageALL2.java,method,c,(La/h;La/n;)La/y$a;,1,0
an.b$a$a,INNER,PBMessageALL2.java,method,c,(La/x;)La/x$a;,1,0
an.b$a$a,INNER,PBMessageALL2.java,method,d,(La/h;La/n;)La/x$a;,1,0
an.b$a$a,INNER,PBMessageALL2.java,method,g,()La/y$a;,1,0
an.b$a$a,INNER,PBMessageALL2.java,method,h,()La/y$a;,1,0
an.b$a$a,INNER,PBMessageALL2.java,method,i,()La/x$a;,1,0
an.b$a$a,INNER,PBMessageALL2.java,method,j,()La/x$a;,1,0
an.b$c,INNER,PBMessageALL2.java,method,<init>,(La/h;La/n;Lan/b$c;)V,1,0
an.b$c,INNER,PBMessageALL2.java,method,<init>,(La/p$a;Lan/b$c;)V,1,0
an.b$c,INNER,PBMessageALL2.java,method,M,()La/x$a;,1,0
an.b$c,INNER,PBMessageALL2.java,method,N,()La/x$a;,1,0
an.b$c,INNER,PBMessageALL2.java,method,O,()La/y$a;,1,0
an.b$c,INNER,PBMessageALL2.java,method,P,()La/y$a;,1,0
an.b$c,INNER,PBMessageALL2.java,method,Q,()La/y;,1,0
an.b$c,INNER,PBMessageALL2.java,method,R,()La/x;,1,0
an.b$c,INNER,PBMessageALL2.java,method,a,(Lan/b$c;I)V,1,0
an.b$c,INNER,PBMessageALL2.java,method,a,(Lan/b$c;Ljava/util/List;)V,1,0
an.b$c,INNER,PBMessageALL2.java,method,b,(La/p$b;)La/x$a;,1,0
an.b$c,INNER,PBMessageALL2.java,method,b,(Lan/b$c;)Ljava/util/List;,1,0
an.b$c,INNER,PBMessageALL2.java,method,b,(Lan/b$c;I)V,1,0
an.b$c,INNER,PBMessageALL2.java,method,v,()Z,1,0
an.b$c$1,ANONYMOUS,PBMessageALL2.java,method,d,(La/h;La/n;)Ljava/lang/Object;,1,0
an.b$c$a,INNER,PBMessageALL2.java,method,<init>,(La/p$b;Lan/b$c$a;)V,1,0
an.b$c$a,INNER,PBMessageALL2.java,method,Q,()La/y;,1,0
an.b$c$a,INNER,PBMessageALL2.java,method,R,()La/x;,1,0
an.b$c$a,INNER,PBMessageALL2.java,method,a,(La/h;La/n;)La/a$a;,1,0
an.b$c$a,INNER,PBMessageALL2.java,method,a,(La/x;)La/a$a;,1,0
an.b$c$a,INNER,PBMessageALL2.java,method,ah,()La/p$a;,1,0
an.b$c$a,INNER,PBMessageALL2.java,method,ai,()La/p$a;,1,0
an.b$c$a,INNER,PBMessageALL2.java,method,aj,()La/x;,1,0
an.b$c$a,INNER,PBMessageALL2.java,method,ak,()La/x;,1,0
an.b$c$a,INNER,PBMessageALL2.java,method,al,()La/y;,1,0
an.b$c$a,INNER,PBMessageALL2.java,method,am,()La/y;,1,0
an.b$c$a,INNER,PBMessageALL2.java,method,c,(La/h;La/n;)La/y$a;,1,0
an.b$c$a,INNER,PBMessageALL2.java,method,c,(La/x;)La/x$a;,1,0
an.b$c$a,INNER,PBMessageALL2.java,method,d,(La/h;La/n;)La/x$a;,1,0
an.b$c$a,INNER,PBMessageALL2.java,method,g,()La/y$a;,1,0
an.b$c$a,INNER,PBMessageALL2.java,method,h,()La/y$a;,1,0
an.b$c$a,INNER,PBMessageALL2.java,method,i,()La/x$a;,1,0
an.b$c$a,INNER,PBMessageALL2.java,method,j,()La/x$a;,1,0
an.b$c$a,INNER,PBMessageALL2.java,method,x,()Lan/b$c$a;,1,0
an.b$e,INNER,PBMessageALL2.java,method,<init>,(La/h;La/n;Lan/b$e;)V,1,0
an.b$e,INNER,PBMessageALL2.java,method,<init>,(La/p$a;Lan/b$e;)V,1,0
an.b$e,INNER,PBMessageALL2.java,method,A,(Lan/b$e;I)V,1,0
an.b$e,INNER,PBMessageALL2.java,method,B,(Lan/b$e;I)V,1,0
an.b$e,INNER,PBMessageALL2.java,method,C,(Lan/b$e;I)V,1,0
an.b$e,INNER,PBMessageALL2.java,method,D,(Lan/b$e;I)V,1,0
an.b$e,INNER,PBMessageALL2.java,method,E,(Lan/b$e;I)V,1,0
an.b$e,INNER,PBMessageALL2.java,method,M,()La/x$a;,1,0
an.b$e,INNER,PBMessageALL2.java,method,N,()La/x$a;,1,0
an.b$e,INNER,PBMessageALL2.java,method,O,()La/y$a;,1,0
an.b$e,INNER,PBMessageALL2.java,method,P,()La/y$a;,1,0
an.b$e,INNER,PBMessageALL2.java,method,Q,()La/y;,1,0
an.b$e,INNER,PBMessageALL2.java,method,R,()La/x;,1,0
an.b$e,INNER,PBMessageALL2.java,method,a,(Lan/b$e;I)V,1,0
an.b$e,INNER,PBMessageALL2.java,method,a,(Lan/b$e;La/g;)V,1,0
an.b$e,INNER,PBMessageALL2.java,method,aR,()Z,1,0
an.b$e,INNER,PBMessageALL2.java,method,b,(La/p$b;)La/x$a;,1,0
an.b$e,INNER,PBMessageALL2.java,method,b,(Lan/b$e;I)V,1,0
an.b$e,INNER,PBMessageALL2.java,method,b,(Lan/b$e;La/g;)V,1,0
an.b$e,INNER,PBMessageALL2.java,method,c,(Lan/b$e;I)V,1,0
an.b$e,INNER,PBMessageALL2.java,method,c,(Lan/b$e;La/g;)V,1,0
an.b$e,INNER,PBMessageALL2.java,method,d,(Lan/b$e;I)V,1,0
an.b$e,INNER,PBMessageALL2.java,method,d,(Lan/b$e;La/g;)V,1,0
an.b$e,INNER,PBMessageALL2.java,method,e,(Lan/b$e;I)V,1,0
an.b$e,INNER,PBMessageALL2.java,method,e,(Lan/b$e;La/g;)V,1,0
an.b$e,INNER,PBMessageALL2.java,method,f,(Lan/b$e;I)V,1,0
an.b$e,INNER,PBMessageALL2.java,method,g,(Lan/b$e;I)V,1,0
an.b$e,INNER,PBMessageALL2.java,method,h,(Lan/b$e;I)V,1,0
an.b$e,INNER,PBMessageALL2.java,method,i,(Lan/b$e;I)V,1,0
an.b$e,INNER,PBMessageALL2.java,method,j,(Lan/b$e;I)V,1,0
an.b$e,INNER,PBMessageALL2.java,method,k,(Lan/b$e;I)V,1,0
an.b$e,INNER,PBMessageALL2.java,method,l,(Lan/b$e;I)V,1,0
an.b$e,INNER,PBMessageALL2.java,method,m,(Lan/b$e;I)V,1,0
an.b$e,INNER,PBMessageALL2.java,method,n,(Lan/b$e;I)V,1,0
an.b$e,INNER,PBMessageALL2.java,method,o,(Lan/b$e;I)V,1,0
an.b$e,INNER,PBMessageALL2.java,method,p,(Lan/b$e;I)V,1,0
an.b$e,INNER,PBMessageALL2.java,method,q,(Lan/b$e;I)V,1,0
an.b$e,INNER,PBMessageALL2.java,method,r,(Lan/b$e;I)V,1,0
an.b$e,INNER,PBMessageALL2.java,method,s,(Lan/b$e;I)V,1,0
an.b$e,INNER,PBMessageALL2.java,method,t,(Lan/b$e;I)V,1,0
an.b$e,INNER,PBMessageALL2.java,method,u,(Lan/b$e;I)V,1,0
an.b$e,INNER,PBMessageALL2.java,method,v,(Lan/b$e;I)V,1,0
an.b$e,INNER,PBMessageALL2.java,method,w,(Lan/b$e;I)V,1,0
an.b$e,INNER,PBMessageALL2.java,method,x,(Lan/b$e;I)V,1,0
an.b$e,INNER,PBMessageALL2.java,method,y,(Lan/b$e;I)V,1,0
an.b$e,INNER,PBMessageALL2.java,method,z,(Lan/b$e;I)V,1,0
an.b$e$1,ANONYMOUS,PBMessageALL2.java,method,d,(La/h;La/n;)Ljava/lang/Object;,1,0
an.b$e$a,INNER,PBMessageALL2.java,method,<init>,(La/p$b;Lan/b$e$a;)V,1,0
an.b$e$a,INNER,PBMessageALL2.java,method,Q,()La/y;,1,0
an.b$e$a,INNER,PBMessageALL2.java,method,R,()La/x;,1,0
an.b$e$a,INNER,PBMessageALL2.java,method,a,(La/h;La/n;)La/a$a;,1,0
an.b$e$a,INNER,PBMessageALL2.java,method,a,(La/x;)La/a$a;,1,0
an.b$e$a,INNER,PBMessageALL2.java,method,ah,()La/p$a;,1,0
an.b$e$a,INNER,PBMessageALL2.java,method,ai,()La/p$a;,1,0
an.b$e$a,INNER,PBMessageALL2.java,method,aj,()La/x;,1,0
an.b$e$a,INNER,PBMessageALL2.java,method,ak,()La/x;,1,0
an.b$e$a,INNER,PBMessageALL2.java,method,al,()La/y;,1,0
an.b$e$a,INNER,PBMessageALL2.java,method,am,()La/y;,1,0
an.b$e$a,INNER,PBMessageALL2.java,method,bs,()Lan/b$e$a;,1,0
an.b$e$a,INNER,PBMessageALL2.java,method,c,(La/h;La/n;)La/y$a;,1,0
an.b$e$a,INNER,PBMessageALL2.java,method,c,(La/x;)La/x$a;,1,0
an.b$e$a,INNER,PBMessageALL2.java,method,d,(La/h;La/n;)La/x$a;,1,0
an.b$e$a,INNER,PBMessageALL2.java,method,g,()La/y$a;,1,0
an.b$e$a,INNER,PBMessageALL2.java,method,h,()La/y$a;,1,0
an.b$e$a,INNER,PBMessageALL2.java,method,i,()La/x$a;,1,0
an.b$e$a,INNER,PBMessageALL2.java,method,j,()La/x$a;,1,0
an.b$g,INNER,PBMessageALL2.java,method,<init>,(La/h;La/n;Lan/b$g;)V,1,0
an.b$g,INNER,PBMessageALL2.java,method,<init>,(La/p$a;Lan/b$g;)V,1,0
an.b$g,INNER,PBMessageALL2.java,method,A,(Lan/b$g;I)V,1,0
an.b$g,INNER,PBMessageALL2.java,method,B,(Lan/b$g;I)V,1,0
an.b$g,INNER,PBMessageALL2.java,method,C,(Lan/b$g;I)V,1,0
an.b$g,INNER,PBMessageALL2.java,method,M,()La/x$a;,1,0
an.b$g,INNER,PBMessageALL2.java,method,N,()La/x$a;,1,0
an.b$g,INNER,PBMessageALL2.java,method,O,()La/y$a;,1,0
an.b$g,INNER,PBMessageALL2.java,method,P,()La/y$a;,1,0
an.b$g,INNER,PBMessageALL2.java,method,Q,()La/y;,1,0
an.b$g,INNER,PBMessageALL2.java,method,R,()La/x;,1,0
an.b$g,INNER,PBMessageALL2.java,method,a,(Lan/b$g;I)V,1,0
an.b$g,INNER,PBMessageALL2.java,method,a,(Lan/b$g;La/g;)V,1,0
an.b$g,INNER,PBMessageALL2.java,method,a,(Lan/b$g;Ljava/util/List;)V,1,0
an.b$g,INNER,PBMessageALL2.java,method,aN,()Z,1,0
an.b$g,INNER,PBMessageALL2.java,method,b,(La/p$b;)La/x$a;,1,0
an.b$g,INNER,PBMessageALL2.java,method,b,(Lan/b$g;)Ljava/util/List;,1,0
an.b$g,INNER,PBMessageALL2.java,method,b,(Lan/b$g;I)V,1,0
an.b$g,INNER,PBMessageALL2.java,method,b,(Lan/b$g;La/g;)V,1,0
an.b$g,INNER,PBMessageALL2.java,method,b,(Lan/b$g;Ljava/util/List;)V,1,0
an.b$g,INNER,PBMessageALL2.java,method,c,(Lan/b$g;)Ljava/util/List;,1,0
an.b$g,INNER,PBMessageALL2.java,method,c,(Lan/b$g;I)V,1,0
an.b$g,INNER,PBMessageALL2.java,method,d,(Lan/b$g;I)V,1,0
an.b$g,INNER,PBMessageALL2.java,method,e,(Lan/b$g;I)V,1,0
an.b$g,INNER,PBMessageALL2.java,method,f,(Lan/b$g;I)V,1,0
an.b$g,INNER,PBMessageALL2.java,method,g,(Lan/b$g;I)V,1,0
an.b$g,INNER,PBMessageALL2.java,method,h,(Lan/b$g;I)V,1,0
an.b$g,INNER,PBMessageALL2.java,method,i,(Lan/b$g;I)V,1,0
an.b$g,INNER,PBMessageALL2.java,method,j,(Lan/b$g;I)V,1,0
an.b$g,INNER,PBMessageALL2.java,method,k,(Lan/b$g;I)V,1,0
an.b$g,INNER,PBMessageALL2.java,method,l,(Lan/b$g;I)V,1,0
an.b$g,INNER,PBMessageALL2.java,method,m,(Lan/b$g;I)V,1,0
an.b$g,INNER,PBMessageALL2.java,method,n,(Lan/b$g;I)V,1,0
an.b$g,INNER,PBMessageALL2.java,method,o,(Lan/b$g;I)V,1,0
an.b$g,INNER,PBMessageALL2.java,method,p,(Lan/b$g;I)V,1,0
an.b$g,INNER,PBMessageALL2.java,method,q,(Lan/b$g;I)V,1,0
an.b$g,INNER,PBMessageALL2.java,method,r,(Lan/b$g;I)V,1,0
an.b$g,INNER,PBMessageALL2.java,method,s,(Lan/b$g;I)V,1,0
an.b$g,INNER,PBMessageALL2.java,method,t,(Lan/b$g;I)V,1,0
an.b$g,INNER,PBMessageALL2.java,method,u,(Lan/b$g;I)V,1,0
an.b$g,INNER,PBMessageALL2.java,method,v,(Lan/b$g;I)V,1,0
an.b$g,INNER,PBMessageALL2.java,method,w,(Lan/b$g;I)V,1,0
an.b$g,INNER,PBMessageALL2.java,method,x,(Lan/b$g;I)V,1,0
an.b$g,INNER,PBMessageALL2.java,method,y,(Lan/b$g;I)V,1,0
an.b$g,INNER,PBMessageALL2.java,method,z,(Lan/b$g;I)V,1,0
an.b$g$1,ANONYMOUS,PBMessageALL2.java,method,d,(La/h;La/n;)Ljava/lang/Object;,1,0
an.b$g$a,INNER,PBMessageALL2.java,method,<init>,(La/p$b;Lan/b$g$a;)V,1,0
an.b$g$a,INNER,PBMessageALL2.java,method,Q,()La/y;,1,0
an.b$g$a,INNER,PBMessageALL2.java,method,R,()La/x;,1,0
an.b$g$a,INNER,PBMessageALL2.java,method,a,(La/h;La/n;)La/a$a;,1,0
an.b$g$a,INNER,PBMessageALL2.java,method,a,(La/x;)La/a$a;,1,0
an.b$g$a,INNER,PBMessageALL2.java,method,ah,()La/p$a;,1,0
an.b$g$a,INNER,PBMessageALL2.java,method,ai,()La/p$a;,1,0
an.b$g$a,INNER,PBMessageALL2.java,method,aj,()La/x;,1,0
an.b$g$a,INNER,PBMessageALL2.java,method,ak,()La/x;,1,0
an.b$g$a,INNER,PBMessageALL2.java,method,al,()La/y;,1,0
an.b$g$a,INNER,PBMessageALL2.java,method,am,()La/y;,1,0
an.b$g$a,INNER,PBMessageALL2.java,method,bm,()Lan/b$g$a;,1,0
an.b$g$a,INNER,PBMessageALL2.java,method,c,(La/h;La/n;)La/y$a;,1,0
an.b$g$a,INNER,PBMessageALL2.java,method,c,(La/x;)La/x$a;,1,0
an.b$g$a,INNER,PBMessageALL2.java,method,d,(La/h;La/n;)La/x$a;,1,0
an.b$g$a,INNER,PBMessageALL2.java,method,g,()La/y$a;,1,0
an.b$g$a,INNER,PBMessageALL2.java,method,h,()La/y$a;,1,0
an.b$g$a,INNER,PBMessageALL2.java,method,i,()La/x$a;,1,0
an.b$g$a,INNER,PBMessageALL2.java,method,j,()La/x$a;,1,0
an.b$i,INNER,PBMessageALL2.java,method,<init>,(La/h;La/n;Lan/b$i;)V,1,0
an.b$i,INNER,PBMessageALL2.java,method,<init>,(La/p$a;Lan/b$i;)V,1,0
an.b$i,INNER,PBMessageALL2.java,method,M,()La/x$a;,1,0
an.b$i,INNER,PBMessageALL2.java,method,N,()La/x$a;,1,0
an.b$i,INNER,PBMessageALL2.java,method,O,()La/y$a;,1,0
an.b$i,INNER,PBMessageALL2.java,method,P,()La/y$a;,1,0
an.b$i,INNER,PBMessageALL2.java,method,Q,()La/y;,1,0
an.b$i,INNER,PBMessageALL2.java,method,R,()La/x;,1,0
an.b$i,INNER,PBMessageALL2.java,method,a,(Lan/b$i;I)V,1,0
an.b$i,INNER,PBMessageALL2.java,method,a,(Lan/b$i;La/g;)V,1,0
an.b$i,INNER,PBMessageALL2.java,method,a,(Lan/b$i;Ljava/util/List;)V,1,0
an.b$i,INNER,PBMessageALL2.java,method,ar,()Z,1,0
an.b$i,INNER,PBMessageALL2.java,method,b,(La/p$b;)La/x$a;,1,0
an.b$i,INNER,PBMessageALL2.java,method,b,(Lan/b$i;)Ljava/util/List;,1,0
an.b$i,INNER,PBMessageALL2.java,method,b,(Lan/b$i;I)V,1,0
an.b$i,INNER,PBMessageALL2.java,method,b,(Lan/b$i;La/g;)V,1,0
an.b$i,INNER,PBMessageALL2.java,method,c,(Lan/b$i;I)V,1,0
an.b$i,INNER,PBMessageALL2.java,method,d,(Lan/b$i;I)V,1,0
an.b$i,INNER,PBMessageALL2.java,method,e,(Lan/b$i;I)V,1,0
an.b$i,INNER,PBMessageALL2.java,method,f,(Lan/b$i;I)V,1,0
an.b$i,INNER,PBMessageALL2.java,method,g,(Lan/b$i;I)V,1,0
an.b$i,INNER,PBMessageALL2.java,method,h,(Lan/b$i;I)V,1,0
an.b$i,INNER,PBMessageALL2.java,method,i,(Lan/b$i;I)V,1,0
an.b$i,INNER,PBMessageALL2.java,method,j,(Lan/b$i;I)V,1,0
an.b$i,INNER,PBMessageALL2.java,method,k,(Lan/b$i;I)V,1,0
an.b$i,INNER,PBMessageALL2.java,method,l,(Lan/b$i;I)V,1,0
an.b$i,INNER,PBMessageALL2.java,method,m,(Lan/b$i;I)V,1,0
an.b$i,INNER,PBMessageALL2.java,method,n,(Lan/b$i;I)V,1,0
an.b$i,INNER,PBMessageALL2.java,method,o,(Lan/b$i;I)V,1,0
an.b$i,INNER,PBMessageALL2.java,method,p,(Lan/b$i;I)V,1,0
an.b$i,INNER,PBMessageALL2.java,method,q,(Lan/b$i;I)V,1,0
an.b$i,INNER,PBMessageALL2.java,method,r,(Lan/b$i;I)V,1,0
an.b$i,INNER,PBMessageALL2.java,method,s,(Lan/b$i;I)V,1,0
an.b$i$1,ANONYMOUS,PBMessageALL2.java,method,d,(La/h;La/n;)Ljava/lang/Object;,1,0
an.b$i$a,INNER,PBMessageALL2.java,method,<init>,(La/p$b;Lan/b$i$a;)V,1,0
an.b$i$a,INNER,PBMessageALL2.java,method,Q,()La/y;,1,0
an.b$i$a,INNER,PBMessageALL2.java,method,R,()La/x;,1,0
an.b$i$a,INNER,PBMessageALL2.java,method,a,(La/h;La/n;)La/a$a;,1,0
an.b$i$a,INNER,PBMessageALL2.java,method,a,(La/x;)La/a$a;,1,0
an.b$i$a,INNER,PBMessageALL2.java,method,aL,()Lan/b$i$a;,1,0
an.b$i$a,INNER,PBMessageALL2.java,method,ah,()La/p$a;,1,0
an.b$i$a,INNER,PBMessageALL2.java,method,ai,()La/p$a;,1,0
an.b$i$a,INNER,PBMessageALL2.java,method,aj,()La/x;,1,0
an.b$i$a,INNER,PBMessageALL2.java,method,ak,()La/x;,1,0
an.b$i$a,INNER,PBMessageALL2.java,method,al,()La/y;,1,0
an.b$i$a,INNER,PBMessageALL2.java,method,am,()La/y;,1,0
an.b$i$a,INNER,PBMessageALL2.java,method,c,(La/h;La/n;)La/y$a;,1,0
an.b$i$a,INNER,PBMessageALL2.java,method,c,(La/x;)La/x$a;,1,0
an.b$i$a,INNER,PBMessageALL2.java,method,d,(La/h;La/n;)La/x$a;,1,0
an.b$i$a,INNER,PBMessageALL2.java,method,g,()La/y$a;,1,0
an.b$i$a,INNER,PBMessageALL2.java,method,h,()La/y$a;,1,0
an.b$i$a,INNER,PBMessageALL2.java,method,i,()La/x$a;,1,0
an.b$i$a,INNER,PBMessageALL2.java,method,j,()La/x$a;,1,0
an.c,TOP_LEVEL,PBMessageALL3.java,method,a,(La/k$a;)V,1,0
an.c,TOP_LEVEL,PBMessageALL3.java,method,a,(La/k$g;)V,1,0
an.c,TOP_LEVEL,PBMessageALL3.java,method,a,(La/p$g;)V,1,0
an.c,TOP_LEVEL,PBMessageALL3.java,method,b,()La/k$a;,1,0
an.c,TOP_LEVEL,PBMessageALL3.java,method,b,(La/k$a;)V,1,0
an.c,TOP_LEVEL,PBMessageALL3.java,method,b,(La/p$g;)V,1,0
an.c,TOP_LEVEL,PBMessageALL3.java,method,c,()La/k$a;,1,0
an.c,TOP_LEVEL,PBMessageALL3.java,method,c,(La/k$a;)V,1,0
an.c,TOP_LEVEL,PBMessageALL3.java,method,c,(La/p$g;)V,1,0
an.c,TOP_LEVEL,PBMessageALL3.java,method,d,()La/k$a;,1,0
an.c,TOP_LEVEL,PBMessageALL3.java,method,d,(La/k$a;)V,1,0
an.c,TOP_LEVEL,PBMessageALL3.java,method,d,(La/p$g;)V,1,0
an.c,TOP_LEVEL,PBMessageALL3.java,method,e,()La/k$a;,1,0
an.c,TOP_LEVEL,PBMessageALL3.java,method,e,(La/k$a;)V,1,0
an.c,TOP_LEVEL,PBMessageALL3.java,method,e,(La/p$g;)V,1,0
an.c,TOP_LEVEL,PBMessageALL3.java,method,f,()La/k$a;,1,0
an.c,TOP_LEVEL,PBMessageALL3.java,method,g,()La/p$g;,1,0
an.c,TOP_LEVEL,PBMessageALL3.java,method,h,()La/p$g;,1,0
an.c,TOP_LEVEL,PBMessageALL3.java,method,i,()La/p$g;,1,0
an.c,TOP_LEVEL,PBMessageALL3.java,method,j,()La/p$g;,1,0
an.c,TOP_LEVEL,PBMessageALL3.java,method,k,()La/p$g;,1,0
an.c$a,INNER,PBMessageALL3.java,method,<init>,(La/h;La/n;Lan/c$a;)V,1,0
an.c$a,INNER,PBMessageALL3.java,method,<init>,(La/p$a;Lan/c$a;)V,1,0
an.c$a,INNER,PBMessageALL3.java,method,M,()La/x$a;,1,0
an.c$a,INNER,PBMessageALL3.java,method,N,()La/x$a;,1,0
an.c$a,INNER,PBMessageALL3.java,method,O,()La/y$a;,1,0
an.c$a,INNER,PBMessageALL3.java,method,P,()La/y$a;,1,0
an.c$a,INNER,PBMessageALL3.java,method,Q,()La/y;,1,0
an.c$a,INNER,PBMessageALL3.java,method,R,()La/x;,1,0
an.c$a,INNER,PBMessageALL3.java,method,a,(Lan/c$a;I)V,1,0
an.c$a,INNER,PBMessageALL3.java,method,a,(Lan/c$a;Ljava/util/List;)V,1,0
an.c$a,INNER,PBMessageALL3.java,method,af,()Z,1,0
an.c$a,INNER,PBMessageALL3.java,method,b,(La/p$b;)La/x$a;,1,0
an.c$a,INNER,PBMessageALL3.java,method,b,(Lan/c$a;)Ljava/util/List;,1,0
an.c$a,INNER,PBMessageALL3.java,method,b,(Lan/c$a;I)V,1,0
an.c$a,INNER,PBMessageALL3.java,method,c,(Lan/c$a;I)V,1,0
an.c$a,INNER,PBMessageALL3.java,method,d,(Lan/c$a;I)V,1,0
an.c$a,INNER,PBMessageALL3.java,method,e,(Lan/c$a;I)V,1,0
an.c$a,INNER,PBMessageALL3.java,method,f,(Lan/c$a;I)V,1,0
an.c$a,INNER,PBMessageALL3.java,method,g,(Lan/c$a;I)V,1,0
an.c$a,INNER,PBMessageALL3.java,method,h,(Lan/c$a;I)V,1,0
an.c$a,INNER,PBMessageALL3.java,method,i,(Lan/c$a;I)V,1,0
an.c$a,INNER,PBMessageALL3.java,method,j,(Lan/c$a;I)V,1,0
an.c$a,INNER,PBMessageALL3.java,method,k,(Lan/c$a;I)V,1,0
an.c$a,INNER,PBMessageALL3.java,method,l,(Lan/c$a;I)V,1,0
an.c$a,INNER,PBMessageALL3.java,method,m,(Lan/c$a;I)V,1,0
an.c$a,INNER,PBMessageALL3.java,method,n,(Lan/c$a;I)V,1,0
an.c$a,INNER,PBMessageALL3.java,method,o,(Lan/c$a;I)V,1,0
an.c$a$1,ANONYMOUS,PBMessageALL3.java,method,d,(La/h;La/n;)Ljava/lang/Object;,1,0
an.c$a$a,INNER,PBMessageALL3.java,method,<init>,(La/p$b;Lan/c$a$a;)V,1,0
an.c$a$a,INNER,PBMessageALL3.java,method,Q,()La/y;,1,0
an.c$a$a,INNER,PBMessageALL3.java,method,R,()La/x;,1,0
an.c$a$a,INNER,PBMessageALL3.java,method,a,(La/h;La/n;)La/a$a;,1,0
an.c$a$a,INNER,PBMessageALL3.java,method,a,(La/x;)La/a$a;,1,0
an.c$a$a,INNER,PBMessageALL3.java,method,ah,()La/p$a;,1,0
an.c$a$a,INNER,PBMessageALL3.java,method,ai,()La/p$a;,1,0
an.c$a$a,INNER,PBMessageALL3.java,method,aj,()La/x;,1,0
an.c$a$a,INNER,PBMessageALL3.java,method,ak,()La/x;,1,0
an.c$a$a,INNER,PBMessageALL3.java,method,al,()La/y;,1,0
an.c$a$a,INNER,PBMessageALL3.java,method,am,()La/y;,1,0
an.c$a$a,INNER,PBMessageALL3.java,method,at,()Lan/c$a$a;,1,0
an.c$a$a,INNER,PBMessageALL3.java,method,c,(La/h;La/n;)La/y$a;,1,0
an.c$a$a,INNER,PBMessageALL3.java,method,c,(La/x;)La/x$a;,1,0
an.c$a$a,INNER,PBMessageALL3.java,method,d,(La/h;La/n;)La/x$a;,1,0
an.c$a$a,INNER,PBMessageALL3.java,method,g,()La/y$a;,1,0
an.c$a$a,INNER,PBMessageALL3.java,method,h,()La/y$a;,1,0
an.c$a$a,INNER,PBMessageALL3.java,method,i,()La/x$a;,1,0
an.c$a$a,INNER,PBMessageALL3.java,method,j,()La/x$a;,1,0
an.c$c,INNER,PBMessageALL3.java,method,<init>,(La/h;La/n;Lan/c$c;)V,1,0
an.c$c,INNER,PBMessageALL3.java,method,<init>,(La/p$a;Lan/c$c;)V,1,0
an.c$c,INNER,PBMessageALL3.java,method,M,()La/x$a;,1,0
an.c$c,INNER,PBMessageALL3.java,method,N,()La/x$a;,1,0
an.c$c,INNER,PBMessageALL3.java,method,O,()La/y$a;,1,0
an.c$c,INNER,PBMessageALL3.java,method,P,()La/y$a;,1,0
an.c$c,INNER,PBMessageALL3.java,method,Q,()La/y;,1,0
an.c$c,INNER,PBMessageALL3.java,method,R,()La/x;,1,0
an.c$c,INNER,PBMessageALL3.java,method,a,(Lan/c$c;I)V,1,0
an.c$c,INNER,PBMessageALL3.java,method,a,(Lan/c$c;La/g;)V,1,0
an.c$c,INNER,PBMessageALL3.java,method,af,()Z,1,0
an.c$c,INNER,PBMessageALL3.java,method,b,(La/p$b;)La/x$a;,1,0
an.c$c,INNER,PBMessageALL3.java,method,b,(Lan/c$c;I)V,1,0
an.c$c,INNER,PBMessageALL3.java,method,b,(Lan/c$c;La/g;)V,1,0
an.c$c,INNER,PBMessageALL3.java,method,c,(Lan/c$c;I)V,1,0
an.c$c,INNER,PBMessageALL3.java,method,c,(Lan/c$c;La/g;)V,1,0
an.c$c,INNER,PBMessageALL3.java,method,d,(Lan/c$c;I)V,1,0
an.c$c,INNER,PBMessageALL3.java,method,d,(Lan/c$c;La/g;)V,1,0
an.c$c,INNER,PBMessageALL3.java,method,e,(Lan/c$c;I)V,1,0
an.c$c,INNER,PBMessageALL3.java,method,e,(Lan/c$c;La/g;)V,1,0
an.c$c,INNER,PBMessageALL3.java,method,f,(Lan/c$c;I)V,1,0
an.c$c,INNER,PBMessageALL3.java,method,f,(Lan/c$c;La/g;)V,1,0
an.c$c,INNER,PBMessageALL3.java,method,g,(Lan/c$c;I)V,1,0
an.c$c,INNER,PBMessageALL3.java,method,h,(Lan/c$c;I)V,1,0
an.c$c,INNER,PBMessageALL3.java,method,i,(Lan/c$c;I)V,1,0
an.c$c,INNER,PBMessageALL3.java,method,j,(Lan/c$c;I)V,1,0
an.c$c$1,ANONYMOUS,PBMessageALL3.java,method,d,(La/h;La/n;)Ljava/lang/Object;,1,0
an.c$c$a,INNER,PBMessageALL3.java,method,<init>,(La/p$b;Lan/c$c$a;)V,1,0
an.c$c$a,INNER,PBMessageALL3.java,method,Q,()La/y;,1,0
an.c$c$a,INNER,PBMessageALL3.java,method,R,()La/x;,1,0
an.c$c$a,INNER,PBMessageALL3.java,method,a,(La/h;La/n;)La/a$a;,1,0
an.c$c$a,INNER,PBMessageALL3.java,method,a,(La/x;)La/a$a;,1,0
an.c$c$a,INNER,PBMessageALL3.java,method,ah,()La/p$a;,1,0
an.c$c$a,INNER,PBMessageALL3.java,method,ai,()La/p$a;,1,0
an.c$c$a,INNER,PBMessageALL3.java,method,aj,()La/x;,1,0
an.c$c$a,INNER,PBMessageALL3.java,method,ak,()La/x;,1,0
an.c$c$a,INNER,PBMessageALL3.java,method,al,()La/y;,1,0
an.c$c$a,INNER,PBMessageALL3.java,method,am,()La/y;,1,0
an.c$c$a,INNER,PBMessageALL3.java,method,at,()Lan/c$c$a;,1,0
an.c$c$a,INNER,PBMessageALL3.java,method,c,(La/h;La/n;)La/y$a;,1,0
an.c$c$a,INNER,PBMessageALL3.java,method,c,(La/x;)La/x$a;,1,0
an.c$c$a,INNER,PBMessageALL3.java,method,d,(La/h;La/n;)La/x$a;,1,0
an.c$c$a,INNER,PBMessageALL3.java,method,g,()La/y$a;,1,0
an.c$c$a,INNER,PBMessageALL3.java,method,h,()La/y$a;,1,0
an.c$c$a,INNER,PBMessageALL3.java,method,i,()La/x$a;,1,0
an.c$c$a,INNER,PBMessageALL3.java,method,j,()La/x$a;,1,0
an.c$e,INNER,PBMessageALL3.java,method,<init>,(La/h;La/n;Lan/c$e;)V,1,0
an.c$e,INNER,PBMessageALL3.java,method,<init>,(La/p$a;Lan/c$e;)V,1,0
an.c$e,INNER,PBMessageALL3.java,method,M,()La/x$a;,1,0
an.c$e,INNER,PBMessageALL3.java,method,N,()La/x$a;,1,0
an.c$e,INNER,PBMessageALL3.java,method,O,()La/y$a;,1,0
an.c$e,INNER,PBMessageALL3.java,method,P,()La/y$a;,1,0
an.c$e,INNER,PBMessageALL3.java,method,Q,()La/y;,1,0
an.c$e,INNER,PBMessageALL3.java,method,R,()La/x;,1,0
an.c$e,INNER,PBMessageALL3.java,method,a,(Lan/c$e;I)V,1,0
an.c$e,INNER,PBMessageALL3.java,method,a,(Lan/c$e;La/g;)V,1,0
an.c$e,INNER,PBMessageALL3.java,method,af,()Z,1,0
an.c$e,INNER,PBMessageALL3.java,method,b,(La/p$b;)La/x$a;,1,0
an.c$e,INNER,PBMessageALL3.java,method,b,(Lan/c$e;I)V,1,0
an.c$e,INNER,PBMessageALL3.java,method,c,(Lan/c$e;I)V,1,0
an.c$e,INNER,PBMessageALL3.java,method,d,(Lan/c$e;I)V,1,0
an.c$e,INNER,PBMessageALL3.java,method,e,(Lan/c$e;I)V,1,0
an.c$e,INNER,PBMessageALL3.java,method,f,(Lan/c$e;I)V,1,0
an.c$e,INNER,PBMessageALL3.java,method,g,(Lan/c$e;I)V,1,0
an.c$e,INNER,PBMessageALL3.java,method,h,(Lan/c$e;I)V,1,0
an.c$e,INNER,PBMessageALL3.java,method,i,(Lan/c$e;I)V,1,0
an.c$e,INNER,PBMessageALL3.java,method,j,(Lan/c$e;I)V,1,0
an.c$e,INNER,PBMessageALL3.java,method,k,(Lan/c$e;I)V,1,0
an.c$e,INNER,PBMessageALL3.java,method,l,(Lan/c$e;I)V,1,0
an.c$e,INNER,PBMessageALL3.java,method,m,(Lan/c$e;I)V,1,0
an.c$e,INNER,PBMessageALL3.java,method,n,(Lan/c$e;I)V,1,0
an.c$e,INNER,PBMessageALL3.java,method,o,(Lan/c$e;I)V,1,0
an.c$e$1,ANONYMOUS,PBMessageALL3.java,method,d,(La/h;La/n;)Ljava/lang/Object;,1,0
an.c$e$a,INNER,PBMessageALL3.java,method,<init>,(La/p$b;Lan/c$e$a;)V,1,0
an.c$e$a,INNER,PBMessageALL3.java,method,Q,()La/y;,1,0
an.c$e$a,INNER,PBMessageALL3.java,method,R,()La/x;,1,0
an.c$e$a,INNER,PBMessageALL3.java,method,a,(La/h;La/n;)La/a$a;,1,0
an.c$e$a,INNER,PBMessageALL3.java,method,a,(La/x;)La/a$a;,1,0
an.c$e$a,INNER,PBMessageALL3.java,method,ah,()La/p$a;,1,0
an.c$e$a,INNER,PBMessageALL3.java,method,ai,()La/p$a;,1,0
an.c$e$a,INNER,PBMessageALL3.java,method,aj,()La/x;,1,0
an.c$e$a,INNER,PBMessageALL3.java,method,ak,()La/x;,1,0
an.c$e$a,INNER,PBMessageALL3.java,method,al,()La/y;,1,0
an.c$e$a,INNER,PBMessageALL3.java,method,am,()La/y;,1,0
an.c$e$a,INNER,PBMessageALL3.java,method,at,()Lan/c$e$a;,1,0
an.c$e$a,INNER,PBMessageALL3.java,method,c,(La/h;La/n;)La/y$a;,1,0
an.c$e$a,INNER,PBMessageALL3.java,method,c,(La/x;)La/x$a;,1,0
an.c$e$a,INNER,PBMessageALL3.java,method,d,(La/h;La/n;)La/x$a;,1,0
an.c$e$a,INNER,PBMessageALL3.java,method,g,()La/y$a;,1,0
an.c$e$a,INNER,PBMessageALL3.java,method,h,()La/y$a;,1,0
an.c$e$a,INNER,PBMessageALL3.java,method,i,()La/x$a;,1,0
an.c$e$a,INNER,PBMessageALL3.java,method,j,()La/x$a;,1,0
an.c$g,INNER,PBMessageALL3.java,method,<init>,(La/h;La/n;Lan/c$g;)V,1,0
an.c$g,INNER,PBMessageALL3.java,method,<init>,(La/p$a;Lan/c$g;)V,1,0
an.c$g,INNER,PBMessageALL3.java,method,M,()La/x$a;,1,0
an.c$g,INNER,PBMessageALL3.java,method,N,()La/x$a;,1,0
an.c$g,INNER,PBMessageALL3.java,method,O,()La/y$a;,1,0
an.c$g,INNER,PBMessageALL3.java,method,P,()La/y$a;,1,0
an.c$g,INNER,PBMessageALL3.java,method,Q,()La/y;,1,0
an.c$g,INNER,PBMessageALL3.java,method,R,()La/x;,1,0
an.c$g,INNER,PBMessageALL3.java,method,a,(Lan/c$g;I)V,1,0
an.c$g,INNER,PBMessageALL3.java,method,a,(Lan/c$g;Ljava/util/List;)V,1,0
an.c$g,INNER,PBMessageALL3.java,method,af,()Z,1,0
an.c$g,INNER,PBMessageALL3.java,method,b,(La/p$b;)La/x$a;,1,0
an.c$g,INNER,PBMessageALL3.java,method,b,(Lan/c$g;)Ljava/util/List;,1,0
an.c$g,INNER,PBMessageALL3.java,method,b,(Lan/c$g;I)V,1,0
an.c$g,INNER,PBMessageALL3.java,method,c,(Lan/c$g;I)V,1,0
an.c$g,INNER,PBMessageALL3.java,method,d,(Lan/c$g;I)V,1,0
an.c$g,INNER,PBMessageALL3.java,method,e,(Lan/c$g;I)V,1,0
an.c$g,INNER,PBMessageALL3.java,method,f,(Lan/c$g;I)V,1,0
an.c$g,INNER,PBMessageALL3.java,method,g,(Lan/c$g;I)V,1,0
an.c$g,INNER,PBMessageALL3.java,method,h,(Lan/c$g;I)V,1,0
an.c$g,INNER,PBMessageALL3.java,method,i,(Lan/c$g;I)V,1,0
an.c$g,INNER,PBMessageALL3.java,method,j,(Lan/c$g;I)V,1,0
an.c$g,INNER,PBMessageALL3.java,method,k,(Lan/c$g;I)V,1,0
an.c$g,INNER,PBMessageALL3.java,method,l,(Lan/c$g;I)V,1,0
an.c$g,INNER,PBMessageALL3.java,method,m,(Lan/c$g;I)V,1,0
an.c$g,INNER,PBMessageALL3.java,method,n,(Lan/c$g;I)V,1,0
an.c$g,INNER,PBMessageALL3.java,method,o,(Lan/c$g;I)V,1,0
an.c$g$1,ANONYMOUS,PBMessageALL3.java,method,d,(La/h;La/n;)Ljava/lang/Object;,1,0
an.c$g$a,INNER,PBMessageALL3.java,method,<init>,(La/p$b;Lan/c$g$a;)V,1,0
an.c$g$a,INNER,PBMessageALL3.java,method,Q,()La/y;,1,0
an.c$g$a,INNER,PBMessageALL3.java,method,R,()La/x;,1,0
an.c$g$a,INNER,PBMessageALL3.java,method,a,(La/h;La/n;)La/a$a;,1,0
an.c$g$a,INNER,PBMessageALL3.java,method,a,(La/x;)La/a$a;,1,0
an.c$g$a,INNER,PBMessageALL3.java,method,ah,()La/p$a;,1,0
an.c$g$a,INNER,PBMessageALL3.java,method,ai,()La/p$a;,1,0
an.c$g$a,INNER,PBMessageALL3.java,method,aj,()La/x;,1,0
an.c$g$a,INNER,PBMessageALL3.java,method,ak,()La/x;,1,0
an.c$g$a,INNER,PBMessageALL3.java,method,al,()La/y;,1,0
an.c$g$a,INNER,PBMessageALL3.java,method,am,()La/y;,1,0
an.c$g$a,INNER,PBMessageALL3.java,method,at,()Lan/c$g$a;,1,0
an.c$g$a,INNER,PBMessageALL3.java,method,c,(La/h;La/n;)La/y$a;,1,0
an.c$g$a,INNER,PBMessageALL3.java,method,c,(La/x;)La/x$a;,1,0
an.c$g$a,INNER,PBMessageALL3.java,method,d,(La/h;La/n;)La/x$a;,1,0
an.c$g$a,INNER,PBMessageALL3.java,method,g,()La/y$a;,1,0
an.c$g$a,INNER,PBMessageALL3.java,method,h,()La/y$a;,1,0
an.c$g$a,INNER,PBMessageALL3.java,method,i,()La/x$a;,1,0
an.c$g$a,INNER,PBMessageALL3.java,method,j,()La/x$a;,1,0
an.c$i,INNER,PBMessageALL3.java,method,<init>,(La/h;La/n;Lan/c$i;)V,1,0
an.c$i,INNER,PBMessageALL3.java,method,<init>,(La/p$a;Lan/c$i;)V,1,0
an.c$i,INNER,PBMessageALL3.java,method,M,()La/x$a;,1,0
an.c$i,INNER,PBMessageALL3.java,method,N,()La/x$a;,1,0
an.c$i,INNER,PBMessageALL3.java,method,O,()La/y$a;,1,0
an.c$i,INNER,PBMessageALL3.java,method,P,()La/y$a;,1,0
an.c$i,INNER,PBMessageALL3.java,method,Q,()La/y;,1,0
an.c$i,INNER,PBMessageALL3.java,method,R,()La/x;,1,0
an.c$i,INNER,PBMessageALL3.java,method,a,(Lan/c$i;I)V,1,0
an.c$i,INNER,PBMessageALL3.java,method,a,(Lan/c$i;La/g;)V,1,0
an.c$i,INNER,PBMessageALL3.java,method,af,()Z,1,0
an.c$i,INNER,PBMessageALL3.java,method,b,(La/p$b;)La/x$a;,1,0
an.c$i,INNER,PBMessageALL3.java,method,b,(Lan/c$i;I)V,1,0
an.c$i,INNER,PBMessageALL3.java,method,b,(Lan/c$i;La/g;)V,1,0
an.c$i,INNER,PBMessageALL3.java,method,c,(Lan/c$i;I)V,1,0
an.c$i,INNER,PBMessageALL3.java,method,c,(Lan/c$i;La/g;)V,1,0
an.c$i,INNER,PBMessageALL3.java,method,d,(Lan/c$i;I)V,1,0
an.c$i,INNER,PBMessageALL3.java,method,e,(Lan/c$i;I)V,1,0
an.c$i,INNER,PBMessageALL3.java,method,f,(Lan/c$i;I)V,1,0
an.c$i,INNER,PBMessageALL3.java,method,g,(Lan/c$i;I)V,1,0
an.c$i,INNER,PBMessageALL3.java,method,h,(Lan/c$i;I)V,1,0
an.c$i,INNER,PBMessageALL3.java,method,i,(Lan/c$i;I)V,1,0
an.c$i,INNER,PBMessageALL3.java,method,j,(Lan/c$i;I)V,1,0
an.c$i,INNER,PBMessageALL3.java,method,k,(Lan/c$i;I)V,1,0
an.c$i,INNER,PBMessageALL3.java,method,l,(Lan/c$i;I)V,1,0
an.c$i,INNER,PBMessageALL3.java,method,m,(Lan/c$i;I)V,1,0
an.c$i$1,ANONYMOUS,PBMessageALL3.java,method,d,(La/h;La/n;)Ljava/lang/Object;,1,0
an.c$i$a,INNER,PBMessageALL3.java,method,<init>,(La/p$b;Lan/c$i$a;)V,1,0
an.c$i$a,INNER,PBMessageALL3.java,method,Q,()La/y;,1,0
an.c$i$a,INNER,PBMessageALL3.java,method,R,()La/x;,1,0
an.c$i$a,INNER,PBMessageALL3.java,method,a,(La/h;La/n;)La/a$a;,1,0
an.c$i$a,INNER,PBMessageALL3.java,method,a,(La/x;)La/a$a;,1,0
an.c$i$a,INNER,PBMessageALL3.java,method,ah,()La/p$a;,1,0
an.c$i$a,INNER,PBMessageALL3.java,method,ai,()La/p$a;,1,0
an.c$i$a,INNER,PBMessageALL3.java,method,aj,()La/x;,1,0
an.c$i$a,INNER,PBMessageALL3.java,method,ak,()La/x;,1,0
an.c$i$a,INNER,PBMessageALL3.java,method,al,()La/y;,1,0
an.c$i$a,INNER,PBMessageALL3.java,method,am,()La/y;,1,0
an.c$i$a,INNER,PBMessageALL3.java,method,at,()Lan/c$i$a;,1,0
an.c$i$a,INNER,PBMessageALL3.java,method,c,(La/h;La/n;)La/y$a;,1,0
an.c$i$a,INNER,PBMessageALL3.java,method,c,(La/x;)La/x$a;,1,0
an.c$i$a,INNER,PBMessageALL3.java,method,d,(La/h;La/n;)La/x$a;,1,0
an.c$i$a,INNER,PBMessageALL3.java,method,g,()La/y$a;,1,0
an.c$i$a,INNER,PBMessageALL3.java,method,h,()La/y$a;,1,0
an.c$i$a,INNER,PBMessageALL3.java,method,i,()La/x$a;,1,0
an.c$i$a,INNER,PBMessageALL3.java,method,j,()La/x$a;,1,0
an.d,TOP_LEVEL,PBMessageALL4.java,method,a,(La/k$a;)V,1,0
an.d,TOP_LEVEL,PBMessageALL4.java,method,a,(La/k$g;)V,1,0
an.d,TOP_LEVEL,PBMessageALL4.java,method,a,(La/p$g;)V,1,0
an.d,TOP_LEVEL,PBMessageALL4.java,method,b,()La/k$a;,1,0
an.d,TOP_LEVEL,PBMessageALL4.java,method,b,(La/k$a;)V,1,0
an.d,TOP_LEVEL,PBMessageALL4.java,method,b,(La/p$g;)V,1,0
an.d,TOP_LEVEL,PBMessageALL4.java,method,c,()La/k$a;,1,0
an.d,TOP_LEVEL,PBMessageALL4.java,method,c,(La/k$a;)V,1,0
an.d,TOP_LEVEL,PBMessageALL4.java,method,c,(La/p$g;)V,1,0
an.d,TOP_LEVEL,PBMessageALL4.java,method,d,()La/k$a;,1,0
an.d,TOP_LEVEL,PBMessageALL4.java,method,d,(La/k$a;)V,1,0
an.d,TOP_LEVEL,PBMessageALL4.java,method,d,(La/p$g;)V,1,0
an.d,TOP_LEVEL,PBMessageALL4.java,method,e,()La/k$a;,1,0
an.d,TOP_LEVEL,PBMessageALL4.java,method,e,(La/k$a;)V,1,0
an.d,TOP_LEVEL,PBMessageALL4.java,method,e,(La/p$g;)V,1,0
an.d,TOP_LEVEL,PBMessageALL4.java,method,f,()La/k$a;,1,0
an.d,TOP_LEVEL,PBMessageALL4.java,method,g,()La/p$g;,1,0
an.d,TOP_LEVEL,PBMessageALL4.java,method,h,()La/p$g;,1,0
an.d,TOP_LEVEL,PBMessageALL4.java,method,i,()La/p$g;,1,0
an.d,TOP_LEVEL,PBMessageALL4.java,method,j,()La/p$g;,1,0
an.d,TOP_LEVEL,PBMessageALL4.java,method,k,()La/p$g;,1,0
an.d$a,INNER,PBMessageALL4.java,method,<init>,(La/h;La/n;Lan/d$a;)V,1,0
an.d$a,INNER,PBMessageALL4.java,method,<init>,(La/p$a;Lan/d$a;)V,1,0
an.d$a,INNER,PBMessageALL4.java,method,M,()La/x$a;,1,0
an.d$a,INNER,PBMessageALL4.java,method,N,()La/x$a;,1,0
an.d$a,INNER,PBMessageALL4.java,method,O,()La/y$a;,1,0
an.d$a,INNER,PBMessageALL4.java,method,P,()La/y$a;,1,0
an.d$a,INNER,PBMessageALL4.java,method,Q,()La/y;,1,0
an.d$a,INNER,PBMessageALL4.java,method,R,()La/x;,1,0
an.d$a,INNER,PBMessageALL4.java,method,a,(Lan/d$a;I)V,1,0
an.d$a,INNER,PBMessageALL4.java,method,a,(Lan/d$a;J)V,1,0
an.d$a,INNER,PBMessageALL4.java,method,af,()Z,1,0
an.d$a,INNER,PBMessageALL4.java,method,b,(La/p$b;)La/x$a;,1,0
an.d$a,INNER,PBMessageALL4.java,method,b,(Lan/d$a;J)V,1,0
an.d$a,INNER,PBMessageALL4.java,method,c,(Lan/d$a;J)V,1,0
an.d$a,INNER,PBMessageALL4.java,method,d,(Lan/d$a;J)V,1,0
an.d$a,INNER,PBMessageALL4.java,method,e,(Lan/d$a;J)V,1,0
an.d$a,INNER,PBMessageALL4.java,method,f,(Lan/d$a;J)V,1,0
an.d$a,INNER,PBMessageALL4.java,method,g,(Lan/d$a;J)V,1,0
an.d$a,INNER,PBMessageALL4.java,method,h,(Lan/d$a;J)V,1,0
an.d$a,INNER,PBMessageALL4.java,method,i,(Lan/d$a;J)V,1,0
an.d$a,INNER,PBMessageALL4.java,method,j,(Lan/d$a;J)V,1,0
an.d$a,INNER,PBMessageALL4.java,method,k,(Lan/d$a;J)V,1,0
an.d$a,INNER,PBMessageALL4.java,method,l,(Lan/d$a;J)V,1,0
an.d$a,INNER,PBMessageALL4.java,method,m,(Lan/d$a;J)V,1,0
an.d$a,INNER,PBMessageALL4.java,method,n,(Lan/d$a;J)V,1,0
an.d$a,INNER,PBMessageALL4.java,method,o,(Lan/d$a;J)V,1,0
an.d$a$1,ANONYMOUS,PBMessageALL4.java,method,d,(La/h;La/n;)Ljava/lang/Object;,1,0
an.d$a$a,INNER,PBMessageALL4.java,method,<init>,(La/p$b;Lan/d$a$a;)V,1,0
an.d$a$a,INNER,PBMessageALL4.java,method,Q,()La/y;,1,0
an.d$a$a,INNER,PBMessageALL4.java,method,R,()La/x;,1,0
an.d$a$a,INNER,PBMessageALL4.java,method,a,(La/h;La/n;)La/a$a;,1,0
an.d$a$a,INNER,PBMessageALL4.java,method,a,(La/x;)La/a$a;,1,0
an.d$a$a,INNER,PBMessageALL4.java,method,ah,()La/p$a;,1,0
an.d$a$a,INNER,PBMessageALL4.java,method,ai,()La/p$a;,1,0
an.d$a$a,INNER,PBMessageALL4.java,method,aj,()La/x;,1,0
an.d$a$a,INNER,PBMessageALL4.java,method,ak,()La/x;,1,0
an.d$a$a,INNER,PBMessageALL4.java,method,al,()La/y;,1,0
an.d$a$a,INNER,PBMessageALL4.java,method,am,()La/y;,1,0
an.d$a$a,INNER,PBMessageALL4.java,method,at,()Lan/d$a$a;,1,0
an.d$a$a,INNER,PBMessageALL4.java,method,c,(La/h;La/n;)La/y$a;,1,0
an.d$a$a,INNER,PBMessageALL4.java,method,c,(La/x;)La/x$a;,1,0
an.d$a$a,INNER,PBMessageALL4.java,method,d,(La/h;La/n;)La/x$a;,1,0
an.d$a$a,INNER,PBMessageALL4.java,method,g,()La/y$a;,1,0
an.d$a$a,INNER,PBMessageALL4.java,method,h,()La/y$a;,1,0
an.d$a$a,INNER,PBMessageALL4.java,method,i,()La/x$a;,1,0
an.d$a$a,INNER,PBMessageALL4.java,method,j,()La/x$a;,1,0
an.d$c,INNER,PBMessageALL4.java,method,<init>,(La/h;La/n;Lan/d$c;)V,1,0
an.d$c,INNER,PBMessageALL4.java,method,<init>,(La/p$a;Lan/d$c;)V,1,0
an.d$c,INNER,PBMessageALL4.java,method,M,()La/x$a;,1,0
an.d$c,INNER,PBMessageALL4.java,method,N,()La/x$a;,1,0
an.d$c,INNER,PBMessageALL4.java,method,O,()La/y$a;,1,0
an.d$c,INNER,PBMessageALL4.java,method,P,()La/y$a;,1,0
an.d$c,INNER,PBMessageALL4.java,method,Q,()La/y;,1,0
an.d$c,INNER,PBMessageALL4.java,method,R,()La/x;,1,0
an.d$c,INNER,PBMessageALL4.java,method,a,(Lan/d$c;I)V,1,0
an.d$c,INNER,PBMessageALL4.java,method,a,(Lan/d$c;J)V,1,0
an.d$c,INNER,PBMessageALL4.java,method,a,(Lan/d$c;La/g;)V,1,0
an.d$c,INNER,PBMessageALL4.java,method,af,()Z,1,0
an.d$c,INNER,PBMessageALL4.java,method,b,(La/p$b;)La/x$a;,1,0
an.d$c,INNER,PBMessageALL4.java,method,b,(Lan/d$c;I)V,1,0
an.d$c,INNER,PBMessageALL4.java,method,b,(Lan/d$c;J)V,1,0
an.d$c,INNER,PBMessageALL4.java,method,b,(Lan/d$c;La/g;)V,1,0
an.d$c,INNER,PBMessageALL4.java,method,c,(Lan/d$c;I)V,1,0
an.d$c,INNER,PBMessageALL4.java,method,c,(Lan/d$c;J)V,1,0
an.d$c,INNER,PBMessageALL4.java,method,d,(Lan/d$c;I)V,1,0
an.d$c,INNER,PBMessageALL4.java,method,e,(Lan/d$c;I)V,1,0
an.d$c,INNER,PBMessageALL4.java,method,f,(Lan/d$c;I)V,1,0
an.d$c,INNER,PBMessageALL4.java,method,g,(Lan/d$c;I)V,1,0
an.d$c,INNER,PBMessageALL4.java,method,h,(Lan/d$c;I)V,1,0
an.d$c,INNER,PBMessageALL4.java,method,i,(Lan/d$c;I)V,1,0
an.d$c,INNER,PBMessageALL4.java,method,j,(Lan/d$c;I)V,1,0
an.d$c,INNER,PBMessageALL4.java,method,k,(Lan/d$c;I)V,1,0
an.d$c$1,ANONYMOUS,PBMessageALL4.java,method,d,(La/h;La/n;)Ljava/lang/Object;,1,0
an.d$c$a,INNER,PBMessageALL4.java,method,<init>,(La/p$b;Lan/d$c$a;)V,1,0
an.d$c$a,INNER,PBMessageALL4.java,method,Q,()La/y;,1,0
an.d$c$a,INNER,PBMessageALL4.java,method,R,()La/x;,1,0
an.d$c$a,INNER,PBMessageALL4.java,method,a,(La/h;La/n;)La/a$a;,1,0
an.d$c$a,INNER,PBMessageALL4.java,method,a,(La/x;)La/a$a;,1,0
an.d$c$a,INNER,PBMessageALL4.java,method,ah,()La/p$a;,1,0
an.d$c$a,INNER,PBMessageALL4.java,method,ai,()La/p$a;,1,0
an.d$c$a,INNER,PBMessageALL4.java,method,aj,()La/x;,1,0
an.d$c$a,INNER,PBMessageALL4.java,method,ak,()La/x;,1,0
an.d$c$a,INNER,PBMessageALL4.java,method,al,()La/y;,1,0
an.d$c$a,INNER,PBMessageALL4.java,method,am,()La/y;,1,0
an.d$c$a,INNER,PBMessageALL4.java,method,at,()Lan/d$c$a;,1,0
an.d$c$a,INNER,PBMessageALL4.java,method,c,(La/h;La/n;)La/y$a;,1,0
an.d$c$a,INNER,PBMessageALL4.java,method,c,(La/x;)La/x$a;,1,0
an.d$c$a,INNER,PBMessageALL4.java,method,d,(La/h;La/n;)La/x$a;,1,0
an.d$c$a,INNER,PBMessageALL4.java,method,g,()La/y$a;,1,0
an.d$c$a,INNER,PBMessageALL4.java,method,h,()La/y$a;,1,0
an.d$c$a,INNER,PBMessageALL4.java,method,i,()La/x$a;,1,0
an.d$c$a,INNER,PBMessageALL4.java,method,j,()La/x$a;,1,0
an.d$e,INNER,PBMessageALL4.java,method,<init>,(La/h;La/n;Lan/d$e;)V,1,0
an.d$e,INNER,PBMessageALL4.java,method,<init>,(La/p$a;Lan/d$e;)V,1,0
an.d$e,INNER,PBMessageALL4.java,method,M,()La/x$a;,1,0
an.d$e,INNER,PBMessageALL4.java,method,N,()La/x$a;,1,0
an.d$e,INNER,PBMessageALL4.java,method,O,()La/y$a;,1,0
an.d$e,INNER,PBMessageALL4.java,method,P,()La/y$a;,1,0
an.d$e,INNER,PBMessageALL4.java,method,Q,()La/y;,1,0
an.d$e,INNER,PBMessageALL4.java,method,R,()La/x;,1,0
an.d$e,INNER,PBMessageALL4.java,method,a,(Lan/d$e;I)V,1,0
an.d$e,INNER,PBMessageALL4.java,method,a,(Lan/d$e;La/g;)V,1,0
an.d$e,INNER,PBMessageALL4.java,method,af,()Z,1,0
an.d$e,INNER,PBMessageALL4.java,method,b,(La/p$b;)La/x$a;,1,0
an.d$e,INNER,PBMessageALL4.java,method,b,(Lan/d$e;I)V,1,0
an.d$e,INNER,PBMessageALL4.java,method,c,(Lan/d$e;I)V,1,0
an.d$e,INNER,PBMessageALL4.java,method,d,(Lan/d$e;I)V,1,0
an.d$e,INNER,PBMessageALL4.java,method,e,(Lan/d$e;I)V,1,0
an.d$e,INNER,PBMessageALL4.java,method,f,(Lan/d$e;I)V,1,0
an.d$e,INNER,PBMessageALL4.java,method,g,(Lan/d$e;I)V,1,0
an.d$e,INNER,PBMessageALL4.java,method,h,(Lan/d$e;I)V,1,0
an.d$e,INNER,PBMessageALL4.java,method,i,(Lan/d$e;I)V,1,0
an.d$e,INNER,PBMessageALL4.java,method,j,(Lan/d$e;I)V,1,0
an.d$e,INNER,PBMessageALL4.java,method,k,(Lan/d$e;I)V,1,0
an.d$e,INNER,PBMessageALL4.java,method,l,(Lan/d$e;I)V,1,0
an.d$e,INNER,PBMessageALL4.java,method,m,(Lan/d$e;I)V,1,0
an.d$e,INNER,PBMessageALL4.java,method,n,(Lan/d$e;I)V,1,0
an.d$e,INNER,PBMessageALL4.java,method,o,(Lan/d$e;I)V,1,0
an.d$e$1,ANONYMOUS,PBMessageALL4.java,method,d,(La/h;La/n;)Ljava/lang/Object;,1,0
an.d$e$a,INNER,PBMessageALL4.java,method,<init>,(La/p$b;Lan/d$e$a;)V,1,0
an.d$e$a,INNER,PBMessageALL4.java,method,Q,()La/y;,1,0
an.d$e$a,INNER,PBMessageALL4.java,method,R,()La/x;,1,0
an.d$e$a,INNER,PBMessageALL4.java,method,a,(La/h;La/n;)La/a$a;,1,0
an.d$e$a,INNER,PBMessageALL4.java,method,a,(La/x;)La/a$a;,1,0
an.d$e$a,INNER,PBMessageALL4.java,method,ah,()La/p$a;,1,0
an.d$e$a,INNER,PBMessageALL4.java,method,ai,()La/p$a;,1,0
an.d$e$a,INNER,PBMessageALL4.java,method,aj,()La/x;,1,0
an.d$e$a,INNER,PBMessageALL4.java,method,ak,()La/x;,1,0
an.d$e$a,INNER,PBMessageALL4.java,method,al,()La/y;,1,0
an.d$e$a,INNER,PBMessageALL4.java,method,am,()La/y;,1,0
an.d$e$a,INNER,PBMessageALL4.java,method,at,()Lan/d$e$a;,1,0
an.d$e$a,INNER,PBMessageALL4.java,method,c,(La/h;La/n;)La/y$a;,1,0
an.d$e$a,INNER,PBMessageALL4.java,method,c,(La/x;)La/x$a;,1,0
an.d$e$a,INNER,PBMessageALL4.java,method,d,(La/h;La/n;)La/x$a;,1,0
an.d$e$a,INNER,PBMessageALL4.java,method,g,()La/y$a;,1,0
an.d$e$a,INNER,PBMessageALL4.java,method,h,()La/y$a;,1,0
an.d$e$a,INNER,PBMessageALL4.java,method,i,()La/x$a;,1,0
an.d$e$a,INNER,PBMessageALL4.java,method,j,()La/x$a;,1,0
an.d$g,INNER,PBMessageALL4.java,method,<init>,(La/h;La/n;Lan/d$g;)V,1,0
an.d$g,INNER,PBMessageALL4.java,method,<init>,(La/p$a;Lan/d$g;)V,1,0
an.d$g,INNER,PBMessageALL4.java,method,M,()La/x$a;,1,0
an.d$g,INNER,PBMessageALL4.java,method,N,()La/x$a;,1,0
an.d$g,INNER,PBMessageALL4.java,method,O,()La/y$a;,1,0
an.d$g,INNER,PBMessageALL4.java,method,P,()La/y$a;,1,0
an.d$g,INNER,PBMessageALL4.java,method,Q,()La/y;,1,0
an.d$g,INNER,PBMessageALL4.java,method,R,()La/x;,1,0
an.d$g,INNER,PBMessageALL4.java,method,a,(Lan/d$g;I)V,1,0
an.d$g,INNER,PBMessageALL4.java,method,a,(Lan/d$g;La/g;)V,1,0
an.d$g,INNER,PBMessageALL4.java,method,af,()Z,1,0
an.d$g,INNER,PBMessageALL4.java,method,b,(La/p$b;)La/x$a;,1,0
an.d$g,INNER,PBMessageALL4.java,method,b,(Lan/d$g;I)V,1,0
an.d$g,INNER,PBMessageALL4.java,method,b,(Lan/d$g;La/g;)V,1,0
an.d$g,INNER,PBMessageALL4.java,method,c,(Lan/d$g;I)V,1,0
an.d$g,INNER,PBMessageALL4.java,method,c,(Lan/d$g;La/g;)V,1,0
an.d$g,INNER,PBMessageALL4.java,method,d,(Lan/d$g;I)V,1,0
an.d$g,INNER,PBMessageALL4.java,method,e,(Lan/d$g;I)V,1,0
an.d$g,INNER,PBMessageALL4.java,method,f,(Lan/d$g;I)V,1,0
an.d$g,INNER,PBMessageALL4.java,method,g,(Lan/d$g;I)V,1,0
an.d$g,INNER,PBMessageALL4.java,method,h,(Lan/d$g;I)V,1,0
an.d$g,INNER,PBMessageALL4.java,method,i,(Lan/d$g;I)V,1,0
an.d$g,INNER,PBMessageALL4.java,method,j,(Lan/d$g;I)V,1,0
an.d$g,INNER,PBMessageALL4.java,method,k,(Lan/d$g;I)V,1,0
an.d$g,INNER,PBMessageALL4.java,method,l,(Lan/d$g;I)V,1,0
an.d$g,INNER,PBMessageALL4.java,method,m,(Lan/d$g;I)V,1,0
an.d$g$1,ANONYMOUS,PBMessageALL4.java,method,d,(La/h;La/n;)Ljava/lang/Object;,1,0
an.d$g$a,INNER,PBMessageALL4.java,method,<init>,(La/p$b;Lan/d$g$a;)V,1,0
an.d$g$a,INNER,PBMessageALL4.java,method,Q,()La/y;,1,0
an.d$g$a,INNER,PBMessageALL4.java,method,R,()La/x;,1,0
an.d$g$a,INNER,PBMessageALL4.java,method,a,(La/h;La/n;)La/a$a;,1,0
an.d$g$a,INNER,PBMessageALL4.java,method,a,(La/x;)La/a$a;,1,0
an.d$g$a,INNER,PBMessageALL4.java,method,ah,()La/p$a;,1,0
an.d$g$a,INNER,PBMessageALL4.java,method,ai,()La/p$a;,1,0
an.d$g$a,INNER,PBMessageALL4.java,method,aj,()La/x;,1,0
an.d$g$a,INNER,PBMessageALL4.java,method,ak,()La/x;,1,0
an.d$g$a,INNER,PBMessageALL4.java,method,al,()La/y;,1,0
an.d$g$a,INNER,PBMessageALL4.java,method,am,()La/y;,1,0
an.d$g$a,INNER,PBMessageALL4.java,method,at,()Lan/d$g$a;,1,0
an.d$g$a,INNER,PBMessageALL4.java,method,c,(La/h;La/n;)La/y$a;,1,0
an.d$g$a,INNER,PBMessageALL4.java,method,c,(La/x;)La/x$a;,1,0
an.d$g$a,INNER,PBMessageALL4.java,method,d,(La/h;La/n;)La/x$a;,1,0
an.d$g$a,INNER,PBMessageALL4.java,method,g,()La/y$a;,1,0
an.d$g$a,INNER,PBMessageALL4.java,method,h,()La/y$a;,1,0
an.d$g$a,INNER,PBMessageALL4.java,method,i,()La/x$a;,1,0
an.d$g$a,INNER,PBMessageALL4.java,method,j,()La/x$a;,1,0
an.d$i,INNER,PBMessageALL4.java,method,<init>,(La/h;La/n;Lan/d$i;)V,1,0
an.d$i,INNER,PBMessageALL4.java,method,<init>,(La/p$a;Lan/d$i;)V,1,0
an.d$i,INNER,PBMessageALL4.java,method,M,()La/x$a;,1,0
an.d$i,INNER,PBMessageALL4.java,method,N,()La/x$a;,1,0
an.d$i,INNER,PBMessageALL4.java,method,O,()La/y$a;,1,0
an.d$i,INNER,PBMessageALL4.java,method,P,()La/y$a;,1,0
an.d$i,INNER,PBMessageALL4.java,method,Q,()La/y;,1,0
an.d$i,INNER,PBMessageALL4.java,method,R,()La/x;,1,0
an.d$i,INNER,PBMessageALL4.java,method,a,(Lan/d$i;I)V,1,0
an.d$i,INNER,PBMessageALL4.java,method,a,(Lan/d$i;Ljava/util/List;)V,1,0
an.d$i,INNER,PBMessageALL4.java,method,af,()Z,1,0
an.d$i,INNER,PBMessageALL4.java,method,b,(La/p$b;)La/x$a;,1,0
an.d$i,INNER,PBMessageALL4.java,method,b,(Lan/d$i;)Ljava/util/List;,1,0
an.d$i,INNER,PBMessageALL4.java,method,b,(Lan/d$i;I)V,1,0
an.d$i,INNER,PBMessageALL4.java,method,b,(Lan/d$i;Ljava/util/List;)V,1,0
an.d$i,INNER,PBMessageALL4.java,method,c,(Lan/d$i;)Ljava/util/List;,1,0
an.d$i,INNER,PBMessageALL4.java,method,c,(Lan/d$i;I)V,1,0
an.d$i,INNER,PBMessageALL4.java,method,d,(Lan/d$i;I)V,1,0
an.d$i,INNER,PBMessageALL4.java,method,e,(Lan/d$i;I)V,1,0
an.d$i,INNER,PBMessageALL4.java,method,f,(Lan/d$i;I)V,1,0
an.d$i,INNER,PBMessageALL4.java,method,g,(Lan/d$i;I)V,1,0
an.d$i,INNER,PBMessageALL4.java,method,h,(Lan/d$i;I)V,1,0
an.d$i,INNER,PBMessageALL4.java,method,i,(Lan/d$i;I)V,1,0
an.d$i,INNER,PBMessageALL4.java,method,j,(Lan/d$i;I)V,1,0
an.d$i,INNER,PBMessageALL4.java,method,k,(Lan/d$i;I)V,1,0
an.d$i,INNER,PBMessageALL4.java,method,l,(Lan/d$i;I)V,1,0
an.d$i,INNER,PBMessageALL4.java,method,m,(Lan/d$i;I)V,1,0
an.d$i,INNER,PBMessageALL4.java,method,n,(Lan/d$i;I)V,1,0
an.d$i$1,ANONYMOUS,PBMessageALL4.java,method,d,(La/h;La/n;)Ljava/lang/Object;,1,0
an.d$i$a,INNER,PBMessageALL4.java,method,<init>,(La/p$b;Lan/d$i$a;)V,1,0
an.d$i$a,INNER,PBMessageALL4.java,method,Q,()La/y;,1,0
an.d$i$a,INNER,PBMessageALL4.java,method,R,()La/x;,1,0
an.d$i$a,INNER,PBMessageALL4.java,method,a,(La/h;La/n;)La/a$a;,1,0
an.d$i$a,INNER,PBMessageALL4.java,method,a,(La/x;)La/a$a;,1,0
an.d$i$a,INNER,PBMessageALL4.java,method,ah,()La/p$a;,1,0
an.d$i$a,INNER,PBMessageALL4.java,method,ai,()La/p$a;,1,0
an.d$i$a,INNER,PBMessageALL4.java,method,aj,()La/x;,1,0
an.d$i$a,INNER,PBMessageALL4.java,method,ak,()La/x;,1,0
an.d$i$a,INNER,PBMessageALL4.java,method,al,()La/y;,1,0
an.d$i$a,INNER,PBMessageALL4.java,method,am,()La/y;,1,0
an.d$i$a,INNER,PBMessageALL4.java,method,at,()Lan/d$i$a;,1,0
an.d$i$a,INNER,PBMessageALL4.java,method,c,(La/h;La/n;)La/y$a;,1,0
an.d$i$a,INNER,PBMessageALL4.java,method,c,(La/x;)La/x$a;,1,0
an.d$i$a,INNER,PBMessageALL4.java,method,d,(La/h;La/n;)La/x$a;,1,0
an.d$i$a,INNER,PBMessageALL4.java,method,g,()La/y$a;,1,0
an.d$i$a,INNER,PBMessageALL4.java,method,h,()La/y$a;,1,0
an.d$i$a,INNER,PBMessageALL4.java,method,i,()La/x$a;,1,0
an.d$i$a,INNER,PBMessageALL4.java,method,j,()La/x$a;,1,0
an.e,TOP_LEVEL,PBMessageALL5.java,method,a,(La/k$a;)V,1,0
an.e,TOP_LEVEL,PBMessageALL5.java,method,a,(La/k$g;)V,1,0
an.e,TOP_LEVEL,PBMessageALL5.java,method,a,(La/p$g;)V,1,0
an.e,TOP_LEVEL,PBMessageALL5.java,method,b,()La/k$a;,1,0
an.e,TOP_LEVEL,PBMessageALL5.java,method,b,(La/k$a;)V,1,0
an.e,TOP_LEVEL,PBMessageALL5.java,method,b,(La/p$g;)V,1,0
an.e,TOP_LEVEL,PBMessageALL5.java,method,c,()La/k$a;,1,0
an.e,TOP_LEVEL,PBMessageALL5.java,method,c,(La/k$a;)V,1,0
an.e,TOP_LEVEL,PBMessageALL5.java,method,c,(La/p$g;)V,1,0
an.e,TOP_LEVEL,PBMessageALL5.java,method,d,()La/k$a;,1,0
an.e,TOP_LEVEL,PBMessageALL5.java,method,d,(La/k$a;)V,1,0
an.e,TOP_LEVEL,PBMessageALL5.java,method,d,(La/p$g;)V,1,0
an.e,TOP_LEVEL,PBMessageALL5.java,method,e,()La/k$a;,1,0
an.e,TOP_LEVEL,PBMessageALL5.java,method,e,(La/k$a;)V,1,0
an.e,TOP_LEVEL,PBMessageALL5.java,method,e,(La/p$g;)V,1,0
an.e,TOP_LEVEL,PBMessageALL5.java,method,f,()La/k$a;,1,0
an.e,TOP_LEVEL,PBMessageALL5.java,method,g,()La/p$g;,1,0
an.e,TOP_LEVEL,PBMessageALL5.java,method,h,()La/p$g;,1,0
an.e,TOP_LEVEL,PBMessageALL5.java,method,i,()La/p$g;,1,0
an.e,TOP_LEVEL,PBMessageALL5.java,method,j,()La/p$g;,1,0
an.e,TOP_LEVEL,PBMessageALL5.java,method,k,()La/p$g;,1,0
an.e$a,INNER,PBMessageALL5.java,method,<init>,(La/h;La/n;Lan/e$a;)V,1,0
an.e$a,INNER,PBMessageALL5.java,method,<init>,(La/p$a;Lan/e$a;)V,1,0
an.e$a,INNER,PBMessageALL5.java,method,M,()La/x$a;,1,0
an.e$a,INNER,PBMessageALL5.java,method,N,()La/x$a;,1,0
an.e$a,INNER,PBMessageALL5.java,method,O,()La/y$a;,1,0
an.e$a,INNER,PBMessageALL5.java,method,P,()La/y$a;,1,0
an.e$a,INNER,PBMessageALL5.java,method,Q,()La/y;,1,0
an.e$a,INNER,PBMessageALL5.java,method,R,()La/x;,1,0
an.e$a,INNER,PBMessageALL5.java,method,a,(Lan/e$a;I)V,1,0
an.e$a,INNER,PBMessageALL5.java,method,a,(Lan/e$a;Ljava/util/List;)V,1,0
an.e$a,INNER,PBMessageALL5.java,method,af,()Z,1,0
an.e$a,INNER,PBMessageALL5.java,method,b,(La/p$b;)La/x$a;,1,0
an.e$a,INNER,PBMessageALL5.java,method,b,(Lan/e$a;)Ljava/util/List;,1,0
an.e$a,INNER,PBMessageALL5.java,method,b,(Lan/e$a;I)V,1,0
an.e$a,INNER,PBMessageALL5.java,method,c,(Lan/e$a;I)V,1,0
an.e$a,INNER,PBMessageALL5.java,method,d,(Lan/e$a;I)V,1,0
an.e$a,INNER,PBMessageALL5.java,method,e,(Lan/e$a;I)V,1,0
an.e$a,INNER,PBMessageALL5.java,method,f,(Lan/e$a;I)V,1,0
an.e$a,INNER,PBMessageALL5.java,method,g,(Lan/e$a;I)V,1,0
an.e$a,INNER,PBMessageALL5.java,method,h,(Lan/e$a;I)V,1,0
an.e$a,INNER,PBMessageALL5.java,method,i,(Lan/e$a;I)V,1,0
an.e$a,INNER,PBMessageALL5.java,method,j,(Lan/e$a;I)V,1,0
an.e$a,INNER,PBMessageALL5.java,method,k,(Lan/e$a;I)V,1,0
an.e$a,INNER,PBMessageALL5.java,method,l,(Lan/e$a;I)V,1,0
an.e$a,INNER,PBMessageALL5.java,method,m,(Lan/e$a;I)V,1,0
an.e$a,INNER,PBMessageALL5.java,method,n,(Lan/e$a;I)V,1,0
an.e$a,INNER,PBMessageALL5.java,method,o,(Lan/e$a;I)V,1,0
an.e$a$1,ANONYMOUS,PBMessageALL5.java,method,d,(La/h;La/n;)Ljava/lang/Object;,1,0
an.e$a$a,INNER,PBMessageALL5.java,method,<init>,(La/p$b;Lan/e$a$a;)V,1,0
an.e$a$a,INNER,PBMessageALL5.java,method,Q,()La/y;,1,0
an.e$a$a,INNER,PBMessageALL5.java,method,R,()La/x;,1,0
an.e$a$a,INNER,PBMessageALL5.java,method,a,(La/h;La/n;)La/a$a;,1,0
an.e$a$a,INNER,PBMessageALL5.java,method,a,(La/x;)La/a$a;,1,0
an.e$a$a,INNER,PBMessageALL5.java,method,ah,()La/p$a;,1,0
an.e$a$a,INNER,PBMessageALL5.java,method,ai,()La/p$a;,1,0
an.e$a$a,INNER,PBMessageALL5.java,method,aj,()La/x;,1,0
an.e$a$a,INNER,PBMessageALL5.java,method,ak,()La/x;,1,0
an.e$a$a,INNER,PBMessageALL5.java,method,al,()La/y;,1,0
an.e$a$a,INNER,PBMessageALL5.java,method,am,()La/y;,1,0
an.e$a$a,INNER,PBMessageALL5.java,method,at,()Lan/e$a$a;,1,0
an.e$a$a,INNER,PBMessageALL5.java,method,c,(La/h;La/n;)La/y$a;,1,0
an.e$a$a,INNER,PBMessageALL5.java,method,c,(La/x;)La/x$a;,1,0
an.e$a$a,INNER,PBMessageALL5.java,method,d,(La/h;La/n;)La/x$a;,1,0
an.e$a$a,INNER,PBMessageALL5.java,method,g,()La/y$a;,1,0
an.e$a$a,INNER,PBMessageALL5.java,method,h,()La/y$a;,1,0
an.e$a$a,INNER,PBMessageALL5.java,method,i,()La/x$a;,1,0
an.e$a$a,INNER,PBMessageALL5.java,method,j,()La/x$a;,1,0
an.e$c,INNER,PBMessageALL5.java,method,<init>,(La/h;La/n;Lan/e$c;)V,1,0
an.e$c,INNER,PBMessageALL5.java,method,<init>,(La/p$a;Lan/e$c;)V,1,0
an.e$c,INNER,PBMessageALL5.java,method,M,()La/x$a;,1,0
an.e$c,INNER,PBMessageALL5.java,method,N,()La/x$a;,1,0
an.e$c,INNER,PBMessageALL5.java,method,O,()La/y$a;,1,0
an.e$c,INNER,PBMessageALL5.java,method,P,()La/y$a;,1,0
an.e$c,INNER,PBMessageALL5.java,method,Q,()La/y;,1,0
an.e$c,INNER,PBMessageALL5.java,method,R,()La/x;,1,0
an.e$c,INNER,PBMessageALL5.java,method,a,(Lan/e$c;I)V,1,0
an.e$c,INNER,PBMessageALL5.java,method,a,(Lan/e$c;La/g;)V,1,0
an.e$c,INNER,PBMessageALL5.java,method,af,()Z,1,0
an.e$c,INNER,PBMessageALL5.java,method,b,(La/p$b;)La/x$a;,1,0
an.e$c,INNER,PBMessageALL5.java,method,b,(Lan/e$c;I)V,1,0
an.e$c,INNER,PBMessageALL5.java,method,b,(Lan/e$c;La/g;)V,1,0
an.e$c,INNER,PBMessageALL5.java,method,c,(Lan/e$c;I)V,1,0
an.e$c,INNER,PBMessageALL5.java,method,d,(Lan/e$c;I)V,1,0
an.e$c,INNER,PBMessageALL5.java,method,e,(Lan/e$c;I)V,1,0
an.e$c,INNER,PBMessageALL5.java,method,f,(Lan/e$c;I)V,1,0
an.e$c,INNER,PBMessageALL5.java,method,g,(Lan/e$c;I)V,1,0
an.e$c,INNER,PBMessageALL5.java,method,h,(Lan/e$c;I)V,1,0
an.e$c,INNER,PBMessageALL5.java,method,i,(Lan/e$c;I)V,1,0
an.e$c,INNER,PBMessageALL5.java,method,j,(Lan/e$c;I)V,1,0
an.e$c,INNER,PBMessageALL5.java,method,k,(Lan/e$c;I)V,1,0
an.e$c,INNER,PBMessageALL5.java,method,l,(Lan/e$c;I)V,1,0
an.e$c,INNER,PBMessageALL5.java,method,m,(Lan/e$c;I)V,1,0
an.e$c,INNER,PBMessageALL5.java,method,n,(Lan/e$c;I)V,1,0
an.e$c$1,ANONYMOUS,PBMessageALL5.java,method,d,(La/h;La/n;)Ljava/lang/Object;,1,0
an.e$c$a,INNER,PBMessageALL5.java,method,<init>,(La/p$b;Lan/e$c$a;)V,1,0
an.e$c$a,INNER,PBMessageALL5.java,method,Q,()La/y;,1,0
an.e$c$a,INNER,PBMessageALL5.java,method,R,()La/x;,1,0
an.e$c$a,INNER,PBMessageALL5.java,method,a,(La/h;La/n;)La/a$a;,1,0
an.e$c$a,INNER,PBMessageALL5.java,method,a,(La/x;)La/a$a;,1,0
an.e$c$a,INNER,PBMessageALL5.java,method,ah,()La/p$a;,1,0
an.e$c$a,INNER,PBMessageALL5.java,method,ai,()La/p$a;,1,0
an.e$c$a,INNER,PBMessageALL5.java,method,aj,()La/x;,1,0
an.e$c$a,INNER,PBMessageALL5.java,method,ak,()La/x;,1,0
an.e$c$a,INNER,PBMessageALL5.java,method,al,()La/y;,1,0
an.e$c$a,INNER,PBMessageALL5.java,method,am,()La/y;,1,0
an.e$c$a,INNER,PBMessageALL5.java,method,at,()Lan/e$c$a;,1,0
an.e$c$a,INNER,PBMessageALL5.java,method,c,(La/h;La/n;)La/y$a;,1,0
an.e$c$a,INNER,PBMessageALL5.java,method,c,(La/x;)La/x$a;,1,0
an.e$c$a,INNER,PBMessageALL5.java,method,d,(La/h;La/n;)La/x$a;,1,0
an.e$c$a,INNER,PBMessageALL5.java,method,g,()La/y$a;,1,0
an.e$c$a,INNER,PBMessageALL5.java,method,h,()La/y$a;,1,0
an.e$c$a,INNER,PBMessageALL5.java,method,i,()La/x$a;,1,0
an.e$c$a,INNER,PBMessageALL5.java,method,j,()La/x$a;,1,0
an.e$e,INNER,PBMessageALL5.java,method,<init>,(La/h;La/n;Lan/e$e;)V,1,0
an.e$e,INNER,PBMessageALL5.java,method,<init>,(La/p$a;Lan/e$e;)V,1,0
an.e$e,INNER,PBMessageALL5.java,method,M,()La/x$a;,1,0
an.e$e,INNER,PBMessageALL5.java,method,N,()La/x$a;,1,0
an.e$e,INNER,PBMessageALL5.java,method,O,()La/y$a;,1,0
an.e$e,INNER,PBMessageALL5.java,method,P,()La/y$a;,1,0
an.e$e,INNER,PBMessageALL5.java,method,Q,()La/y;,1,0
an.e$e,INNER,PBMessageALL5.java,method,R,()La/x;,1,0
an.e$e,INNER,PBMessageALL5.java,method,a,(Lan/e$e;I)V,1,0
an.e$e,INNER,PBMessageALL5.java,method,a,(Lan/e$e;La/g;)V,1,0
an.e$e,INNER,PBMessageALL5.java,method,af,()Z,1,0
an.e$e,INNER,PBMessageALL5.java,method,b,(La/p$b;)La/x$a;,1,0
an.e$e,INNER,PBMessageALL5.java,method,b,(Lan/e$e;I)V,1,0
an.e$e,INNER,PBMessageALL5.java,method,c,(Lan/e$e;I)V,1,0
an.e$e,INNER,PBMessageALL5.java,method,d,(Lan/e$e;I)V,1,0
an.e$e,INNER,PBMessageALL5.java,method,e,(Lan/e$e;I)V,1,0
an.e$e,INNER,PBMessageALL5.java,method,f,(Lan/e$e;I)V,1,0
an.e$e,INNER,PBMessageALL5.java,method,g,(Lan/e$e;I)V,1,0
an.e$e,INNER,PBMessageALL5.java,method,h,(Lan/e$e;I)V,1,0
an.e$e,INNER,PBMessageALL5.java,method,i,(Lan/e$e;I)V,1,0
an.e$e,INNER,PBMessageALL5.java,method,j,(Lan/e$e;I)V,1,0
an.e$e,INNER,PBMessageALL5.java,method,k,(Lan/e$e;I)V,1,0
an.e$e,INNER,PBMessageALL5.java,method,l,(Lan/e$e;I)V,1,0
an.e$e,INNER,PBMessageALL5.java,method,m,(Lan/e$e;I)V,1,0
an.e$e,INNER,PBMessageALL5.java,method,n,(Lan/e$e;I)V,1,0
an.e$e,INNER,PBMessageALL5.java,method,o,(Lan/e$e;I)V,1,0
an.e$e$1,ANONYMOUS,PBMessageALL5.java,method,d,(La/h;La/n;)Ljava/lang/Object;,1,0
an.e$e$a,INNER,PBMessageALL5.java,method,<init>,(La/p$b;Lan/e$e$a;)V,1,0
an.e$e$a,INNER,PBMessageALL5.java,method,Q,()La/y;,1,0
an.e$e$a,INNER,PBMessageALL5.java,method,R,()La/x;,1,0
an.e$e$a,INNER,PBMessageALL5.java,method,a,(La/h;La/n;)La/a$a;,1,0
an.e$e$a,INNER,PBMessageALL5.java,method,a,(La/x;)La/a$a;,1,0
an.e$e$a,INNER,PBMessageALL5.java,method,ah,()La/p$a;,1,0
an.e$e$a,INNER,PBMessageALL5.java,method,ai,()La/p$a;,1,0
an.e$e$a,INNER,PBMessageALL5.java,method,aj,()La/x;,1,0
an.e$e$a,INNER,PBMessageALL5.java,method,ak,()La/x;,1,0
an.e$e$a,INNER,PBMessageALL5.java,method,al,()La/y;,1,0
an.e$e$a,INNER,PBMessageALL5.java,method,am,()La/y;,1,0
an.e$e$a,INNER,PBMessageALL5.java,method,at,()Lan/e$e$a;,1,0
an.e$e$a,INNER,PBMessageALL5.java,method,c,(La/h;La/n;)La/y$a;,1,0
an.e$e$a,INNER,PBMessageALL5.java,method,c,(La/x;)La/x$a;,1,0
an.e$e$a,INNER,PBMessageALL5.java,method,d,(La/h;La/n;)La/x$a;,1,0
an.e$e$a,INNER,PBMessageALL5.java,method,g,()La/y$a;,1,0
an.e$e$a,INNER,PBMessageALL5.java,method,h,()La/y$a;,1,0
an.e$e$a,INNER,PBMessageALL5.java,method,i,()La/x$a;,1,0
an.e$e$a,INNER,PBMessageALL5.java,method,j,()La/x$a;,1,0
an.e$g,INNER,PBMessageALL5.java,method,<init>,(La/h;La/n;Lan/e$g;)V,1,0
an.e$g,INNER,PBMessageALL5.java,method,<init>,(La/p$a;Lan/e$g;)V,1,0
an.e$g,INNER,PBMessageALL5.java,method,M,()La/x$a;,1,0
an.e$g,INNER,PBMessageALL5.java,method,N,()La/x$a;,1,0
an.e$g,INNER,PBMessageALL5.java,method,O,()La/y$a;,1,0
an.e$g,INNER,PBMessageALL5.java,method,P,()La/y$a;,1,0
an.e$g,INNER,PBMessageALL5.java,method,Q,()La/y;,1,0
an.e$g,INNER,PBMessageALL5.java,method,R,()La/x;,1,0
an.e$g,INNER,PBMessageALL5.java,method,a,(Lan/e$g;I)V,1,0
an.e$g,INNER,PBMessageALL5.java,method,a,(Lan/e$g;La/g;)V,1,0
an.e$g,INNER,PBMessageALL5.java,method,af,()Z,1,0
an.e$g,INNER,PBMessageALL5.java,method,b,(La/p$b;)La/x$a;,1,0
an.e$g,INNER,PBMessageALL5.java,method,b,(Lan/e$g;I)V,1,0
an.e$g,INNER,PBMessageALL5.java,method,b,(Lan/e$g;La/g;)V,1,0
an.e$g,INNER,PBMessageALL5.java,method,c,(Lan/e$g;I)V,1,0
an.e$g,INNER,PBMessageALL5.java,method,c,(Lan/e$g;La/g;)V,1,0
an.e$g,INNER,PBMessageALL5.java,method,d,(Lan/e$g;I)V,1,0
an.e$g,INNER,PBMessageALL5.java,method,d,(Lan/e$g;La/g;)V,1,0
an.e$g,INNER,PBMessageALL5.java,method,e,(Lan/e$g;I)V,1,0
an.e$g,INNER,PBMessageALL5.java,method,e,(Lan/e$g;La/g;)V,1,0
an.e$g,INNER,PBMessageALL5.java,method,f,(Lan/e$g;I)V,1,0
an.e$g,INNER,PBMessageALL5.java,method,f,(Lan/e$g;La/g;)V,1,0
an.e$g,INNER,PBMessageALL5.java,method,g,(Lan/e$g;I)V,1,0
an.e$g,INNER,PBMessageALL5.java,method,h,(Lan/e$g;I)V,1,0
an.e$g,INNER,PBMessageALL5.java,method,i,(Lan/e$g;I)V,1,0
an.e$g,INNER,PBMessageALL5.java,method,j,(Lan/e$g;I)V,1,0
an.e$g$1,ANONYMOUS,PBMessageALL5.java,method,d,(La/h;La/n;)Ljava/lang/Object;,1,0
an.e$g$a,INNER,PBMessageALL5.java,method,<init>,(La/p$b;Lan/e$g$a;)V,1,0
an.e$g$a,INNER,PBMessageALL5.java,method,Q,()La/y;,1,0
an.e$g$a,INNER,PBMessageALL5.java,method,R,()La/x;,1,0
an.e$g$a,INNER,PBMessageALL5.java,method,a,(La/h;La/n;)La/a$a;,1,0
an.e$g$a,INNER,PBMessageALL5.java,method,a,(La/x;)La/a$a;,1,0
an.e$g$a,INNER,PBMessageALL5.java,method,ah,()La/p$a;,1,0
an.e$g$a,INNER,PBMessageALL5.java,method,ai,()La/p$a;,1,0
an.e$g$a,INNER,PBMessageALL5.java,method,aj,()La/x;,1,0
an.e$g$a,INNER,PBMessageALL5.java,method,ak,()La/x;,1,0
an.e$g$a,INNER,PBMessageALL5.java,method,al,()La/y;,1,0
an.e$g$a,INNER,PBMessageALL5.java,method,am,()La/y;,1,0
an.e$g$a,INNER,PBMessageALL5.java,method,at,()Lan/e$g$a;,1,0
an.e$g$a,INNER,PBMessageALL5.java,method,c,(La/h;La/n;)La/y$a;,1,0
an.e$g$a,INNER,PBMessageALL5.java,method,c,(La/x;)La/x$a;,1,0
an.e$g$a,INNER,PBMessageALL5.java,method,d,(La/h;La/n;)La/x$a;,1,0
an.e$g$a,INNER,PBMessageALL5.java,method,g,()La/y$a;,1,0
an.e$g$a,INNER,PBMessageALL5.java,method,h,()La/y$a;,1,0
an.e$g$a,INNER,PBMessageALL5.java,method,i,()La/x$a;,1,0
an.e$g$a,INNER,PBMessageALL5.java,method,j,()La/x$a;,1,0
an.e$i,INNER,PBMessageALL5.java,method,<init>,(La/h;La/n;Lan/e$i;)V,1,0
an.e$i,INNER,PBMessageALL5.java,method,<init>,(La/p$a;Lan/e$i;)V,1,0
an.e$i,INNER,PBMessageALL5.java,method,M,()La/x$a;,1,0
an.e$i,INNER,PBMessageALL5.java,method,N,()La/x$a;,1,0
an.e$i,INNER,PBMessageALL5.java,method,O,()La/y$a;,1,0
an.e$i,INNER,PBMessageALL5.java,method,P,()La/y$a;,1,0
an.e$i,INNER,PBMessageALL5.java,method,Q,()La/y;,1,0
an.e$i,INNER,PBMessageALL5.java,method,R,()La/x;,1,0
an.e$i,INNER,PBMessageALL5.java,method,a,(Lan/e$i;I)V,1,0
an.e$i,INNER,PBMessageALL5.java,method,a,(Lan/e$i;La/g;)V,1,0
an.e$i,INNER,PBMessageALL5.java,method,af,()Z,1,0
an.e$i,INNER,PBMessageALL5.java,method,b,(La/p$b;)La/x$a;,1,0
an.e$i,INNER,PBMessageALL5.java,method,b,(Lan/e$i;I)V,1,0
an.e$i,INNER,PBMessageALL5.java,method,b,(Lan/e$i;La/g;)V,1,0
an.e$i,INNER,PBMessageALL5.java,method,c,(Lan/e$i;I)V,1,0
an.e$i,INNER,PBMessageALL5.java,method,d,(Lan/e$i;I)V,1,0
an.e$i,INNER,PBMessageALL5.java,method,e,(Lan/e$i;I)V,1,0
an.e$i,INNER,PBMessageALL5.java,method,f,(Lan/e$i;I)V,1,0
an.e$i,INNER,PBMessageALL5.java,method,g,(Lan/e$i;I)V,1,0
an.e$i,INNER,PBMessageALL5.java,method,h,(Lan/e$i;I)V,1,0
an.e$i,INNER,PBMessageALL5.java,method,i,(Lan/e$i;I)V,1,0
an.e$i,INNER,PBMessageALL5.java,method,j,(Lan/e$i;I)V,1,0
an.e$i,INNER,PBMessageALL5.java,method,k,(Lan/e$i;I)V,1,0
an.e$i,INNER,PBMessageALL5.java,method,l,(Lan/e$i;I)V,1,0
an.e$i,INNER,PBMessageALL5.java,method,m,(Lan/e$i;I)V,1,0
an.e$i,INNER,PBMessageALL5.java,method,n,(Lan/e$i;I)V,1,0
an.e$i$1,ANONYMOUS,PBMessageALL5.java,method,d,(La/h;La/n;)Ljava/lang/Object;,1,0
an.e$i$a,INNER,PBMessageALL5.java,method,<init>,(La/p$b;Lan/e$i$a;)V,1,0
an.e$i$a,INNER,PBMessageALL5.java,method,Q,()La/y;,1,0
an.e$i$a,INNER,PBMessageALL5.java,method,R,()La/x;,1,0
an.e$i$a,INNER,PBMessageALL5.java,method,a,(La/h;La/n;)La/a$a;,1,0
an.e$i$a,INNER,PBMessageALL5.java,method,a,(La/x;)La/a$a;,1,0
an.e$i$a,INNER,PBMessageALL5.java,method,ah,()La/p$a;,1,0
an.e$i$a,INNER,PBMessageALL5.java,method,ai,()La/p$a;,1,0
an.e$i$a,INNER,PBMessageALL5.java,method,aj,()La/x;,1,0
an.e$i$a,INNER,PBMessageALL5.java,method,ak,()La/x;,1,0
an.e$i$a,INNER,PBMessageALL5.java,method,al,()La/y;,1,0
an.e$i$a,INNER,PBMessageALL5.java,method,am,()La/y;,1,0
an.e$i$a,INNER,PBMessageALL5.java,method,at,()Lan/e$i$a;,1,0
an.e$i$a,INNER,PBMessageALL5.java,method,c,(La/h;La/n;)La/y$a;,1,0
an.e$i$a,INNER,PBMessageALL5.java,method,c,(La/x;)La/x$a;,1,0
an.e$i$a,INNER,PBMessageALL5.java,method,d,(La/h;La/n;)La/x$a;,1,0
an.e$i$a,INNER,PBMessageALL5.java,method,g,()La/y$a;,1,0
an.e$i$a,INNER,PBMessageALL5.java,method,h,()La/y$a;,1,0
an.e$i$a,INNER,PBMessageALL5.java,method,i,()La/x$a;,1,0
an.e$i$a,INNER,PBMessageALL5.java,method,j,()La/x$a;,1,0
an.f,TOP_LEVEL,PBMessageALL6.java,method,a,(La/k$a;)V,1,0
an.f,TOP_LEVEL,PBMessageALL6.java,method,a,(La/k$g;)V,1,0
an.f,TOP_LEVEL,PBMessageALL6.java,method,a,(La/p$g;)V,1,0
an.f,TOP_LEVEL,PBMessageALL6.java,method,b,()La/k$a;,1,0
an.f,TOP_LEVEL,PBMessageALL6.java,method,b,(La/k$a;)V,1,0
an.f,TOP_LEVEL,PBMessageALL6.java,method,b,(La/p$g;)V,1,0
an.f,TOP_LEVEL,PBMessageALL6.java,method,c,()La/k$a;,1,0
an.f,TOP_LEVEL,PBMessageALL6.java,method,c,(La/k$a;)V,1,0
an.f,TOP_LEVEL,PBMessageALL6.java,method,c,(La/p$g;)V,1,0
an.f,TOP_LEVEL,PBMessageALL6.java,method,d,()La/k$a;,1,0
an.f,TOP_LEVEL,PBMessageALL6.java,method,d,(La/k$a;)V,1,0
an.f,TOP_LEVEL,PBMessageALL6.java,method,d,(La/p$g;)V,1,0
an.f,TOP_LEVEL,PBMessageALL6.java,method,e,()La/k$a;,1,0
an.f,TOP_LEVEL,PBMessageALL6.java,method,e,(La/k$a;)V,1,0
an.f,TOP_LEVEL,PBMessageALL6.java,method,e,(La/p$g;)V,1,0
an.f,TOP_LEVEL,PBMessageALL6.java,method,f,()La/k$a;,1,0
an.f,TOP_LEVEL,PBMessageALL6.java,method,g,()La/p$g;,1,0
an.f,TOP_LEVEL,PBMessageALL6.java,method,h,()La/p$g;,1,0
an.f,TOP_LEVEL,PBMessageALL6.java,method,i,()La/p$g;,1,0
an.f,TOP_LEVEL,PBMessageALL6.java,method,j,()La/p$g;,1,0
an.f,TOP_LEVEL,PBMessageALL6.java,method,k,()La/p$g;,1,0
an.f$a,INNER,PBMessageALL6.java,method,<init>,(La/h;La/n;Lan/f$a;)V,1,0
an.f$a,INNER,PBMessageALL6.java,method,<init>,(La/p$a;Lan/f$a;)V,1,0
an.f$a,INNER,PBMessageALL6.java,method,M,()La/x$a;,1,0
an.f$a,INNER,PBMessageALL6.java,method,N,()La/x$a;,1,0
an.f$a,INNER,PBMessageALL6.java,method,O,()La/y$a;,1,0
an.f$a,INNER,PBMessageALL6.java,method,P,()La/y$a;,1,0
an.f$a,INNER,PBMessageALL6.java,method,Q,()La/y;,1,0
an.f$a,INNER,PBMessageALL6.java,method,R,()La/x;,1,0
an.f$a,INNER,PBMessageALL6.java,method,a,(Lan/f$a;I)V,1,0
an.f$a,INNER,PBMessageALL6.java,method,a,(Lan/f$a;La/g;)V,1,0
an.f$a,INNER,PBMessageALL6.java,method,af,()Z,1,0
an.f$a,INNER,PBMessageALL6.java,method,b,(La/p$b;)La/x$a;,1,0
an.f$a,INNER,PBMessageALL6.java,method,b,(Lan/f$a;I)V,1,0
an.f$a,INNER,PBMessageALL6.java,method,b,(Lan/f$a;La/g;)V,1,0
an.f$a,INNER,PBMessageALL6.java,method,c,(Lan/f$a;I)V,1,0
an.f$a,INNER,PBMessageALL6.java,method,d,(Lan/f$a;I)V,1,0
an.f$a,INNER,PBMessageALL6.java,method,e,(Lan/f$a;I)V,1,0
an.f$a,INNER,PBMessageALL6.java,method,f,(Lan/f$a;I)V,1,0
an.f$a,INNER,PBMessageALL6.java,method,g,(Lan/f$a;I)V,1,0
an.f$a,INNER,PBMessageALL6.java,method,h,(Lan/f$a;I)V,1,0
an.f$a,INNER,PBMessageALL6.java,method,i,(Lan/f$a;I)V,1,0
an.f$a,INNER,PBMessageALL6.java,method,j,(Lan/f$a;I)V,1,0
an.f$a,INNER,PBMessageALL6.java,method,k,(Lan/f$a;I)V,1,0
an.f$a,INNER,PBMessageALL6.java,method,l,(Lan/f$a;I)V,1,0
an.f$a,INNER,PBMessageALL6.java,method,m,(Lan/f$a;I)V,1,0
an.f$a,INNER,PBMessageALL6.java,method,n,(Lan/f$a;I)V,1,0
an.f$a$1,ANONYMOUS,PBMessageALL6.java,method,d,(La/h;La/n;)Ljava/lang/Object;,1,0
an.f$a$a,INNER,PBMessageALL6.java,method,<init>,(La/p$b;Lan/f$a$a;)V,1,0
an.f$a$a,INNER,PBMessageALL6.java,method,Q,()La/y;,1,0
an.f$a$a,INNER,PBMessageALL6.java,method,R,()La/x;,1,0
an.f$a$a,INNER,PBMessageALL6.java,method,a,(La/h;La/n;)La/a$a;,1,0
an.f$a$a,INNER,PBMessageALL6.java,method,a,(La/x;)La/a$a;,1,0
an.f$a$a,INNER,PBMessageALL6.java,method,ah,()La/p$a;,1,0
an.f$a$a,INNER,PBMessageALL6.java,method,ai,()La/p$a;,1,0
an.f$a$a,INNER,PBMessageALL6.java,method,aj,()La/x;,1,0
an.f$a$a,INNER,PBMessageALL6.java,method,ak,()La/x;,1,0
an.f$a$a,INNER,PBMessageALL6.java,method,al,()La/y;,1,0
an.f$a$a,INNER,PBMessageALL6.java,method,am,()La/y;,1,0
an.f$a$a,INNER,PBMessageALL6.java,method,at,()Lan/f$a$a;,1,0
an.f$a$a,INNER,PBMessageALL6.java,method,c,(La/h;La/n;)La/y$a;,1,0
an.f$a$a,INNER,PBMessageALL6.java,method,c,(La/x;)La/x$a;,1,0
an.f$a$a,INNER,PBMessageALL6.java,method,d,(La/h;La/n;)La/x$a;,1,0
an.f$a$a,INNER,PBMessageALL6.java,method,g,()La/y$a;,1,0
an.f$a$a,INNER,PBMessageALL6.java,method,h,()La/y$a;,1,0
an.f$a$a,INNER,PBMessageALL6.java,method,i,()La/x$a;,1,0
an.f$a$a,INNER,PBMessageALL6.java,method,j,()La/x$a;,1,0
an.f$c,INNER,PBMessageALL6.java,method,<init>,(La/h;La/n;Lan/f$c;)V,1,0
an.f$c,INNER,PBMessageALL6.java,method,<init>,(La/p$a;Lan/f$c;)V,1,0
an.f$c,INNER,PBMessageALL6.java,method,M,()La/x$a;,1,0
an.f$c,INNER,PBMessageALL6.java,method,N,()La/x$a;,1,0
an.f$c,INNER,PBMessageALL6.java,method,O,()La/y$a;,1,0
an.f$c,INNER,PBMessageALL6.java,method,P,()La/y$a;,1,0
an.f$c,INNER,PBMessageALL6.java,method,Q,()La/y;,1,0
an.f$c,INNER,PBMessageALL6.java,method,R,()La/x;,1,0
an.f$c,INNER,PBMessageALL6.java,method,a,(Lan/f$c;I)V,1,0
an.f$c,INNER,PBMessageALL6.java,method,a,(Lan/f$c;La/g;)V,1,0
an.f$c,INNER,PBMessageALL6.java,method,af,()Z,1,0
an.f$c,INNER,PBMessageALL6.java,method,b,(La/p$b;)La/x$a;,1,0
an.f$c,INNER,PBMessageALL6.java,method,b,(Lan/f$c;I)V,1,0
an.f$c,INNER,PBMessageALL6.java,method,b,(Lan/f$c;La/g;)V,1,0
an.f$c,INNER,PBMessageALL6.java,method,c,(Lan/f$c;I)V,1,0
an.f$c,INNER,PBMessageALL6.java,method,c,(Lan/f$c;La/g;)V,1,0
an.f$c,INNER,PBMessageALL6.java,method,d,(Lan/f$c;I)V,1,0
an.f$c,INNER,PBMessageALL6.java,method,d,(Lan/f$c;La/g;)V,1,0
an.f$c,INNER,PBMessageALL6.java,method,e,(Lan/f$c;I)V,1,0
an.f$c,INNER,PBMessageALL6.java,method,e,(Lan/f$c;La/g;)V,1,0
an.f$c,INNER,PBMessageALL6.java,method,f,(Lan/f$c;I)V,1,0
an.f$c,INNER,PBMessageALL6.java,method,f,(Lan/f$c;La/g;)V,1,0
an.f$c,INNER,PBMessageALL6.java,method,g,(Lan/f$c;I)V,1,0
an.f$c,INNER,PBMessageALL6.java,method,h,(Lan/f$c;I)V,1,0
an.f$c,INNER,PBMessageALL6.java,method,i,(Lan/f$c;I)V,1,0
an.f$c,INNER,PBMessageALL6.java,method,j,(Lan/f$c;I)V,1,0
an.f$c$1,ANONYMOUS,PBMessageALL6.java,method,d,(La/h;La/n;)Ljava/lang/Object;,1,0
an.f$c$a,INNER,PBMessageALL6.java,method,<init>,(La/p$b;Lan/f$c$a;)V,1,0
an.f$c$a,INNER,PBMessageALL6.java,method,Q,()La/y;,1,0
an.f$c$a,INNER,PBMessageALL6.java,method,R,()La/x;,1,0
an.f$c$a,INNER,PBMessageALL6.java,method,a,(La/h;La/n;)La/a$a;,1,0
an.f$c$a,INNER,PBMessageALL6.java,method,a,(La/x;)La/a$a;,1,0
an.f$c$a,INNER,PBMessageALL6.java,method,ah,()La/p$a;,1,0
an.f$c$a,INNER,PBMessageALL6.java,method,ai,()La/p$a;,1,0
an.f$c$a,INNER,PBMessageALL6.java,method,aj,()La/x;,1,0
an.f$c$a,INNER,PBMessageALL6.java,method,ak,()La/x;,1,0
an.f$c$a,INNER,PBMessageALL6.java,method,al,()La/y;,1,0
an.f$c$a,INNER,PBMessageALL6.java,method,am,()La/y;,1,0
an.f$c$a,INNER,PBMessageALL6.java,method,at,()Lan/f$c$a;,1,0
an.f$c$a,INNER,PBMessageALL6.java,method,c,(La/h;La/n;)La/y$a;,1,0
an.f$c$a,INNER,PBMessageALL6.java,method,c,(La/x;)La/x$a;,1,0
an.f$c$a,INNER,PBMessageALL6.java,method,d,(La/h;La/n;)La/x$a;,1,0
an.f$c$a,INNER,PBMessageALL6.java,method,g,()La/y$a;,1,0
an.f$c$a,INNER,PBMessageALL6.java,method,h,()La/y$a;,1,0
an.f$c$a,INNER,PBMessageALL6.java,method,i,()La/x$a;,1,0
an.f$c$a,INNER,PBMessageALL6.java,method,j,()La/x$a;,1,0
an.f$e,INNER,PBMessageALL6.java,method,<init>,(La/h;La/n;Lan/f$e;)V,1,0
an.f$e,INNER,PBMessageALL6.java,method,<init>,(La/p$a;Lan/f$e;)V,1,0
an.f$e,INNER,PBMessageALL6.java,method,M,()La/x$a;,1,0
an.f$e,INNER,PBMessageALL6.java,method,N,()La/x$a;,1,0
an.f$e,INNER,PBMessageALL6.java,method,O,()La/y$a;,1,0
an.f$e,INNER,PBMessageALL6.java,method,P,()La/y$a;,1,0
an.f$e,INNER,PBMessageALL6.java,method,Q,()La/y;,1,0
an.f$e,INNER,PBMessageALL6.java,method,R,()La/x;,1,0
an.f$e,INNER,PBMessageALL6.java,method,a,(Lan/f$e;I)V,1,0
an.f$e,INNER,PBMessageALL6.java,method,a,(Lan/f$e;La/g;)V,1,0
an.f$e,INNER,PBMessageALL6.java,method,a,(Lan/f$e;Ljava/util/List;)V,1,0
an.f$e,INNER,PBMessageALL6.java,method,af,()Z,1,0
an.f$e,INNER,PBMessageALL6.java,method,b,(La/p$b;)La/x$a;,1,0
an.f$e,INNER,PBMessageALL6.java,method,b,(Lan/f$e;)Ljava/util/List;,1,0
an.f$e,INNER,PBMessageALL6.java,method,b,(Lan/f$e;I)V,1,0
an.f$e,INNER,PBMessageALL6.java,method,b,(Lan/f$e;La/g;)V,1,0
an.f$e,INNER,PBMessageALL6.java,method,c,(Lan/f$e;I)V,1,0
an.f$e,INNER,PBMessageALL6.java,method,d,(Lan/f$e;I)V,1,0
an.f$e,INNER,PBMessageALL6.java,method,e,(Lan/f$e;I)V,1,0
an.f$e,INNER,PBMessageALL6.java,method,f,(Lan/f$e;I)V,1,0
an.f$e,INNER,PBMessageALL6.java,method,g,(Lan/f$e;I)V,1,0
an.f$e,INNER,PBMessageALL6.java,method,h,(Lan/f$e;I)V,1,0
an.f$e,INNER,PBMessageALL6.java,method,i,(Lan/f$e;I)V,1,0
an.f$e,INNER,PBMessageALL6.java,method,j,(Lan/f$e;I)V,1,0
an.f$e,INNER,PBMessageALL6.java,method,k,(Lan/f$e;I)V,1,0
an.f$e,INNER,PBMessageALL6.java,method,l,(Lan/f$e;I)V,1,0
an.f$e,INNER,PBMessageALL6.java,method,m,(Lan/f$e;I)V,1,0
an.f$e$1,ANONYMOUS,PBMessageALL6.java,method,d,(La/h;La/n;)Ljava/lang/Object;,1,0
an.f$e$a,INNER,PBMessageALL6.java,method,<init>,(La/p$b;Lan/f$e$a;)V,1,0
an.f$e$a,INNER,PBMessageALL6.java,method,Q,()La/y;,1,0
an.f$e$a,INNER,PBMessageALL6.java,method,R,()La/x;,1,0
an.f$e$a,INNER,PBMessageALL6.java,method,a,(La/h;La/n;)La/a$a;,1,0
an.f$e$a,INNER,PBMessageALL6.java,method,a,(La/x;)La/a$a;,1,0
an.f$e$a,INNER,PBMessageALL6.java,method,ah,()La/p$a;,1,0
an.f$e$a,INNER,PBMessageALL6.java,method,ai,()La/p$a;,1,0
an.f$e$a,INNER,PBMessageALL6.java,method,aj,()La/x;,1,0
an.f$e$a,INNER,PBMessageALL6.java,method,ak,()La/x;,1,0
an.f$e$a,INNER,PBMessageALL6.java,method,al,()La/y;,1,0
an.f$e$a,INNER,PBMessageALL6.java,method,am,()La/y;,1,0
an.f$e$a,INNER,PBMessageALL6.java,method,at,()Lan/f$e$a;,1,0
an.f$e$a,INNER,PBMessageALL6.java,method,c,(La/h;La/n;)La/y$a;,1,0
an.f$e$a,INNER,PBMessageALL6.java,method,c,(La/x;)La/x$a;,1,0
an.f$e$a,INNER,PBMessageALL6.java,method,d,(La/h;La/n;)La/x$a;,1,0
an.f$e$a,INNER,PBMessageALL6.java,method,g,()La/y$a;,1,0
an.f$e$a,INNER,PBMessageALL6.java,method,h,()La/y$a;,1,0
an.f$e$a,INNER,PBMessageALL6.java,method,i,()La/x$a;,1,0
an.f$e$a,INNER,PBMessageALL6.java,method,j,()La/x$a;,1,0
an.f$g,INNER,PBMessageALL6.java,method,<init>,(La/h;La/n;Lan/f$g;)V,1,0
an.f$g,INNER,PBMessageALL6.java,method,<init>,(La/p$a;Lan/f$g;)V,1,0
an.f$g,INNER,PBMessageALL6.java,method,M,()La/x$a;,1,0
an.f$g,INNER,PBMessageALL6.java,method,N,()La/x$a;,1,0
an.f$g,INNER,PBMessageALL6.java,method,O,()La/y$a;,1,0
an.f$g,INNER,PBMessageALL6.java,method,P,()La/y$a;,1,0
an.f$g,INNER,PBMessageALL6.java,method,Q,()La/y;,1,0
an.f$g,INNER,PBMessageALL6.java,method,R,()La/x;,1,0
an.f$g,INNER,PBMessageALL6.java,method,a,(Lan/f$g;I)V,1,0
an.f$g,INNER,PBMessageALL6.java,method,a,(Lan/f$g;La/g;)V,1,0
an.f$g,INNER,PBMessageALL6.java,method,a,(Lan/f$g;Ljava/util/List;)V,1,0
an.f$g,INNER,PBMessageALL6.java,method,af,()Z,1,0
an.f$g,INNER,PBMessageALL6.java,method,b,(La/p$b;)La/x$a;,1,0
an.f$g,INNER,PBMessageALL6.java,method,b,(Lan/f$g;)Ljava/util/List;,1,0
an.f$g,INNER,PBMessageALL6.java,method,b,(Lan/f$g;I)V,1,0
an.f$g,INNER,PBMessageALL6.java,method,b,(Lan/f$g;Ljava/util/List;)V,1,0
an.f$g,INNER,PBMessageALL6.java,method,c,(Lan/f$g;)Ljava/util/List;,1,0
an.f$g,INNER,PBMessageALL6.java,method,c,(Lan/f$g;I)V,1,0
an.f$g,INNER,PBMessageALL6.java,method,d,(Lan/f$g;I)V,1,0
an.f$g,INNER,PBMessageALL6.java,method,e,(Lan/f$g;I)V,1,0
an.f$g,INNER,PBMessageALL6.java,method,f,(Lan/f$g;I)V,1,0
an.f$g,INNER,PBMessageALL6.java,method,g,(Lan/f$g;I)V,1,0
an.f$g,INNER,PBMessageALL6.java,method,h,(Lan/f$g;I)V,1,0
an.f$g,INNER,PBMessageALL6.java,method,i,(Lan/f$g;I)V,1,0
an.f$g,INNER,PBMessageALL6.java,method,j,(Lan/f$g;I)V,1,0
an.f$g,INNER,PBMessageALL6.java,method,k,(Lan/f$g;I)V,1,0
an.f$g,INNER,PBMessageALL6.java,method,l,(Lan/f$g;I)V,1,0
an.f$g,INNER,PBMessageALL6.java,method,m,(Lan/f$g;I)V,1,0
an.f$g$1,ANONYMOUS,PBMessageALL6.java,method,d,(La/h;La/n;)Ljava/lang/Object;,1,0
an.f$g$a,INNER,PBMessageALL6.java,method,<init>,(La/p$b;Lan/f$g$a;)V,1,0
an.f$g$a,INNER,PBMessageALL6.java,method,Q,()La/y;,1,0
an.f$g$a,INNER,PBMessageALL6.java,method,R,()La/x;,1,0
an.f$g$a,INNER,PBMessageALL6.java,method,a,(La/h;La/n;)La/a$a;,1,0
an.f$g$a,INNER,PBMessageALL6.java,method,a,(La/x;)La/a$a;,1,0
an.f$g$a,INNER,PBMessageALL6.java,method,ah,()La/p$a;,1,0
an.f$g$a,INNER,PBMessageALL6.java,method,ai,()La/p$a;,1,0
an.f$g$a,INNER,PBMessageALL6.java,method,aj,()La/x;,1,0
an.f$g$a,INNER,PBMessageALL6.java,method,ak,()La/x;,1,0
an.f$g$a,INNER,PBMessageALL6.java,method,al,()La/y;,1,0
an.f$g$a,INNER,PBMessageALL6.java,method,am,()La/y;,1,0
an.f$g$a,INNER,PBMessageALL6.java,method,at,()Lan/f$g$a;,1,0
an.f$g$a,INNER,PBMessageALL6.java,method,c,(La/h;La/n;)La/y$a;,1,0
an.f$g$a,INNER,PBMessageALL6.java,method,c,(La/x;)La/x$a;,1,0
an.f$g$a,INNER,PBMessageALL6.java,method,d,(La/h;La/n;)La/x$a;,1,0
an.f$g$a,INNER,PBMessageALL6.java,method,g,()La/y$a;,1,0
an.f$g$a,INNER,PBMessageALL6.java,method,h,()La/y$a;,1,0
an.f$g$a,INNER,PBMessageALL6.java,method,i,()La/x$a;,1,0
an.f$g$a,INNER,PBMessageALL6.java,method,j,()La/x$a;,1,0
an.f$i,INNER,PBMessageALL6.java,method,<init>,(La/h;La/n;Lan/f$i;)V,1,0
an.f$i,INNER,PBMessageALL6.java,method,<init>,(La/p$a;Lan/f$i;)V,1,0
an.f$i,INNER,PBMessageALL6.java,method,M,()La/x$a;,1,0
an.f$i,INNER,PBMessageALL6.java,method,N,()La/x$a;,1,0
an.f$i,INNER,PBMessageALL6.java,method,O,()La/y$a;,1,0
an.f$i,INNER,PBMessageALL6.java,method,P,()La/y$a;,1,0
an.f$i,INNER,PBMessageALL6.java,method,Q,()La/y;,1,0
an.f$i,INNER,PBMessageALL6.java,method,R,()La/x;,1,0
an.f$i,INNER,PBMessageALL6.java,method,a,(Lan/f$i;I)V,1,0
an.f$i,INNER,PBMessageALL6.java,method,a,(Lan/f$i;La/g;)V,1,0
an.f$i,INNER,PBMessageALL6.java,method,a,(Lan/f$i;Ljava/util/List;)V,1,0
an.f$i,INNER,PBMessageALL6.java,method,af,()Z,1,0
an.f$i,INNER,PBMessageALL6.java,method,b,(La/p$b;)La/x$a;,1,0
an.f$i,INNER,PBMessageALL6.java,method,b,(Lan/f$i;)Ljava/util/List;,1,0
an.f$i,INNER,PBMessageALL6.java,method,b,(Lan/f$i;I)V,1,0
an.f$i,INNER,PBMessageALL6.java,method,b,(Lan/f$i;La/g;)V,1,0
an.f$i,INNER,PBMessageALL6.java,method,c,(Lan/f$i;I)V,1,0
an.f$i,INNER,PBMessageALL6.java,method,c,(Lan/f$i;La/g;)V,1,0
an.f$i,INNER,PBMessageALL6.java,method,d,(Lan/f$i;I)V,1,0
an.f$i,INNER,PBMessageALL6.java,method,d,(Lan/f$i;La/g;)V,1,0
an.f$i,INNER,PBMessageALL6.java,method,e,(Lan/f$i;I)V,1,0
an.f$i,INNER,PBMessageALL6.java,method,f,(Lan/f$i;I)V,1,0
an.f$i,INNER,PBMessageALL6.java,method,g,(Lan/f$i;I)V,1,0
an.f$i,INNER,PBMessageALL6.java,method,h,(Lan/f$i;I)V,1,0
an.f$i,INNER,PBMessageALL6.java,method,i,(Lan/f$i;I)V,1,0
an.f$i,INNER,PBMessageALL6.java,method,j,(Lan/f$i;I)V,1,0
an.f$i,INNER,PBMessageALL6.java,method,k,(Lan/f$i;I)V,1,0
an.f$i$1,ANONYMOUS,PBMessageALL6.java,method,d,(La/h;La/n;)Ljava/lang/Object;,1,0
an.f$i$a,INNER,PBMessageALL6.java,method,<init>,(La/p$b;Lan/f$i$a;)V,1,0
an.f$i$a,INNER,PBMessageALL6.java,method,Q,()La/y;,1,0
an.f$i$a,INNER,PBMessageALL6.java,method,R,()La/x;,1,0
an.f$i$a,INNER,PBMessageALL6.java,method,a,(La/h;La/n;)La/a$a;,1,0
an.f$i$a,INNER,PBMessageALL6.java,method,a,(La/x;)La/a$a;,1,0
an.f$i$a,INNER,PBMessageALL6.java,method,ah,()La/p$a;,1,0
an.f$i$a,INNER,PBMessageALL6.java,method,ai,()La/p$a;,1,0
an.f$i$a,INNER,PBMessageALL6.java,method,aj,()La/x;,1,0
an.f$i$a,INNER,PBMessageALL6.java,method,ak,()La/x;,1,0
an.f$i$a,INNER,PBMessageALL6.java,method,al,()La/y;,1,0
an.f$i$a,INNER,PBMessageALL6.java,method,am,()La/y;,1,0
an.f$i$a,INNER,PBMessageALL6.java,method,at,()Lan/f$i$a;,1,0
an.f$i$a,INNER,PBMessageALL6.java,method,c,(La/h;La/n;)La/y$a;,1,0
an.f$i$a,INNER,PBMessageALL6.java,method,c,(La/x;)La/x$a;,1,0
an.f$i$a,INNER,PBMessageALL6.java,method,d,(La/h;La/n;)La/x$a;,1,0
an.f$i$a,INNER,PBMessageALL6.java,method,g,()La/y$a;,1,0
an.f$i$a,INNER,PBMessageALL6.java,method,h,()La/y$a;,1,0
an.f$i$a,INNER,PBMessageALL6.java,method,i,()La/x$a;,1,0
an.f$i$a,INNER,PBMessageALL6.java,method,j,()La/x$a;,1,0
an.g,TOP_LEVEL,PBMessageALL7.java,method,a,(La/k$a;)V,1,0
an.g,TOP_LEVEL,PBMessageALL7.java,method,a,(La/k$g;)V,1,0
an.g,TOP_LEVEL,PBMessageALL7.java,method,a,(La/p$g;)V,1,0
an.g,TOP_LEVEL,PBMessageALL7.java,method,b,()La/k$a;,1,0
an.g,TOP_LEVEL,PBMessageALL7.java,method,b,(La/k$a;)V,1,0
an.g,TOP_LEVEL,PBMessageALL7.java,method,b,(La/p$g;)V,1,0
an.g,TOP_LEVEL,PBMessageALL7.java,method,c,()La/k$a;,1,0
an.g,TOP_LEVEL,PBMessageALL7.java,method,c,(La/k$a;)V,1,0
an.g,TOP_LEVEL,PBMessageALL7.java,method,c,(La/p$g;)V,1,0
an.g,TOP_LEVEL,PBMessageALL7.java,method,d,()La/k$a;,1,0
an.g,TOP_LEVEL,PBMessageALL7.java,method,d,(La/k$a;)V,1,0
an.g,TOP_LEVEL,PBMessageALL7.java,method,d,(La/p$g;)V,1,0
an.g,TOP_LEVEL,PBMessageALL7.java,method,e,()La/k$a;,1,0
an.g,TOP_LEVEL,PBMessageALL7.java,method,e,(La/k$a;)V,1,0
an.g,TOP_LEVEL,PBMessageALL7.java,method,e,(La/p$g;)V,1,0
an.g,TOP_LEVEL,PBMessageALL7.java,method,f,()La/k$a;,1,0
an.g,TOP_LEVEL,PBMessageALL7.java,method,g,()La/p$g;,1,0
an.g,TOP_LEVEL,PBMessageALL7.java,method,h,()La/p$g;,1,0
an.g,TOP_LEVEL,PBMessageALL7.java,method,i,()La/p$g;,1,0
an.g,TOP_LEVEL,PBMessageALL7.java,method,j,()La/p$g;,1,0
an.g,TOP_LEVEL,PBMessageALL7.java,method,k,()La/p$g;,1,0
an.g$a,INNER,PBMessageALL7.java,method,<init>,(La/h;La/n;Lan/g$a;)V,1,0
an.g$a,INNER,PBMessageALL7.java,method,<init>,(La/p$a;Lan/g$a;)V,1,0
an.g$a,INNER,PBMessageALL7.java,method,M,()La/x$a;,1,0
an.g$a,INNER,PBMessageALL7.java,method,N,()La/x$a;,1,0
an.g$a,INNER,PBMessageALL7.java,method,O,()La/y$a;,1,0
an.g$a,INNER,PBMessageALL7.java,method,P,()La/y$a;,1,0
an.g$a,INNER,PBMessageALL7.java,method,Q,()La/y;,1,0
an.g$a,INNER,PBMessageALL7.java,method,R,()La/x;,1,0
an.g$a,INNER,PBMessageALL7.java,method,a,(Lan/g$a;I)V,1,0
an.g$a,INNER,PBMessageALL7.java,method,a,(Lan/g$a;Ljava/util/List;)V,1,0
an.g$a,INNER,PBMessageALL7.java,method,af,()Z,1,0
an.g$a,INNER,PBMessageALL7.java,method,b,(La/p$b;)La/x$a;,1,0
an.g$a,INNER,PBMessageALL7.java,method,b,(Lan/g$a;)Ljava/util/List;,1,0
an.g$a,INNER,PBMessageALL7.java,method,b,(Lan/g$a;I)V,1,0
an.g$a,INNER,PBMessageALL7.java,method,c,(Lan/g$a;I)V,1,0
an.g$a,INNER,PBMessageALL7.java,method,d,(Lan/g$a;I)V,1,0
an.g$a,INNER,PBMessageALL7.java,method,e,(Lan/g$a;I)V,1,0
an.g$a,INNER,PBMessageALL7.java,method,f,(Lan/g$a;I)V,1,0
an.g$a,INNER,PBMessageALL7.java,method,g,(Lan/g$a;I)V,1,0
an.g$a,INNER,PBMessageALL7.java,method,h,(Lan/g$a;I)V,1,0
an.g$a,INNER,PBMessageALL7.java,method,i,(Lan/g$a;I)V,1,0
an.g$a,INNER,PBMessageALL7.java,method,j,(Lan/g$a;I)V,1,0
an.g$a,INNER,PBMessageALL7.java,method,k,(Lan/g$a;I)V,1,0
an.g$a,INNER,PBMessageALL7.java,method,l,(Lan/g$a;I)V,1,0
an.g$a,INNER,PBMessageALL7.java,method,m,(Lan/g$a;I)V,1,0
an.g$a,INNER,PBMessageALL7.java,method,n,(Lan/g$a;I)V,1,0
an.g$a,INNER,PBMessageALL7.java,method,o,(Lan/g$a;I)V,1,0
an.g$a$1,ANONYMOUS,PBMessageALL7.java,method,d,(La/h;La/n;)Ljava/lang/Object;,1,0
an.g$a$a,INNER,PBMessageALL7.java,method,<init>,(La/p$b;Lan/g$a$a;)V,1,0
an.g$a$a,INNER,PBMessageALL7.java,method,Q,()La/y;,1,0
an.g$a$a,INNER,PBMessageALL7.java,method,R,()La/x;,1,0
an.g$a$a,INNER,PBMessageALL7.java,method,a,(La/h;La/n;)La/a$a;,1,0
an.g$a$a,INNER,PBMessageALL7.java,method,a,(La/x;)La/a$a;,1,0
an.g$a$a,INNER,PBMessageALL7.java,method,ah,()La/p$a;,1,0
an.g$a$a,INNER,PBMessageALL7.java,method,ai,()La/p$a;,1,0
an.g$a$a,INNER,PBMessageALL7.java,method,aj,()La/x;,1,0
an.g$a$a,INNER,PBMessageALL7.java,method,ak,()La/x;,1,0
an.g$a$a,INNER,PBMessageALL7.java,method,al,()La/y;,1,0
an.g$a$a,INNER,PBMessageALL7.java,method,am,()La/y;,1,0
an.g$a$a,INNER,PBMessageALL7.java,method,at,()Lan/g$a$a;,1,0
an.g$a$a,INNER,PBMessageALL7.java,method,c,(La/h;La/n;)La/y$a;,1,0
an.g$a$a,INNER,PBMessageALL7.java,method,c,(La/x;)La/x$a;,1,0
an.g$a$a,INNER,PBMessageALL7.java,method,d,(La/h;La/n;)La/x$a;,1,0
an.g$a$a,INNER,PBMessageALL7.java,method,g,()La/y$a;,1,0
an.g$a$a,INNER,PBMessageALL7.java,method,h,()La/y$a;,1,0
an.g$a$a,INNER,PBMessageALL7.java,method,i,()La/x$a;,1,0
an.g$a$a,INNER,PBMessageALL7.java,method,j,()La/x$a;,1,0
an.g$c,INNER,PBMessageALL7.java,method,<init>,(La/h;La/n;Lan/g$c;)V,1,0
an.g$c,INNER,PBMessageALL7.java,method,<init>,(La/p$a;Lan/g$c;)V,1,0
an.g$c,INNER,PBMessageALL7.java,method,M,()La/x$a;,1,0
an.g$c,INNER,PBMessageALL7.java,method,N,()La/x$a;,1,0
an.g$c,INNER,PBMessageALL7.java,method,O,()La/y$a;,1,0
an.g$c,INNER,PBMessageALL7.java,method,P,()La/y$a;,1,0
an.g$c,INNER,PBMessageALL7.java,method,Q,()La/y;,1,0
an.g$c,INNER,PBMessageALL7.java,method,R,()La/x;,1,0
an.g$c,INNER,PBMessageALL7.java,method,a,(Lan/g$c;I)V,1,0
an.g$c,INNER,PBMessageALL7.java,method,a,(Lan/g$c;La/g;)V,1,0
an.g$c,INNER,PBMessageALL7.java,method,a,(Lan/g$c;Ljava/util/List;)V,1,0
an.g$c,INNER,PBMessageALL7.java,method,ar,()Z,1,0
an.g$c,INNER,PBMessageALL7.java,method,b,(La/p$b;)La/x$a;,1,0
an.g$c,INNER,PBMessageALL7.java,method,b,(Lan/g$c;)Ljava/util/List;,1,0
an.g$c,INNER,PBMessageALL7.java,method,b,(Lan/g$c;I)V,1,0
an.g$c,INNER,PBMessageALL7.java,method,b,(Lan/g$c;La/g;)V,1,0
an.g$c,INNER,PBMessageALL7.java,method,c,(Lan/g$c;I)V,1,0
an.g$c,INNER,PBMessageALL7.java,method,d,(Lan/g$c;I)V,1,0
an.g$c,INNER,PBMessageALL7.java,method,e,(Lan/g$c;I)V,1,0
an.g$c,INNER,PBMessageALL7.java,method,f,(Lan/g$c;I)V,1,0
an.g$c,INNER,PBMessageALL7.java,method,g,(Lan/g$c;I)V,1,0
an.g$c,INNER,PBMessageALL7.java,method,h,(Lan/g$c;I)V,1,0
an.g$c,INNER,PBMessageALL7.java,method,i,(Lan/g$c;I)V,1,0
an.g$c,INNER,PBMessageALL7.java,method,j,(Lan/g$c;I)V,1,0
an.g$c,INNER,PBMessageALL7.java,method,k,(Lan/g$c;I)V,1,0
an.g$c,INNER,PBMessageALL7.java,method,l,(Lan/g$c;I)V,1,0
an.g$c,INNER,PBMessageALL7.java,method,m,(Lan/g$c;I)V,1,0
an.g$c,INNER,PBMessageALL7.java,method,n,(Lan/g$c;I)V,1,0
an.g$c,INNER,PBMessageALL7.java,method,o,(Lan/g$c;I)V,1,0
an.g$c,INNER,PBMessageALL7.java,method,p,(Lan/g$c;I)V,1,0
an.g$c,INNER,PBMessageALL7.java,method,q,(Lan/g$c;I)V,1,0
an.g$c,INNER,PBMessageALL7.java,method,r,(Lan/g$c;I)V,1,0
an.g$c,INNER,PBMessageALL7.java,method,s,(Lan/g$c;I)V,1,0
an.g$c$1,ANONYMOUS,PBMessageALL7.java,method,d,(La/h;La/n;)Ljava/lang/Object;,1,0
an.g$c$a,INNER,PBMessageALL7.java,method,<init>,(La/p$b;Lan/g$c$a;)V,1,0
an.g$c$a,INNER,PBMessageALL7.java,method,Q,()La/y;,1,0
an.g$c$a,INNER,PBMessageALL7.java,method,R,()La/x;,1,0
an.g$c$a,INNER,PBMessageALL7.java,method,a,(La/h;La/n;)La/a$a;,1,0
an.g$c$a,INNER,PBMessageALL7.java,method,a,(La/x;)La/a$a;,1,0
an.g$c$a,INNER,PBMessageALL7.java,method,aL,()Lan/g$c$a;,1,0
an.g$c$a,INNER,PBMessageALL7.java,method,ah,()La/p$a;,1,0
an.g$c$a,INNER,PBMessageALL7.java,method,ai,()La/p$a;,1,0
an.g$c$a,INNER,PBMessageALL7.java,method,aj,()La/x;,1,0
an.g$c$a,INNER,PBMessageALL7.java,method,ak,()La/x;,1,0
an.g$c$a,INNER,PBMessageALL7.java,method,al,()La/y;,1,0
an.g$c$a,INNER,PBMessageALL7.java,method,am,()La/y;,1,0
an.g$c$a,INNER,PBMessageALL7.java,method,c,(La/h;La/n;)La/y$a;,1,0
an.g$c$a,INNER,PBMessageALL7.java,method,c,(La/x;)La/x$a;,1,0
an.g$c$a,INNER,PBMessageALL7.java,method,d,(La/h;La/n;)La/x$a;,1,0
an.g$c$a,INNER,PBMessageALL7.java,method,g,()La/y$a;,1,0
an.g$c$a,INNER,PBMessageALL7.java,method,h,()La/y$a;,1,0
an.g$c$a,INNER,PBMessageALL7.java,method,i,()La/x$a;,1,0
an.g$c$a,INNER,PBMessageALL7.java,method,j,()La/x$a;,1,0
an.g$e,INNER,PBMessageALL7.java,method,<init>,(La/h;La/n;Lan/g$e;)V,1,0
an.g$e,INNER,PBMessageALL7.java,method,<init>,(La/p$a;Lan/g$e;)V,1,0
an.g$e,INNER,PBMessageALL7.java,method,M,()La/x$a;,1,0
an.g$e,INNER,PBMessageALL7.java,method,N,()La/x$a;,1,0
an.g$e,INNER,PBMessageALL7.java,method,O,()La/y$a;,1,0
an.g$e,INNER,PBMessageALL7.java,method,P,()La/y$a;,1,0
an.g$e,INNER,PBMessageALL7.java,method,Q,()La/y;,1,0
an.g$e,INNER,PBMessageALL7.java,method,R,()La/x;,1,0
an.g$e,INNER,PBMessageALL7.java,method,a,(Lan/g$e;I)V,1,0
an.g$e,INNER,PBMessageALL7.java,method,a,(Lan/g$e;Ljava/util/List;)V,1,0
an.g$e,INNER,PBMessageALL7.java,method,af,()Z,1,0
an.g$e,INNER,PBMessageALL7.java,method,b,(La/p$b;)La/x$a;,1,0
an.g$e,INNER,PBMessageALL7.java,method,b,(Lan/g$e;)Ljava/util/List;,1,0
an.g$e,INNER,PBMessageALL7.java,method,b,(Lan/g$e;I)V,1,0
an.g$e,INNER,PBMessageALL7.java,method,b,(Lan/g$e;Ljava/util/List;)V,1,0
an.g$e,INNER,PBMessageALL7.java,method,c,(Lan/g$e;)Ljava/util/List;,1,0
an.g$e,INNER,PBMessageALL7.java,method,c,(Lan/g$e;I)V,1,0
an.g$e,INNER,PBMessageALL7.java,method,c,(Lan/g$e;Ljava/util/List;)V,1,0
an.g$e,INNER,PBMessageALL7.java,method,d,(Lan/g$e;)Ljava/util/List;,1,0
an.g$e,INNER,PBMessageALL7.java,method,d,(Lan/g$e;I)V,1,0
an.g$e,INNER,PBMessageALL7.java,method,d,(Lan/g$e;Ljava/util/List;)V,1,0
an.g$e,INNER,PBMessageALL7.java,method,e,(Lan/g$e;)Ljava/util/List;,1,0
an.g$e,INNER,PBMessageALL7.java,method,e,(Lan/g$e;I)V,1,0
an.g$e,INNER,PBMessageALL7.java,method,e,(Lan/g$e;Ljava/util/List;)V,1,0
an.g$e,INNER,PBMessageALL7.java,method,f,(Lan/g$e;)Ljava/util/List;,1,0
an.g$e,INNER,PBMessageALL7.java,method,f,(Lan/g$e;I)V,1,0
an.g$e,INNER,PBMessageALL7.java,method,g,(Lan/g$e;I)V,1,0
an.g$e,INNER,PBMessageALL7.java,method,h,(Lan/g$e;I)V,1,0
an.g$e,INNER,PBMessageALL7.java,method,i,(Lan/g$e;I)V,1,0
an.g$e,INNER,PBMessageALL7.java,method,j,(Lan/g$e;I)V,1,0
an.g$e,INNER,PBMessageALL7.java,method,k,(Lan/g$e;I)V,1,0
an.g$e$1,ANONYMOUS,PBMessageALL7.java,method,d,(La/h;La/n;)Ljava/lang/Object;,1,0
an.g$e$a,INNER,PBMessageALL7.java,method,<init>,(La/p$b;Lan/g$e$a;)V,1,0
an.g$e$a,INNER,PBMessageALL7.java,method,Q,()La/y;,1,0
an.g$e$a,INNER,PBMessageALL7.java,method,R,()La/x;,1,0
an.g$e$a,INNER,PBMessageALL7.java,method,a,(La/h;La/n;)La/a$a;,1,0
an.g$e$a,INNER,PBMessageALL7.java,method,a,(La/x;)La/a$a;,1,0
an.g$e$a,INNER,PBMessageALL7.java,method,ah,()La/p$a;,1,0
an.g$e$a,INNER,PBMessageALL7.java,method,ai,()La/p$a;,1,0
an.g$e$a,INNER,PBMessageALL7.java,method,aj,()La/x;,1,0
an.g$e$a,INNER,PBMessageALL7.java,method,ak,()La/x;,1,0
an.g$e$a,INNER,PBMessageALL7.java,method,al,()La/y;,1,0
an.g$e$a,INNER,PBMessageALL7.java,method,am,()La/y;,1,0
an.g$e$a,INNER,PBMessageALL7.java,method,at,()Lan/g$e$a;,1,0
an.g$e$a,INNER,PBMessageALL7.java,method,c,(La/h;La/n;)La/y$a;,1,0
an.g$e$a,INNER,PBMessageALL7.java,method,c,(La/x;)La/x$a;,1,0
an.g$e$a,INNER,PBMessageALL7.java,method,d,(La/h;La/n;)La/x$a;,1,0
an.g$e$a,INNER,PBMessageALL7.java,method,g,()La/y$a;,1,0
an.g$e$a,INNER,PBMessageALL7.java,method,h,()La/y$a;,1,0
an.g$e$a,INNER,PBMessageALL7.java,method,i,()La/x$a;,1,0
an.g$e$a,INNER,PBMessageALL7.java,method,j,()La/x$a;,1,0
an.g$g,INNER,PBMessageALL7.java,method,<init>,(La/h;La/n;Lan/g$g;)V,1,0
an.g$g,INNER,PBMessageALL7.java,method,<init>,(La/p$a;Lan/g$g;)V,1,0
an.g$g,INNER,PBMessageALL7.java,method,M,()La/x$a;,1,0
an.g$g,INNER,PBMessageALL7.java,method,N,()La/x$a;,1,0
an.g$g,INNER,PBMessageALL7.java,method,O,()La/y$a;,1,0
an.g$g,INNER,PBMessageALL7.java,method,P,()La/y$a;,1,0
an.g$g,INNER,PBMessageALL7.java,method,Q,()La/y;,1,0
an.g$g,INNER,PBMessageALL7.java,method,R,()La/x;,1,0
an.g$g,INNER,PBMessageALL7.java,method,a,(Lan/g$g;I)V,1,0
an.g$g,INNER,PBMessageALL7.java,method,a,(Lan/g$g;Ljava/util/List;)V,1,0
an.g$g,INNER,PBMessageALL7.java,method,af,()Z,1,0
an.g$g,INNER,PBMessageALL7.java,method,b,(La/p$b;)La/x$a;,1,0
an.g$g,INNER,PBMessageALL7.java,method,b,(Lan/g$g;)Ljava/util/List;,1,0
an.g$g,INNER,PBMessageALL7.java,method,b,(Lan/g$g;I)V,1,0
an.g$g,INNER,PBMessageALL7.java,method,b,(Lan/g$g;Ljava/util/List;)V,1,0
an.g$g,INNER,PBMessageALL7.java,method,c,(Lan/g$g;)Ljava/util/List;,1,0
an.g$g,INNER,PBMessageALL7.java,method,c,(Lan/g$g;I)V,1,0
an.g$g,INNER,PBMessageALL7.java,method,d,(Lan/g$g;I)V,1,0
an.g$g,INNER,PBMessageALL7.java,method,e,(Lan/g$g;I)V,1,0
an.g$g,INNER,PBMessageALL7.java,method,f,(Lan/g$g;I)V,1,0
an.g$g,INNER,PBMessageALL7.java,method,g,(Lan/g$g;I)V,1,0
an.g$g,INNER,PBMessageALL7.java,method,h,(Lan/g$g;I)V,1,0
an.g$g,INNER,PBMessageALL7.java,method,i,(Lan/g$g;I)V,1,0
an.g$g,INNER,PBMessageALL7.java,method,j,(Lan/g$g;I)V,1,0
an.g$g,INNER,PBMessageALL7.java,method,k,(Lan/g$g;I)V,1,0
an.g$g,INNER,PBMessageALL7.java,method,l,(Lan/g$g;I)V,1,0
an.g$g,INNER,PBMessageALL7.java,method,m,(Lan/g$g;I)V,1,0
an.g$g,INNER,PBMessageALL7.java,method,n,(Lan/g$g;I)V,1,0
an.g$g$1,ANONYMOUS,PBMessageALL7.java,method,d,(La/h;La/n;)Ljava/lang/Object;,1,0
an.g$g$a,INNER,PBMessageALL7.java,method,<init>,(La/p$b;Lan/g$g$a;)V,1,0
an.g$g$a,INNER,PBMessageALL7.java,method,Q,()La/y;,1,0
an.g$g$a,INNER,PBMessageALL7.java,method,R,()La/x;,1,0
an.g$g$a,INNER,PBMessageALL7.java,method,a,(La/h;La/n;)La/a$a;,1,0
an.g$g$a,INNER,PBMessageALL7.java,method,a,(La/x;)La/a$a;,1,0
an.g$g$a,INNER,PBMessageALL7.java,method,ah,()La/p$a;,1,0
an.g$g$a,INNER,PBMessageALL7.java,method,ai,()La/p$a;,1,0
an.g$g$a,INNER,PBMessageALL7.java,method,aj,()La/x;,1,0
an.g$g$a,INNER,PBMessageALL7.java,method,ak,()La/x;,1,0
an.g$g$a,INNER,PBMessageALL7.java,method,al,()La/y;,1,0
an.g$g$a,INNER,PBMessageALL7.java,method,am,()La/y;,1,0
an.g$g$a,INNER,PBMessageALL7.java,method,at,()Lan/g$g$a;,1,0
an.g$g$a,INNER,PBMessageALL7.java,method,c,(La/h;La/n;)La/y$a;,1,0
an.g$g$a,INNER,PBMessageALL7.java,method,c,(La/x;)La/x$a;,1,0
an.g$g$a,INNER,PBMessageALL7.java,method,d,(La/h;La/n;)La/x$a;,1,0
an.g$g$a,INNER,PBMessageALL7.java,method,g,()La/y$a;,1,0
an.g$g$a,INNER,PBMessageALL7.java,method,h,()La/y$a;,1,0
an.g$g$a,INNER,PBMessageALL7.java,method,i,()La/x$a;,1,0
an.g$g$a,INNER,PBMessageALL7.java,method,j,()La/x$a;,1,0
an.g$i,INNER,PBMessageALL7.java,method,<init>,(La/h;La/n;Lan/g$i;)V,1,0
an.g$i,INNER,PBMessageALL7.java,method,<init>,(La/p$a;Lan/g$i;)V,1,0
an.g$i,INNER,PBMessageALL7.java,method,M,()La/x$a;,1,0
an.g$i,INNER,PBMessageALL7.java,method,N,()La/x$a;,1,0
an.g$i,INNER,PBMessageALL7.java,method,O,()La/y$a;,1,0
an.g$i,INNER,PBMessageALL7.java,method,P,()La/y$a;,1,0
an.g$i,INNER,PBMessageALL7.java,method,Q,()La/y;,1,0
an.g$i,INNER,PBMessageALL7.java,method,R,()La/x;,1,0
an.g$i,INNER,PBMessageALL7.java,method,a,(Lan/g$i;I)V,1,0
an.g$i,INNER,PBMessageALL7.java,method,a,(Lan/g$i;La/g;)V,1,0
an.g$i,INNER,PBMessageALL7.java,method,a,(Lan/g$i;Ljava/util/List;)V,1,0
an.g$i,INNER,PBMessageALL7.java,method,af,()Z,1,0
an.g$i,INNER,PBMessageALL7.java,method,b,(La/p$b;)La/x$a;,1,0
an.g$i,INNER,PBMessageALL7.java,method,b,(Lan/g$i;)Ljava/util/List;,1,0
an.g$i,INNER,PBMessageALL7.java,method,b,(Lan/g$i;I)V,1,0
an.g$i,INNER,PBMessageALL7.java,method,c,(Lan/g$i;I)V,1,0
an.g$i,INNER,PBMessageALL7.java,method,d,(Lan/g$i;I)V,1,0
an.g$i,INNER,PBMessageALL7.java,method,e,(Lan/g$i;I)V,1,0
an.g$i,INNER,PBMessageALL7.java,method,f,(Lan/g$i;I)V,1,0
an.g$i,INNER,PBMessageALL7.java,method,g,(Lan/g$i;I)V,1,0
an.g$i,INNER,PBMessageALL7.java,method,h,(Lan/g$i;I)V,1,0
an.g$i,INNER,PBMessageALL7.java,method,i,(Lan/g$i;I)V,1,0
an.g$i,INNER,PBMessageALL7.java,method,j,(Lan/g$i;I)V,1,0
an.g$i,INNER,PBMessageALL7.java,method,k,(Lan/g$i;I)V,1,0
an.g$i,INNER,PBMessageALL7.java,method,l,(Lan/g$i;I)V,1,0
an.g$i,INNER,PBMessageALL7.java,method,m,(Lan/g$i;I)V,1,0
an.g$i,INNER,PBMessageALL7.java,method,n,(Lan/g$i;I)V,1,0
an.g$i$1,ANONYMOUS,PBMessageALL7.java,method,d,(La/h;La/n;)Ljava/lang/Object;,1,0
an.g$i$a,INNER,PBMessageALL7.java,method,<init>,(La/p$b;Lan/g$i$a;)V,1,0
an.g$i$a,INNER,PBMessageALL7.java,method,Q,()La/y;,1,0
an.g$i$a,INNER,PBMessageALL7.java,method,R,()La/x;,1,0
an.g$i$a,INNER,PBMessageALL7.java,method,a,(La/h;La/n;)La/a$a;,1,0
an.g$i$a,INNER,PBMessageALL7.java,method,a,(La/x;)La/a$a;,1,0
an.g$i$a,INNER,PBMessageALL7.java,method,ah,()La/p$a;,1,0
an.g$i$a,INNER,PBMessageALL7.java,method,ai,()La/p$a;,1,0
an.g$i$a,INNER,PBMessageALL7.java,method,aj,()La/x;,1,0
an.g$i$a,INNER,PBMessageALL7.java,method,ak,()La/x;,1,0
an.g$i$a,INNER,PBMessageALL7.java,method,al,()La/y;,1,0
an.g$i$a,INNER,PBMessageALL7.java,method,am,()La/y;,1,0
an.g$i$a,INNER,PBMessageALL7.java,method,at,()Lan/g$i$a;,1,0
an.g$i$a,INNER,PBMessageALL7.java,method,c,(La/h;La/n;)La/y$a;,1,0
an.g$i$a,INNER,PBMessageALL7.java,method,c,(La/x;)La/x$a;,1,0
an.g$i$a,INNER,PBMessageALL7.java,method,d,(La/h;La/n;)La/x$a;,1,0
an.g$i$a,INNER,PBMessageALL7.java,method,g,()La/y$a;,1,0
an.g$i$a,INNER,PBMessageALL7.java,method,h,()La/y$a;,1,0
an.g$i$a,INNER,PBMessageALL7.java,method,i,()La/x$a;,1,0
an.g$i$a,INNER,PBMessageALL7.java,method,j,()La/x$a;,1,0
an.h,TOP_LEVEL,PBMessageALL8.java,method,a,(La/k$a;)V,1,0
an.h,TOP_LEVEL,PBMessageALL8.java,method,a,(La/k$g;)V,1,0
an.h,TOP_LEVEL,PBMessageALL8.java,method,a,(La/p$g;)V,1,0
an.h,TOP_LEVEL,PBMessageALL8.java,method,b,()La/k$a;,1,0
an.h,TOP_LEVEL,PBMessageALL8.java,method,b,(La/k$a;)V,1,0
an.h,TOP_LEVEL,PBMessageALL8.java,method,b,(La/p$g;)V,1,0
an.h,TOP_LEVEL,PBMessageALL8.java,method,c,()La/k$a;,1,0
an.h,TOP_LEVEL,PBMessageALL8.java,method,c,(La/k$a;)V,1,0
an.h,TOP_LEVEL,PBMessageALL8.java,method,c,(La/p$g;)V,1,0
an.h,TOP_LEVEL,PBMessageALL8.java,method,d,()La/k$a;,1,0
an.h,TOP_LEVEL,PBMessageALL8.java,method,d,(La/k$a;)V,1,0
an.h,TOP_LEVEL,PBMessageALL8.java,method,d,(La/p$g;)V,1,0
an.h,TOP_LEVEL,PBMessageALL8.java,method,e,()La/k$a;,1,0
an.h,TOP_LEVEL,PBMessageALL8.java,method,e,(La/k$a;)V,1,0
an.h,TOP_LEVEL,PBMessageALL8.java,method,e,(La/p$g;)V,1,0
an.h,TOP_LEVEL,PBMessageALL8.java,method,f,()La/k$a;,1,0
an.h,TOP_LEVEL,PBMessageALL8.java,method,g,()La/p$g;,1,0
an.h,TOP_LEVEL,PBMessageALL8.java,method,h,()La/p$g;,1,0
an.h,TOP_LEVEL,PBMessageALL8.java,method,i,()La/p$g;,1,0
an.h,TOP_LEVEL,PBMessageALL8.java,method,j,()La/p$g;,1,0
an.h,TOP_LEVEL,PBMessageALL8.java,method,k,()La/p$g;,1,0
an.h$a,INNER,PBMessageALL8.java,method,<init>,(La/h;La/n;Lan/h$a;)V,1,0
an.h$a,INNER,PBMessageALL8.java,method,<init>,(La/p$a;Lan/h$a;)V,1,0
an.h$a,INNER,PBMessageALL8.java,method,M,()La/x$a;,1,0
an.h$a,INNER,PBMessageALL8.java,method,N,()La/x$a;,1,0
an.h$a,INNER,PBMessageALL8.java,method,O,()La/y$a;,1,0
an.h$a,INNER,PBMessageALL8.java,method,P,()La/y$a;,1,0
an.h$a,INNER,PBMessageALL8.java,method,Q,()La/y;,1,0
an.h$a,INNER,PBMessageALL8.java,method,R,()La/x;,1,0
an.h$a,INNER,PBMessageALL8.java,method,a,(Lan/h$a;I)V,1,0
an.h$a,INNER,PBMessageALL8.java,method,a,(Lan/h$a;Ljava/util/List;)V,1,0
an.h$a,INNER,PBMessageALL8.java,method,af,()Z,1,0
an.h$a,INNER,PBMessageALL8.java,method,b,(La/p$b;)La/x$a;,1,0
an.h$a,INNER,PBMessageALL8.java,method,b,(Lan/h$a;)Ljava/util/List;,1,0
an.h$a,INNER,PBMessageALL8.java,method,b,(Lan/h$a;I)V,1,0
an.h$a,INNER,PBMessageALL8.java,method,b,(Lan/h$a;Ljava/util/List;)V,1,0
an.h$a,INNER,PBMessageALL8.java,method,c,(Lan/h$a;)Ljava/util/List;,1,0
an.h$a,INNER,PBMessageALL8.java,method,c,(Lan/h$a;I)V,1,0
an.h$a,INNER,PBMessageALL8.java,method,d,(Lan/h$a;I)V,1,0
an.h$a,INNER,PBMessageALL8.java,method,e,(Lan/h$a;I)V,1,0
an.h$a,INNER,PBMessageALL8.java,method,f,(Lan/h$a;I)V,1,0
an.h$a,INNER,PBMessageALL8.java,method,g,(Lan/h$a;I)V,1,0
an.h$a,INNER,PBMessageALL8.java,method,h,(Lan/h$a;I)V,1,0
an.h$a,INNER,PBMessageALL8.java,method,i,(Lan/h$a;I)V,1,0
an.h$a,INNER,PBMessageALL8.java,method,j,(Lan/h$a;I)V,1,0
an.h$a,INNER,PBMessageALL8.java,method,k,(Lan/h$a;I)V,1,0
an.h$a,INNER,PBMessageALL8.java,method,l,(Lan/h$a;I)V,1,0
an.h$a,INNER,PBMessageALL8.java,method,m,(Lan/h$a;I)V,1,0
an.h$a,INNER,PBMessageALL8.java,method,n,(Lan/h$a;I)V,1,0
an.h$a$1,ANONYMOUS,PBMessageALL8.java,method,d,(La/h;La/n;)Ljava/lang/Object;,1,0
an.h$a$a,INNER,PBMessageALL8.java,method,<init>,(La/p$b;Lan/h$a$a;)V,1,0
an.h$a$a,INNER,PBMessageALL8.java,method,Q,()La/y;,1,0
an.h$a$a,INNER,PBMessageALL8.java,method,R,()La/x;,1,0
an.h$a$a,INNER,PBMessageALL8.java,method,a,(La/h;La/n;)La/a$a;,1,0
an.h$a$a,INNER,PBMessageALL8.java,method,a,(La/x;)La/a$a;,1,0
an.h$a$a,INNER,PBMessageALL8.java,method,ah,()La/p$a;,1,0
an.h$a$a,INNER,PBMessageALL8.java,method,ai,()La/p$a;,1,0
an.h$a$a,INNER,PBMessageALL8.java,method,aj,()La/x;,1,0
an.h$a$a,INNER,PBMessageALL8.java,method,ak,()La/x;,1,0
an.h$a$a,INNER,PBMessageALL8.java,method,al,()La/y;,1,0
an.h$a$a,INNER,PBMessageALL8.java,method,am,()La/y;,1,0
an.h$a$a,INNER,PBMessageALL8.java,method,at,()Lan/h$a$a;,1,0
an.h$a$a,INNER,PBMessageALL8.java,method,c,(La/h;La/n;)La/y$a;,1,0
an.h$a$a,INNER,PBMessageALL8.java,method,c,(La/x;)La/x$a;,1,0
an.h$a$a,INNER,PBMessageALL8.java,method,d,(La/h;La/n;)La/x$a;,1,0
an.h$a$a,INNER,PBMessageALL8.java,method,g,()La/y$a;,1,0
an.h$a$a,INNER,PBMessageALL8.java,method,h,()La/y$a;,1,0
an.h$a$a,INNER,PBMessageALL8.java,method,i,()La/x$a;,1,0
an.h$a$a,INNER,PBMessageALL8.java,method,j,()La/x$a;,1,0
an.h$c,INNER,PBMessageALL8.java,method,<init>,(La/h;La/n;Lan/h$c;)V,1,0
an.h$c,INNER,PBMessageALL8.java,method,<init>,(La/p$a;Lan/h$c;)V,1,0
an.h$c,INNER,PBMessageALL8.java,method,M,()La/x$a;,1,0
an.h$c,INNER,PBMessageALL8.java,method,N,()La/x$a;,1,0
an.h$c,INNER,PBMessageALL8.java,method,O,()La/y$a;,1,0
an.h$c,INNER,PBMessageALL8.java,method,P,()La/y$a;,1,0
an.h$c,INNER,PBMessageALL8.java,method,Q,()La/y;,1,0
an.h$c,INNER,PBMessageALL8.java,method,R,()La/x;,1,0
an.h$c,INNER,PBMessageALL8.java,method,a,(Lan/h$c;I)V,1,0
an.h$c,INNER,PBMessageALL8.java,method,a,(Lan/h$c;La/g;)V,1,0
an.h$c,INNER,PBMessageALL8.java,method,af,()Z,1,0
an.h$c,INNER,PBMessageALL8.java,method,b,(La/p$b;)La/x$a;,1,0
an.h$c,INNER,PBMessageALL8.java,method,b,(Lan/h$c;I)V,1,0
an.h$c,INNER,PBMessageALL8.java,method,b,(Lan/h$c;La/g;)V,1,0
an.h$c,INNER,PBMessageALL8.java,method,c,(Lan/h$c;I)V,1,0
an.h$c,INNER,PBMessageALL8.java,method,c,(Lan/h$c;La/g;)V,1,0
an.h$c,INNER,PBMessageALL8.java,method,d,(Lan/h$c;I)V,1,0
an.h$c,INNER,PBMessageALL8.java,method,d,(Lan/h$c;La/g;)V,1,0
an.h$c,INNER,PBMessageALL8.java,method,e,(Lan/h$c;I)V,1,0
an.h$c,INNER,PBMessageALL8.java,method,e,(Lan/h$c;La/g;)V,1,0
an.h$c,INNER,PBMessageALL8.java,method,f,(Lan/h$c;I)V,1,0
an.h$c,INNER,PBMessageALL8.java,method,f,(Lan/h$c;La/g;)V,1,0
an.h$c,INNER,PBMessageALL8.java,method,g,(Lan/h$c;I)V,1,0
an.h$c,INNER,PBMessageALL8.java,method,h,(Lan/h$c;I)V,1,0
an.h$c,INNER,PBMessageALL8.java,method,i,(Lan/h$c;I)V,1,0
an.h$c,INNER,PBMessageALL8.java,method,j,(Lan/h$c;I)V,1,0
an.h$c$1,ANONYMOUS,PBMessageALL8.java,method,d,(La/h;La/n;)Ljava/lang/Object;,1,0
an.h$c$a,INNER,PBMessageALL8.java,method,<init>,(La/p$b;Lan/h$c$a;)V,1,0
an.h$c$a,INNER,PBMessageALL8.java,method,Q,()La/y;,1,0
an.h$c$a,INNER,PBMessageALL8.java,method,R,()La/x;,1,0
an.h$c$a,INNER,PBMessageALL8.java,method,a,(La/h;La/n;)La/a$a;,1,0
an.h$c$a,INNER,PBMessageALL8.java,method,a,(La/x;)La/a$a;,1,0
an.h$c$a,INNER,PBMessageALL8.java,method,ah,()La/p$a;,1,0
an.h$c$a,INNER,PBMessageALL8.java,method,ai,()La/p$a;,1,0
an.h$c$a,INNER,PBMessageALL8.java,method,aj,()La/x;,1,0
an.h$c$a,INNER,PBMessageALL8.java,method,ak,()La/x;,1,0
an.h$c$a,INNER,PBMessageALL8.java,method,al,()La/y;,1,0
an.h$c$a,INNER,PBMessageALL8.java,method,am,()La/y;,1,0
an.h$c$a,INNER,PBMessageALL8.java,method,at,()Lan/h$c$a;,1,0
an.h$c$a,INNER,PBMessageALL8.java,method,c,(La/h;La/n;)La/y$a;,1,0
an.h$c$a,INNER,PBMessageALL8.java,method,c,(La/x;)La/x$a;,1,0
an.h$c$a,INNER,PBMessageALL8.java,method,d,(La/h;La/n;)La/x$a;,1,0
an.h$c$a,INNER,PBMessageALL8.java,method,g,()La/y$a;,1,0
an.h$c$a,INNER,PBMessageALL8.java,method,h,()La/y$a;,1,0
an.h$c$a,INNER,PBMessageALL8.java,method,i,()La/x$a;,1,0
an.h$c$a,INNER,PBMessageALL8.java,method,j,()La/x$a;,1,0
an.h$e,INNER,PBMessageALL8.java,method,<init>,(La/h;La/n;Lan/h$e;)V,1,0
an.h$e,INNER,PBMessageALL8.java,method,<init>,(La/p$a;Lan/h$e;)V,1,0
an.h$e,INNER,PBMessageALL8.java,method,M,()La/x$a;,1,0
an.h$e,INNER,PBMessageALL8.java,method,N,()La/x$a;,1,0
an.h$e,INNER,PBMessageALL8.java,method,O,()La/y$a;,1,0
an.h$e,INNER,PBMessageALL8.java,method,P,()La/y$a;,1,0
an.h$e,INNER,PBMessageALL8.java,method,Q,()La/y;,1,0
an.h$e,INNER,PBMessageALL8.java,method,R,()La/x;,1,0
an.h$e,INNER,PBMessageALL8.java,method,a,(Lan/h$e;I)V,1,0
an.h$e,INNER,PBMessageALL8.java,method,a,(Lan/h$e;La/g;)V,1,0
an.h$e,INNER,PBMessageALL8.java,method,af,()Z,1,0
an.h$e,INNER,PBMessageALL8.java,method,b,(La/p$b;)La/x$a;,1,0
an.h$e,INNER,PBMessageALL8.java,method,b,(Lan/h$e;I)V,1,0
an.h$e,INNER,PBMessageALL8.java,method,b,(Lan/h$e;La/g;)V,1,0
an.h$e,INNER,PBMessageALL8.java,method,c,(Lan/h$e;I)V,1,0
an.h$e,INNER,PBMessageALL8.java,method,c,(Lan/h$e;La/g;)V,1,0
an.h$e,INNER,PBMessageALL8.java,method,d,(Lan/h$e;I)V,1,0
an.h$e,INNER,PBMessageALL8.java,method,e,(Lan/h$e;I)V,1,0
an.h$e,INNER,PBMessageALL8.java,method,f,(Lan/h$e;I)V,1,0
an.h$e,INNER,PBMessageALL8.java,method,g,(Lan/h$e;I)V,1,0
an.h$e,INNER,PBMessageALL8.java,method,h,(Lan/h$e;I)V,1,0
an.h$e,INNER,PBMessageALL8.java,method,i,(Lan/h$e;I)V,1,0
an.h$e,INNER,PBMessageALL8.java,method,j,(Lan/h$e;I)V,1,0
an.h$e,INNER,PBMessageALL8.java,method,k,(Lan/h$e;I)V,1,0
an.h$e,INNER,PBMessageALL8.java,method,l,(Lan/h$e;I)V,1,0
an.h$e,INNER,PBMessageALL8.java,method,m,(Lan/h$e;I)V,1,0
an.h$e$1,ANONYMOUS,PBMessageALL8.java,method,d,(La/h;La/n;)Ljava/lang/Object;,1,0
an.h$e$a,INNER,PBMessageALL8.java,method,<init>,(La/p$b;Lan/h$e$a;)V,1,0
an.h$e$a,INNER,PBMessageALL8.java,method,Q,()La/y;,1,0
an.h$e$a,INNER,PBMessageALL8.java,method,R,()La/x;,1,0
an.h$e$a,INNER,PBMessageALL8.java,method,a,(La/h;La/n;)La/a$a;,1,0
an.h$e$a,INNER,PBMessageALL8.java,method,a,(La/x;)La/a$a;,1,0
an.h$e$a,INNER,PBMessageALL8.java,method,ah,()La/p$a;,1,0
an.h$e$a,INNER,PBMessageALL8.java,method,ai,()La/p$a;,1,0
an.h$e$a,INNER,PBMessageALL8.java,method,aj,()La/x;,1,0
an.h$e$a,INNER,PBMessageALL8.java,method,ak,()La/x;,1,0
an.h$e$a,INNER,PBMessageALL8.java,method,al,()La/y;,1,0
an.h$e$a,INNER,PBMessageALL8.java,method,am,()La/y;,1,0
an.h$e$a,INNER,PBMessageALL8.java,method,at,()Lan/h$e$a;,1,0
an.h$e$a,INNER,PBMessageALL8.java,method,c,(La/h;La/n;)La/y$a;,1,0
an.h$e$a,INNER,PBMessageALL8.java,method,c,(La/x;)La/x$a;,1,0
an.h$e$a,INNER,PBMessageALL8.java,method,d,(La/h;La/n;)La/x$a;,1,0
an.h$e$a,INNER,PBMessageALL8.java,method,g,()La/y$a;,1,0
an.h$e$a,INNER,PBMessageALL8.java,method,h,()La/y$a;,1,0
an.h$e$a,INNER,PBMessageALL8.java,method,i,()La/x$a;,1,0
an.h$e$a,INNER,PBMessageALL8.java,method,j,()La/x$a;,1,0
an.h$g,INNER,PBMessageALL8.java,method,<init>,(La/h;La/n;Lan/h$g;)V,1,0
an.h$g,INNER,PBMessageALL8.java,method,<init>,(La/p$a;Lan/h$g;)V,1,0
an.h$g,INNER,PBMessageALL8.java,method,M,()La/x$a;,1,0
an.h$g,INNER,PBMessageALL8.java,method,N,()La/x$a;,1,0
an.h$g,INNER,PBMessageALL8.java,method,O,()La/y$a;,1,0
an.h$g,INNER,PBMessageALL8.java,method,P,()La/y$a;,1,0
an.h$g,INNER,PBMessageALL8.java,method,Q,()La/y;,1,0
an.h$g,INNER,PBMessageALL8.java,method,R,()La/x;,1,0
an.h$g,INNER,PBMessageALL8.java,method,a,(Lan/h$g;I)V,1,0
an.h$g,INNER,PBMessageALL8.java,method,a,(Lan/h$g;La/g;)V,1,0
an.h$g,INNER,PBMessageALL8.java,method,af,()Z,1,0
an.h$g,INNER,PBMessageALL8.java,method,b,(La/p$b;)La/x$a;,1,0
an.h$g,INNER,PBMessageALL8.java,method,b,(Lan/h$g;I)V,1,0
an.h$g,INNER,PBMessageALL8.java,method,b,(Lan/h$g;La/g;)V,1,0
an.h$g,INNER,PBMessageALL8.java,method,c,(Lan/h$g;I)V,1,0
an.h$g,INNER,PBMessageALL8.java,method,c,(Lan/h$g;La/g;)V,1,0
an.h$g,INNER,PBMessageALL8.java,method,d,(Lan/h$g;I)V,1,0
an.h$g,INNER,PBMessageALL8.java,method,d,(Lan/h$g;La/g;)V,1,0
an.h$g,INNER,PBMessageALL8.java,method,e,(Lan/h$g;I)V,1,0
an.h$g,INNER,PBMessageALL8.java,method,e,(Lan/h$g;La/g;)V,1,0
an.h$g,INNER,PBMessageALL8.java,method,f,(Lan/h$g;I)V,1,0
an.h$g,INNER,PBMessageALL8.java,method,f,(Lan/h$g;La/g;)V,1,0
an.h$g,INNER,PBMessageALL8.java,method,g,(Lan/h$g;I)V,1,0
an.h$g,INNER,PBMessageALL8.java,method,g,(Lan/h$g;La/g;)V,1,0
an.h$g,INNER,PBMessageALL8.java,method,h,(Lan/h$g;I)V,1,0
an.h$g,INNER,PBMessageALL8.java,method,i,(Lan/h$g;I)V,1,0
an.h$g$1,ANONYMOUS,PBMessageALL8.java,method,d,(La/h;La/n;)Ljava/lang/Object;,1,0
an.h$g$a,INNER,PBMessageALL8.java,method,<init>,(La/p$b;Lan/h$g$a;)V,1,0
an.h$g$a,INNER,PBMessageALL8.java,method,Q,()La/y;,1,0
an.h$g$a,INNER,PBMessageALL8.java,method,R,()La/x;,1,0
an.h$g$a,INNER,PBMessageALL8.java,method,a,(La/h;La/n;)La/a$a;,1,0
an.h$g$a,INNER,PBMessageALL8.java,method,a,(La/x;)La/a$a;,1,0
an.h$g$a,INNER,PBMessageALL8.java,method,ah,()La/p$a;,1,0
an.h$g$a,INNER,PBMessageALL8.java,method,ai,()La/p$a;,1,0
an.h$g$a,INNER,PBMessageALL8.java,method,aj,()La/x;,1,0
an.h$g$a,INNER,PBMessageALL8.java,method,ak,()La/x;,1,0
an.h$g$a,INNER,PBMessageALL8.java,method,al,()La/y;,1,0
an.h$g$a,INNER,PBMessageALL8.java,method,am,()La/y;,1,0
an.h$g$a,INNER,PBMessageALL8.java,method,at,()Lan/h$g$a;,1,0
an.h$g$a,INNER,PBMessageALL8.java,method,c,(La/h;La/n;)La/y$a;,1,0
an.h$g$a,INNER,PBMessageALL8.java,method,c,(La/x;)La/x$a;,1,0
an.h$g$a,INNER,PBMessageALL8.java,method,d,(La/h;La/n;)La/x$a;,1,0
an.h$g$a,INNER,PBMessageALL8.java,method,g,()La/y$a;,1,0
an.h$g$a,INNER,PBMessageALL8.java,method,h,()La/y$a;,1,0
an.h$g$a,INNER,PBMessageALL8.java,method,i,()La/x$a;,1,0
an.h$g$a,INNER,PBMessageALL8.java,method,j,()La/x$a;,1,0
an.h$i,INNER,PBMessageALL8.java,method,<init>,(La/h;La/n;Lan/h$i;)V,1,0
an.h$i,INNER,PBMessageALL8.java,method,<init>,(La/p$a;Lan/h$i;)V,1,0
an.h$i,INNER,PBMessageALL8.java,method,M,()La/x$a;,1,0
an.h$i,INNER,PBMessageALL8.java,method,N,()La/x$a;,1,0
an.h$i,INNER,PBMessageALL8.java,method,O,()La/y$a;,1,0
an.h$i,INNER,PBMessageALL8.java,method,P,()La/y$a;,1,0
an.h$i,INNER,PBMessageALL8.java,method,Q,()La/y;,1,0
an.h$i,INNER,PBMessageALL8.java,method,R,()La/x;,1,0
an.h$i,INNER,PBMessageALL8.java,method,a,(Lan/h$i;I)V,1,0
an.h$i,INNER,PBMessageALL8.java,method,a,(Lan/h$i;La/g;)V,1,0
an.h$i,INNER,PBMessageALL8.java,method,af,()Z,1,0
an.h$i,INNER,PBMessageALL8.java,method,b,(La/p$b;)La/x$a;,1,0
an.h$i,INNER,PBMessageALL8.java,method,b,(Lan/h$i;I)V,1,0
an.h$i,INNER,PBMessageALL8.java,method,c,(Lan/h$i;I)V,1,0
an.h$i,INNER,PBMessageALL8.java,method,d,(Lan/h$i;I)V,1,0
an.h$i,INNER,PBMessageALL8.java,method,e,(Lan/h$i;I)V,1,0
an.h$i,INNER,PBMessageALL8.java,method,f,(Lan/h$i;I)V,1,0
an.h$i,INNER,PBMessageALL8.java,method,g,(Lan/h$i;I)V,1,0
an.h$i,INNER,PBMessageALL8.java,method,h,(Lan/h$i;I)V,1,0
an.h$i,INNER,PBMessageALL8.java,method,i,(Lan/h$i;I)V,1,0
an.h$i,INNER,PBMessageALL8.java,method,j,(Lan/h$i;I)V,1,0
an.h$i,INNER,PBMessageALL8.java,method,k,(Lan/h$i;I)V,1,0
an.h$i,INNER,PBMessageALL8.java,method,l,(Lan/h$i;I)V,1,0
an.h$i,INNER,PBMessageALL8.java,method,m,(Lan/h$i;I)V,1,0
an.h$i,INNER,PBMessageALL8.java,method,n,(Lan/h$i;I)V,1,0
an.h$i,INNER,PBMessageALL8.java,method,o,(Lan/h$i;I)V,1,0
an.h$i$1,ANONYMOUS,PBMessageALL8.java,method,d,(La/h;La/n;)Ljava/lang/Object;,1,0
an.h$i$a,INNER,PBMessageALL8.java,method,<init>,(La/p$b;Lan/h$i$a;)V,1,0
an.h$i$a,INNER,PBMessageALL8.java,method,Q,()La/y;,1,0
an.h$i$a,INNER,PBMessageALL8.java,method,R,()La/x;,1,0
an.h$i$a,INNER,PBMessageALL8.java,method,a,(La/h;La/n;)La/a$a;,1,0
an.h$i$a,INNER,PBMessageALL8.java,method,a,(La/x;)La/a$a;,1,0
an.h$i$a,INNER,PBMessageALL8.java,method,ah,()La/p$a;,1,0
an.h$i$a,INNER,PBMessageALL8.java,method,ai,()La/p$a;,1,0
an.h$i$a,INNER,PBMessageALL8.java,method,aj,()La/x;,1,0
an.h$i$a,INNER,PBMessageALL8.java,method,ak,()La/x;,1,0
an.h$i$a,INNER,PBMessageALL8.java,method,al,()La/y;,1,0
an.h$i$a,INNER,PBMessageALL8.java,method,am,()La/y;,1,0
an.h$i$a,INNER,PBMessageALL8.java,method,at,()Lan/h$i$a;,1,0
an.h$i$a,INNER,PBMessageALL8.java,method,c,(La/h;La/n;)La/y$a;,1,0
an.h$i$a,INNER,PBMessageALL8.java,method,c,(La/x;)La/x$a;,1,0
an.h$i$a,INNER,PBMessageALL8.java,method,d,(La/h;La/n;)La/x$a;,1,0
an.h$i$a,INNER,PBMessageALL8.java,method,g,()La/y$a;,1,0
an.h$i$a,INNER,PBMessageALL8.java,method,h,()La/y$a;,1,0
an.h$i$a,INNER,PBMessageALL8.java,method,i,()La/x$a;,1,0
an.h$i$a,INNER,PBMessageALL8.java,method,j,()La/x$a;,1,0
an.i,TOP_LEVEL,PBMessageALL9.java,method,a,(La/k$a;)V,1,0
an.i,TOP_LEVEL,PBMessageALL9.java,method,a,(La/k$g;)V,1,0
an.i,TOP_LEVEL,PBMessageALL9.java,method,a,(La/p$g;)V,1,0
an.i,TOP_LEVEL,PBMessageALL9.java,method,b,()La/k$a;,1,0
an.i,TOP_LEVEL,PBMessageALL9.java,method,b,(La/k$a;)V,1,0
an.i,TOP_LEVEL,PBMessageALL9.java,method,b,(La/p$g;)V,1,0
an.i,TOP_LEVEL,PBMessageALL9.java,method,c,()La/k$a;,1,0
an.i,TOP_LEVEL,PBMessageALL9.java,method,c,(La/k$a;)V,1,0
an.i,TOP_LEVEL,PBMessageALL9.java,method,c,(La/p$g;)V,1,0
an.i,TOP_LEVEL,PBMessageALL9.java,method,d,()La/k$a;,1,0
an.i,TOP_LEVEL,PBMessageALL9.java,method,d,(La/k$a;)V,1,0
an.i,TOP_LEVEL,PBMessageALL9.java,method,d,(La/p$g;)V,1,0
an.i,TOP_LEVEL,PBMessageALL9.java,method,e,()La/k$a;,1,0
an.i,TOP_LEVEL,PBMessageALL9.java,method,f,()La/p$g;,1,0
an.i,TOP_LEVEL,PBMessageALL9.java,method,g,()La/p$g;,1,0
an.i,TOP_LEVEL,PBMessageALL9.java,method,h,()La/p$g;,1,0
an.i,TOP_LEVEL,PBMessageALL9.java,method,i,()La/p$g;,1,0
an.i$a,INNER,PBMessageALL9.java,method,<init>,(La/h;La/n;Lan/i$a;)V,1,0
an.i$a,INNER,PBMessageALL9.java,method,<init>,(La/p$a;Lan/i$a;)V,1,0
an.i$a,INNER,PBMessageALL9.java,method,L,()Z,1,0
an.i$a,INNER,PBMessageALL9.java,method,M,()La/x$a;,1,0
an.i$a,INNER,PBMessageALL9.java,method,N,()La/x$a;,1,0
an.i$a,INNER,PBMessageALL9.java,method,O,()La/y$a;,1,0
an.i$a,INNER,PBMessageALL9.java,method,P,()La/y$a;,1,0
an.i$a,INNER,PBMessageALL9.java,method,Q,()La/y;,1,0
an.i$a,INNER,PBMessageALL9.java,method,R,()La/x;,1,0
an.i$a,INNER,PBMessageALL9.java,method,a,(Lan/i$a;I)V,1,0
an.i$a,INNER,PBMessageALL9.java,method,a,(Lan/i$a;La/g;)V,1,0
an.i$a,INNER,PBMessageALL9.java,method,a,(Lan/i$a;Ljava/util/List;)V,1,0
an.i$a,INNER,PBMessageALL9.java,method,b,(La/p$b;)La/x$a;,1,0
an.i$a,INNER,PBMessageALL9.java,method,b,(Lan/i$a;)Ljava/util/List;,1,0
an.i$a,INNER,PBMessageALL9.java,method,b,(Lan/i$a;I)V,1,0
an.i$a,INNER,PBMessageALL9.java,method,c,(Lan/i$a;I)V,1,0
an.i$a,INNER,PBMessageALL9.java,method,d,(Lan/i$a;I)V,1,0
an.i$a,INNER,PBMessageALL9.java,method,e,(Lan/i$a;I)V,1,0
an.i$a,INNER,PBMessageALL9.java,method,f,(Lan/i$a;I)V,1,0
an.i$a,INNER,PBMessageALL9.java,method,g,(Lan/i$a;I)V,1,0
an.i$a,INNER,PBMessageALL9.java,method,h,(Lan/i$a;I)V,1,0
an.i$a$1,ANONYMOUS,PBMessageALL9.java,method,d,(La/h;La/n;)Ljava/lang/Object;,1,0
an.i$a$a,INNER,PBMessageALL9.java,method,<init>,(La/p$b;Lan/i$a$a;)V,1,0
an.i$a$a,INNER,PBMessageALL9.java,method,Q,()La/y;,1,0
an.i$a$a,INNER,PBMessageALL9.java,method,R,()La/x;,1,0
an.i$a$a,INNER,PBMessageALL9.java,method,V,()Lan/i$a$a;,1,0
an.i$a$a,INNER,PBMessageALL9.java,method,a,(La/h;La/n;)La/a$a;,1,0
an.i$a$a,INNER,PBMessageALL9.java,method,a,(La/x;)La/a$a;,1,0
an.i$a$a,INNER,PBMessageALL9.java,method,ah,()La/p$a;,1,0
an.i$a$a,INNER,PBMessageALL9.java,method,ai,()La/p$a;,1,0
an.i$a$a,INNER,PBMessageALL9.java,method,aj,()La/x;,1,0
an.i$a$a,INNER,PBMessageALL9.java,method,ak,()La/x;,1,0
an.i$a$a,INNER,PBMessageALL9.java,method,al,()La/y;,1,0
an.i$a$a,INNER,PBMessageALL9.java,method,am,()La/y;,1,0
an.i$a$a,INNER,PBMessageALL9.java,method,c,(La/h;La/n;)La/y$a;,1,0
an.i$a$a,INNER,PBMessageALL9.java,method,c,(La/x;)La/x$a;,1,0
an.i$a$a,INNER,PBMessageALL9.java,method,d,(La/h;La/n;)La/x$a;,1,0
an.i$a$a,INNER,PBMessageALL9.java,method,g,()La/y$a;,1,0
an.i$a$a,INNER,PBMessageALL9.java,method,h,()La/y$a;,1,0
an.i$a$a,INNER,PBMessageALL9.java,method,i,()La/x$a;,1,0
an.i$a$a,INNER,PBMessageALL9.java,method,j,()La/x$a;,1,0
an.i$c,INNER,PBMessageALL9.java,method,<init>,(La/h;La/n;Lan/i$c;)V,1,0
an.i$c,INNER,PBMessageALL9.java,method,<init>,(La/p$a;Lan/i$c;)V,1,0
an.i$c,INNER,PBMessageALL9.java,method,M,()La/x$a;,1,0
an.i$c,INNER,PBMessageALL9.java,method,N,()La/x$a;,1,0
an.i$c,INNER,PBMessageALL9.java,method,O,()La/y$a;,1,0
an.i$c,INNER,PBMessageALL9.java,method,P,()La/y$a;,1,0
an.i$c,INNER,PBMessageALL9.java,method,Q,()La/y;,1,0
an.i$c,INNER,PBMessageALL9.java,method,R,()La/x;,1,0
an.i$c,INNER,PBMessageALL9.java,method,a,(Lan/i$c;I)V,1,0
an.i$c,INNER,PBMessageALL9.java,method,a,(Lan/i$c;La/g;)V,1,0
an.i$c,INNER,PBMessageALL9.java,method,an,()Z,1,0
an.i$c,INNER,PBMessageALL9.java,method,b,(La/p$b;)La/x$a;,1,0
an.i$c,INNER,PBMessageALL9.java,method,b,(Lan/i$c;I)V,1,0
an.i$c,INNER,PBMessageALL9.java,method,b,(Lan/i$c;La/g;)V,1,0
an.i$c,INNER,PBMessageALL9.java,method,c,(Lan/i$c;I)V,1,0
an.i$c,INNER,PBMessageALL9.java,method,d,(Lan/i$c;I)V,1,0
an.i$c,INNER,PBMessageALL9.java,method,e,(Lan/i$c;I)V,1,0
an.i$c,INNER,PBMessageALL9.java,method,f,(Lan/i$c;I)V,1,0
an.i$c,INNER,PBMessageALL9.java,method,g,(Lan/i$c;I)V,1,0
an.i$c,INNER,PBMessageALL9.java,method,h,(Lan/i$c;I)V,1,0
an.i$c,INNER,PBMessageALL9.java,method,i,(Lan/i$c;I)V,1,0
an.i$c,INNER,PBMessageALL9.java,method,j,(Lan/i$c;I)V,1,0
an.i$c,INNER,PBMessageALL9.java,method,k,(Lan/i$c;I)V,1,0
an.i$c,INNER,PBMessageALL9.java,method,l,(Lan/i$c;I)V,1,0
an.i$c,INNER,PBMessageALL9.java,method,m,(Lan/i$c;I)V,1,0
an.i$c,INNER,PBMessageALL9.java,method,n,(Lan/i$c;I)V,1,0
an.i$c,INNER,PBMessageALL9.java,method,o,(Lan/i$c;I)V,1,0
an.i$c,INNER,PBMessageALL9.java,method,p,(Lan/i$c;I)V,1,0
an.i$c,INNER,PBMessageALL9.java,method,q,(Lan/i$c;I)V,1,0
an.i$c,INNER,PBMessageALL9.java,method,r,(Lan/i$c;I)V,1,0
an.i$c$1,ANONYMOUS,PBMessageALL9.java,method,d,(La/h;La/n;)Ljava/lang/Object;,1,0
an.i$c$a,INNER,PBMessageALL9.java,method,<init>,(La/p$b;Lan/i$c$a;)V,1,0
an.i$c$a,INNER,PBMessageALL9.java,method,Q,()La/y;,1,0
an.i$c$a,INNER,PBMessageALL9.java,method,R,()La/x;,1,0
an.i$c$a,INNER,PBMessageALL9.java,method,a,(La/h;La/n;)La/a$a;,1,0
an.i$c$a,INNER,PBMessageALL9.java,method,a,(La/x;)La/a$a;,1,0
an.i$c$a,INNER,PBMessageALL9.java,method,aI,()Lan/i$c$a;,1,0
an.i$c$a,INNER,PBMessageALL9.java,method,ah,()La/p$a;,1,0
an.i$c$a,INNER,PBMessageALL9.java,method,ai,()La/p$a;,1,0
an.i$c$a,INNER,PBMessageALL9.java,method,aj,()La/x;,1,0
an.i$c$a,INNER,PBMessageALL9.java,method,ak,()La/x;,1,0
an.i$c$a,INNER,PBMessageALL9.java,method,al,()La/y;,1,0
an.i$c$a,INNER,PBMessageALL9.java,method,am,()La/y;,1,0
an.i$c$a,INNER,PBMessageALL9.java,method,c,(La/h;La/n;)La/y$a;,1,0
an.i$c$a,INNER,PBMessageALL9.java,method,c,(La/x;)La/x$a;,1,0
an.i$c$a,INNER,PBMessageALL9.java,method,d,(La/h;La/n;)La/x$a;,1,0
an.i$c$a,INNER,PBMessageALL9.java,method,g,()La/y$a;,1,0
an.i$c$a,INNER,PBMessageALL9.java,method,h,()La/y$a;,1,0
an.i$c$a,INNER,PBMessageALL9.java,method,i,()La/x$a;,1,0
an.i$c$a,INNER,PBMessageALL9.java,method,j,()La/x$a;,1,0
an.i$e,INNER,PBMessageALL9.java,method,<init>,(La/h;La/n;Lan/i$e;)V,1,0
an.i$e,INNER,PBMessageALL9.java,method,<init>,(La/p$a;Lan/i$e;)V,1,0
an.i$e,INNER,PBMessageALL9.java,method,L,()Z,1,0
an.i$e,INNER,PBMessageALL9.java,method,M,()La/x$a;,1,0
an.i$e,INNER,PBMessageALL9.java,method,N,()La/x$a;,1,0
an.i$e,INNER,PBMessageALL9.java,method,O,()La/y$a;,1,0
an.i$e,INNER,PBMessageALL9.java,method,P,()La/y$a;,1,0
an.i$e,INNER,PBMessageALL9.java,method,Q,()La/y;,1,0
an.i$e,INNER,PBMessageALL9.java,method,R,()La/x;,1,0
an.i$e,INNER,PBMessageALL9.java,method,a,(Lan/i$e;I)V,1,0
an.i$e,INNER,PBMessageALL9.java,method,a,(Lan/i$e;Ljava/util/List;)V,1,0
an.i$e,INNER,PBMessageALL9.java,method,b,(La/p$b;)La/x$a;,1,0
an.i$e,INNER,PBMessageALL9.java,method,b,(Lan/i$e;)Ljava/util/List;,1,0
an.i$e,INNER,PBMessageALL9.java,method,b,(Lan/i$e;I)V,1,0
an.i$e,INNER,PBMessageALL9.java,method,c,(Lan/i$e;I)V,1,0
an.i$e,INNER,PBMessageALL9.java,method,d,(Lan/i$e;I)V,1,0
an.i$e,INNER,PBMessageALL9.java,method,e,(Lan/i$e;I)V,1,0
an.i$e,INNER,PBMessageALL9.java,method,f,(Lan/i$e;I)V,1,0
an.i$e,INNER,PBMessageALL9.java,method,g,(Lan/i$e;I)V,1,0
an.i$e,INNER,PBMessageALL9.java,method,h,(Lan/i$e;I)V,1,0
an.i$e,INNER,PBMessageALL9.java,method,i,(Lan/i$e;I)V,1,0
an.i$e$1,ANONYMOUS,PBMessageALL9.java,method,d,(La/h;La/n;)Ljava/lang/Object;,1,0
an.i$e$a,INNER,PBMessageALL9.java,method,<init>,(La/p$b;Lan/i$e$a;)V,1,0
an.i$e$a,INNER,PBMessageALL9.java,method,Q,()La/y;,1,0
an.i$e$a,INNER,PBMessageALL9.java,method,R,()La/x;,1,0
an.i$e$a,INNER,PBMessageALL9.java,method,V,()Lan/i$e$a;,1,0
an.i$e$a,INNER,PBMessageALL9.java,method,a,(La/h;La/n;)La/a$a;,1,0
an.i$e$a,INNER,PBMessageALL9.java,method,a,(La/x;)La/a$a;,1,0
an.i$e$a,INNER,PBMessageALL9.java,method,ah,()La/p$a;,1,0
an.i$e$a,INNER,PBMessageALL9.java,method,ai,()La/p$a;,1,0
an.i$e$a,INNER,PBMessageALL9.java,method,aj,()La/x;,1,0
an.i$e$a,INNER,PBMessageALL9.java,method,ak,()La/x;,1,0
an.i$e$a,INNER,PBMessageALL9.java,method,al,()La/y;,1,0
an.i$e$a,INNER,PBMessageALL9.java,method,am,()La/y;,1,0
an.i$e$a,INNER,PBMessageALL9.java,method,c,(La/h;La/n;)La/y$a;,1,0
an.i$e$a,INNER,PBMessageALL9.java,method,c,(La/x;)La/x$a;,1,0
an.i$e$a,INNER,PBMessageALL9.java,method,d,(La/h;La/n;)La/x$a;,1,0
an.i$e$a,INNER,PBMessageALL9.java,method,g,()La/y$a;,1,0
an.i$e$a,INNER,PBMessageALL9.java,method,h,()La/y$a;,1,0
an.i$e$a,INNER,PBMessageALL9.java,method,i,()La/x$a;,1,0
an.i$e$a,INNER,PBMessageALL9.java,method,j,()La/x$a;,1,0
an.i$g,INNER,PBMessageALL9.java,method,<init>,(La/h;La/n;Lan/i$g;)V,1,0
an.i$g,INNER,PBMessageALL9.java,method,<init>,(La/p$a;Lan/i$g;)V,1,0
an.i$g,INNER,PBMessageALL9.java,method,M,()La/x$a;,1,0
an.i$g,INNER,PBMessageALL9.java,method,N,()La/x$a;,1,0
an.i$g,INNER,PBMessageALL9.java,method,O,()La/y$a;,1,0
an.i$g,INNER,PBMessageALL9.java,method,P,()La/y$a;,1,0
an.i$g,INNER,PBMessageALL9.java,method,Q,()La/y;,1,0
an.i$g,INNER,PBMessageALL9.java,method,R,()La/x;,1,0
an.i$g,INNER,PBMessageALL9.java,method,a,(Lan/i$g;I)V,1,0
an.i$g,INNER,PBMessageALL9.java,method,an,()Z,1,0
an.i$g,INNER,PBMessageALL9.java,method,b,(La/p$b;)La/x$a;,1,0
an.i$g,INNER,PBMessageALL9.java,method,b,(Lan/i$g;I)V,1,0
an.i$g,INNER,PBMessageALL9.java,method,c,(Lan/i$g;I)V,1,0
an.i$g,INNER,PBMessageALL9.java,method,d,(Lan/i$g;I)V,1,0
an.i$g,INNER,PBMessageALL9.java,method,e,(Lan/i$g;I)V,1,0
an.i$g,INNER,PBMessageALL9.java,method,f,(Lan/i$g;I)V,1,0
an.i$g,INNER,PBMessageALL9.java,method,g,(Lan/i$g;I)V,1,0
an.i$g,INNER,PBMessageALL9.java,method,h,(Lan/i$g;I)V,1,0
an.i$g,INNER,PBMessageALL9.java,method,i,(Lan/i$g;I)V,1,0
an.i$g,INNER,PBMessageALL9.java,method,j,(Lan/i$g;I)V,1,0
an.i$g,INNER,PBMessageALL9.java,method,k,(Lan/i$g;I)V,1,0
an.i$g,INNER,PBMessageALL9.java,method,l,(Lan/i$g;I)V,1,0
an.i$g,INNER,PBMessageALL9.java,method,m,(Lan/i$g;I)V,1,0
an.i$g,INNER,PBMessageALL9.java,method,n,(Lan/i$g;I)V,1,0
an.i$g,INNER,PBMessageALL9.java,method,o,(Lan/i$g;I)V,1,0
an.i$g,INNER,PBMessageALL9.java,method,p,(Lan/i$g;I)V,1,0
an.i$g,INNER,PBMessageALL9.java,method,q,(Lan/i$g;I)V,1,0
an.i$g,INNER,PBMessageALL9.java,method,r,(Lan/i$g;I)V,1,0
an.i$g,INNER,PBMessageALL9.java,method,s,(Lan/i$g;I)V,1,0
an.i$g,INNER,PBMessageALL9.java,method,t,(Lan/i$g;I)V,1,0
an.i$g$1,ANONYMOUS,PBMessageALL9.java,method,d,(La/h;La/n;)Ljava/lang/Object;,1,0
an.i$g$a,INNER,PBMessageALL9.java,method,<init>,(La/p$b;Lan/i$g$a;)V,1,0
an.i$g$a,INNER,PBMessageALL9.java,method,Q,()La/y;,1,0
an.i$g$a,INNER,PBMessageALL9.java,method,R,()La/x;,1,0
an.i$g$a,INNER,PBMessageALL9.java,method,a,(La/h;La/n;)La/a$a;,1,0
an.i$g$a,INNER,PBMessageALL9.java,method,a,(La/x;)La/a$a;,1,0
an.i$g$a,INNER,PBMessageALL9.java,method,aI,()Lan/i$g$a;,1,0
an.i$g$a,INNER,PBMessageALL9.java,method,ah,()La/p$a;,1,0
an.i$g$a,INNER,PBMessageALL9.java,method,ai,()La/p$a;,1,0
an.i$g$a,INNER,PBMessageALL9.java,method,aj,()La/x;,1,0
an.i$g$a,INNER,PBMessageALL9.java,method,ak,()La/x;,1,0
an.i$g$a,INNER,PBMessageALL9.java,method,al,()La/y;,1,0
an.i$g$a,INNER,PBMessageALL9.java,method,am,()La/y;,1,0
an.i$g$a,INNER,PBMessageALL9.java,method,c,(La/h;La/n;)La/y$a;,1,0
an.i$g$a,INNER,PBMessageALL9.java,method,c,(La/x;)La/x$a;,1,0
an.i$g$a,INNER,PBMessageALL9.java,method,d,(La/h;La/n;)La/x$a;,1,0
an.i$g$a,INNER,PBMessageALL9.java,method,g,()La/y$a;,1,0
an.i$g$a,INNER,PBMessageALL9.java,method,h,()La/y$a;,1,0
an.i$g$a,INNER,PBMessageALL9.java,method,i,()La/x$a;,1,0
an.i$g$a,INNER,PBMessageALL9.java,method,j,()La/x$a;,1,0
ao.a,TOP_LEVEL,AccountTable.java,method,b,()Ljava/util/logging/Logger;,1,0
ao.a$1,ANONYMOUS,AccountTable.java,field,a,Lao/a;,1,0
ao.a$1,ANONYMOUS,AccountTable.java,field,b,Lbj/d;,1,0
ao.ac$a,INNER,HtmlCraftTable.java,field,j,Lao/ac;,1,0
ao.ac$a,INNER,HtmlCraftTable.java,method,<init>,(Lao/ac;Lao/ac$a;)V,1,0
ao.ad$a,INNER,HtmlTable.java,field,h,Lao/ad;,1,0
ao.ad$a,INNER,HtmlTable.java,method,<init>,(Lao/ad;Lao/ad$a;)V,1,0
ao.ae$a,INNER,HtmlTeleportTable.java,field,l,Lao/ae;,1,0
ao.ae$a,INNER,HtmlTeleportTable.java,method,<init>,(Lao/ae;Lao/ae$a;)V,1,0
ao.af$a,INNER,InnTable.java,field,f,Lao/af;,1,0
ao.af$a,INNER,InnTable.java,method,<init>,(Lao/af;Lao/af$a;)V,1,0
ao.al$a,INNER,LuckyDrawTable.java,field,a,Lao/al;,1,0
ao.al$a,INNER,LuckyDrawTable.java,method,<init>,(Lao/al;Lao/al$a;)V,1,0
ao.al$a,INNER,LuckyDrawTable.java,method,a,(Lao/al$a;)I,1,0
ao.al$a,INNER,LuckyDrawTable.java,method,a,(Lao/al$a;I)V,1,0
ao.al$a,INNER,LuckyDrawTable.java,method,b,(Lao/al$a;)Ljava/util/HashMap;,1,0
ao.al$b,INNER,LuckyDrawTable.java,field,g,Lao/al;,1,0
ao.am$a,INNER,MagicDollTable.java,field,N,Lao/am;,1,0
ao.ap$a,INNER,MobGroupTable.java,field,a,Lao/ap;,1,0
ao.ap$a,INNER,MobGroupTable.java,method,<init>,(Lao/ap;IILao/ap$a;)V,1,0
ao.ap$a,INNER,MobGroupTable.java,method,a,(Lao/ap$a;)Z,1,0
ao.ap$a,INNER,MobGroupTable.java,method,b,(Lao/ap$a;)I,1,0
ao.ap$a,INNER,MobGroupTable.java,method,c,(Lao/ap$a;)I,1,0
ao.ap$b,INNER,MobGroupTable.java,field,a,Lao/ap;,1,0
ao.ap$b,INNER,MobGroupTable.java,method,<init>,(Lao/ap;Lao/ap$b;)V,1,0
ao.ap$b,INNER,MobGroupTable.java,method,a,(Lao/ap$b;)Ljava/util/ArrayList;,1,0
ao.ap$b,INNER,MobGroupTable.java,method,a,(Lao/ap$b;Z)V,1,0
ao.ap$b,INNER,MobGroupTable.java,method,b,(Lao/ap$b;)Z,1,0
ao.aq$a,INNER,MobQuestWeekTable.java,field,c,Lao/aq;,1,0
ao.ar$a,INNER,MobSkillsTable.java,field,a,Lao/ar;,1,0
ao.ar$a,INNER,MobSkillsTable.java,method,<init>,(Lao/ar;Lao/ar$a;)V,1,0
ao.ar$a,INNER,MobSkillsTable.java,method,a,(Lao/ar$a;)Ljava/util/ArrayList;,1,0
ao.ar$b,INNER,MobSkillsTable.java,field,u,Lao/ar;,1,0
ao.ba$1,ANONYMOUS,RankingTable.java,field,a,Lao/ba;,1,0
ao.ba$1,ANONYMOUS,RankingTable.java,method,compare,(Ljava/lang/Object;Ljava/lang/Object;)I,1,0
ao.ba$a,INNER,RankingTable.java,field,g,Lao/ba;,1,0
ao.ba$a,INNER,RankingTable.java,method,clone,()Ljava/lang/Object;,1,0
ao.bb$a,INNER,ResolventTable.java,field,a,Lao/bb;,1,0
ao.bb$a,INNER,ResolventTable.java,method,<init>,(Lao/bb;Lao/bb$a;)V,1,0
ao.bb$a,INNER,ResolventTable.java,method,a,(Lao/bb$a;)[I,1,0
ao.bc$1,ANONYMOUS,ShopTable.java,field,a,Lao/bc;,1,0
ao.bc$1,ANONYMOUS,ShopTable.java,method,compare,(Ljava/lang/Object;Ljava/lang/Object;)I,1,0
ao.bd$a,INNER,ShopWorldTable.java,field,a,Lao/bd;,1,0
ao.bd$a,INNER,ShopWorldTable.java,method,<init>,(Lao/bd;Lao/bd$a;)V,1,0
ao.bd$a,INNER,ShopWorldTable.java,method,a,(Lao/bd$a;)Ljava/util/concurrent/ConcurrentHashMap;,1,0
ao.bd$b,INNER,ShopWorldTable.java,field,g,Lao/bd;,1,0
ao.bd$b,INNER,ShopWorldTable.java,method,<init>,(Lao/bd;Lap/q;Lao/bd$b;)V,1,0
ao.bf$1,ANONYMOUS,SoulTowerTable.java,field,a,Lao/bf;,1,0
ao.bf$1,ANONYMOUS,SoulTowerTable.java,method,compare,(Ljava/lang/Object;Ljava/lang/Object;)I,1,0
ao.bf$a,INNER,SoulTowerTable.java,field,e,Lao/bf;,1,0
ao.bg,TOP_LEVEL,SpawnTable.java,method,a,(IIIIIIJLjava/lang/String;ZI)Lap/t;,1,0
ao.bg$a,INNER,SpawnTable.java,method,<init>,(IIIIIJLjava/lang/String;Lao/bg$a;)V,1,0
ao.bg$a,INNER,SpawnTable.java,method,a,(Lao/bg$a;)V,1,0
ao.bi$a,INNER,TrapSpawnTable.java,field,a,Lao/bi;,1,0
ao.bj,TOP_LEVEL,TrapTable.java,method,c,()Ljava/util/logging/Logger;,1,0
ao.bj$a,INNER,TrapTable.java,field,a,Lao/bj;,1,0
ao.bk$a,INNER,TreasureBoxTable.java,field,h,Lao/bk;,1,0
ao.bk$a,INNER,TreasureBoxTable.java,method,<init>,(Lao/bk;Lao/bk$a;)V,1,0
ao.bk$b,INNER,TreasureBoxTable.java,field,d,Lao/bk;,1,0
ao.bk$b,INNER,TreasureBoxTable.java,method,a,(Lao/bk$b;)V,1,0
ao.bk$b,INNER,TreasureBoxTable.java,method,a,(Lao/bk$b;Lap/u;)Z,1,0
ao.bk$b$1,ANONYMOUS,TreasureBoxTable.java,field,a,Lao/bk$b;,1,0
ao.bk$b$1,ANONYMOUS,TreasureBoxTable.java,method,compare,(Ljava/lang/Object;Ljava/lang/Object;)I,1,0
ao.bl$a,INNER,WeaponSkillTable.java,field,a,Lao/bl;,1,0
ao.bl$a,INNER,WeaponSkillTable.java,method,<init>,(Lao/bl;Lao/bl$a;)V,1,0
ao.bl$a,INNER,WeaponSkillTable.java,method,a,(Lao/bl$a;)Ljava/lang/String;,1,0
ao.bl$a,INNER,WeaponSkillTable.java,method,a,(Lao/bl$a;D)V,1,0
ao.bl$a,INNER,WeaponSkillTable.java,method,a,(Lao/bl$a;I)V,1,0
ao.bl$a,INNER,WeaponSkillTable.java,method,a,(Lao/bl$a;Ljava/lang/String;)V,1,0
ao.bl$a,INNER,WeaponSkillTable.java,method,a,(Lao/bl$a;Z)V,1,0
ao.bl$a,INNER,WeaponSkillTable.java,method,b,(Lao/bl$a;)I,1,0
ao.bl$a,INNER,WeaponSkillTable.java,method,b,(Lao/bl$a;I)V,1,0
ao.bl$a,INNER,WeaponSkillTable.java,method,b,(Lao/bl$a;Z)V,1,0
ao.bl$a,INNER,WeaponSkillTable.java,method,c,(Lao/bl$a;)I,1,0
ao.bl$a,INNER,WeaponSkillTable.java,method,c,(Lao/bl$a;I)V,1,0
ao.bl$a,INNER,WeaponSkillTable.java,method,c,(Lao/bl$a;Z)V,1,0
ao.bl$a,INNER,WeaponSkillTable.java,method,d,(Lao/bl$a;)I,1,0
ao.bl$a,INNER,WeaponSkillTable.java,method,d,(Lao/bl$a;I)V,1,0
ao.bl$a,INNER,WeaponSkillTable.java,method,d,(Lao/bl$a;Z)V,1,0
ao.bl$a,INNER,WeaponSkillTable.java,method,e,(Lao/bl$a;)Z,1,0
ao.bl$a,INNER,WeaponSkillTable.java,method,e,(Lao/bl$a;I)V,1,0
ao.bl$a,INNER,WeaponSkillTable.java,method,e,(Lao/bl$a;Z)V,1,0
ao.bl$a,INNER,WeaponSkillTable.java,method,f,(Lao/bl$a;)I,1,0
ao.bl$a,INNER,WeaponSkillTable.java,method,f,(Lao/bl$a;I)V,1,0
ao.bl$a,INNER,WeaponSkillTable.java,method,f,(Lao/bl$a;Z)V,1,0
ao.bl$a,INNER,WeaponSkillTable.java,method,g,(Lao/bl$a;)Z,1,0
ao.bl$a,INNER,WeaponSkillTable.java,method,g,(Lao/bl$a;I)V,1,0
ao.bl$a,INNER,WeaponSkillTable.java,method,g,(Lao/bl$a;Z)V,1,0
ao.bl$a,INNER,WeaponSkillTable.java,method,h,(Lao/bl$a;)Z,1,0
ao.bl$a,INNER,WeaponSkillTable.java,method,h,(Lao/bl$a;I)V,1,0
ao.bl$a,INNER,WeaponSkillTable.java,method,h,(Lao/bl$a;Z)V,1,0
ao.bl$a,INNER,WeaponSkillTable.java,method,i,(Lao/bl$a;)Z,1,0
ao.bl$a,INNER,WeaponSkillTable.java,method,i,(Lao/bl$a;I)V,1,0
ao.bl$a,INNER,WeaponSkillTable.java,method,j,(Lao/bl$a;)Z,1,0
ao.bl$a,INNER,WeaponSkillTable.java,method,j,(Lao/bl$a;I)V,1,0
ao.bl$a,INNER,WeaponSkillTable.java,method,k,(Lao/bl$a;)Z,1,0
ao.bl$a,INNER,WeaponSkillTable.java,method,k,(Lao/bl$a;I)V,1,0
ao.bl$a,INNER,WeaponSkillTable.java,method,l,(Lao/bl$a;)Z,1,0
ao.bl$a,INNER,WeaponSkillTable.java,method,l,(Lao/bl$a;I)V,1,0
ao.bl$a,INNER,WeaponSkillTable.java,method,m,(Lao/bl$a;)I,1,0
ao.bl$a,INNER,WeaponSkillTable.java,method,n,(Lao/bl$a;)I,1,0
ao.bl$a,INNER,WeaponSkillTable.java,method,o,(Lao/bl$a;)I,1,0
ao.bl$a,INNER,WeaponSkillTable.java,method,p,(Lao/bl$a;)Z,1,0
ao.bl$a,INNER,WeaponSkillTable.java,method,q,(Lao/bl$a;)I,1,0
ao.bl$a,INNER,WeaponSkillTable.java,method,r,(Lao/bl$a;)I,1,0
ao.bl$a,INNER,WeaponSkillTable.java,method,s,(Lao/bl$a;)I,1,0
ao.bl$a,INNER,WeaponSkillTable.java,method,t,(Lao/bl$a;)D,1,0
ao.bl$a,INNER,WeaponSkillTable.java,method,u,(Lao/bl$a;)I,1,0
ao.bl$a,INNER,WeaponSkillTable.java,method,v,(Lao/bl$a;)I,1,0
ao.c$a,INNER,ArmorSetTable.java,field,a,Lao/c;,1,0
ao.d$a,INNER,BeginnerTable.java,field,h,Lao/d;,1,0
ao.d$a,INNER,BeginnerTable.java,method,<init>,(Lao/d;Lao/d$a;)V,1,0
ao.k$a,INNER,CharacterGiftTable.java,field,c,Lao/k;,1,0
ao.k$a,INNER,CharacterGiftTable.java,method,<init>,(Lao/k;ILao/k$a;)V,1,0
ao.k$b,INNER,CharacterGiftTable.java,field,f,Lao/k;,1,0
ao.k$b,INNER,CharacterGiftTable.java,method,<init>,(Lao/k;Lao/k$b;)V,1,0
ao.o$a,INNER,CharacterTable.java,field,c,Lao/o;,1,0
ao.u$a,INNER,DropMapTable.java,field,a,Lao/u;,1,0
ao.u$a,INNER,DropMapTable.java,method,<init>,(Lao/u;Lao/u$a;)V,1,0
ao.u$a,INNER,DropMapTable.java,method,a,(Lao/u$a;)I,1,0
ao.u$a,INNER,DropMapTable.java,method,a,(Lao/u$a;I)V,1,0
ao.u$a,INNER,DropMapTable.java,method,b,(Lao/u$a;)I,1,0
ao.u$a,INNER,DropMapTable.java,method,b,(Lao/u$a;I)V,1,0
ao.u$a,INNER,DropMapTable.java,method,c,(Lao/u$a;)I,1,0
ao.u$a,INNER,DropMapTable.java,method,c,(Lao/u$a;I)V,1,0
ao.u$a,INNER,DropMapTable.java,method,d,(Lao/u$a;)I,1,0
ao.u$a,INNER,DropMapTable.java,method,d,(Lao/u$a;I)V,1,0
ao.u$a,INNER,DropMapTable.java,method,e,(Lao/u$a;)I,1,0
ao.u$a,INNER,DropMapTable.java,method,e,(Lao/u$a;I)V,1,0
ao.u$a,INNER,DropMapTable.java,method,f,(Lao/u$a;)I,1,0
ao.u$a,INNER,DropMapTable.java,method,f,(Lao/u$a;I)V,1,0
ao.u$b,INNER,DropMapTable.java,field,a,Lao/u;,1,0
ao.u$b,INNER,DropMapTable.java,method,<init>,(Lao/u;Lao/u$b;)V,1,0
ao.u$b,INNER,DropMapTable.java,method,a,(Lao/u$b;)Ljava/util/HashMap;,1,0
ao.z$a,INNER,GetBackRestartTable.java,field,a,Lao/z;,1,0
ao.z$a,INNER,GetBackRestartTable.java,method,<init>,(Lao/z;Lao/z$a;)V,1,0
ap.aa,TOP_LEVEL,L1TowerInstance.java,method,a,(Lap/aa;)Laq/f;,1,0
ap.aa,TOP_LEVEL,L1TowerInstance.java,method,b,(Lap/aa;)I,1,0
ap.aa$a,INNER,L1TowerInstance.java,field,a,Lap/aa;,1,0
ap.aa$a,INNER,L1TowerInstance.java,method,<init>,(Lap/aa;Lap/aa$a;)V,1,0
ap.e,TOP_LEVEL,L1DollInstance.java,method,a,(Lap/e;)Lap/q;,1,0
ap.e,TOP_LEVEL,L1DollInstance.java,method,h,()Ljava/util/logging/Logger;,1,0
ap.e$a,INNER,L1DollInstance.java,field,a,Lap/e;,1,0
ap.e$a,INNER,L1DollInstance.java,method,<init>,(Lap/e;Lap/e$a;)V,1,0
ap.e$b,INNER,L1DollInstance.java,field,a,Lap/e;,1,0
ap.e$b,INNER,L1DollInstance.java,method,<init>,(Lap/e;Lap/e$b;)V,1,0
ap.h,TOP_LEVEL,L1EffectInstance.java,method,a,(Lap/h;Laq/f;Laq/f;)V,1,0
ap.h,TOP_LEVEL,L1EffectInstance.java,method,b,(Lap/h;Laq/f;Laq/f;)V,1,0
ap.h$a,INNER,L1EffectInstance.java,field,a,Lap/h;,1,0
ap.h$a,INNER,L1EffectInstance.java,method,<init>,(Lap/h;Lap/h;Lap/h$a;)V,1,0
ap.h$b,INNER,L1EffectInstance.java,field,a,Lap/h;,1,0
ap.h$b,INNER,L1EffectInstance.java,method,<init>,(Lap/h;Lap/h;Lap/h$b;)V,1,0
ap.h$c,INNER,L1EffectInstance.java,field,a,Lap/h;,1,0
ap.h$c,INNER,L1EffectInstance.java,method,<init>,(Lap/h;Lap/h;Lap/h$c;)V,1,0
ap.i,TOP_LEVEL,L1FieldObjectInstance.java,method,a,(Lap/i;Lap/i$a;)V,1,0
ap.i,TOP_LEVEL,L1FieldObjectInstance.java,method,g,()Ljava/util/logging/Logger;,1,0
ap.i$a,INNER,L1FieldObjectInstance.java,field,a,Lap/i;,1,0
ap.i$a,INNER,L1FieldObjectInstance.java,method,<init>,(Lap/i;Lap/i;Lap/i$a;)V,1,0
ap.i$a,INNER,L1FieldObjectInstance.java,method,a,(Lap/i$a;)V,1,0
ap.j,TOP_LEVEL,L1FishInstance.java,method,a,(Lap/j;)Ljava/util/concurrent/ScheduledFuture;,1,0
ap.j$a,INNER,L1FishInstance.java,field,a,Lap/j;,1,0
ap.j$a,INNER,L1FishInstance.java,method,<init>,(Lap/j;Lap/j$a;)V,1,0
ap.m,TOP_LEVEL,L1GfxInstance.java,method,a,(Lap/m;)Z,1,0
ap.m,TOP_LEVEL,L1GfxInstance.java,method,b,(Lap/m;)V,1,0
ap.m,TOP_LEVEL,L1GfxInstance.java,method,g,()Ljava/util/logging/Logger;,1,0
ap.m$a,INNER,L1GfxInstance.java,field,a,Lap/m;,1,0
ap.m$a,INNER,L1GfxInstance.java,method,<init>,(Lap/m;Lap/m$a;)V,1,0
ap.n$a,INNER,L1GuardInstance.java,field,a,Lap/n;,1,0
ap.n$a,INNER,L1GuardInstance.java,method,<init>,(Lap/n;Lap/n$a;)V,1,0
ap.o,TOP_LEVEL,L1GuardianInstance.java,method,a,(Lap/o;)Laq/f;,1,0
ap.o,TOP_LEVEL,L1GuardianInstance.java,method,a,(Lap/o;Z)V,1,0
ap.o,TOP_LEVEL,L1GuardianInstance.java,method,b,(Lap/o;)Lap/o;,1,0
ap.o,TOP_LEVEL,L1GuardianInstance.java,method,g,()Ljava/util/logging/Logger;,1,0
ap.o$a,INNER,L1GuardianInstance.java,field,a,Lap/o;,1,0
ap.o$a,INNER,L1GuardianInstance.java,method,<init>,(Lap/o;Lap/o$a;)V,1,0
ap.o$b,INNER,L1GuardianInstance.java,field,b,Lap/o;,1,0
ap.o$b,INNER,L1GuardianInstance.java,method,<init>,(Lap/o;Lap/o$b;)V,1,0
ap.q,TOP_LEVEL,L1ItemInstance.java,method,a,(Lap/q;)Lap/u;,1,0
ap.q,TOP_LEVEL,L1ItemInstance.java,method,a,(Lap/q;I)V,1,0
ap.q,TOP_LEVEL,L1ItemInstance.java,method,a,(Lap/q;Lap/u;)V,1,0
ap.q,TOP_LEVEL,L1ItemInstance.java,method,b,(Lap/q;)Ljava/util/concurrent/ScheduledFuture;,1,0
ap.q,TOP_LEVEL,L1ItemInstance.java,method,bG,()Ljava/util/logging/Logger;,1,0
ap.q$a,INNER,L1ItemInstance.java,field,a,Lap/q;,1,0
ap.q$a,INNER,L1ItemInstance.java,method,<init>,(Lap/q;Lap/u;Lap/q$a;)V,1,0
ap.q$b,INNER,L1ItemInstance.java,field,a,Lap/q;,1,0
ap.q$b,INNER,L1ItemInstance.java,method,<init>,(Lap/q;Lap/q$b;)V,1,0
ap.q$c,INNER,L1ItemInstance.java,field,a,Lap/q;,1,0
ap.q$c,INNER,L1ItemInstance.java,method,<init>,(Lap/q;Lap/q$c;)V,1,0
ap.s,TOP_LEVEL,L1MonsterInstance.java,method,a,(Lap/s;)Ljava/lang/Object;,1,0
ap.s,TOP_LEVEL,L1MonsterInstance.java,method,a,(Lap/s;Laq/f;)V,1,0
ap.s,TOP_LEVEL,L1MonsterInstance.java,method,a,(Lap/s;Z)V,1,0
ap.s,TOP_LEVEL,L1MonsterInstance.java,method,b,(Lap/s;)Z,1,0
ap.s,TOP_LEVEL,L1MonsterInstance.java,method,j,()Ljava/util/logging/Logger;,1,0
ap.s$a,INNER,L1MonsterInstance.java,field,a,Lap/s;,1,0
ap.t,TOP_LEVEL,L1NpcInstance.java,method,a,(Lap/t;I)V,1,0
ap.t,TOP_LEVEL,L1NpcInstance.java,method,a,(Lap/t;Z)V,1,0
ap.t,TOP_LEVEL,L1NpcInstance.java,method,at,()Ljava/util/logging/Logger;,1,0
ap.t,TOP_LEVEL,L1NpcInstance.java,method,b,(Lap/t;)I,1,0
ap.t,TOP_LEVEL,L1NpcInstance.java,method,b,(Lap/t;I)V,1,0
ap.t,TOP_LEVEL,L1NpcInstance.java,method,b,(Lap/t;Z)V,1,0
ap.t,TOP_LEVEL,L1NpcInstance.java,method,c,(Lap/t;)Z,1,0
ap.t,TOP_LEVEL,L1NpcInstance.java,method,d,(Lap/t;)Ljava/util/concurrent/ConcurrentHashMap;,1,0
ap.t$a,INNER,L1NpcInstance.java,field,a,Lap/t;,1,0
ap.t$a,INNER,L1NpcInstance.java,method,<init>,(Lap/t;Lap/t$a;)V,1,0
ap.t$b,INNER,L1NpcInstance.java,field,a,Lap/t;,1,0
ap.t$b,INNER,L1NpcInstance.java,method,<init>,(Lap/t;Lap/t$b;)V,1,0
ap.t$c,INNER,L1NpcInstance.java,field,a,Lap/t;,1,0
ap.t$c,INNER,L1NpcInstance.java,method,<init>,(Lap/t;Lap/t$c;)V,1,0
ap.t$d,INNER,L1NpcInstance.java,field,a,Lap/t;,1,0
ap.t$e,INNER,L1NpcInstance.java,field,a,Lap/t;,1,0
ap.t$e,INNER,L1NpcInstance.java,method,<init>,(Lap/t;ILap/t$e;)V,1,0
ap.t$f,INNER,L1NpcInstance.java,field,a,Lap/t;,1,0
ap.t$f,INNER,L1NpcInstance.java,method,<init>,(Lap/t;Lap/t$f;)V,1,0
ap.t$g,INNER,L1NpcInstance.java,field,a,Lap/t;,1,0
ap.t$g,INNER,L1NpcInstance.java,method,<init>,(Lap/t;Lap/t$g;)V,1,0
ap.u,TOP_LEVEL,L1PcInstance.java,method,a,(Lap/u;Laq/f;)Z,1,0
ap.u,TOP_LEVEL,L1PcInstance.java,method,a,(Lap/u;Ljava/util/concurrent/ScheduledFuture;)V,1,0
ap.u,TOP_LEVEL,L1PcInstance.java,method,b,(Lap/u;I)V,1,0
ap.u,TOP_LEVEL,L1PcInstance.java,method,d,(Lap/u;)V,1,0
ap.u,TOP_LEVEL,L1PcInstance.java,method,dZ,()Ljava/util/logging/Logger;,1,0
ap.u,TOP_LEVEL,L1PcInstance.java,method,e,(Lap/u;)V,1,0
ap.u,TOP_LEVEL,L1PcInstance.java,method,f,(Lap/u;)V,1,0
ap.u,TOP_LEVEL,L1PcInstance.java,method,g,(Lap/u;)Ljava/util/concurrent/ScheduledFuture;,1,0
ap.u,TOP_LEVEL,L1PcInstance.java,method,y,()Lau/f;,1,0
ap.u$a,INNER,L1PcInstance.java,field,a,Lap/u;,1,0
ap.u$a,INNER,L1PcInstance.java,method,<init>,(Lap/u;Lap/u$a;)V,1,0
ap.u$b,INNER,L1PcInstance.java,field,a,Lap/u;,1,0
ap.u$c,INNER,L1PcInstance.java,field,a,Lap/u;,1,0
ap.u$c,INNER,L1PcInstance.java,method,<init>,(Lap/u;Lap/u$c;)V,1,0
ap.v,TOP_LEVEL,L1PetInstance.java,method,a,(Lap/v;)Ljava/util/concurrent/ScheduledFuture;,1,0
ap.v$a,INNER,L1PetInstance.java,field,a,Lap/v;,1,0
ap.v$a,INNER,L1PetInstance.java,method,<init>,(Lap/v;Lap/v$a;)V,1,0
ap.z,TOP_LEVEL,L1SummonInstance.java,method,a,(Lap/z;)Z,1,0
ap.z,TOP_LEVEL,L1SummonInstance.java,method,b,(Lap/z;)V,1,0
ap.z,TOP_LEVEL,L1SummonInstance.java,method,c,(Lap/z;)V,1,0
ap.z$a,INNER,L1SummonInstance.java,field,a,Lap/z;,1,0
ap.z$a,INNER,L1SummonInstance.java,method,<init>,(Lap/z;Lap/z$a;)V,1,0
aq.ab,TOP_LEVEL,L1Paralysis.java,method,a,(Laq/ab;)Laq/f;,1,0
aq.ab,TOP_LEVEL,L1Paralysis.java,method,a,(Laq/ab;Ljava/util/concurrent/ScheduledFuture;)V,1,0
aq.ab,TOP_LEVEL,L1Paralysis.java,method,b,(Laq/ab;)I,1,0
aq.ab$a,INNER,L1Paralysis.java,field,a,Laq/ab;,1,0
aq.ab$a,INNER,L1Paralysis.java,method,<init>,(Laq/ab;Laq/ab$a;)V,1,0
aq.ab$b,INNER,L1Paralysis.java,field,a,Laq/ab;,1,0
aq.ab$b,INNER,L1Paralysis.java,method,<init>,(Laq/ab;Laq/ab$b;)V,1,0
aq.ac,TOP_LEVEL,L1Party.java,method,a,(Laq/ac;)Ljava/util/concurrent/CopyOnWriteArrayList;,1,0
aq.ac,TOP_LEVEL,L1Party.java,method,d,()Ljava/util/logging/Logger;,1,0
aq.ac$a,INNER,L1Party.java,field,a,Laq/ac;,1,0
aq.ac$a,INNER,L1Party.java,method,<init>,(Laq/ac;Laq/ac$a;)V,1,0
aq.ad,TOP_LEVEL,L1PinkName.java,method,a,()Ljava/util/logging/Logger;,1,0
aq.ad$a,INNER,L1PinkName.java,method,<init>,(Lap/u;Laq/ad$a;)V,1,0
aq.ag$a,INNER,L1Spawn.java,field,a,Laq/ag;,1,0
aq.ag$a,INNER,L1Spawn.java,method,<init>,(Laq/ag;IILaq/ag$a;)V,1,0
aq.ah$a,INNER,L1SpawnBoss.java,field,a,Laq/ah;,1,0
aq.ah$a,INNER,L1SpawnBoss.java,method,<init>,(Laq/ah;IILaq/ah$a;)V,1,0
aq.ak,TOP_LEVEL,L1SpeedChecker.java,field,l,[I,1,0
aq.ak,TOP_LEVEL,L1SpeedChecker.java,method,a,()[I,1,0
aq.ak$a,INNER,L1SpeedChecker.java,field,e,[Laq/ak$a;,1,0
aq.ap,TOP_LEVEL,L1War.java,method,a,(Laq/ap;)Z,1,0
aq.ap,TOP_LEVEL,L1War.java,method,b,(Laq/ap;)Ljava/util/Calendar;,1,0
aq.ap,TOP_LEVEL,L1War.java,method,c,(Laq/ap;)V,1,0
aq.ap,TOP_LEVEL,L1War.java,method,d,(Laq/ap;)Ljava/util/concurrent/ConcurrentHashMap;,1,0
aq.ap,TOP_LEVEL,L1War.java,method,e,()Ljava/util/logging/Logger;,1,0
aq.ap,TOP_LEVEL,L1War.java,method,e,(Laq/ap;)Laq/i;,1,0
aq.ap$a,INNER,L1War.java,field,a,Laq/ap;,1,0
aq.ap$a,INNER,L1War.java,method,<init>,(Laq/ap;Laq/ap$a;)V,1,0
aq.ap$b,INNER,L1War.java,field,a,Laq/ap;,1,0
aq.ap$b,INNER,L1War.java,method,<init>,(Laq/ap;Laq/ap$b;)V,1,0
aq.e$a,INNER,L1CastleLocation.java,method,<init>,(Laq/e$a;)V,1,0
aq.l$a,INNER,L1Dungeon.java,field,a,Laq/l;,1,0
aq.l$a,INNER,L1Dungeon.java,method,<init>,(Laq/l;IISILaq/l$b;Laq/l$a;)V,1,0
aq.l$a,INNER,L1Dungeon.java,method,a,(Laq/l$a;)I,1,0
aq.l$a,INNER,L1Dungeon.java,method,b,(Laq/l$a;)I,1,0
aq.l$a,INNER,L1Dungeon.java,method,c,(Laq/l$a;)I,1,0
aq.l$a,INNER,L1Dungeon.java,method,d,(Laq/l$a;)I,1,0
aq.l$a,INNER,L1Dungeon.java,method,e,(Laq/l$a;)Laq/l$b;,1,0
aq.l$b,INNER,L1Dungeon.java,field,j,[Laq/l$b;,1,0
aq.p,TOP_LEVEL,L1GuardianSoul.java,method,a,(Laq/p;I)V,1,0
aq.p,TOP_LEVEL,L1GuardianSoul.java,method,b,()Ljava/util/logging/Logger;,1,0
aq.p$a,INNER,L1GuardianSoul.java,field,a,Laq/p;,1,0
aq.q$a,INNER,L1HateList.java,field,c,Laq/q;,1,0
as.a,TOP_LEVEL,L1BugBearRace.java,method,a,(Las/a;)I,1,0
as.a,TOP_LEVEL,L1BugBearRace.java,method,a,(Las/a;I)V,1,0
as.a,TOP_LEVEL,L1BugBearRace.java,method,a,(Las/a;Las/a$a;)V,1,0
as.a,TOP_LEVEL,L1BugBearRace.java,method,a,(Las/a;Ljava/lang/String;)V,1,0
as.a,TOP_LEVEL,L1BugBearRace.java,method,a,(Las/a;Ljava/util/concurrent/ScheduledExecutorService;)V,1,0
as.a,TOP_LEVEL,L1BugBearRace.java,method,b,(Las/a;)V,1,0
as.a,TOP_LEVEL,L1BugBearRace.java,method,b,(Las/a;I)V,1,0
as.a,TOP_LEVEL,L1BugBearRace.java,method,c,(Las/a;)Ljava/util/HashMap;,1,0
as.a,TOP_LEVEL,L1BugBearRace.java,method,c,(Las/a;I)[[I,1,0
as.a,TOP_LEVEL,L1BugBearRace.java,method,d,()Ljava/util/logging/Logger;,1,0
as.a,TOP_LEVEL,L1BugBearRace.java,method,d,(Las/a;)Ljava/util/concurrent/ScheduledExecutorService;,1,0
as.a,TOP_LEVEL,L1BugBearRace.java,method,d,(Las/a;I)V,1,0
as.a,TOP_LEVEL,L1BugBearRace.java,method,e,(Las/a;)Ljava/util/HashMap;,1,0
as.a,TOP_LEVEL,L1BugBearRace.java,method,e,(Las/a;I)V,1,0
as.a,TOP_LEVEL,L1BugBearRace.java,method,f,(Las/a;)I,1,0
as.a,TOP_LEVEL,L1BugBearRace.java,method,g,(Las/a;)I,1,0
as.a,TOP_LEVEL,L1BugBearRace.java,method,h,(Las/a;)V,1,0
as.a$a,INNER,L1BugBearRace.java,field,a,Las/a;,1,0
as.a$a,INNER,L1BugBearRace.java,method,<init>,(Las/a;Las/a$a;)V,1,0
as.a$a,INNER,L1BugBearRace.java,method,a,(Las/a$a;)I,1,0
as.a$a,INNER,L1BugBearRace.java,method,a,(Las/a$a;D)V,1,0
as.a$a,INNER,L1BugBearRace.java,method,a,(Las/a$a;I)V,1,0
as.a$a,INNER,L1BugBearRace.java,method,b,(Las/a$a;)D,1,0
as.a$a,INNER,L1BugBearRace.java,method,b,(Las/a$a;I)V,1,0
as.a$a,INNER,L1BugBearRace.java,method,c,(Las/a$a;)I,1,0
as.a$a,INNER,L1BugBearRace.java,method,c,(Las/a$a;I)V,1,0
as.a$a,INNER,L1BugBearRace.java,method,d,(Las/a$a;)I,1,0
as.a$a,INNER,L1BugBearRace.java,method,d,(Las/a$a;I)V,1,0
as.a$a,INNER,L1BugBearRace.java,method,e,(Las/a$a;)I,1,0
as.a$a,INNER,L1BugBearRace.java,method,e,(Las/a$a;I)V,1,0
as.a$a,INNER,L1BugBearRace.java,method,f,(Las/a$a;)I,1,0
as.a$b,INNER,L1BugBearRace.java,field,a,Las/a;,1,0
as.a$b,INNER,L1BugBearRace.java,method,<init>,(Las/a;Las/a$b;)V,1,0
as.a$b,INNER,L1BugBearRace.java,method,a,(Las/a$b;)I,1,0
as.a$b,INNER,L1BugBearRace.java,method,a,(Las/a$b;I)V,1,0
as.a$b,INNER,L1BugBearRace.java,method,b,(Las/a$b;)I,1,0
as.a$b,INNER,L1BugBearRace.java,method,b,(Las/a$b;I)V,1,0
as.a$c,INNER,L1BugBearRace.java,field,a,Las/a;,1,0
as.a$c,INNER,L1BugBearRace.java,method,<init>,(Las/a;Las/a$c;)V,1,0
as.a$c,INNER,L1BugBearRace.java,method,a,(Las/a$c;)V,1,0
as.a$d,INNER,L1BugBearRace.java,field,c,Las/a;,1,0
as.a$d,INNER,L1BugBearRace.java,method,<init>,(Las/a;Lap/t;[[ILas/a$d;)V,1,0
as.b,TOP_LEVEL,L1CastleWar.java,method,a,(Las/b;Lbh/d;)V,1,0
as.b,TOP_LEVEL,L1CastleWar.java,method,b,()Ljava/util/logging/Logger;,1,0
as.b$a,INNER,L1CastleWar.java,field,a,Las/b;,1,0
as.b$a,INNER,L1CastleWar.java,method,<init>,(Las/b;Las/b$a;)V,1,0
as.c,TOP_LEVEL,L1CentralTemple.java,method,b,()[Z,1,0
as.c$a,INNER,L1CentralTemple.java,field,a,Las/c;,1,0
as.c$a,INNER,L1CentralTemple.java,method,<init>,(Las/c;ILap/u;Las/c$a;)V,1,0
as.d$a,INNER,L1Dragon.java,field,a,Las/d;,1,0
as.d$a,INNER,L1Dragon.java,method,<init>,(Las/d;Lap/t;Las/d$a;)V,1,0
as.e,TOP_LEVEL,L1HardinBattle.java,method,a,(Las/e;)Ljava/util/concurrent/ScheduledExecutorService;,1,0
as.e,TOP_LEVEL,L1HardinBattle.java,method,a,(Las/e;I)V,1,0
as.e,TOP_LEVEL,L1HardinBattle.java,method,a,(Las/e;II)I,1,0
as.e,TOP_LEVEL,L1HardinBattle.java,method,a,(Las/e;I[[I)V,1,0
as.e,TOP_LEVEL,L1HardinBattle.java,method,a,(Las/e;Lap/t;)V,1,0
as.e,TOP_LEVEL,L1HardinBattle.java,method,a,(Las/e;Lap/t;Ljava/lang/String;I)V,1,0
as.e,TOP_LEVEL,L1HardinBattle.java,method,a,(Las/e;Laq/u;II)Ljava/util/ArrayList;,1,0
as.e,TOP_LEVEL,L1HardinBattle.java,method,a,(Las/e;Laq/u;[I)Ljava/util/ArrayList;,1,0
as.e,TOP_LEVEL,L1HardinBattle.java,method,a,(Las/e;Ljava/lang/String;I)V,1,0
as.e,TOP_LEVEL,L1HardinBattle.java,method,a,(Las/e;Ljava/util/ArrayList;I)I,1,0
as.e,TOP_LEVEL,L1HardinBattle.java,method,a,(Las/e;Ljava/util/ArrayList;II)V,1,0
as.e,TOP_LEVEL,L1HardinBattle.java,method,a,(Las/e;Z)V,1,0
as.e,TOP_LEVEL,L1HardinBattle.java,method,a,(Las/e;[[I)V,1,0
as.e,TOP_LEVEL,L1HardinBattle.java,method,b,(Las/e;)I,1,0
as.e,TOP_LEVEL,L1HardinBattle.java,method,b,(Las/e;I)V,1,0
as.e,TOP_LEVEL,L1HardinBattle.java,method,b,(Las/e;Lap/t;)V,1,0
as.e,TOP_LEVEL,L1HardinBattle.java,method,b,(Las/e;Ljava/lang/String;I)V,1,0
as.e,TOP_LEVEL,L1HardinBattle.java,method,c,(Las/e;)Lap/u;,1,0
as.e,TOP_LEVEL,L1HardinBattle.java,method,c,(Las/e;I)V,1,0
as.e,TOP_LEVEL,L1HardinBattle.java,method,d,(Las/e;)I,1,0
as.e,TOP_LEVEL,L1HardinBattle.java,method,e,(Las/e;)Lap/t;,1,0
as.e,TOP_LEVEL,L1HardinBattle.java,method,f,(Las/e;)V,1,0
as.e,TOP_LEVEL,L1HardinBattle.java,method,g,(Las/e;)I,1,0
as.e,TOP_LEVEL,L1HardinBattle.java,method,h,(Las/e;)[[I,1,0
as.e,TOP_LEVEL,L1HardinBattle.java,method,i,(Las/e;)Lap/t;,1,0
as.e,TOP_LEVEL,L1HardinBattle.java,method,j,(Las/e;)[[I,1,0
as.e,TOP_LEVEL,L1HardinBattle.java,method,k,(Las/e;)[[I,1,0
as.e,TOP_LEVEL,L1HardinBattle.java,method,l,(Las/e;)Ljava/util/concurrent/CopyOnWriteArrayList;,1,0
as.e,TOP_LEVEL,L1HardinBattle.java,method,m,(Las/e;)Ljava/util/ArrayList;,1,0
as.e,TOP_LEVEL,L1HardinBattle.java,method,n,(Las/e;)V,1,0
as.e,TOP_LEVEL,L1HardinBattle.java,method,o,(Las/e;)[I,1,0
as.e,TOP_LEVEL,L1HardinBattle.java,method,p,(Las/e;)Laq/u;,1,0
as.e,TOP_LEVEL,L1HardinBattle.java,method,q,(Las/e;)I,1,0
as.e,TOP_LEVEL,L1HardinBattle.java,method,r,(Las/e;)[I,1,0
as.e,TOP_LEVEL,L1HardinBattle.java,method,s,(Las/e;)Lap/t;,1,0
as.e,TOP_LEVEL,L1HardinBattle.java,method,t,(Las/e;)Z,1,0
as.e,TOP_LEVEL,L1HardinBattle.java,method,u,(Las/e;)Ljava/util/ArrayList;,1,0
as.e,TOP_LEVEL,L1HardinBattle.java,method,v,(Las/e;)Lbh/f;,1,0
as.e,TOP_LEVEL,L1HardinBattle.java,method,w,(Las/e;)[[I,1,0
as.e,TOP_LEVEL,L1HardinBattle.java,method,x,(Las/e;)I,1,0
as.e,TOP_LEVEL,L1HardinBattle.java,method,y,(Las/e;)[I,1,0
as.e,TOP_LEVEL,L1HardinBattle.java,method,z,(Las/e;)V,1,0
as.e$a,INNER,L1HardinBattle.java,field,c,Las/e;,1,0
as.e$a,INNER,L1HardinBattle.java,method,<init>,(Las/e;IILas/e$a;)V,1,0
as.e$a,INNER,L1HardinBattle.java,method,a,(Las/e$a;)V,1,0
as.f,TOP_LEVEL,L1IceQueen.java,method,a,(Las/f;)[Z,1,0
as.f,TOP_LEVEL,L1IceQueen.java,method,a,(Las/f;Laq/u;II)Ljava/util/ArrayList;,1,0
as.f,TOP_LEVEL,L1IceQueen.java,method,a,(Las/f;Laq/u;[I)Ljava/util/ArrayList;,1,0
as.f,TOP_LEVEL,L1IceQueen.java,method,b,()Ljava/util/logging/Logger;,1,0
as.f,TOP_LEVEL,L1IceQueen.java,method,b,(Las/f;)[Z,1,0
as.f$a,INNER,L1IceQueen.java,field,a,Las/f;,1,0
as.f$a,INNER,L1IceQueen.java,method,<init>,(Las/f;IILas/f$a;)V,1,0
as.g,TOP_LEVEL,L1OrimBattle.java,method,a,(Las/g;)Ljava/util/concurrent/ScheduledExecutorService;,1,0
as.g,TOP_LEVEL,L1OrimBattle.java,method,a,(Las/g;I)V,1,0
as.g,TOP_LEVEL,L1OrimBattle.java,method,a,(Las/g;Lap/t;)V,1,0
as.g,TOP_LEVEL,L1OrimBattle.java,method,a,(Las/g;Laq/u;I)Laq/u;,1,0
as.g,TOP_LEVEL,L1OrimBattle.java,method,a,(Las/g;Laq/u;II)Ljava/util/ArrayList;,1,0
as.g,TOP_LEVEL,L1OrimBattle.java,method,a,(Las/g;Lbe/eu;)V,1,0
as.g,TOP_LEVEL,L1OrimBattle.java,method,a,(Las/g;Ljava/lang/String;I)V,1,0
as.g,TOP_LEVEL,L1OrimBattle.java,method,b,(Las/g;)V,1,0
as.g,TOP_LEVEL,L1OrimBattle.java,method,b,(Las/g;I)V,1,0
as.g,TOP_LEVEL,L1OrimBattle.java,method,b,(Las/g;Lap/t;)V,1,0
as.g,TOP_LEVEL,L1OrimBattle.java,method,b,(Las/g;Laq/u;I)Z,1,0
as.g,TOP_LEVEL,L1OrimBattle.java,method,c,(Las/g;)V,1,0
as.g,TOP_LEVEL,L1OrimBattle.java,method,c,(Las/g;I)V,1,0
as.g,TOP_LEVEL,L1OrimBattle.java,method,c,(Las/g;Lap/t;)V,1,0
as.g,TOP_LEVEL,L1OrimBattle.java,method,d,(Las/g;)Laq/u;,1,0
as.g,TOP_LEVEL,L1OrimBattle.java,method,e,(Las/g;)Lap/t;,1,0
as.g,TOP_LEVEL,L1OrimBattle.java,method,f,(Las/g;)Lap/t;,1,0
as.g,TOP_LEVEL,L1OrimBattle.java,method,g,(Las/g;)Lap/t;,1,0
as.g,TOP_LEVEL,L1OrimBattle.java,method,h,(Las/g;)V,1,0
as.g,TOP_LEVEL,L1OrimBattle.java,method,i,(Las/g;)V,1,0
as.g,TOP_LEVEL,L1OrimBattle.java,method,j,(Las/g;)Ljava/util/concurrent/CopyOnWriteArrayList;,1,0
as.g,TOP_LEVEL,L1OrimBattle.java,method,k,(Las/g;)I,1,0
as.g$a,INNER,L1OrimBattle.java,field,c,Las/g;,1,0
as.g$a,INNER,L1OrimBattle.java,method,<init>,(Las/g;IILas/g$a;)V,1,0
as.g$a,INNER,L1OrimBattle.java,method,a,(Las/g$a;)V,1,0
as.h,TOP_LEVEL,L1SoulStone.java,method,a,(Las/h;)Ljava/util/concurrent/ConcurrentHashMap;,1,0
as.h,TOP_LEVEL,L1SoulStone.java,method,c,()Ljava/util/logging/Logger;,1,0
as.h$a,INNER,L1SoulStone.java,field,a,Las/h;,1,0
as.h$a,INNER,L1SoulStone.java,method,<init>,(Las/h;ILas/h$a;)V,1,0
as.h$a,INNER,L1SoulStone.java,method,a,(Las/h$a;)V,1,0
as.i,TOP_LEVEL,L1SoulTower.java,method,a,(Las/i;Laq/u;II)Ljava/util/ArrayList;,1,0
as.i,TOP_LEVEL,L1SoulTower.java,method,b,()[Z,1,0
as.i$a,INNER,L1SoulTower.java,field,a,Las/i;,1,0
as.i$a,INNER,L1SoulTower.java,method,<init>,(Las/i;ILap/u;Las/i$a;)V,1,0
as.j,TOP_LEVEL,L1ThebesBattle.java,method,a,(Las/j;)I,1,0
as.j,TOP_LEVEL,L1ThebesBattle.java,method,a,(Las/j;I)V,1,0
as.j,TOP_LEVEL,L1ThebesBattle.java,method,a,(Las/j;I[Ljava/lang/String;)V,1,0
as.j,TOP_LEVEL,L1ThebesBattle.java,method,a,(Las/j;J)V,1,0
as.j,TOP_LEVEL,L1ThebesBattle.java,method,a,(Las/j;Lbe/eu;)V,1,0
as.j,TOP_LEVEL,L1ThebesBattle.java,method,b,(Las/j;)V,1,0
as.j,TOP_LEVEL,L1ThebesBattle.java,method,b,(Las/j;I)V,1,0
as.j,TOP_LEVEL,L1ThebesBattle.java,method,c,(Las/j;)I,1,0
as.j,TOP_LEVEL,L1ThebesBattle.java,method,c,(Las/j;I)V,1,0
as.j,TOP_LEVEL,L1ThebesBattle.java,method,d,(Las/j;)V,1,0
as.j,TOP_LEVEL,L1ThebesBattle.java,method,d,(Las/j;I)V,1,0
as.j,TOP_LEVEL,L1ThebesBattle.java,method,e,(Las/j;)I,1,0
as.j,TOP_LEVEL,L1ThebesBattle.java,method,e,(Las/j;I)V,1,0
as.j,TOP_LEVEL,L1ThebesBattle.java,method,f,()Ljava/util/logging/Logger;,1,0
as.j,TOP_LEVEL,L1ThebesBattle.java,method,f,(Las/j;)I,1,0
as.j,TOP_LEVEL,L1ThebesBattle.java,method,f,(Las/j;I)V,1,0
as.j,TOP_LEVEL,L1ThebesBattle.java,method,g,(Las/j;)I,1,0
as.j,TOP_LEVEL,L1ThebesBattle.java,method,g,(Las/j;I)V,1,0
as.j,TOP_LEVEL,L1ThebesBattle.java,method,h,(Las/j;)I,1,0
as.j,TOP_LEVEL,L1ThebesBattle.java,method,h,(Las/j;I)V,1,0
as.j,TOP_LEVEL,L1ThebesBattle.java,method,i,(Las/j;)V,1,0
as.j,TOP_LEVEL,L1ThebesBattle.java,method,i,(Las/j;I)V,1,0
as.j,TOP_LEVEL,L1ThebesBattle.java,method,j,(Las/j;)I,1,0
as.j,TOP_LEVEL,L1ThebesBattle.java,method,j,(Las/j;I)V,1,0
as.j,TOP_LEVEL,L1ThebesBattle.java,method,k,(Las/j;)I,1,0
as.j,TOP_LEVEL,L1ThebesBattle.java,method,l,(Las/j;)I,1,0
as.j,TOP_LEVEL,L1ThebesBattle.java,method,m,(Las/j;)I,1,0
as.j$1,ANONYMOUS,L1ThebesBattle.java,field,a,Las/j;,1,0
as.j$1,ANONYMOUS,L1ThebesBattle.java,method,compare,(Ljava/lang/Object;Ljava/lang/Object;)I,1,0
as.j$2,ANONYMOUS,L1ThebesBattle.java,field,a,Las/j;,1,0
as.j$2,ANONYMOUS,L1ThebesBattle.java,method,compare,(Ljava/lang/Object;Ljava/lang/Object;)I,1,0
as.j$3,ANONYMOUS,L1ThebesBattle.java,field,a,Las/j;,1,0
as.j$3,ANONYMOUS,L1ThebesBattle.java,method,compare,(Ljava/lang/Object;Ljava/lang/Object;)I,1,0
as.j$a,INNER,L1ThebesBattle.java,field,a,Las/j;,1,0
as.j$a,INNER,L1ThebesBattle.java,method,<init>,(Las/j;Las/j$a;)V,1,0
as.j$b,INNER,L1ThebesBattle.java,field,a,Las/j;,1,0
as.j$b,INNER,L1ThebesBattle.java,method,<init>,(Las/j;Las/j$b;)V,1,0
as.j$c,INNER,L1ThebesBattle.java,field,a,Las/j;,1,0
as.j$d,INNER,L1ThebesBattle.java,field,a,Las/j;,1,0
as.j$d,INNER,L1ThebesBattle.java,method,<init>,(Las/j;Las/j$d;)V,1,0
as.j$e,INNER,L1ThebesBattle.java,field,a,Las/j;,1,0
as.j$e,INNER,L1ThebesBattle.java,method,<init>,(Las/j;Las/j$e;)V,1,0
as.j$f,INNER,L1ThebesBattle.java,field,a,Las/j;,1,0
as.j$f,INNER,L1ThebesBattle.java,method,<init>,(Las/j;Las/j$f;)V,1,0
as.j$g,INNER,L1ThebesBattle.java,field,c,Las/j;,1,0
as.k,TOP_LEVEL,L1ValakasLair.java,method,a,(Las/k;Laq/u;II)Ljava/util/ArrayList;,1,0
as.k,TOP_LEVEL,L1ValakasLair.java,method,b,()[Z,1,0
as.k$a,INNER,L1ValakasLair.java,field,a,Las/k;,1,0
as.k$a,INNER,L1ValakasLair.java,method,<init>,(Las/k;ILap/u;Las/k$a;)V,1,0
at.c,TOP_LEVEL,L1GameTimeClock.java,method,a,(Lat/c;)Lat/a;,1,0
at.c,TOP_LEVEL,L1GameTimeClock.java,method,a,(Lat/c;Lat/a;)V,1,0
at.c,TOP_LEVEL,L1GameTimeClock.java,method,b,(Lat/c;)V,1,0
at.c,TOP_LEVEL,L1GameTimeClock.java,method,b,(Lat/c;Lat/a;)V,1,0
at.c,TOP_LEVEL,L1GameTimeClock.java,method,c,()Ljava/util/logging/Logger;,1,0
at.c$a,INNER,L1GameTimeClock.java,field,a,Lat/c;,1,0
at.c$a,INNER,L1GameTimeClock.java,method,<init>,(Lat/c;Lat/c$a;)V,1,0
au.f$a,INNER,L1Inventory.java,field,a,Lau/f;,1,0
au.f$a,INNER,L1Inventory.java,method,<init>,(Lau/f;Lau/f$a;)V,1,0
au.f$a,INNER,L1Inventory.java,method,compare,(Ljava/lang/Object;Ljava/lang/Object;)I,1,0
av.a$a,INNER,L1ItemDelay.java,method,<init>,(Laq/f;ILav/a$a;)V,1,0
az.a,TOP_LEVEL,L1DamagePoison.java,method,a,(Laz/a;)I,1,0
az.a,TOP_LEVEL,L1DamagePoison.java,method,b,(Laz/a;)Laq/f;,1,0
az.a,TOP_LEVEL,L1DamagePoison.java,method,c,(Laz/a;)Laq/f;,1,0
az.a,TOP_LEVEL,L1DamagePoison.java,method,d,(Laz/a;)I,1,0
az.a$a,INNER,L1DamagePoison.java,field,a,Laz/a;,1,0
az.a$a,INNER,L1DamagePoison.java,method,<init>,(Laz/a;Laz/a$a;)V,1,0
az.b,TOP_LEVEL,L1ParalysisPoison.java,method,a,(Laz/b;)Laq/f;,1,0
az.b,TOP_LEVEL,L1ParalysisPoison.java,method,a,(Laz/b;Ljava/util/concurrent/ScheduledFuture;)V,1,0
az.b,TOP_LEVEL,L1ParalysisPoison.java,method,b,(Laz/b;)I,1,0
az.b$a,INNER,L1ParalysisPoison.java,field,a,Laz/b;,1,0
az.b$a,INNER,L1ParalysisPoison.java,method,<init>,(Laz/b;Laz/b$a;)V,1,0
az.b$b,INNER,L1ParalysisPoison.java,field,a,Laz/b;,1,0
az.b$b,INNER,L1ParalysisPoison.java,method,<init>,(Laz/b;Laz/b$b;)V,1,0
ba.a,TOP_LEVEL,AnnounceTimer.java,method,a,(Lba/a;)Ljava/util/concurrent/CopyOnWriteArrayList;,1,0
ba.a,TOP_LEVEL,AnnounceTimer.java,method,a,(Lba/a;I)V,1,0
ba.a,TOP_LEVEL,AnnounceTimer.java,method,b,(Lba/a;)I,1,0
ba.a$a,INNER,AnnounceTimer.java,field,a,Lba/a;,1,0
ba.a$a,INNER,AnnounceTimer.java,method,<init>,(Lba/a;Lba/a$a;)V,1,0
ba.b,TOP_LEVEL,ClearGroundTimer.java,method,a,(Lba/b;)V,1,0
ba.b,TOP_LEVEL,ClearGroundTimer.java,method,b,()Ljava/util/logging/Logger;,1,0
ba.b$a,INNER,ClearGroundTimer.java,field,a,Lba/b;,1,0
ba.b$a,INNER,ClearGroundTimer.java,method,<init>,(Lba/b;Lba/b$a;)V,1,0
ba.c,TOP_LEVEL,ClientAliveTimer.java,method,b,()Ljava/util/logging/Logger;,1,0
ba.c$a,INNER,ClientAliveTimer.java,field,a,Lba/c;,1,0
ba.c$a,INNER,ClientAliveTimer.java,method,<init>,(Lba/c;Lba/c$a;)V,1,0
ba.d,TOP_LEVEL,CurrentTimeReseter.java,method,b,()Ljava/util/logging/Logger;,1,0
ba.d$a,INNER,CurrentTimeReseter.java,field,a,Lba/d;,1,0
ba.d$a,INNER,CurrentTimeReseter.java,method,<init>,(Lba/d;Lba/d$a;)V,1,0
ba.d$b,INNER,CurrentTimeReseter.java,field,a,Lba/d;,1,0
ba.d$b,INNER,CurrentTimeReseter.java,method,<init>,(Lba/d;Lba/d$b;)V,1,0
ba.d$c,INNER,CurrentTimeReseter.java,field,a,Lba/d;,1,0
ba.d$c,INNER,CurrentTimeReseter.java,method,<init>,(Lba/d;Lba/d$c;)V,1,0
ba.g,TOP_LEVEL,HellTimer.java,method,b,()Ljava/util/logging/Logger;,1,0
ba.g$a,INNER,HellTimer.java,field,a,Lba/g;,1,0
ba.g$a,INNER,HellTimer.java,method,<init>,(Lba/g;Lba/g$a;)V,1,0
ba.h,TOP_LEVEL,HomeTownTimer.java,method,a,(Lba/h;Lat/a;)V,1,0
ba.h$a,INNER,HomeTownTimer.java,field,a,Lba/h;,1,0
ba.h$a,INNER,HomeTownTimer.java,method,<init>,(Lba/h;Lba/h$a;)V,1,0
ba.i,TOP_LEVEL,HouseTimer.java,method,a,(Lba/i;)V,1,0
ba.i,TOP_LEVEL,HouseTimer.java,method,b,()Ljava/util/logging/Logger;,1,0
ba.i,TOP_LEVEL,HouseTimer.java,method,b,(Lba/i;)V,1,0
ba.i$a,INNER,HouseTimer.java,field,a,Lba/i;,1,0
ba.i$a,INNER,HouseTimer.java,method,<init>,(Lba/i;Lba/i$a;)V,1,0
ba.j,TOP_LEVEL,InventoryTimer.java,method,a,(Lba/j;)[I,1,0
ba.j,TOP_LEVEL,InventoryTimer.java,method,b,()Ljava/util/logging/Logger;,1,0
ba.j$a,INNER,InventoryTimer.java,field,a,Lba/j;,1,0
ba.j$a,INNER,InventoryTimer.java,method,<init>,(Lba/j;Lba/j$a;)V,1,0
be.cx$a,INNER,S_PledgeWarehouseHistory.java,field,f,Lbe/cx;,1,0
be.cx$a,INNER,S_PledgeWarehouseHistory.java,method,<init>,(Lbe/cx;Lbe/cx$a;)V,1,0
be.v$1,ANONYMOUS,S_CharEvent.java,field,a,Lbe/v;,1,0
be.v$1,ANONYMOUS,S_CharEvent.java,method,compare,(Ljava/lang/Object;Ljava/lang/Object;)I,1,0
bf.gm$a,INNER,S_229.java,field,a,Lbf/gm;,1,0
bg.a$a,INNER,L1SkillDelay.java,method,<init>,(Laq/f;Lbg/a$a;)V,1,0
bh.d$a,INNER,L1Castle.java,field,d,Lbh/d;,1,0
bh.d$a,INNER,L1Castle.java,method,<init>,(Lbh/d;ILjava/lang/String;Lbh/d$a;)V,1,0
bh.l,TOP_LEVEL,L1Npc.java,method,clone,()Ljava/lang/Object;,1,0
bi.e$a,INNER,GeneralThreadPool.java,field,a,Lbi/e;,1,0
bi.e$a,INNER,GeneralThreadPool.java,method,<init>,(Lbi/e;Ljava/lang/String;ILbi/e$a;)V,1,0
bj.d,TOP_LEVEL,ClientThread.java,method,a,(Lbj/d;)Z,1,0
bj.d,TOP_LEVEL,ClientThread.java,method,a,(Lbj/d;Lbe/eu;)V,1,0
bj.d,TOP_LEVEL,ClientThread.java,method,b,(Lbj/d;)Lbj/c;,1,0
bj.d,TOP_LEVEL,ClientThread.java,method,c,(Lbj/d;)Ljava/io/OutputStream;,1,0
bj.d$a,INNER,ClientThread.java,field,a,Lbj/d;,1,0
bj.d$a,INNER,ClientThread.java,method,<init>,(Lbj/d;Lbj/d$a;)V,1,0
bj.d$a,INNER,ClientThread.java,method,a,(Lbj/d$a;)V,1,0
bj.d$a,INNER,ClientThread.java,method,a,(Lbj/d$a;Lbe/eu;)V,1,0
