32576
32767
32768
32959
0,0,0,0,0,0,0,0,0,0,0,0,0,0,0,0,0,0,0,0,0,0,0,0,0,0,0,0,0,0,0,0,0,0,0,0,0,0,0,0,0,0,0,0,0,0,0,0,0,0,0,0,0,0,0,0,0,0,0,0,0,0,0,0,0,0,0,0,0,0,0,0,0,0,0,0,0,0,0,0,0,0,0,0,0,0,0,0,0,0,0,0,0,0,0,0,0,0,0,0,0,0,0,0,0,0,0,0,0,0,0,0,0,0,0,0,0,0,0,0,0,0,0,0,0,0,0,0,0,0,0,0,0,0,0,0,0,0,0,0,0,0,0,0,0,0,0,0,0,0,0,0,0,0,0,0,0,0,0,0,0,0,0,0,0,0,0,0,0,0,0,0,0,0,0,0,0,0,0,0,0,0,0,0,0,0,0,0,0,0,0,0
0,256,256,256,256,256,256,256,256,256,256,256,256,256,256,256,256,256,256,256,256,256,256,256,256,256,256,256,256,256,256,256,256,256,256,256,256,256,256,256,256,256,256,256,256,256,256,256,256,256,256,256,256,256,256,256,256,256,256,256,256,256,256,256,256,256,256,256,256,256,256,256,256,256,256,256,256,256,256,256,256,256,256,256,256,256,256,256,256,256,256,256,256,256,256,256,256,256,256,256,256,256,256,256,256,256,256,256,256,256,256,256,256,256,256,256,256,256,256,256,256,256,256,256,256,256,256,256,256,256,256,256,256,256,256,256,256,256,256,256,256,256,256,256,256,256,256,256,256,256,256,256,256,256,256,256,256,256,256,256,256,256,256,256,256,256,256,256,256,256,256,256,256,256,256,256,256,256,256,256,256,256,256,256,256,256,256,256,256,256,256,0
0,256,256,256,256,256,256,256,256,256,256,256,256,256,256,256,256,256,256,256,256,256,256,256,256,256,256,256,256,256,256,256,256,256,256,256,256,256,256,256,256,256,256,256,256,256,256,256,256,256,256,256,256,256,256,256,256,256,256,256,256,256,256,256,256,256,256,256,256,256,256,256,256,256,256,256,256,256,256,256,256,256,256,256,256,256,256,256,256,256,256,256,256,256,256,256,256,256,256,256,256,256,256,256,256,256,256,256,256,256,256,256,256,256,256,256,256,256,256,256,256,256,256,256,256,256,256,256,256,256,256,256,256,256,256,256,256,256,256,256,256,256,256,256,256,256,256,256,256,256,256,256,256,256,256,256,256,256,256,256,256,256,256,256,256,256,256,256,256,256,256,256,256,256,256,256,256,256,256,256,256,256,256,256,256,256,256,256,256,256,256,0
0,256,256,256,256,256,256,256,256,256,256,256,256,256,256,256,256,256,256,256,256,256,256,256,256,256,256,256,256,256,256,256,256,256,256,256,256,256,256,256,256,256,256,256,256,256,256,256,256,256,256,256,256,256,256,256,256,256,256,256,256,256,256,256,256,256,256,256,256,256,256,256,256,256,256,256,256,256,256,256,256,256,256,256,256,256,256,256,256,256,256,256,256,256,256,256,256,256,256,256,256,256,256,256,256,256,256,256,256,256,256,256,256,256,256,256,256,256,256,256,256,256,256,256,256,256,256,256,256,256,256,256,256,256,256,256,256,256,256,256,256,256,256,256,256,256,256,256,256,256,256,256,256,256,256,256,256,256,256,256,256,256,256,256,256,256,256,256,256,256,256,256,256,256,256,256,256,256,256,256,256,256,256,256,256,256,256,256,256,256,256,0
0,256,256,256,256,256,256,256,256,256,256,256,256,256,256,256,256,256,256,256,256,256,256,256,256,256,256,256,256,256,256,256,256,256,256,256,256,256,256,256,256,256,256,256,256,256,256,256,256,256,256,256,256,256,256,256,256,256,256,256,256,256,256,256,256,256,256,256,256,256,256,256,256,256,256,256,256,256,256,256,256,256,256,256,256,256,256,256,256,256,256,256,256,256,256,256,256,256,256,256,256,256,256,256,256,256,256,256,256,256,256,256,256,256,256,256,256,256,256,256,256,256,256,256,256,256,256,256,256,256,256,256,256,256,256,256,256,256,256,256,256,256,256,256,256,256,256,256,256,256,256,256,256,256,256,256,256,256,256,256,256,256,256,256,256,256,256,256,256,256,256,256,256,256,256,256,256,256,256,256,256,256,256,256,256,256,256,256,256,256,256,0
0,256,256,256,256,256,256,256,256,256,256,256,256,256,256,256,256,256,256,256,256,256,256,256,256,256,256,256,256,256,256,256,256,256,256,256,256,256,256,256,256,256,256,256,256,256,256,256,256,256,256,256,256,256,256,256,256,256,256,256,256,256,256,256,256,256,256,256,256,256,256,256,256,256,256,256,256,256,256,256,256,256,256,256,256,256,256,256,256,256,256,256,256,256,256,256,256,256,256,256,256,256,256,256,256,256,256,256,256,256,256,256,256,256,256,256,256,256,256,256,256,256,256,256,256,256,256,256,256,256,256,256,256,256,256,256,256,256,256,256,256,256,256,256,256,256,256,256,256,256,256,256,256,256,256,256,256,256,256,256,256,256,256,256,256,256,256,256,256,256,256,256,256,256,256,256,256,256,256,256,256,256,256,256,256,256,256,256,256,256,256,0
0,256,256,256,256,256,256,256,256,256,256,256,256,256,256,256,256,256,256,256,256,256,256,256,256,256,256,256,256,256,256,256,256,256,256,256,256,256,256,256,256,256,256,256,256,256,256,256,256,256,256,256,256,256,256,256,256,256,256,256,256,256,256,256,256,256,256,256,256,256,256,256,256,256,256,256,256,256,256,256,256,256,256,256,256,256,256,256,256,256,256,256,256,256,256,256,256,256,256,256,256,256,256,256,256,256,256,256,256,256,256,256,256,256,256,256,256,256,256,256,256,256,256,256,256,256,256,256,256,256,256,256,256,256,256,256,256,256,256,256,256,256,256,256,256,256,256,256,256,256,256,256,256,256,256,256,256,256,256,256,256,256,256,256,256,256,256,256,256,256,256,256,256,256,256,256,256,256,256,256,256,256,256,256,256,256,256,256,256,256,256,0
0,256,256,256,256,256,256,256,256,256,256,256,256,256,256,256,256,256,256,256,256,256,256,256,256,256,256,256,256,256,256,256,256,256,256,256,256,256,256,256,256,256,256,256,256,256,256,256,256,256,256,256,256,256,256,256,256,256,256,256,256,256,256,256,256,256,256,256,256,256,256,256,256,256,256,256,256,256,256,256,256,256,256,256,256,256,256,256,256,256,256,256,256,256,256,256,256,256,256,256,256,256,256,256,256,256,256,256,256,256,256,256,256,256,256,256,256,256,256,256,256,256,256,256,256,256,256,256,256,256,256,256,256,256,256,256,256,256,256,256,256,256,256,256,256,256,256,256,256,256,256,256,256,256,256,256,256,256,256,256,256,256,256,256,256,256,256,256,256,256,256,256,256,256,256,256,256,256,256,256,256,256,256,256,256,256,256,256,256,256,256,0
0,256,256,256,256,256,256,256,256,256,256,256,256,256,256,256,256,256,256,256,256,256,256,256,256,256,256,256,256,256,256,256,256,256,256,256,256,256,256,256,256,256,256,256,256,256,256,256,256,256,256,256,256,256,256,256,256,256,256,256,256,256,256,256,256,256,256,256,256,256,256,256,256,256,256,256,256,256,256,256,256,256,256,256,256,256,256,256,256,256,256,256,256,256,256,256,256,256,256,256,256,256,256,256,256,256,256,256,256,256,256,256,256,256,256,256,256,256,256,256,256,256,256,256,256,256,256,256,256,256,256,256,256,256,256,256,256,256,256,256,256,256,256,256,256,256,256,256,256,256,256,256,256,256,256,256,256,256,256,256,256,256,256,256,256,256,256,256,256,256,256,256,256,256,256,256,256,256,256,256,256,256,256,256,256,256,256,256,256,256,256,0
0,256,256,256,256,256,256,256,256,256,256,256,256,256,256,256,256,256,256,256,256,256,256,256,256,256,256,256,256,256,256,256,256,256,256,256,256,256,256,256,256,256,256,256,256,256,256,256,256,256,256,256,256,256,256,256,256,256,256,256,256,256,256,256,256,256,256,256,256,256,256,256,256,256,256,256,256,256,256,256,256,256,256,256,256,256,256,256,256,256,256,256,256,256,256,256,256,256,256,256,256,256,256,256,256,256,256,256,256,256,256,256,256,256,256,256,256,256,256,256,256,256,256,256,256,256,256,256,256,256,256,256,256,256,256,256,256,256,256,256,256,256,256,256,256,256,256,256,256,256,256,256,256,256,256,256,256,256,256,256,256,256,256,256,256,256,256,256,256,256,256,256,256,256,256,256,256,256,256,256,256,256,256,256,256,256,256,256,256,256,256,0
0,256,256,256,256,256,256,256,256,256,256,256,256,256,256,256,256,256,256,256,256,256,256,256,256,256,256,256,256,256,256,256,256,256,256,256,256,256,256,256,256,256,256,256,256,256,256,256,256,256,256,256,256,256,256,256,256,256,256,256,256,256,256,256,256,256,256,256,256,256,256,256,256,256,256,256,256,256,256,256,256,256,256,256,256,256,256,256,256,256,256,256,256,256,256,256,256,256,256,256,256,256,256,256,256,256,256,256,256,256,256,256,256,256,256,256,256,256,256,256,256,256,256,256,256,256,256,256,256,256,256,256,256,256,256,256,256,256,256,256,256,256,256,256,256,256,256,256,256,256,256,256,256,256,256,256,256,256,256,256,256,256,256,256,256,256,256,256,256,256,256,256,256,256,256,256,256,256,256,256,256,256,256,256,256,256,256,256,256,256,256,0
0,256,256,256,256,256,256,256,256,256,256,256,256,256,256,256,256,256,256,256,256,256,256,256,256,256,256,256,256,256,256,256,256,256,256,256,256,256,256,256,256,256,256,256,256,256,256,256,256,256,256,256,256,256,256,256,256,256,256,256,256,256,256,256,256,256,256,256,256,256,256,256,256,256,256,256,256,256,256,256,256,256,256,256,256,256,256,256,256,256,256,256,256,256,256,256,256,256,256,256,256,256,256,256,256,256,256,256,256,256,256,256,256,256,256,256,256,256,256,256,256,256,256,256,256,256,256,256,256,256,256,256,256,256,256,256,256,256,256,256,256,256,256,256,256,256,256,256,256,256,256,256,256,256,256,256,256,256,256,256,256,256,256,256,256,256,256,256,256,256,256,256,256,256,256,256,256,256,256,256,256,256,256,256,256,256,256,256,256,256,256,0
0,256,256,256,256,256,256,256,256,256,256,256,256,256,256,256,256,256,256,256,256,256,256,256,256,256,256,256,256,256,256,256,256,256,256,256,256,256,256,256,256,256,256,256,256,256,256,256,256,256,256,256,256,256,256,256,256,256,256,256,256,256,256,256,256,256,256,256,256,256,256,256,256,256,256,256,256,256,256,256,256,256,256,256,256,256,256,256,256,256,256,256,256,256,256,256,256,256,256,256,256,256,256,256,256,256,256,256,256,256,256,256,256,256,256,256,256,256,256,256,256,256,256,256,256,256,256,256,256,256,256,256,256,256,256,256,256,256,256,256,256,256,256,256,256,256,256,256,256,256,256,256,256,256,256,256,256,256,256,256,256,256,256,256,256,256,256,256,256,256,256,256,256,256,256,256,256,256,256,256,256,256,256,256,256,256,256,256,256,256,256,0
0,256,256,256,256,256,256,256,256,256,256,256,256,256,256,256,256,256,256,256,256,256,256,256,256,256,256,256,256,256,256,256,256,256,256,256,256,256,256,256,256,256,256,256,256,256,256,256,256,256,256,256,256,256,256,256,256,256,256,256,256,256,256,256,256,256,256,256,256,256,256,256,256,256,256,256,256,256,256,256,256,256,256,256,256,256,256,256,256,256,256,256,256,256,256,256,256,256,256,256,256,256,256,256,256,256,256,256,256,256,256,256,256,256,256,256,256,256,256,256,256,256,256,256,256,256,256,256,256,256,256,256,256,256,256,256,256,256,256,256,256,256,256,256,256,256,256,256,256,256,256,256,256,256,256,256,256,256,256,256,256,256,256,256,256,256,256,256,256,256,256,256,256,256,256,256,256,256,256,256,256,256,256,256,256,256,256,256,256,256,256,0
0,256,256,256,256,256,256,256,256,256,256,256,256,256,256,256,256,256,256,256,256,256,256,256,256,256,256,256,256,256,256,256,256,256,256,256,256,256,256,256,256,256,256,256,256,256,256,256,256,256,256,256,256,256,256,256,256,256,256,256,256,256,256,256,256,256,256,256,256,256,256,256,256,256,256,256,256,256,256,256,256,256,256,256,256,256,256,256,256,256,256,256,256,256,256,256,256,256,256,256,256,256,256,256,256,256,256,256,256,256,256,256,256,256,256,256,256,256,256,256,256,256,256,256,256,256,256,256,256,256,256,256,256,256,256,256,256,256,256,256,256,256,256,256,256,256,256,256,256,256,256,256,256,256,256,256,256,256,256,256,256,256,256,256,256,256,256,256,256,256,256,256,256,256,256,256,256,256,256,256,256,256,256,256,256,256,256,256,256,256,256,0
0,256,256,256,256,256,256,256,256,256,256,256,256,256,256,256,256,256,256,256,256,256,256,256,256,256,256,256,256,256,256,256,256,256,256,256,256,256,256,256,256,256,256,256,256,256,256,256,256,256,256,256,256,256,256,256,256,256,256,256,256,256,256,256,256,256,256,256,256,256,256,256,256,256,256,256,256,256,256,256,256,256,256,256,256,256,256,256,256,256,256,256,256,256,256,256,256,256,256,256,256,256,256,256,256,256,256,256,256,256,256,256,256,256,256,256,256,256,256,256,256,256,256,256,256,256,256,256,256,256,256,256,256,256,256,256,256,256,256,256,256,256,256,256,256,256,256,256,256,256,256,256,256,256,256,256,256,256,256,256,256,256,256,256,256,256,256,256,256,256,256,256,256,256,256,256,256,256,256,256,256,256,256,256,256,256,256,256,256,256,256,0
0,256,256,256,256,256,256,256,256,256,256,256,256,256,256,256,256,256,256,256,256,256,256,256,256,256,256,256,256,256,256,256,256,256,256,256,256,256,256,256,256,256,256,256,256,256,256,256,256,256,256,256,256,256,256,256,256,256,256,256,256,256,256,256,256,256,256,256,256,256,256,256,256,256,256,256,256,256,256,256,256,256,256,256,256,256,256,256,256,256,256,256,256,256,256,256,256,256,256,256,256,256,256,256,256,256,256,256,256,256,256,256,256,256,256,256,256,256,256,256,256,256,256,256,256,256,256,256,256,256,256,256,256,256,256,256,256,256,256,256,256,256,256,256,256,256,256,256,256,256,256,256,256,256,256,256,256,256,256,256,256,256,256,256,256,256,256,256,256,256,256,256,256,256,256,256,256,256,256,256,256,256,256,256,256,256,256,256,256,256,256,0
0,256,256,256,256,256,256,256,256,256,256,256,256,256,256,256,256,256,256,256,256,256,256,256,256,256,256,256,256,256,256,256,256,256,256,256,256,256,256,256,256,256,256,256,256,256,256,256,256,256,294,366,366,366,366,366,366,366,366,366,366,366,366,330,256,256,256,256,256,256,256,256,256,256,294,366,366,366,366,366,366,366,366,366,366,366,366,330,256,256,256,256,256,256,256,256,256,256,256,256,256,256,256,256,256,256,256,256,256,256,294,366,366,366,366,366,366,366,366,366,366,366,366,330,256,256,256,256,256,256,256,256,256,256,294,366,366,366,366,366,366,366,366,366,366,366,366,330,256,256,256,256,256,256,256,256,256,256,256,256,256,256,256,256,256,256,256,256,256,256,256,256,256,256,256,256,256,256,256,256,256,256,256,256,256,256,256,256,256,256,256,0
0,256,256,256,256,256,256,256,256,256,256,256,256,256,256,256,256,256,256,256,256,256,256,256,256,256,256,256,256,256,256,256,256,256,256,256,256,256,256,256,256,256,256,256,256,256,256,256,256,256,311,511,511,511,511,479,477,413,445,447,511,511,511,459,256,256,256,256,256,256,256,256,256,256,311,511,511,479,477,413,413,413,413,445,447,511,511,459,256,256,256,256,256,256,256,256,256,256,256,256,256,256,256,256,256,256,256,256,256,256,311,511,511,511,511,479,477,413,413,413,413,445,447,459,256,256,256,256,256,256,256,256,256,256,311,511,511,511,511,511,511,511,511,511,511,511,511,459,256,256,256,256,256,256,256,256,256,256,256,256,256,256,256,256,256,256,256,256,256,256,256,256,256,256,256,256,256,256,256,256,256,256,256,256,256,256,256,256,256,256,256,0
0,256,256,256,256,256,256,256,256,256,256,256,256,256,256,256,256,256,256,256,256,256,256,256,256,256,256,256,256,256,256,256,256,256,256,256,256,256,256,256,256,256,256,256,256,256,256,256,256,256,311,511,511,511,511,475,512,512,512,439,511,511,511,491,256,256,256,256,256,256,256,256,256,256,311,511,511,475,256,256,256,256,256,256,439,511,511,491,256,256,256,256,256,256,256,256,256,256,256,256,256,256,256,256,256,256,256,256,256,256,375,511,511,511,511,475,256,256,256,256,256,256,439,459,256,256,256,256,256,256,256,256,256,256,375,511,511,511,511,511,511,511,511,511,511,511,511,459,256,256,256,256,256,256,256,256,256,256,256,256,256,256,256,256,256,256,256,256,256,256,256,256,256,256,256,256,256,256,256,256,256,256,256,256,256,256,256,256,256,256,256,0
0,256,256,256,256,256,256,256,256,256,256,256,256,256,256,256,256,256,256,256,256,256,256,256,256,256,256,256,256,256,256,256,256,256,256,256,256,256,256,256,256,256,256,256,256,256,256,256,256,256,311,511,511,511,511,491,512,512,512,375,511,511,511,495,494,366,330,256,256,256,256,256,256,256,311,511,511,491,256,358,366,366,362,256,375,511,511,495,462,364,266,256,256,256,256,256,256,256,256,256,256,256,256,256,256,256,256,262,364,318,383,511,511,511,511,491,256,358,366,366,362,256,375,459,256,256,256,256,256,256,256,294,366,382,383,511,511,511,511,511,511,511,511,511,511,511,511,459,256,256,256,256,256,256,256,256,256,256,256,256,256,256,256,256,256,256,256,256,256,256,256,256,256,256,256,256,256,256,256,256,256,256,256,256,256,256,256,256,256,256,256,0
0,256,256,256,256,256,256,256,256,256,256,256,256,256,256,256,256,256,256,256,256,256,256,256,256,256,256,256,256,256,256,256,256,256,256,256,256,256,256,256,256,256,256,256,256,256,256,256,256,256,311,511,511,511,511,495,750,622,638,383,511,511,511,511,511,511,459,256,256,256,256,256,256,256,311,511,511,495,510,383,511,511,495,510,383,511,511,511,507,256,451,256,256,256,256,256,256,256,256,256,256,256,256,256,256,256,256,307,256,503,511,511,511,511,511,495,510,383,511,511,495,510,383,459,256,256,256,256,256,256,256,311,511,511,511,511,511,511,511,511,511,511,511,511,511,511,511,459,256,256,256,256,256,256,256,256,256,256,256,256,256,256,256,256,256,256,256,256,256,256,256,256,256,256,256,256,256,256,256,256,256,256,256,256,256,256,256,256,256,256,256,0
0,256,256,256,256,256,256,256,256,256,256,256,256,256,256,256,256,256,256,256,256,256,256,256,256,256,256,256,256,256,256,256,256,256,256,256,256,256,256,256,256,256,256,256,256,256,256,256,256,256,311,511,511,511,511,511,511,511,511,511,511,511,511,511,511,511,491,256,256,256,256,256,256,256,311,511,511,479,477,445,447,511,479,509,447,511,511,511,495,510,331,256,256,256,256,256,256,256,256,256,256,256,256,256,256,256,256,295,510,383,511,511,511,511,511,479,477,445,447,511,479,509,447,459,256,256,256,256,256,256,256,375,511,479,477,413,413,445,415,477,413,413,413,445,447,511,511,459,256,256,256,256,256,256,256,256,256,256,256,256,256,256,256,256,256,256,256,256,256,256,256,256,256,256,256,256,256,256,256,256,256,256,256,256,256,256,256,256,256,256,256,0
0,256,256,256,256,256,256,256,256,256,256,256,256,256,256,256,256,256,256,256,256,256,256,256,256,256,256,256,256,256,256,256,256,256,256,256,256,256,256,256,256,256,256,256,256,256,256,256,256,256,311,511,511,511,479,477,413,413,445,415,477,413,413,413,445,447,495,494,366,330,256,256,256,256,311,511,511,507,256,256,439,479,473,256,439,511,511,511,479,509,395,256,256,256,256,256,256,256,256,256,256,256,256,256,256,256,256,279,509,447,511,511,511,511,511,507,256,256,439,479,473,256,439,459,256,256,256,256,294,366,382,383,479,473,256,256,256,256,499,256,256,256,256,256,439,511,511,459,256,256,256,256,256,256,256,256,256,256,256,256,256,256,256,256,256,256,256,256,256,256,256,256,256,256,256,256,256,256,256,256,256,256,256,256,256,256,256,256,256,256,256,0
0,256,256,256,256,256,256,256,256,256,256,256,256,256,256,256,256,256,256,256,256,256,256,256,256,256,256,256,256,256,256,256,256,256,256,256,256,256,256,256,256,256,256,256,256,256,256,256,256,256,311,511,511,479,473,256,256,256,256,499,256,256,256,256,256,439,511,511,511,459,256,256,256,256,311,511,511,495,490,256,375,507,256,256,375,511,511,511,507,256,451,256,256,256,256,256,256,256,256,256,256,256,256,256,256,256,256,307,256,503,511,511,511,511,511,495,490,256,375,507,256,256,375,459,256,256,256,256,311,511,511,511,475,256,256,358,366,382,367,494,366,366,330,256,311,511,511,459,256,256,256,256,256,256,256,256,256,256,256,256,256,256,256,256,256,256,256,256,256,256,256,256,256,256,256,256,256,256,256,256,256,256,256,256,256,256,256,256,256,256,256,0
0,256,256,256,256,256,256,256,256,256,256,256,256,256,256,256,256,256,256,256,256,256,256,256,256,256,256,256,256,256,256,256,256,256,256,256,256,256,256,256,256,256,256,256,256,256,256,256,256,256,311,511,511,475,256,256,358,366,382,367,494,366,366,330,256,311,511,511,511,459,256,256,256,256,311,511,511,511,495,510,383,495,494,382,383,511,511,511,495,510,363,256,256,256,256,256,256,256,256,256,256,256,256,256,256,256,256,359,510,383,511,511,511,511,511,511,495,510,383,495,494,382,383,459,256,256,256,256,311,511,511,511,459,256,310,383,511,511,511,511,511,511,459,256,311,511,511,459,256,256,256,256,256,256,256,256,256,256,256,256,256,256,256,256,256,256,256,256,256,256,256,256,256,256,256,256,256,256,256,256,256,256,256,256,256,256,256,256,256,256,256,0
0,256,256,256,256,256,256,256,256,256,256,256,256,256,256,256,256,256,256,256,256,256,256,256,256,256,256,256,256,256,256,256,256,256,256,256,256,256,256,256,256,294,366,366,366,366,366,366,330,256,311,511,511,459,256,310,383,511,511,511,511,511,511,459,256,311,511,511,511,459,256,294,330,256,311,511,511,511,511,511,511,511,511,511,511,511,511,511,511,511,495,494,366,330,256,256,256,256,256,256,256,256,256,256,294,366,382,383,511,511,511,511,511,511,511,511,511,511,511,511,511,511,511,459,256,294,330,256,311,511,511,511,459,256,311,511,511,511,511,511,511,511,459,256,311,511,511,459,256,294,366,366,366,366,366,366,330,256,256,256,256,256,256,256,256,256,256,256,256,256,256,256,256,256,256,256,256,256,256,256,256,256,256,256,256,256,256,256,256,256,256,0
0,256,256,256,256,256,256,256,256,256,256,256,256,256,256,256,256,256,256,256,256,256,256,256,256,256,256,256,256,256,256,256,256,256,256,256,256,256,256,256,256,311,511,511,511,511,511,511,459,256,311,511,511,459,256,311,511,511,511,511,511,511,511,459,256,311,511,511,511,459,256,311,459,256,311,511,511,511,511,511,511,511,511,511,511,511,511,511,511,511,511,511,511,459,256,256,256,256,256,256,256,256,256,256,311,511,511,511,511,511,511,511,511,511,511,511,511,511,511,511,511,511,511,459,256,311,459,256,311,511,511,511,491,256,375,511,511,479,509,447,511,511,491,256,375,511,511,459,256,311,511,511,511,511,511,511,459,256,256,256,256,256,256,256,256,256,256,256,256,256,256,256,256,256,256,256,256,256,256,256,256,256,256,256,256,256,256,256,256,256,256,0
0,256,256,256,256,256,256,256,256,256,256,256,256,256,256,256,256,256,256,256,256,256,256,256,256,256,256,256,256,256,256,256,256,256,256,256,256,256,256,256,256,311,511,511,511,511,511,511,459,256,311,511,511,491,256,375,511,511,479,509,447,511,511,491,256,375,511,511,511,459,256,311,459,256,311,511,511,511,511,511,511,511,511,511,511,511,511,511,511,511,511,511,511,491,256,256,256,256,256,256,256,256,256,256,375,511,511,511,511,511,511,511,511,511,511,511,511,511,511,511,511,511,511,459,256,311,459,256,311,511,511,511,463,508,319,511,511,507,256,503,511,511,463,508,319,511,511,459,256,311,511,511,511,511,511,511,459,256,256,256,256,256,256,256,256,256,256,256,256,256,256,256,256,256,256,256,256,256,256,256,256,256,256,256,256,256,256,256,256,256,256,0
0,256,256,256,256,256,256,256,256,256,256,256,256,256,256,256,256,256,256,256,256,256,256,256,256,256,256,256,256,256,256,256,256,256,256,256,256,256,256,256,256,311,511,511,511,511,511,511,459,256,311,511,511,463,508,319,511,511,507,256,503,511,511,463,508,319,511,511,511,459,256,311,459,256,277,413,413,413,413,413,413,413,445,447,479,477,413,413,413,413,413,413,413,397,396,268,264,256,294,330,256,260,268,284,285,413,413,413,413,413,413,413,413,413,413,413,413,445,415,477,413,413,413,393,256,311,459,256,311,511,511,511,475,256,439,511,511,495,510,383,511,511,475,256,439,511,511,459,256,311,511,511,511,511,511,511,459,256,256,256,256,256,256,256,256,256,256,256,256,256,256,256,256,256,256,256,256,256,256,256,256,256,256,256,256,256,256,256,256,256,256,0
0,256,256,256,256,256,256,256,256,256,256,256,256,256,256,256,256,256,256,256,256,256,256,256,256,256,256,256,256,256,256,256,256,256,256,256,256,256,256,256,256,311,511,511,511,511,511,511,459,256,311,511,511,475,256,439,511,511,495,510,383,511,511,475,256,439,511,511,511,459,256,311,459,256,256,256,256,256,256,256,256,256,256,503,507,256,256,256,256,256,256,256,256,256,256,256,256,256,375,491,256,256,256,256,256,256,256,256,256,256,256,256,256,256,256,256,256,256,499,256,256,256,256,256,256,375,459,256,311,511,511,511,459,256,311,511,511,511,511,511,511,511,459,256,311,511,511,459,256,311,511,511,511,511,511,511,459,256,256,256,256,256,256,256,256,256,256,256,256,256,256,256,256,256,256,256,256,256,256,256,256,256,256,256,256,256,256,256,256,256,256,0
0,256,256,256,256,256,256,256,256,256,256,256,256,256,256,256,256,256,256,256,256,256,256,256,256,256,256,256,256,256,256,256,256,256,256,256,256,256,256,256,256,311,511,511,511,511,511,511,459,256,311,511,511,459,256,311,511,511,511,511,511,511,511,459,256,311,511,511,511,459,256,311,459,256,294,366,366,366,366,366,366,366,382,383,495,494,366,366,366,366,366,366,366,366,366,366,366,382,383,495,494,366,366,366,366,366,366,366,366,366,366,366,366,366,366,366,366,382,367,494,366,366,366,366,382,383,459,256,311,511,511,511,459,256,309,447,511,511,511,511,511,479,457,256,311,511,511,459,256,311,511,511,511,511,511,511,459,256,256,256,256,256,256,256,256,256,256,256,256,256,256,256,256,256,256,256,256,256,256,256,256,256,256,256,256,256,256,256,256,256,256,0
0,256,256,256,256,256,256,256,256,256,256,256,256,256,256,256,256,256,256,256,256,256,256,256,256,256,256,256,256,256,256,256,256,256,256,256,256,256,256,256,256,311,511,511,511,511,511,511,459,256,311,511,511,459,256,309,447,511,511,511,511,511,479,457,256,311,511,511,511,459,256,311,459,256,311,511,511,511,511,511,511,511,511,511,511,511,511,511,511,511,511,511,511,511,511,511,511,511,511,511,511,511,511,511,511,511,511,511,511,511,511,511,511,511,511,511,511,511,511,511,511,511,511,511,511,511,459,256,311,511,511,511,491,256,256,405,413,445,415,477,413,409,256,256,375,511,511,459,256,311,511,511,511,511,511,511,459,256,256,256,256,256,256,256,256,256,256,256,256,256,256,256,256,256,256,256,256,256,256,256,256,256,256,256,256,256,256,256,256,256,256,0
0,256,256,256,256,256,256,256,256,256,256,256,256,256,256,256,256,256,256,256,256,256,256,256,256,256,256,256,256,256,256,256,256,256,256,256,256,256,256,256,256,311,511,511,511,511,511,511,459,256,311,511,511,491,256,256,405,413,445,415,477,413,409,256,256,375,511,511,511,459,256,311,459,256,311,511,511,511,511,511,511,511,511,511,511,511,511,511,511,511,511,511,511,511,511,511,511,511,511,511,511,511,511,511,511,511,511,511,511,511,511,511,511,511,511,511,511,511,511,511,511,511,511,511,511,511,459,256,311,511,511,511,495,490,256,256,256,256,499,256,256,256,256,374,383,511,511,459,256,311,511,511,511,511,511,479,457,256,256,256,256,256,256,256,256,256,256,256,256,256,256,256,256,256,256,256,256,256,256,256,256,256,256,256,256,256,256,256,256,256,256,0
0,256,256,256,256,256,256,256,256,256,256,256,256,256,256,256,256,256,256,256,256,256,256,256,256,256,256,256,256,256,256,256,256,256,256,256,256,256,256,256,256,311,511,511,511,511,511,511,459,256,311,511,511,495,490,256,256,256,256,499,256,256,256,256,374,383,511,511,511,459,256,311,459,256,311,511,511,511,511,479,477,413,413,413,413,413,413,413,413,413,413,413,413,413,413,413,413,413,413,413,413,413,413,413,413,413,413,413,413,413,413,413,413,413,413,413,413,413,413,413,445,447,511,511,511,511,459,256,311,511,511,511,511,495,494,366,366,382,367,494,366,366,382,383,511,511,511,459,256,311,511,511,511,511,511,475,256,256,256,256,256,256,256,256,256,256,256,256,256,256,256,256,256,256,256,256,256,256,256,256,256,256,256,256,256,256,256,256,256,256,256,0
0,256,256,256,256,256,256,256,256,256,256,256,256,256,256,256,256,256,256,256,256,256,256,256,256,256,256,256,256,256,256,256,256,256,256,294,366,366,366,330,256,311,511,511,511,511,511,511,459,256,311,511,511,511,495,494,366,366,382,367,494,366,366,382,383,511,511,511,511,459,256,311,459,256,311,511,511,511,511,475,256,256,256,256,256,256,256,256,256,256,256,256,256,256,256,256,256,256,256,256,256,256,256,256,256,256,256,256,256,256,256,256,256,256,256,256,256,256,256,256,256,439,511,511,511,511,459,256,311,511,511,511,511,511,511,511,511,511,511,511,511,511,511,511,511,511,511,459,256,311,511,511,511,511,511,459,256,294,366,366,366,366,366,366,366,330,256,256,256,256,256,256,256,256,256,256,256,256,256,256,256,256,256,256,256,256,256,256,256,256,256,0
0,256,256,256,256,256,256,256,256,256,256,256,256,256,256,256,256,256,256,256,256,256,256,256,256,256,256,256,256,256,256,256,256,256,256,311,511,511,511,459,256,311,511,511,511,511,511,511,459,256,311,511,511,511,511,511,511,511,511,511,511,511,511,511,511,511,511,511,511,459,256,311,459,256,311,511,511,511,511,459,256,294,366,366,366,366,366,366,366,366,366,366,366,366,366,330,256,294,366,334,364,302,366,330,256,294,366,366,366,366,366,366,366,366,366,366,366,366,366,362,256,375,511,511,511,511,459,256,311,511,511,511,511,511,511,511,511,511,511,511,511,511,511,511,511,511,511,459,256,311,511,511,511,511,511,459,256,311,511,511,511,511,511,511,511,459,256,256,256,256,256,256,256,256,256,256,256,256,256,256,256,256,256,256,256,256,256,256,256,256,256,0
0,256,256,256,256,256,256,256,256,256,256,256,256,256,256,256,256,256,256,256,256,256,256,256,256,256,256,256,256,256,256,256,256,256,256,311,511,511,511,459,256,311,511,511,511,511,511,511,459,256,309,447,511,511,511,511,511,511,511,511,511,511,511,511,511,511,511,511,511,459,256,311,459,256,311,511,511,511,511,459,256,311,511,511,511,511,511,511,511,511,511,511,511,511,511,459,256,309,447,507,256,503,479,457,256,311,511,511,511,511,511,511,511,511,511,511,511,511,511,463,508,319,511,511,511,511,459,256,309,447,511,511,511,511,511,511,511,511,511,511,511,511,511,511,511,511,479,457,256,311,511,511,511,511,511,491,256,375,511,511,511,511,511,511,511,459,256,256,256,256,256,256,256,256,256,256,256,256,256,256,256,256,256,256,256,256,256,256,256,256,256,0
0,256,256,256,256,256,256,256,256,256,256,256,256,256,256,256,256,256,256,256,256,256,256,256,256,256,256,256,256,256,256,256,256,256,256,311,511,511,511,459,256,311,511,511,511,511,511,511,491,256,256,405,413,413,413,413,413,413,413,413,413,413,413,413,413,445,447,511,479,457,256,311,459,256,311,511,511,511,511,459,256,311,511,511,511,511,511,511,511,511,511,511,511,511,511,459,256,256,503,495,510,383,507,256,256,311,511,511,511,479,477,413,413,413,413,413,413,413,413,409,256,439,511,511,511,511,491,256,256,439,511,479,477,413,413,413,413,413,413,413,413,413,413,413,413,413,409,256,256,375,511,511,511,511,511,495,510,383,511,511,511,511,511,511,511,459,256,256,256,256,256,256,256,256,256,256,256,256,256,256,256,256,256,256,256,256,256,256,256,256,256,0
0,256,256,256,256,256,256,256,256,256,256,256,256,256,256,256,256,256,256,256,256,256,256,256,256,256,256,256,256,256,256,256,256,256,256,311,511,511,511,459,256,311,511,511,511,511,511,511,495,490,256,256,256,256,256,256,256,256,256,256,256,256,256,256,256,256,503,511,507,256,256,375,459,256,311,511,511,511,511,459,256,311,511,511,511,511,511,511,511,511,511,511,511,511,511,459,256,310,383,511,511,511,495,458,256,311,511,511,511,475,256,256,256,256,256,256,256,256,256,256,256,311,511,511,511,511,495,490,256,375,511,507,256,256,256,256,256,256,256,256,256,256,256,256,256,256,256,256,374,383,511,511,511,511,511,479,509,447,511,511,511,511,511,511,511,459,256,256,256,256,256,256,256,256,256,256,256,256,256,256,256,256,256,256,256,256,256,256,256,256,256,0
0,256,256,256,256,256,256,256,256,256,256,256,256,256,256,256,256,256,256,256,256,256,256,256,256,256,256,256,256,256,256,256,256,256,256,375,511,511,511,459,256,311,511,511,511,511,511,511,511,495,494,366,366,366,366,366,366,366,366,366,366,366,366,366,366,382,383,511,495,494,382,383,459,256,311,511,511,511,511,459,256,311,511,511,511,511,511,511,511,511,511,511,511,511,511,459,256,309,447,511,511,511,511,459,256,311,511,511,511,459,256,256,358,334,364,266,256,294,366,330,256,311,511,511,511,511,511,495,510,383,511,495,494,366,366,366,366,366,366,366,366,366,366,366,366,366,366,382,383,511,511,511,511,511,511,475,256,439,511,511,511,511,511,511,511,459,256,256,256,256,256,256,256,256,256,256,256,256,256,256,256,256,256,256,256,256,256,256,256,256,256,0
0,256,256,256,256,256,256,256,256,256,256,256,256,256,256,256,256,256,256,256,256,256,256,256,256,256,294,366,366,366,366,366,366,366,382,383,511,511,511,459,256,311,511,511,511,511,511,511,511,511,511,511,511,511,511,511,511,511,511,511,511,511,511,511,511,511,511,511,511,511,511,511,459,256,311,511,511,511,511,459,256,311,511,511,511,511,511,511,511,511,511,511,511,511,511,459,256,256,503,511,511,511,479,457,256,311,511,511,511,459,256,310,383,507,256,451,256,311,511,459,256,311,511,511,511,511,511,511,511,511,511,511,511,511,511,511,511,511,511,511,511,511,511,511,511,511,511,511,511,511,511,511,511,511,511,459,256,311,511,479,477,413,413,445,447,459,256,256,256,256,256,256,256,256,256,256,256,256,256,256,256,256,256,256,256,256,256,256,256,256,256,0
0,256,256,256,256,256,256,256,256,256,256,256,256,256,256,256,256,256,256,256,256,256,256,256,256,256,311,511,511,511,511,511,511,511,511,511,511,511,511,459,256,311,511,511,511,511,511,511,511,511,511,511,511,511,511,511,511,511,511,511,511,511,511,511,511,511,511,511,511,511,511,511,459,256,311,511,511,511,511,459,256,277,413,413,413,413,413,413,413,413,445,447,511,511,511,459,256,310,383,511,511,511,507,256,256,311,511,511,511,459,256,311,511,495,510,331,256,311,511,459,256,311,511,511,511,511,511,511,511,511,511,511,511,511,511,511,511,511,511,511,511,511,511,511,511,511,511,511,511,511,511,511,511,511,511,459,256,311,511,507,256,256,256,256,503,459,256,256,256,256,256,256,256,256,256,256,256,256,256,256,256,256,256,256,256,256,256,256,256,256,256,0
0,256,256,256,256,256,256,256,256,256,256,256,256,256,256,256,256,256,256,256,256,256,256,256,256,256,311,511,511,511,511,511,511,511,511,511,511,511,511,491,256,375,511,511,511,511,511,511,511,511,511,511,511,511,511,511,511,511,511,511,511,511,511,511,511,511,511,511,511,511,511,511,459,256,311,511,511,511,511,459,256,256,256,256,256,256,256,256,256,256,256,439,511,511,511,459,256,309,447,511,511,511,463,456,256,311,511,511,511,459,256,311,511,511,511,459,256,311,511,459,256,311,511,511,511,511,511,511,511,511,511,479,477,413,413,413,413,413,413,413,413,413,413,413,413,413,413,413,445,447,511,511,511,511,511,459,256,311,511,495,494,366,366,382,383,491,256,256,256,256,256,256,256,256,256,256,256,256,256,256,256,256,256,256,256,256,256,256,256,256,256,0
0,256,256,256,256,256,256,256,256,256,256,256,256,256,256,256,256,256,256,256,256,256,256,256,256,256,311,511,511,511,511,511,511,511,511,511,511,511,511,495,510,383,511,511,511,511,511,511,511,511,511,511,511,511,511,511,511,511,511,511,511,511,511,511,511,511,511,511,511,511,511,511,459,256,311,511,511,511,511,459,256,294,366,366,366,362,256,358,366,330,256,311,511,511,511,459,256,256,437,447,511,479,473,256,256,311,511,511,511,459,256,311,511,511,511,459,256,311,511,459,256,311,511,511,511,511,511,511,511,511,511,475,256,256,256,256,256,256,256,256,256,256,256,256,256,256,256,256,256,439,511,511,511,511,511,459,256,311,511,511,511,511,511,511,511,495,494,366,334,332,268,268,268,300,266,256,256,256,256,256,256,256,256,256,256,256,256,256,256,256,256,0
0,256,256,256,256,256,256,256,256,256,256,256,256,256,256,256,256,256,256,256,256,256,256,256,256,256,311,511,511,511,511,511,511,511,511,511,511,511,511,511,479,477,413,413,413,413,413,413,413,413,413,413,413,413,413,413,413,413,413,413,413,413,413,413,413,413,413,413,413,413,445,447,459,256,311,511,511,511,511,459,256,311,479,509,447,495,510,383,511,491,256,375,511,511,511,491,256,256,256,503,511,507,256,256,256,375,511,511,511,459,256,311,511,511,511,459,256,311,511,459,256,311,511,511,511,511,511,511,511,511,511,459,256,294,366,366,366,366,366,366,366,366,366,366,334,364,302,330,256,311,511,511,511,511,511,459,256,311,511,511,511,511,511,511,511,511,511,511,475,256,256,256,256,256,387,256,256,256,256,256,256,256,256,256,256,256,256,256,256,256,256,0
0,256,256,256,256,256,256,256,256,256,256,256,256,256,256,256,256,256,256,256,256,256,256,256,256,256,311,511,511,511,511,511,511,511,511,511,511,511,511,511,507,256,256,256,256,256,256,256,256,256,256,256,256,256,256,256,256,256,256,256,256,256,256,256,256,256,256,256,256,256,256,503,491,256,375,511,511,511,511,459,256,311,507,256,503,511,511,511,511,495,510,383,511,511,511,495,494,366,382,383,511,495,494,366,382,383,511,511,511,459,256,311,511,511,511,459,256,311,511,459,256,311,511,511,511,511,511,511,511,511,511,459,256,311,511,511,511,511,511,511,511,511,511,511,507,256,503,459,256,311,511,511,511,511,511,459,256,311,511,511,511,511,511,511,511,511,511,511,491,256,358,366,330,256,259,256,256,256,256,256,256,256,256,256,256,256,256,256,256,256,256,0
0,256,256,256,256,256,256,256,256,256,256,256,256,256,256,256,256,256,256,256,256,256,256,256,256,256,311,511,511,511,511,511,511,511,511,511,511,511,511,511,495,494,366,366,366,366,366,366,366,366,366,366,366,366,366,366,366,366,366,366,366,366,366,366,366,366,366,366,366,366,382,383,495,510,383,511,511,511,511,491,256,375,463,508,319,511,511,511,511,511,511,511,511,511,511,511,511,511,511,511,511,511,511,511,511,511,511,511,511,459,256,311,511,511,511,491,256,375,511,459,256,311,511,511,511,511,511,511,511,511,511,459,256,311,511,511,511,511,511,511,511,511,511,479,461,412,285,393,256,311,511,511,511,511,511,459,256,311,511,511,479,509,447,511,479,477,413,413,397,412,317,447,459,256,259,256,256,256,256,256,256,256,256,256,256,256,256,256,256,256,256,0
0,256,256,256,256,256,256,256,256,256,256,256,256,256,256,256,256,256,256,256,256,256,256,256,256,256,277,413,413,413,413,413,413,413,445,447,511,511,511,511,511,511,511,511,511,511,511,511,511,511,511,511,511,511,511,511,511,511,511,511,511,511,511,511,511,511,511,511,511,511,511,511,511,511,511,511,511,511,511,495,510,383,507,256,503,511,511,511,511,479,509,447,511,511,479,509,415,477,445,415,509,447,479,509,415,509,447,511,511,459,256,311,511,511,511,495,510,383,511,459,256,311,511,511,511,511,511,511,511,511,511,459,256,311,511,511,511,511,511,511,511,511,511,475,256,256,256,256,256,375,511,511,511,511,511,459,256,311,511,511,475,256,439,511,475,256,256,256,256,256,256,407,457,256,259,256,256,256,256,256,256,256,256,256,256,256,256,256,256,256,256,0
0,256,256,256,256,256,256,256,256,256,256,256,256,256,256,256,256,256,256,256,256,256,256,256,256,256,256,256,256,256,256,256,256,256,256,503,511,511,511,511,511,511,511,511,511,511,511,511,511,511,511,511,511,511,511,511,511,511,511,511,511,511,511,511,511,511,511,511,511,511,511,511,511,511,511,511,511,511,511,511,511,511,495,510,383,479,509,447,479,473,256,439,511,511,507,256,499,256,256,499,256,503,507,256,499,256,503,511,511,459,256,309,447,511,511,511,511,511,511,459,256,311,511,511,511,511,511,511,511,511,511,459,256,311,511,511,511,511,511,511,511,511,511,459,256,294,366,366,382,383,511,511,511,511,511,459,256,311,511,511,459,256,311,511,459,256,512,512,512,256,256,307,256,256,323,256,256,256,256,256,256,256,256,256,256,256,256,256,256,256,256,0
0,256,256,256,256,256,256,256,256,256,256,256,256,256,256,256,256,294,366,366,366,366,366,366,366,366,366,366,366,366,366,366,366,366,382,351,509,447,511,511,479,477,413,413,413,413,413,413,413,413,413,413,413,413,445,447,511,511,511,479,477,413,413,413,413,413,413,413,413,413,413,413,445,447,511,511,511,511,511,479,477,413,413,413,413,409,256,405,409,256,256,311,511,511,495,510,367,494,382,367,510,383,495,510,367,510,383,511,511,459,256,256,437,447,511,511,511,511,511,459,256,311,511,511,511,511,511,511,511,511,511,459,256,311,511,511,511,511,511,511,511,511,511,459,256,311,511,511,511,511,511,511,511,511,511,459,256,311,511,511,459,256,311,511,459,256,512,512,512,256,256,295,494,382,331,256,256,256,256,256,256,256,256,256,256,256,256,256,256,256,256,0
0,256,256,256,256,256,256,256,256,256,256,256,256,256,256,256,256,311,511,511,511,511,511,511,511,511,511,511,511,511,511,511,511,511,511,475,256,439,511,511,507,256,256,256,256,256,256,256,256,256,256,256,256,256,256,503,511,511,511,507,256,256,256,256,256,256,256,256,256,256,256,256,256,439,511,511,511,511,511,475,256,256,256,256,256,256,256,256,256,256,256,375,511,511,511,511,511,511,511,511,511,511,511,511,511,511,511,511,511,491,256,256,256,503,511,511,511,511,511,459,256,311,511,511,511,511,511,511,511,511,511,459,256,277,413,413,413,445,447,479,477,413,413,393,256,311,511,511,511,479,509,447,511,511,511,459,256,311,511,511,459,256,311,511,491,256,512,512,512,256,256,375,511,511,459,256,256,256,256,256,256,256,256,256,256,256,256,256,256,256,256,0
0,256,256,256,256,256,256,256,256,256,256,256,256,256,256,256,256,311,511,511,511,511,511,511,511,511,511,511,511,511,511,511,511,511,511,459,256,311,511,511,495,458,256,294,366,366,366,366,366,366,366,366,366,366,382,383,511,511,511,495,494,366,366,366,366,366,366,366,366,362,256,322,256,311,511,511,511,511,511,459,256,294,366,366,366,366,366,366,366,366,382,351,477,413,445,447,511,479,477,413,413,413,445,447,511,479,477,413,445,431,494,366,382,383,511,511,511,511,511,459,256,311,511,511,511,511,511,511,511,511,511,491,256,256,256,256,256,256,503,507,256,256,256,256,256,375,511,511,511,507,256,503,511,511,511,459,256,311,511,511,459,256,311,511,495,494,366,366,366,366,382,383,511,511,459,256,256,256,256,256,256,256,256,256,256,256,256,256,256,256,256,0
0,256,256,256,256,256,256,256,256,256,256,256,256,256,256,256,256,311,511,511,511,511,511,511,479,477,413,413,413,413,413,445,447,511,511,459,256,311,511,511,511,459,256,311,511,511,511,511,511,511,511,511,511,511,511,511,511,511,511,511,511,511,511,511,511,511,511,511,511,495,510,331,256,311,511,511,511,511,511,459,256,311,511,511,511,511,511,511,511,511,511,475,256,256,256,503,511,507,256,256,256,256,256,503,511,507,256,256,256,439,511,511,511,511,511,511,511,511,511,459,256,311,511,511,511,511,511,511,511,511,511,495,494,366,366,366,366,382,383,495,494,366,366,366,382,383,511,511,511,495,510,383,511,511,511,459,256,311,511,511,491,256,375,511,511,511,511,511,511,511,511,511,511,511,459,256,256,256,256,256,256,256,256,256,256,256,256,256,256,256,256,0
0,256,256,256,256,256,256,256,256,256,256,256,256,256,256,256,256,311,511,511,511,511,511,511,475,256,256,256,256,256,256,256,439,511,511,459,256,311,511,511,511,459,256,311,511,511,511,511,511,511,511,511,511,511,511,511,511,511,511,511,511,511,511,511,511,511,511,511,511,511,511,459,256,311,511,511,511,511,511,459,256,311,511,511,511,511,511,511,511,511,511,459,256,256,374,383,511,495,494,330,256,256,374,383,511,495,494,330,256,311,511,511,511,511,511,511,511,511,511,459,256,311,511,511,511,511,511,511,511,511,511,511,511,511,511,511,511,511,511,511,511,511,511,511,511,511,511,511,511,511,511,511,511,511,511,459,256,311,511,511,495,510,383,511,511,511,511,511,511,511,511,511,511,511,459,256,256,256,256,256,256,256,256,256,256,256,256,256,256,256,256,0
0,256,256,256,256,256,256,256,256,256,256,256,256,256,256,256,256,311,511,511,511,511,511,511,459,256,256,256,256,256,256,256,311,511,511,459,256,311,511,511,511,459,256,311,511,511,511,511,511,511,511,511,511,511,511,511,511,511,511,511,511,511,511,511,511,511,511,511,511,511,511,459,256,311,511,511,511,511,511,459,256,311,511,511,511,511,511,511,511,511,511,459,256,310,383,511,511,511,511,459,256,310,383,511,511,511,511,459,256,311,511,511,511,511,511,511,511,511,511,459,256,311,511,511,511,511,511,511,511,511,511,511,511,511,511,511,511,511,511,511,511,511,511,511,511,511,511,511,511,511,511,511,511,511,511,459,256,311,511,511,511,511,511,511,511,511,511,511,511,511,511,511,511,511,459,256,256,256,256,256,256,256,256,256,256,256,256,256,256,256,256,0
0,256,256,256,256,256,256,256,256,256,256,256,256,256,256,256,256,311,511,511,511,511,511,511,459,256,256,256,256,256,256,256,311,511,511,459,256,311,511,511,511,459,256,311,511,511,511,511,479,477,413,413,413,413,413,413,413,413,413,413,413,413,413,413,413,445,447,511,511,511,479,457,256,311,511,511,511,511,511,459,256,311,511,511,511,511,511,511,511,511,511,459,256,311,511,511,511,511,511,459,256,311,511,511,511,511,511,459,256,311,511,511,511,511,511,511,511,511,511,459,256,311,511,511,511,511,511,511,511,511,511,511,511,511,511,511,511,511,511,511,511,511,511,511,511,511,511,511,511,511,511,511,511,511,511,459,256,311,511,511,511,511,511,511,511,511,511,511,511,511,511,511,511,511,459,256,256,256,256,256,256,256,256,256,256,256,256,256,256,256,256,0
0,256,256,256,256,256,256,256,256,256,256,256,256,256,256,256,256,311,511,511,511,511,511,511,459,256,256,256,256,256,256,256,311,511,511,459,256,311,511,511,511,459,256,311,511,511,511,511,507,256,256,256,256,256,256,256,256,256,256,256,256,256,256,256,256,256,503,511,511,511,507,256,256,311,511,511,511,511,511,459,256,311,511,511,511,511,511,511,511,511,511,459,256,311,479,509,415,509,447,459,256,279,509,415,509,415,509,395,256,311,511,511,511,511,511,511,511,511,511,459,256,311,511,511,511,511,511,479,477,413,413,413,413,413,413,413,413,413,413,413,445,447,511,511,479,477,413,413,413,413,413,445,447,511,511,459,256,277,413,413,413,413,413,413,413,445,447,479,477,413,413,413,413,413,393,256,256,256,256,256,256,256,256,256,256,256,256,256,256,256,256,0
0,256,256,256,256,256,256,256,256,256,256,256,256,256,256,256,256,311,511,511,511,511,511,511,459,256,256,256,256,256,256,256,311,511,511,459,256,311,511,511,511,459,256,311,511,511,511,511,495,494,366,366,366,330,256,256,258,256,294,366,366,366,366,366,366,382,383,511,511,511,495,458,256,311,511,511,511,511,511,459,256,277,413,413,413,413,413,413,413,413,413,393,256,277,409,256,401,256,405,393,256,273,256,401,256,401,256,385,256,277,413,413,413,413,413,413,413,413,413,393,256,311,511,511,511,511,511,475,256,256,256,256,256,256,256,256,256,256,256,256,256,503,511,511,507,256,256,256,256,256,256,256,503,511,511,491,256,256,256,256,256,256,256,256,256,256,503,507,256,256,256,256,256,256,256,256,256,256,256,256,256,256,256,256,256,256,256,256,256,256,256,0
0,256,256,256,256,256,256,256,256,256,256,256,256,256,256,256,256,311,511,511,511,511,511,511,459,256,256,256,256,256,256,256,311,511,511,459,256,311,511,511,511,459,256,311,511,511,511,511,511,511,511,511,511,491,256,256,323,256,311,511,511,511,511,511,511,511,511,511,511,511,511,459,256,311,511,511,511,511,511,491,256,256,256,256,256,256,256,256,256,256,256,256,256,256,256,256,256,256,256,256,256,256,256,256,256,256,256,256,256,256,256,256,256,256,256,256,256,256,256,256,256,375,511,511,511,511,511,459,256,294,366,366,366,366,366,366,366,366,366,366,382,383,511,511,495,494,366,366,366,366,366,382,383,511,511,495,494,366,366,366,366,366,366,366,366,382,383,495,494,366,366,330,256,256,256,256,256,256,256,256,256,256,256,256,256,256,256,256,256,256,256,0
0,256,256,256,256,256,256,256,256,256,256,256,256,256,256,256,256,311,511,511,511,511,511,511,459,256,256,256,256,256,256,256,311,511,511,459,256,311,511,511,511,459,256,311,511,511,511,511,511,511,511,511,511,495,494,382,331,256,311,511,511,511,511,511,511,511,511,511,511,511,479,457,256,311,511,511,511,511,511,495,494,366,366,366,366,366,366,366,366,366,366,366,366,366,366,366,366,366,366,366,366,366,366,366,366,366,366,366,366,366,366,366,366,366,366,366,366,366,366,366,382,383,511,511,511,511,511,459,256,311,511,511,511,511,511,511,511,511,511,511,511,511,511,511,511,511,511,511,511,511,511,511,511,511,511,511,479,509,447,511,511,511,479,509,447,511,511,511,479,477,413,393,256,256,256,256,256,256,256,256,256,256,256,256,256,256,256,256,256,256,256,0
0,256,256,256,256,256,256,256,256,256,256,256,256,256,256,256,256,311,511,511,511,511,511,511,459,256,256,256,256,256,256,256,311,511,511,459,256,311,511,511,511,459,256,311,511,511,511,511,511,511,511,511,511,511,511,511,459,256,311,511,511,511,511,511,511,511,511,511,511,511,507,256,256,311,511,511,511,511,511,511,511,511,511,511,511,511,511,511,511,511,511,511,511,511,511,511,511,511,511,511,511,511,511,511,511,511,511,511,511,511,511,511,511,511,511,511,511,511,511,511,511,511,511,511,511,511,511,459,256,311,511,511,511,511,511,511,511,511,511,511,511,511,511,511,511,511,511,511,511,511,511,511,479,509,447,511,507,256,503,511,511,511,507,256,503,511,511,511,475,256,256,256,256,256,256,256,256,256,256,256,256,256,256,256,256,256,256,256,256,256,256,0
0,256,256,256,256,256,256,256,256,256,256,256,256,256,256,256,256,311,511,511,511,511,511,511,491,256,358,366,366,366,362,256,375,511,511,459,256,311,511,511,511,459,256,311,511,511,511,511,511,511,511,511,511,511,511,511,459,256,311,511,511,511,511,511,511,511,511,511,511,511,495,458,256,311,511,511,511,511,511,511,511,511,511,511,511,511,511,511,511,511,511,511,511,511,511,511,511,511,511,511,511,511,511,511,511,511,511,511,511,511,511,479,477,413,413,413,413,413,413,413,445,447,511,511,511,511,511,459,256,311,511,511,511,511,511,511,479,477,413,413,413,413,413,413,413,413,445,447,511,511,511,511,475,256,439,511,495,510,383,511,511,511,495,510,383,511,511,511,459,256,256,256,256,256,256,256,256,256,256,256,256,256,256,256,256,256,256,256,256,256,256,0
0,256,256,256,256,256,256,256,256,256,256,256,256,256,256,256,256,277,413,445,447,511,511,511,495,510,383,511,511,511,495,510,383,511,511,459,256,311,511,511,511,459,256,311,511,511,511,511,511,511,511,511,511,511,511,511,459,256,311,511,511,511,511,511,511,511,511,511,511,511,511,459,256,311,511,511,511,479,477,413,413,413,445,447,511,511,511,511,511,511,511,511,511,511,511,511,511,511,511,511,511,511,511,511,511,511,511,511,511,511,511,475,256,256,256,256,256,256,256,256,256,439,511,511,511,511,511,459,256,311,511,511,511,511,511,511,475,256,256,256,256,256,256,256,256,256,256,503,511,511,511,511,459,256,311,511,511,511,511,479,509,447,511,511,511,479,477,413,393,256,256,256,256,256,256,256,256,256,256,256,256,256,256,256,256,256,256,256,256,256,256,0
0,256,256,256,256,256,256,256,256,256,256,256,256,256,256,256,256,256,256,256,439,511,511,511,511,511,511,511,511,511,511,511,511,511,511,459,256,311,511,511,511,459,256,311,511,511,511,511,511,511,511,511,511,511,511,511,459,256,311,511,511,511,511,511,511,511,511,511,511,511,511,459,256,311,511,511,511,475,256,256,256,256,256,439,511,511,511,511,511,511,511,511,511,511,511,511,511,511,511,511,511,511,511,511,511,511,511,511,511,511,511,459,256,294,366,366,366,366,366,330,256,311,511,511,511,511,511,459,256,311,511,511,511,511,511,511,459,256,294,330,256,256,294,334,332,268,316,319,511,511,511,511,459,256,311,511,511,511,511,507,256,503,511,511,511,475,256,256,256,256,256,256,256,256,256,256,256,256,256,256,256,256,256,256,256,256,256,256,256,256,256,0
0,256,256,256,256,256,256,256,256,256,256,256,256,256,256,256,256,256,256,256,311,511,511,511,511,511,511,511,511,511,511,511,511,511,511,459,256,311,511,511,511,459,256,311,511,511,511,511,511,511,511,511,511,511,511,511,491,256,375,511,511,511,511,511,511,511,511,511,511,511,511,459,256,311,511,511,511,459,256,294,366,330,256,311,511,511,511,511,511,511,511,511,511,511,511,511,511,511,511,511,511,511,511,511,511,511,511,511,511,511,511,459,256,311,511,511,511,511,511,459,256,311,511,511,511,511,511,459,256,311,511,511,511,511,511,511,459,256,311,459,256,256,311,507,256,256,256,503,511,511,511,511,459,256,311,511,511,511,511,495,510,383,511,511,511,459,256,256,256,256,256,256,256,256,256,256,256,256,256,256,256,256,256,256,256,256,256,256,256,256,256,0
0,256,256,256,256,256,256,256,256,256,256,256,256,256,256,256,256,256,256,256,277,413,445,447,511,511,511,511,511,511,511,511,511,511,511,459,256,311,511,511,511,459,256,277,413,413,413,413,413,413,413,413,413,413,445,447,495,510,383,479,477,413,413,413,413,413,413,413,413,413,413,393,256,311,511,511,511,459,256,311,511,459,256,311,511,511,511,511,511,511,511,511,511,511,511,479,477,413,413,413,413,413,413,413,413,413,413,413,413,413,413,393,256,311,511,511,511,511,511,459,256,311,511,511,511,511,511,459,256,311,511,511,511,511,511,511,459,256,311,459,256,256,311,495,494,366,382,383,511,511,511,511,459,256,311,511,479,509,447,511,511,511,479,509,447,459,256,256,256,256,256,256,256,256,256,256,256,256,256,256,256,256,256,256,256,256,256,256,256,256,256,0
0,256,256,256,256,256,256,256,256,256,256,256,256,256,256,256,256,256,256,256,256,256,256,439,511,511,511,511,511,511,511,511,511,511,511,459,256,311,511,511,511,491,256,256,256,256,256,256,256,256,256,256,256,256,256,503,511,511,511,507,256,256,256,256,256,256,256,256,256,256,256,256,256,375,511,511,511,459,256,311,511,459,256,277,413,413,413,413,413,413,445,447,511,511,511,475,256,256,256,256,256,256,256,256,256,256,256,256,256,256,256,256,256,311,511,511,511,511,511,459,256,311,511,511,511,511,511,459,256,311,511,511,511,511,511,511,459,256,311,459,256,256,311,511,511,511,511,511,511,511,511,511,459,256,311,511,507,256,503,511,511,511,507,256,503,491,256,256,256,256,256,256,256,256,256,256,256,256,256,256,256,256,256,256,256,256,256,256,256,256,256,0
0,256,256,256,256,256,256,256,256,256,256,256,256,256,256,256,256,256,256,256,256,256,256,311,511,511,511,511,511,511,511,511,511,511,511,459,256,311,511,511,511,495,494,366,366,366,366,366,366,366,366,366,366,366,382,383,479,509,447,495,494,366,366,366,366,366,366,366,366,366,366,366,382,383,511,511,511,459,256,311,511,491,256,256,256,256,256,256,256,256,256,439,511,511,511,459,256,294,366,366,366,366,366,366,366,366,366,366,366,366,366,330,256,311,511,511,511,511,511,459,256,311,511,511,511,511,511,459,256,311,511,511,511,511,511,511,459,256,311,459,256,256,311,511,479,509,447,511,511,511,511,511,459,256,309,447,495,510,383,511,511,511,495,510,383,495,494,366,366,366,366,366,366,366,330,256,256,256,256,256,256,256,256,256,256,256,256,256,256,256,256,0
0,256,256,256,256,256,256,256,256,256,256,256,256,256,256,256,256,256,256,256,256,256,256,277,413,445,447,511,511,511,511,511,511,511,511,459,256,311,511,511,511,511,511,511,511,511,511,511,511,511,511,511,511,511,511,511,507,512,503,511,511,511,511,511,511,511,511,511,511,511,511,511,511,511,511,511,511,459,256,311,511,495,494,366,366,366,366,366,366,330,256,311,511,511,511,459,256,311,511,511,511,511,511,511,511,511,511,511,511,511,511,459,256,311,511,511,511,511,511,459,256,311,511,511,511,511,511,459,256,311,479,509,447,511,511,511,459,256,311,491,256,256,375,511,507,256,503,511,511,511,511,511,491,256,256,405,413,413,413,413,413,413,413,413,413,413,413,413,413,413,445,447,511,511,459,256,256,256,256,256,256,256,256,256,256,256,256,256,256,256,256,0
0,256,256,256,256,256,256,256,256,256,256,256,256,256,256,256,256,256,256,256,256,256,256,256,256,256,439,479,477,413,413,413,413,413,413,393,256,311,511,511,511,511,511,511,511,511,511,511,511,511,511,511,511,511,511,511,495,766,383,511,511,511,511,511,511,511,511,511,511,511,511,511,511,511,511,511,511,459,256,311,511,511,511,511,511,511,511,511,511,459,256,311,511,511,511,459,256,311,511,511,511,511,511,511,511,511,511,511,511,511,511,459,256,311,511,511,511,511,511,459,256,311,511,511,511,511,511,491,256,375,507,256,503,511,511,511,459,256,311,495,494,382,383,511,495,510,383,511,511,511,511,511,495,490,256,256,256,256,256,256,256,256,256,256,256,256,256,256,256,256,256,439,511,511,459,256,256,256,256,256,256,256,256,256,256,256,256,256,256,256,256,0
0,256,256,256,256,256,256,256,256,256,256,256,256,256,256,256,256,256,256,256,256,256,256,256,256,256,311,507,256,256,256,256,256,256,256,256,256,375,511,511,511,511,511,511,511,511,511,511,511,511,511,511,511,511,511,511,511,511,511,511,511,511,511,479,477,413,413,413,413,413,413,413,445,447,511,511,511,459,256,311,511,511,511,511,511,511,511,511,511,459,256,311,511,511,511,459,256,311,511,511,511,511,511,511,511,511,511,511,511,511,511,491,256,375,511,511,511,511,511,459,256,311,511,511,511,511,511,495,510,383,495,510,383,511,511,511,459,256,277,413,413,413,413,413,413,413,445,447,511,511,511,511,511,495,494,366,366,366,366,366,366,366,366,366,366,366,366,366,366,330,256,311,511,511,459,256,256,256,256,256,256,256,256,256,256,256,256,256,256,256,256,0
0,256,256,256,256,256,256,256,256,256,256,256,256,256,256,256,256,256,256,256,256,256,256,256,256,256,277,397,396,268,268,268,268,268,268,268,284,285,413,413,413,445,447,511,511,511,479,477,413,413,413,413,413,413,413,413,413,413,413,445,447,511,511,475,256,256,256,256,256,256,256,256,256,439,511,511,511,459,256,311,511,511,511,511,511,511,511,511,511,459,256,311,511,511,511,459,256,311,511,511,511,511,511,511,511,511,511,511,511,511,511,495,510,383,511,511,511,511,511,459,256,311,511,511,511,511,511,511,511,511,511,511,511,511,511,511,491,256,256,256,256,256,256,256,256,256,256,439,511,511,511,511,511,511,511,511,511,511,511,511,511,511,511,511,511,511,511,511,511,459,256,311,511,511,459,256,256,256,256,256,256,256,256,256,256,256,256,256,256,256,256,0
0,256,256,256,256,256,256,256,256,256,256,256,256,256,256,256,256,256,256,256,256,256,256,256,256,256,256,256,256,256,256,256,256,256,256,256,256,256,256,256,256,256,439,511,511,511,507,256,256,256,256,256,256,256,256,256,256,256,256,256,439,511,511,459,256,294,366,366,366,366,366,330,256,311,511,511,511,459,256,311,511,511,511,511,511,511,511,511,511,459,256,311,511,511,511,459,256,311,511,511,511,511,511,511,511,511,511,511,511,511,511,511,511,511,511,511,511,511,511,459,256,311,511,511,511,511,511,511,511,511,479,509,447,511,511,511,495,494,366,366,366,366,366,366,366,330,256,311,511,511,511,511,511,479,477,413,413,413,413,413,445,447,511,511,511,511,511,511,511,459,256,311,511,511,459,256,256,256,256,256,256,256,256,256,256,256,256,256,256,256,256,0
0,256,256,256,256,256,256,256,256,256,256,256,256,256,256,256,256,294,366,366,366,366,366,366,366,366,366,366,366,366,366,366,366,366,366,366,366,366,366,366,330,256,311,511,511,511,495,494,366,366,366,366,366,366,330,256,294,366,330,256,311,511,511,459,256,311,511,511,511,511,511,459,256,311,511,511,511,459,256,311,511,511,511,511,511,511,511,511,511,459,256,311,511,511,511,459,256,311,511,511,511,511,511,511,511,511,511,511,511,511,511,511,511,511,511,511,511,511,511,459,256,311,511,511,511,511,511,511,511,511,475,256,439,511,511,511,511,511,511,511,511,511,511,511,511,459,256,311,511,511,511,511,511,507,256,256,256,256,256,256,256,439,511,511,511,511,511,511,511,459,256,311,511,511,459,256,256,256,256,256,256,256,256,256,256,256,256,256,256,256,256,0
0,256,256,256,256,256,256,256,256,256,256,256,256,256,256,256,256,311,511,511,511,511,511,511,511,511,511,511,511,511,511,511,511,511,511,511,511,511,511,511,459,256,311,511,511,511,511,511,511,511,511,511,511,511,459,256,311,511,459,256,311,511,511,459,256,311,511,511,511,511,511,459,256,311,511,511,511,459,256,311,511,511,511,511,511,511,511,511,511,459,256,311,511,511,511,459,256,311,511,511,511,511,511,511,511,511,511,511,511,511,511,511,511,511,511,511,511,511,511,459,256,311,511,511,511,511,511,511,511,511,459,256,311,511,511,511,511,511,511,511,511,511,511,511,511,491,256,375,511,511,511,511,511,495,494,366,366,334,332,264,256,311,511,511,511,511,511,511,511,459,256,311,511,511,459,256,256,256,256,256,256,256,256,256,256,256,256,256,256,256,256,0
0,256,256,256,256,256,256,256,256,256,256,256,256,256,256,256,256,311,511,511,511,511,511,511,511,511,511,511,511,511,511,511,511,511,511,511,511,511,511,511,459,256,311,511,511,511,479,477,413,413,413,445,447,511,459,256,311,511,459,256,311,511,511,459,256,311,511,511,511,511,511,459,256,311,511,511,511,459,256,311,511,511,511,511,511,511,511,511,511,459,256,311,511,511,511,459,256,311,511,511,511,511,511,511,511,511,511,511,511,511,511,511,511,511,511,511,511,511,511,459,256,311,511,511,511,511,511,511,511,511,459,256,311,511,511,511,511,511,511,511,511,511,511,511,511,495,510,383,511,511,511,511,511,479,509,447,511,507,256,256,256,311,511,511,511,511,511,511,511,459,256,311,511,511,459,256,256,256,256,256,256,256,256,256,256,256,256,256,256,256,256,0
0,256,256,256,256,256,256,256,256,256,256,256,256,256,256,256,256,311,511,511,511,511,479,477,413,413,413,413,413,413,413,413,413,413,413,445,447,511,511,511,459,256,311,511,511,511,475,256,256,256,256,256,439,511,459,256,311,511,459,256,311,511,511,459,256,311,511,511,511,511,511,459,256,311,511,511,511,459,256,311,511,511,511,511,511,511,511,511,511,459,256,311,511,511,511,459,256,309,415,509,447,511,511,511,511,511,479,509,447,511,511,511,511,511,479,509,447,511,511,459,256,311,511,511,511,511,511,511,511,511,459,256,311,511,511,511,511,511,479,509,447,511,511,511,511,479,509,447,511,511,511,511,511,475,256,439,511,495,494,330,256,311,511,511,511,511,511,511,511,459,256,311,511,511,459,256,256,256,256,256,256,256,256,256,256,256,256,256,256,256,256,0
0,256,256,256,256,256,256,256,256,256,256,256,256,256,256,256,256,311,511,511,511,511,475,256,256,256,256,256,256,256,256,256,256,256,256,256,439,511,511,511,459,256,311,511,511,511,459,256,294,366,330,256,311,511,459,256,311,511,459,256,311,511,511,459,256,311,511,511,511,511,511,459,256,311,511,511,511,459,256,311,511,511,511,511,511,511,511,511,511,459,256,311,511,511,511,459,256,256,401,256,405,413,413,413,413,413,409,256,405,445,447,479,477,413,409,256,405,413,413,393,256,311,511,511,511,511,511,511,511,511,459,256,311,511,511,511,511,511,475,256,439,511,511,511,511,507,256,503,511,511,511,511,511,459,256,311,511,511,511,459,256,311,511,511,511,511,511,511,511,459,256,311,511,511,459,256,256,256,256,256,256,256,256,256,256,256,256,256,256,256,256,0
0,256,256,256,256,256,256,256,256,256,256,256,256,256,256,256,256,311,511,511,511,511,459,256,256,256,256,256,256,256,256,256,256,256,256,256,311,511,511,511,459,256,311,511,511,511,459,256,311,511,459,256,311,511,459,256,311,511,459,256,311,511,511,459,256,311,511,511,511,511,511,459,256,311,511,511,511,459,256,277,413,413,413,413,413,413,413,445,447,459,256,311,511,511,511,491,256,256,256,256,256,256,256,256,256,256,256,256,256,256,503,507,256,256,256,256,256,256,256,256,256,375,511,511,511,511,511,511,511,511,459,256,311,511,511,511,511,511,459,256,311,511,511,511,511,495,510,383,511,511,511,511,511,459,256,277,413,413,413,393,256,311,511,511,511,511,511,511,511,459,256,311,511,511,459,256,256,256,256,256,256,256,256,256,256,256,256,256,256,256,256,0
0,256,256,256,256,256,256,256,256,256,256,256,256,256,256,256,256,311,511,511,511,511,459,256,256,256,256,256,256,256,256,256,256,256,256,256,311,511,511,511,459,256,311,511,511,511,459,256,311,511,459,256,311,511,459,256,311,511,459,256,311,511,511,459,256,311,511,511,511,511,511,459,256,311,511,511,511,491,256,256,256,256,256,256,256,256,256,256,503,491,256,375,511,511,511,495,494,366,366,366,366,366,366,366,366,366,366,366,366,382,383,495,494,366,366,366,366,366,366,366,382,383,511,511,511,511,511,511,511,511,459,256,311,511,511,511,511,511,459,256,311,511,511,511,511,479,509,447,511,511,511,511,511,491,256,256,256,256,256,256,256,375,479,477,413,413,413,413,413,393,256,311,511,511,459,256,256,256,256,256,256,256,256,256,256,256,256,256,256,256,256,0
0,256,256,256,256,256,256,256,256,256,256,256,256,256,256,256,256,311,511,511,511,511,459,256,256,256,256,256,256,256,256,256,256,256,256,256,311,511,511,511,459,256,311,511,511,511,459,256,311,511,459,256,311,511,491,256,375,511,459,256,311,511,511,459,256,311,511,511,511,511,511,459,256,311,511,511,511,495,494,366,366,366,366,366,366,366,366,382,383,495,510,383,511,511,511,511,511,511,511,511,511,511,511,511,511,511,479,509,447,511,511,511,511,511,511,511,511,511,511,511,511,511,479,477,413,413,413,413,413,413,393,256,277,413,413,413,413,413,393,256,311,511,511,511,511,475,256,439,511,511,511,511,511,495,494,366,366,366,366,366,382,383,475,256,256,256,256,256,256,256,256,343,477,413,393,256,256,256,256,256,256,256,256,256,256,256,256,256,256,256,256,0
0,256,256,256,256,256,256,256,256,256,256,256,256,256,256,256,256,311,511,511,511,511,459,256,256,256,256,256,256,256,256,256,256,256,256,256,311,511,511,511,459,256,311,511,511,511,459,256,311,511,459,256,311,511,495,510,383,511,459,256,311,511,511,459,256,311,511,511,511,511,511,459,256,311,511,511,511,511,511,479,509,447,511,511,511,511,511,511,511,511,511,511,511,511,511,511,511,511,511,511,511,511,511,511,511,511,507,256,503,511,511,511,511,511,511,511,511,479,509,447,511,511,507,256,256,256,256,256,256,256,256,256,256,256,256,256,256,256,256,256,375,511,511,511,511,459,256,311,511,511,511,511,511,511,511,511,511,511,511,511,511,511,459,256,294,366,366,366,366,366,382,347,256,256,256,256,256,256,256,256,256,256,256,256,256,256,256,256,256,256,256,0
0,256,256,256,256,256,256,256,256,256,256,256,256,256,256,256,256,311,511,511,511,511,459,256,256,256,256,256,256,256,256,256,256,256,256,256,311,511,511,511,459,256,311,511,511,511,459,256,311,511,459,256,311,511,511,511,511,511,459,256,311,511,511,459,256,311,511,511,511,511,511,459,256,311,511,511,511,511,511,507,256,503,511,511,511,511,511,511,511,511,511,511,511,511,511,511,479,509,447,511,511,511,511,511,511,511,495,510,383,511,511,511,511,511,511,511,511,475,256,439,511,511,495,494,366,366,366,366,366,366,330,256,294,366,330,256,294,366,366,382,383,511,511,511,511,459,256,311,511,511,511,511,511,511,511,511,511,511,511,511,511,511,459,256,311,511,511,511,511,511,511,459,256,256,256,256,256,256,256,256,256,256,256,256,256,256,256,256,256,256,256,0
0,256,256,256,256,256,256,256,256,256,256,256,256,256,256,256,256,311,511,511,511,511,459,256,256,256,256,256,256,256,256,256,256,256,256,256,311,511,511,511,459,256,311,511,511,511,459,256,311,511,459,256,277,413,413,445,447,511,459,256,311,511,511,459,256,311,511,511,511,511,511,459,256,311,511,511,511,511,511,495,510,383,511,511,511,511,511,511,511,511,511,511,511,511,511,511,507,256,503,511,511,511,511,511,511,511,511,511,511,511,511,511,511,511,511,511,511,459,256,311,511,511,511,511,511,511,511,511,511,511,459,256,311,511,459,256,311,511,511,511,511,511,511,511,511,459,256,277,413,413,445,447,511,511,479,477,413,413,413,413,413,413,393,256,311,479,477,413,413,413,413,393,256,256,256,256,256,256,256,256,256,256,256,256,256,256,256,256,256,256,256,0
0,256,256,256,256,256,256,256,256,256,256,256,256,256,256,256,256,311,511,511,511,511,459,256,256,256,256,256,256,256,256,256,256,256,256,256,311,511,511,511,459,256,311,511,511,511,459,256,311,511,491,256,256,256,256,256,503,511,459,256,311,511,511,459,256,311,511,511,511,511,511,459,256,311,511,511,511,511,511,511,511,511,511,511,511,511,511,511,511,511,511,511,511,511,511,511,495,510,383,511,511,511,511,511,511,511,511,511,511,511,511,511,511,511,511,511,511,459,256,311,511,511,511,511,511,511,511,511,511,511,459,256,311,511,459,256,311,511,511,511,511,511,511,511,511,491,256,256,256,256,256,503,511,511,475,256,256,256,256,256,256,256,256,256,375,475,256,256,256,256,256,256,256,256,256,256,256,256,256,256,256,256,256,256,256,256,256,256,256,256,256,0
0,256,256,256,256,256,256,256,256,256,256,256,256,256,256,256,256,311,511,511,511,511,459,256,256,256,256,256,256,256,256,256,256,256,256,256,311,511,511,511,459,256,311,511,511,511,459,256,311,511,495,494,366,366,366,382,383,511,459,256,311,511,511,459,256,309,447,511,511,511,511,459,256,311,511,511,511,511,511,511,511,511,511,511,511,511,511,479,509,447,511,511,511,511,511,511,511,511,511,511,511,511,511,511,511,511,511,511,511,511,511,511,511,511,511,511,511,459,256,311,511,511,511,511,511,479,509,447,511,511,459,256,311,511,459,256,311,511,511,511,511,511,511,511,511,495,494,366,366,366,382,383,511,511,491,256,358,362,256,358,362,256,358,382,383,459,256,256,256,256,256,256,256,256,256,256,256,256,256,256,256,256,256,256,256,256,256,256,256,256,256,0
0,256,256,256,256,256,256,256,256,256,256,256,256,256,256,256,256,277,413,445,447,511,491,256,256,256,256,256,256,256,256,256,256,256,256,256,375,511,511,511,459,256,311,511,511,511,459,256,311,511,511,511,511,511,511,511,511,511,459,256,311,511,511,459,256,256,503,479,509,447,511,459,256,311,511,511,511,511,511,511,511,511,511,511,511,511,511,507,256,503,511,511,511,511,511,511,511,511,511,511,511,511,511,511,511,511,511,479,509,447,511,511,511,511,511,511,511,459,256,311,511,511,511,511,511,475,256,439,511,511,459,256,311,511,459,256,311,511,511,511,511,511,511,511,511,511,511,511,511,511,511,511,511,511,495,510,383,495,510,383,495,510,351,477,413,393,256,256,256,256,256,256,256,256,256,256,256,256,256,256,256,256,256,256,256,256,256,256,256,256,256,0
0,256,256,256,256,256,256,256,256,256,256,256,256,256,256,256,256,256,256,256,439,511,495,494,366,366,366,366,366,366,366,366,366,366,366,382,383,511,511,511,459,256,311,511,511,511,459,256,311,511,479,477,413,413,413,413,413,413,393,256,311,511,511,491,256,374,383,507,256,503,511,491,256,375,511,511,511,511,511,511,511,511,511,511,511,511,511,495,510,383,511,511,511,511,511,511,511,511,511,511,511,511,511,511,511,511,511,507,256,503,511,511,511,511,511,511,511,459,256,311,511,511,511,511,511,459,256,311,511,511,459,256,311,511,459,256,311,511,511,511,511,511,511,511,511,479,509,447,479,509,447,479,509,447,479,509,447,479,509,447,511,511,475,256,256,256,256,256,256,256,256,256,256,256,256,256,256,256,256,256,256,256,256,256,256,256,256,256,256,256,256,0
0,256,256,256,256,256,256,256,256,256,256,256,256,256,256,256,256,256,256,256,311,511,511,511,511,511,511,511,511,511,511,511,511,511,511,511,511,511,511,511,459,256,311,511,511,511,459,256,311,511,475,256,256,256,256,256,256,256,256,256,311,511,511,495,510,383,511,495,510,383,511,495,510,383,511,511,511,511,511,511,479,509,447,511,511,511,511,511,511,479,509,447,511,511,511,511,511,511,511,511,511,511,511,511,511,511,511,495,510,383,511,511,511,511,511,511,511,459,256,311,511,511,511,511,511,459,256,311,511,511,459,256,311,511,459,256,311,511,511,511,511,511,511,511,511,507,256,503,507,256,503,507,256,503,507,256,503,507,256,503,511,511,459,256,256,256,256,256,256,256,256,256,256,256,256,256,256,256,256,256,256,256,256,256,256,256,256,256,256,256,256,0
0,256,256,256,256,256,256,256,256,256,256,256,256,256,256,256,256,256,256,256,277,413,413,413,413,445,447,511,511,511,511,511,511,511,511,511,511,511,511,511,459,256,311,511,511,511,459,256,311,511,459,256,294,366,366,366,366,366,330,256,311,511,511,511,511,511,511,511,511,511,511,511,511,511,511,511,511,511,511,511,507,256,503,511,511,511,511,511,511,507,256,503,511,511,511,479,477,413,413,445,447,511,511,511,511,511,511,511,511,511,511,511,511,511,511,511,511,459,256,277,413,413,413,413,413,393,256,311,511,511,491,256,375,511,491,256,375,511,511,511,511,511,511,511,511,495,510,383,495,510,383,495,510,383,495,510,383,495,510,383,511,511,459,256,256,256,256,256,256,256,256,256,256,256,256,256,256,256,256,256,256,256,256,256,256,256,256,256,256,256,256,0
0,256,256,256,256,256,256,256,256,256,256,256,256,256,256,256,256,256,256,256,256,256,256,256,256,256,439,511,511,511,511,511,511,511,511,511,511,511,511,511,459,256,311,511,511,511,459,256,311,511,459,256,311,511,511,511,511,511,459,256,311,511,511,511,511,511,511,511,511,511,511,511,511,511,511,511,511,511,511,511,495,510,383,511,511,511,511,511,511,495,510,383,511,511,511,475,256,256,256,256,437,447,511,511,511,511,511,511,511,511,511,511,511,511,511,511,511,491,256,256,256,256,256,256,256,256,256,311,511,511,495,510,383,511,495,510,383,511,511,511,511,511,511,511,511,511,511,511,511,511,511,511,511,511,511,511,511,511,511,511,511,511,459,256,256,256,256,256,256,256,256,256,256,256,256,256,256,256,256,256,256,256,256,256,256,256,256,256,256,256,256,0
0,256,256,256,256,256,256,256,256,256,256,256,256,256,256,256,256,256,256,256,256,256,256,256,256,256,311,511,511,511,511,511,511,511,511,511,511,511,511,511,459,256,311,511,511,511,459,256,311,511,459,256,311,511,479,509,447,511,459,256,311,511,511,511,511,511,511,479,477,445,415,477,445,447,511,511,511,511,511,511,511,511,511,511,511,511,511,511,511,511,511,511,511,511,511,459,256,256,256,256,256,437,447,511,511,511,511,511,511,511,511,511,511,511,511,511,511,495,494,366,366,366,366,366,366,330,256,311,511,511,511,511,511,511,511,511,511,511,511,511,511,511,511,511,511,511,511,511,511,511,511,511,511,511,511,511,511,511,511,511,511,511,459,256,256,256,256,256,256,256,256,256,256,256,256,256,256,256,256,256,256,256,256,256,256,256,256,256,256,256,256,0
0,256,256,256,256,256,256,256,256,256,256,256,256,256,256,256,256,256,256,256,256,256,256,256,256,256,277,413,445,447,511,511,511,511,511,511,511,511,511,479,457,256,311,511,511,511,459,256,311,511,459,256,311,511,475,256,439,511,459,256,311,511,511,511,511,511,511,475,256,256,499,256,256,439,511,511,511,511,511,511,511,511,511,511,511,511,511,511,511,511,511,511,511,511,511,459,256,256,256,256,256,256,439,511,511,511,511,511,511,511,511,511,511,511,511,511,511,511,511,511,511,511,511,511,511,459,256,311,511,511,511,511,511,511,511,511,511,511,511,511,511,511,511,511,511,511,511,511,511,511,511,511,511,511,511,511,511,511,511,511,511,511,459,256,256,256,256,256,256,256,256,256,256,256,256,256,256,256,256,256,256,256,256,256,256,256,256,256,256,256,256,0
0,256,256,256,256,256,256,256,256,256,256,256,256,256,256,256,256,256,256,256,256,256,256,256,256,256,256,256,256,405,413,413,413,413,413,445,447,511,479,473,256,256,375,511,511,511,459,256,311,511,459,256,311,511,459,256,311,511,459,256,311,511,511,511,511,511,511,491,256,374,367,458,256,311,511,511,511,511,511,511,511,511,511,511,511,511,511,511,511,511,511,511,511,511,511,459,256,256,256,256,256,256,311,511,511,479,509,447,511,511,511,511,511,511,511,511,511,511,511,511,511,511,511,511,511,459,256,311,511,511,479,509,447,511,479,509,447,511,511,511,511,511,511,511,511,511,511,511,511,511,511,511,511,511,511,511,511,511,511,511,511,511,459,256,256,256,256,256,256,256,256,256,256,256,256,256,256,256,256,256,256,256,256,256,256,256,256,256,256,256,256,0
0,256,256,256,256,256,256,256,256,256,256,256,256,256,256,256,256,256,256,256,256,256,256,256,256,256,256,256,256,256,256,256,256,256,256,256,503,511,507,256,256,374,383,511,511,511,459,256,311,511,459,256,311,511,459,256,311,511,459,256,311,511,511,511,511,511,511,463,508,319,511,459,256,311,511,511,511,511,511,511,511,511,511,511,511,511,511,511,511,511,511,511,511,511,511,491,256,256,256,256,256,256,375,511,511,507,256,503,511,511,511,511,511,511,511,511,511,511,511,511,511,511,511,511,511,459,256,311,511,511,475,256,439,511,475,256,439,511,511,511,511,511,511,511,511,479,509,447,479,509,447,479,509,447,479,509,447,479,509,447,511,511,459,256,256,256,256,256,256,256,256,256,256,256,256,256,256,256,256,256,256,256,256,256,256,256,256,256,256,256,256,0
0,256,256,256,256,256,256,256,256,256,256,256,256,256,256,256,256,256,256,256,256,256,256,256,256,256,256,256,256,294,366,366,366,366,366,382,383,511,495,494,382,383,511,511,511,511,459,256,311,511,459,256,311,511,459,256,277,413,393,256,311,511,511,511,511,511,511,475,256,437,415,457,256,311,511,511,511,511,511,511,511,511,511,511,511,511,511,511,511,511,511,511,511,511,511,495,458,256,256,256,256,374,383,511,511,495,510,383,511,511,511,511,511,511,511,511,511,511,511,511,511,511,511,511,511,459,256,311,511,511,459,256,311,511,459,256,311,511,511,511,511,511,511,511,511,507,256,503,507,256,503,507,256,503,507,256,503,507,256,503,511,511,459,256,256,256,256,256,256,256,256,256,256,256,256,256,256,256,256,256,256,256,256,256,256,256,256,256,256,256,256,0
0,256,256,256,256,256,256,256,256,256,256,256,256,256,256,256,256,256,256,256,256,256,256,256,256,256,256,256,256,311,511,511,511,511,511,511,511,511,511,511,511,511,511,511,511,511,459,256,311,511,491,256,375,511,459,256,256,256,256,256,311,511,511,511,511,511,511,491,256,256,499,256,256,375,511,511,511,479,509,447,511,511,511,511,479,509,447,511,511,511,511,511,511,511,511,479,457,256,256,256,374,383,511,511,511,511,511,511,511,511,511,511,479,509,447,511,511,511,511,511,511,511,511,511,511,459,256,311,511,511,459,256,311,511,459,256,311,511,511,511,511,511,511,511,511,495,510,383,495,510,383,495,510,383,495,510,383,495,510,383,511,511,491,256,256,256,256,256,256,256,256,256,256,256,256,256,256,256,256,256,256,256,256,256,256,256,256,256,256,256,256,0
0,256,256,256,256,256,256,256,256,256,256,256,256,256,256,256,256,256,256,256,256,256,256,256,256,256,256,256,256,311,511,511,511,511,511,511,511,511,511,511,511,511,511,511,511,511,459,256,311,511,495,510,383,511,459,256,294,366,330,256,311,511,511,511,511,511,511,495,494,382,367,494,382,383,511,511,511,507,256,503,511,511,511,511,507,256,503,511,511,511,511,511,511,511,511,507,256,256,256,374,383,511,511,511,511,511,511,511,511,511,511,511,507,256,503,511,511,479,477,413,413,413,413,413,413,393,256,311,511,511,459,256,311,511,459,256,311,511,511,511,511,511,511,511,511,511,511,511,511,511,511,511,511,511,479,509,447,479,509,447,479,509,431,494,366,330,256,256,256,256,256,256,256,256,256,256,256,256,256,256,256,256,256,256,256,256,256,256,256,256,256,0
0,256,256,256,256,256,256,256,256,256,256,256,256,256,256,256,256,256,256,256,256,256,256,256,256,256,256,256,256,311,511,511,511,511,511,511,511,511,511,511,511,511,511,511,511,511,459,256,311,511,511,511,511,511,459,256,311,511,459,256,311,511,511,511,511,511,511,511,511,511,511,511,511,511,511,511,511,495,510,383,511,511,511,511,495,510,383,511,511,511,511,511,511,511,511,495,494,366,382,383,511,511,511,511,511,511,511,511,511,511,511,511,495,510,383,511,511,507,256,256,256,256,256,256,256,256,256,311,511,511,459,256,311,511,459,256,311,511,511,511,511,511,511,511,511,511,479,477,413,413,413,445,447,511,475,256,405,409,256,405,409,256,405,445,447,459,256,256,256,256,256,256,256,256,256,256,256,256,256,256,256,256,256,256,256,256,256,256,256,256,256,0
0,256,256,256,256,256,256,256,256,256,256,256,256,256,256,256,256,256,256,256,256,256,256,256,256,256,256,256,256,311,511,511,511,511,511,511,511,511,511,511,511,511,511,511,511,511,459,256,277,413,413,445,447,511,459,256,311,511,459,256,311,511,511,511,511,511,511,511,511,511,511,511,511,511,511,511,511,511,511,511,511,511,511,511,511,511,511,511,511,511,511,511,511,511,511,511,511,511,511,511,511,511,511,511,511,511,511,511,511,511,511,511,511,511,511,511,511,495,494,366,366,366,366,366,366,330,256,311,511,511,459,256,311,511,459,256,311,511,511,511,511,511,511,511,511,511,475,256,256,256,256,256,503,511,491,256,256,256,256,256,256,256,256,256,439,491,256,256,256,256,256,256,256,256,256,256,256,256,256,256,256,256,256,256,256,256,256,256,256,256,256,0
0,256,256,256,256,256,256,256,256,256,256,256,256,256,256,256,256,256,256,256,256,256,256,256,256,256,256,256,256,277,413,413,413,413,413,445,447,511,479,477,413,445,447,511,511,511,459,256,256,256,256,256,503,511,459,256,311,511,459,256,311,511,511,511,511,511,511,511,511,511,511,511,511,511,511,511,511,511,511,511,511,511,511,511,511,511,511,511,511,511,511,511,511,511,511,511,511,511,511,511,511,511,511,511,511,511,511,511,511,511,511,511,511,511,511,511,511,511,511,511,511,511,511,511,511,459,256,311,511,511,459,256,311,511,459,256,311,511,511,511,511,511,511,511,511,511,459,256,294,366,366,382,383,511,495,494,366,366,366,366,366,366,330,256,311,495,494,366,366,366,366,330,256,256,256,256,256,256,256,256,256,256,256,256,256,256,256,256,256,256,256,0
0,256,256,256,256,256,256,256,256,256,256,256,256,256,256,256,256,256,256,256,256,256,256,256,256,256,256,256,256,256,256,256,256,256,256,256,503,511,507,256,256,256,439,511,511,511,459,256,294,366,366,382,383,511,459,256,311,511,459,256,311,511,511,511,511,511,511,511,511,511,511,511,511,511,511,511,511,511,511,511,511,511,511,511,511,511,511,511,511,479,509,447,511,511,511,511,511,511,511,511,511,511,511,511,511,511,511,511,511,511,511,511,511,511,511,511,511,511,511,511,511,511,511,511,511,459,256,311,511,511,459,256,277,413,393,256,277,413,413,445,447,511,511,511,511,511,459,256,311,511,511,511,511,511,511,511,511,511,511,511,511,511,459,256,309,447,511,511,511,511,511,459,256,256,256,256,256,256,256,256,256,256,256,256,256,256,256,256,256,256,256,0
0,256,256,256,256,256,256,256,256,256,256,256,256,256,256,256,256,256,256,256,256,256,256,256,256,256,256,256,256,358,366,366,366,366,366,382,383,511,495,494,330,256,311,511,511,511,459,256,311,511,511,511,511,511,459,256,311,511,459,256,311,511,511,511,511,511,511,511,511,511,511,511,511,511,511,511,511,511,511,511,511,511,511,511,511,511,511,511,511,507,256,503,511,511,511,511,511,511,511,511,511,511,511,511,511,511,511,511,511,511,511,511,511,511,511,511,511,511,511,511,511,511,511,511,511,459,256,311,511,511,459,256,256,256,256,256,256,256,256,256,439,511,511,511,511,511,459,256,311,511,511,511,511,511,511,511,511,511,511,511,511,511,491,256,256,405,413,413,413,413,445,427,256,256,256,256,256,256,256,256,256,256,256,256,256,256,256,256,256,256,256,0
0,256,256,256,256,256,256,256,256,256,256,256,256,256,256,256,256,256,256,256,256,256,256,256,256,256,294,366,382,383,511,511,511,511,511,511,511,511,511,511,459,256,311,511,511,511,459,256,277,413,413,445,447,511,459,256,311,511,459,256,311,511,511,479,477,413,413,413,445,447,511,479,477,413,413,413,445,447,511,511,511,511,511,511,511,511,511,511,511,495,510,383,511,511,511,511,511,511,511,511,479,509,447,511,511,511,511,511,511,511,511,511,511,511,511,511,511,511,511,511,511,511,511,511,511,459,256,311,511,511,459,256,294,366,366,366,366,366,330,256,311,511,511,511,511,511,491,256,375,511,511,511,511,479,477,413,413,413,413,413,445,447,495,490,256,256,256,256,256,256,256,423,494,366,330,256,256,256,256,256,256,256,256,256,256,256,256,256,256,256,256,0
0,256,256,256,256,256,256,256,256,256,256,256,256,256,256,256,256,256,256,256,256,256,256,256,256,256,311,511,511,511,511,511,511,511,511,511,511,511,511,511,459,256,311,511,511,511,459,256,256,256,256,256,439,511,491,256,375,511,459,256,311,511,511,475,256,256,256,256,256,503,511,507,256,256,256,256,256,439,511,511,511,511,511,511,511,511,511,511,511,511,511,511,511,511,511,511,511,511,511,511,507,256,503,511,511,511,511,511,511,511,511,511,511,511,511,511,511,511,511,511,511,511,511,511,511,459,256,311,511,511,459,256,311,511,511,511,511,511,459,256,311,511,511,511,511,511,495,510,383,511,511,511,511,475,256,256,256,256,256,256,256,439,511,495,494,366,366,366,366,330,256,311,511,511,459,256,256,256,256,256,256,256,256,256,256,256,256,256,256,256,256,0
0,256,256,256,256,256,256,256,256,256,256,256,256,256,256,256,256,256,256,256,256,256,256,256,256,256,375,511,511,511,511,511,511,511,511,511,511,511,511,511,459,256,311,511,511,511,459,256,294,366,330,256,311,511,495,510,383,511,459,256,311,511,511,459,256,294,366,366,382,383,511,495,494,366,366,330,256,311,511,511,511,511,511,511,511,511,511,511,511,511,511,511,511,511,511,511,511,511,511,511,495,510,383,511,511,511,511,511,511,511,511,511,511,511,511,511,511,511,511,511,511,479,477,413,413,393,256,311,511,511,459,256,311,511,511,511,511,511,459,256,311,511,511,511,511,511,479,509,447,511,511,511,511,459,256,294,366,366,366,330,256,311,511,511,511,511,511,511,511,459,256,311,511,511,459,256,256,256,256,256,256,256,256,256,256,256,256,256,256,256,256,0
0,256,256,256,256,256,256,256,256,256,256,256,256,256,256,256,256,256,256,256,294,366,366,366,366,382,383,511,511,511,511,511,511,511,511,511,511,511,511,511,459,256,311,511,511,511,459,256,311,511,459,256,311,511,511,511,511,511,459,256,311,511,511,459,256,311,511,511,511,511,511,511,511,511,511,459,256,311,511,511,511,511,511,511,511,511,511,511,511,511,511,511,511,511,511,511,511,511,511,511,511,511,511,511,511,511,511,511,511,511,511,511,511,511,511,511,511,511,511,511,511,475,256,256,256,256,256,375,511,511,459,256,311,511,511,511,511,511,491,256,375,511,511,511,511,511,507,256,503,511,511,511,511,459,256,311,479,477,445,395,256,311,511,511,511,511,511,511,511,459,256,311,511,511,459,256,256,256,256,256,256,256,256,256,256,256,256,256,256,256,256,0
0,256,256,256,256,256,256,256,256,256,256,256,256,256,256,256,256,256,256,256,311,511,511,511,511,511,511,511,511,511,511,511,511,511,511,511,511,511,511,511,459,256,311,511,511,511,459,256,311,511,459,256,311,511,479,477,413,413,393,256,311,511,511,459,256,311,511,511,511,511,511,511,511,511,511,459,256,311,511,479,477,413,413,413,413,413,413,413,413,413,413,413,445,447,511,511,511,511,511,511,511,511,511,479,477,413,413,413,413,413,413,413,413,413,413,413,445,447,511,511,511,459,256,294,366,366,382,383,511,511,459,256,311,511,511,511,511,511,495,510,383,511,511,511,511,511,495,510,383,511,511,511,511,491,256,375,507,256,256,451,256,311,511,511,511,511,511,511,511,459,256,311,511,511,459,256,256,256,256,256,256,256,256,256,256,256,256,256,256,256,256,0
0,256,256,256,256,256,256,256,256,256,256,256,256,256,256,256,256,256,256,256,375,511,479,477,413,413,413,413,413,413,413,413,413,413,413,445,447,511,511,511,459,256,311,511,511,511,459,256,311,511,491,256,375,511,507,256,256,256,256,256,311,511,511,459,256,311,511,511,511,511,511,511,511,511,511,459,256,311,511,475,256,256,256,256,256,256,256,256,256,256,256,256,256,439,511,511,511,511,511,511,511,511,511,475,256,256,256,256,256,256,256,256,322,256,256,256,256,439,511,511,511,459,256,311,511,511,511,511,511,511,459,256,311,511,511,511,511,511,511,511,511,511,511,511,511,511,479,509,447,511,511,511,511,495,510,383,495,494,382,331,256,311,511,511,511,511,511,511,511,459,256,311,511,511,459,256,256,256,256,256,256,256,256,256,256,256,256,256,256,256,256,0
0,256,256,256,256,256,256,256,256,256,256,256,256,256,256,256,256,294,366,382,383,511,475,256,256,256,256,256,256,256,256,256,256,256,256,256,439,511,511,511,459,256,311,511,511,511,459,256,311,511,495,510,383,511,495,494,366,366,330,256,311,511,511,459,256,311,511,511,511,511,511,511,511,511,511,459,256,311,511,459,256,256,358,366,362,256,358,366,362,256,358,330,256,311,511,511,511,511,511,511,511,511,511,459,256,290,256,358,366,362,256,374,363,256,358,330,256,311,511,511,511,459,256,311,511,511,511,511,511,511,459,256,311,511,511,511,511,511,511,511,511,511,511,511,511,511,475,256,439,511,511,511,511,479,477,413,413,413,413,393,256,311,511,511,511,511,511,511,511,459,256,311,511,511,459,256,256,256,256,256,256,256,256,256,256,256,256,256,256,256,256,0
0,256,256,256,256,256,256,256,256,256,256,256,256,256,256,256,256,311,511,511,511,511,459,256,256,256,256,256,256,256,256,256,256,256,256,256,311,511,511,511,459,256,311,511,511,511,459,256,311,511,511,511,511,511,511,511,511,511,459,256,311,511,511,459,256,311,511,511,511,511,511,511,511,511,511,459,256,311,511,459,256,310,383,511,495,510,383,511,495,510,383,459,256,311,511,511,511,511,511,511,511,511,511,459,256,295,510,383,511,495,510,383,495,510,383,459,256,311,511,511,511,459,256,311,511,511,511,511,511,511,491,256,375,511,511,511,511,511,511,511,511,511,511,511,511,511,459,256,311,511,511,511,511,507,256,256,256,256,256,256,256,375,511,511,511,511,511,511,511,459,256,311,511,511,459,256,256,256,256,256,256,256,256,256,256,256,256,256,256,256,256,0
0,256,256,256,256,256,256,256,256,256,256,256,256,256,256,256,256,311,511,511,511,511,459,256,256,256,256,256,256,256,256,256,256,256,256,256,311,511,511,511,459,256,311,511,511,511,459,256,277,413,413,413,413,413,413,445,447,511,459,256,311,511,511,459,256,311,511,511,511,511,511,511,511,511,511,459,256,311,511,459,256,311,511,511,511,511,511,511,511,511,511,459,256,277,413,413,445,447,511,479,477,413,413,393,256,311,511,511,511,511,511,511,511,511,511,459,256,311,511,511,511,459,256,311,511,511,511,511,511,511,495,510,383,511,511,511,511,479,477,413,413,413,413,413,413,413,393,256,311,511,511,511,511,495,494,366,366,366,366,366,382,383,511,511,511,511,511,511,511,459,256,311,511,511,459,256,256,256,256,256,256,256,256,256,256,256,256,256,256,256,256,0
0,256,256,256,256,256,256,256,256,256,256,256,256,256,256,256,256,311,511,511,511,511,459,256,256,256,256,256,256,256,256,256,256,256,256,256,311,511,511,511,459,256,311,511,511,511,459,256,256,256,256,256,256,256,256,256,503,511,459,256,311,511,511,459,256,311,511,511,511,511,511,511,511,511,511,459,256,311,511,459,256,311,511,511,511,511,511,511,511,511,511,491,256,256,256,256,256,503,511,507,256,256,256,256,256,375,511,511,511,511,511,511,511,511,511,459,256,311,511,511,511,459,256,311,511,511,511,511,511,511,511,511,511,511,511,511,511,475,256,256,256,256,256,256,256,256,256,256,375,511,511,511,511,511,511,511,511,511,511,511,511,511,511,511,511,511,511,511,511,459,256,311,511,511,459,256,256,256,256,256,256,256,256,256,256,256,256,256,256,256,256,0
0,256,256,256,256,256,256,256,256,256,256,256,256,256,256,256,256,311,511,511,511,511,459,256,256,256,256,256,256,256,256,256,256,256,256,256,311,511,511,511,459,256,311,511,511,511,459,256,294,366,330,256,294,366,366,382,383,511,459,256,311,511,511,459,256,311,511,511,511,511,511,511,511,511,511,459,256,311,511,459,256,311,511,479,477,413,413,413,445,447,511,495,494,366,366,366,382,383,511,495,494,366,366,366,382,383,479,477,413,413,413,445,447,511,511,459,256,311,511,511,511,459,256,311,511,511,511,479,509,447,479,509,447,511,511,479,477,393,256,294,366,366,366,366,366,366,366,382,383,511,511,511,511,479,477,413,413,413,413,413,413,413,413,413,413,413,413,413,413,393,256,311,511,511,459,256,256,256,256,256,256,256,256,256,256,256,256,256,256,256,256,0
0,256,256,256,256,256,256,256,256,256,256,256,256,256,256,256,256,311,511,511,511,511,459,256,256,256,256,256,256,256,256,256,256,256,256,256,311,511,511,511,459,256,311,511,511,511,459,256,311,511,459,256,311,511,511,511,511,511,459,256,311,511,511,459,256,311,511,511,511,511,511,511,511,511,511,459,256,311,511,459,256,311,511,475,256,256,256,256,256,439,511,511,511,511,511,511,511,511,511,511,511,511,511,511,511,511,475,256,256,256,256,256,439,511,511,459,256,311,511,511,511,459,256,311,511,511,511,475,256,439,507,256,503,511,511,475,512,512,256,311,479,509,447,511,479,509,447,511,511,511,511,511,479,473,256,256,256,256,256,256,256,256,256,256,256,256,256,256,256,256,256,375,511,511,459,256,256,256,256,256,256,256,256,256,256,256,256,256,256,256,256,0
0,256,256,256,256,256,256,256,256,256,256,256,256,256,256,256,256,311,511,511,511,511,459,256,256,256,256,256,256,256,256,256,256,256,256,256,311,511,511,511,459,256,311,511,511,511,459,256,311,511,459,256,311,511,479,509,447,511,459,256,311,511,511,459,256,311,511,511,511,511,511,511,511,511,511,459,256,311,511,459,256,311,511,459,256,256,256,256,256,311,511,511,511,511,511,511,511,511,511,511,511,511,511,511,511,511,459,256,256,256,256,256,311,511,511,459,256,311,511,511,511,459,256,311,511,511,511,459,256,311,495,510,383,511,511,491,512,512,256,311,507,256,503,511,507,256,503,511,511,511,511,511,475,256,256,358,366,366,366,366,366,366,366,366,366,366,366,366,366,366,382,383,511,511,459,256,256,256,256,256,256,256,256,256,256,256,256,256,256,256,256,0
0,256,256,256,256,256,256,256,256,256,256,256,256,256,256,256,256,311,511,511,511,511,459,256,256,256,256,256,256,256,256,256,256,256,256,256,311,511,511,511,459,256,311,511,511,511,491,256,375,511,491,256,375,511,475,256,439,511,459,256,311,511,511,459,256,311,511,511,511,511,511,511,511,511,511,459,256,311,511,459,256,311,511,459,256,256,256,256,256,311,511,511,511,511,511,511,511,511,511,511,511,511,511,511,511,511,459,256,256,256,256,256,311,511,511,459,256,311,511,511,511,459,256,311,511,511,511,459,256,311,511,511,511,511,511,495,750,586,256,311,495,478,349,445,431,510,383,511,511,511,511,511,459,256,310,383,511,511,511,511,511,511,511,511,511,479,477,413,413,413,413,413,413,413,393,256,256,256,256,256,256,256,256,256,256,256,256,256,256,256,256,0
0,256,256,256,256,256,256,256,256,256,256,256,256,256,256,256,256,311,511,511,511,511,459,256,256,256,256,256,256,256,256,256,256,256,256,256,311,511,511,511,459,256,311,511,511,511,495,510,383,511,495,510,383,511,459,256,311,511,459,256,311,511,511,459,256,311,511,511,511,511,511,511,511,511,511,459,256,311,511,459,256,311,511,459,256,256,256,256,256,311,511,511,511,511,511,511,511,511,511,511,511,511,511,511,511,511,459,256,256,256,256,256,311,511,511,459,256,311,511,511,511,459,256,311,511,511,511,459,256,311,511,511,511,511,511,511,511,459,256,311,511,475,256,256,439,511,511,511,511,511,511,511,459,256,311,511,511,511,511,511,511,511,511,511,511,475,256,256,256,256,256,256,256,256,256,256,256,256,256,256,256,256,256,256,256,256,256,256,256,256,256,0
0,256,256,256,256,256,256,256,256,256,256,256,256,256,256,256,256,311,511,511,511,511,491,256,256,256,256,256,256,256,256,256,256,256,256,256,375,511,511,511,459,256,311,511,511,511,511,511,511,511,479,509,447,511,459,256,311,511,459,256,311,511,511,459,256,311,511,511,511,511,511,511,511,511,511,459,256,311,511,459,256,311,511,491,256,256,256,256,256,375,511,511,511,511,511,511,511,511,511,511,511,511,511,511,511,511,491,256,256,256,256,256,375,511,511,459,256,311,511,511,511,459,256,311,511,511,511,459,256,311,511,511,511,511,511,511,511,459,256,311,511,459,256,256,311,511,511,511,511,511,511,511,459,256,311,511,511,511,511,511,511,511,511,511,511,459,256,256,256,256,256,256,256,256,256,256,256,256,256,256,256,256,256,256,256,256,256,256,256,256,256,0
0,256,256,256,256,256,256,256,256,256,256,256,256,256,256,256,256,311,511,511,511,511,495,494,366,366,366,366,366,366,366,366,366,366,366,382,383,511,511,511,459,256,311,511,511,511,479,509,447,511,475,256,439,511,459,256,277,413,393,256,311,511,511,459,256,311,511,511,511,511,511,511,511,511,511,459,256,311,511,459,256,311,511,495,494,366,366,366,382,383,511,511,511,511,511,511,511,511,511,511,511,511,511,511,511,511,495,494,366,366,366,382,383,511,511,459,256,311,511,511,511,459,256,311,511,511,511,459,256,311,511,511,511,511,511,511,511,459,256,311,511,491,256,256,375,511,511,511,511,511,511,511,459,256,311,511,511,511,479,509,447,511,511,511,511,459,256,256,256,256,256,256,256,256,256,256,256,256,256,256,256,256,256,256,256,256,256,256,256,256,256,0
0,256,256,256,256,256,256,256,256,256,256,256,256,256,256,256,256,311,511,511,511,511,511,511,511,511,511,511,511,511,511,511,511,511,511,511,511,511,511,511,459,256,311,511,511,511,475,256,439,511,459,256,311,511,491,256,256,256,256,256,375,511,511,459,256,311,511,511,511,511,511,511,511,511,511,459,256,311,511,459,256,311,511,511,511,511,511,511,511,511,511,511,511,511,511,511,511,511,511,511,511,511,511,511,511,511,511,511,511,511,511,511,511,511,511,459,256,311,511,511,511,459,256,311,511,511,511,459,256,311,511,511,511,511,511,511,511,459,256,277,413,397,396,284,285,413,413,445,447,511,511,511,459,256,311,511,511,511,507,256,503,511,511,511,511,491,256,256,256,256,256,256,256,256,256,256,256,256,256,256,256,256,256,256,256,256,256,256,256,256,256,0
0,256,256,256,256,256,256,256,256,256,256,256,256,256,256,256,256,311,511,511,511,511,511,511,511,511,511,511,511,511,511,511,511,511,511,511,511,511,511,479,457,256,311,511,511,511,459,256,311,511,459,256,311,511,495,494,366,366,366,382,383,511,511,459,256,311,511,511,511,511,511,511,511,511,511,459,256,311,511,459,256,311,511,511,511,511,511,511,511,511,511,511,511,511,511,511,511,511,511,511,511,511,511,511,511,511,511,511,511,511,511,511,511,511,511,459,256,311,511,511,511,459,256,311,511,511,511,459,256,311,511,511,511,511,511,511,511,491,256,256,256,256,256,256,256,256,256,256,503,511,511,511,459,256,311,511,511,511,495,510,383,511,511,511,511,495,494,366,330,256,256,256,256,256,256,256,256,256,256,256,256,256,256,256,256,256,256,256,256,256,256,0
0,256,256,256,256,256,256,256,256,256,256,256,256,256,256,256,256,277,413,413,413,413,413,413,413,413,413,413,413,413,413,413,413,413,413,413,413,413,413,409,256,256,375,479,509,447,459,256,311,511,459,256,311,511,511,511,511,511,511,511,511,511,511,459,256,311,511,511,511,511,511,511,511,511,511,459,256,311,511,459,256,311,511,511,511,511,511,511,511,511,511,511,511,511,511,511,511,511,511,511,511,511,511,511,511,511,511,511,511,511,511,511,511,511,511,459,256,311,511,511,511,491,256,375,511,511,511,459,256,311,511,511,511,511,511,511,511,495,494,366,366,366,366,366,366,366,366,382,383,511,511,511,491,256,375,511,511,511,511,511,511,511,511,511,511,511,511,511,459,256,256,256,256,256,256,256,256,256,256,256,256,256,256,256,256,256,256,256,256,256,256,0
0,256,256,256,256,256,256,256,256,256,256,256,256,256,256,256,256,256,256,256,256,256,256,256,256,256,256,256,256,256,256,256,256,256,256,256,256,256,256,256,256,374,383,507,512,503,459,256,277,413,393,256,277,413,413,413,413,413,413,445,447,511,511,459,256,277,413,413,413,413,413,413,413,413,413,393,256,311,511,459,256,277,413,413,413,413,413,413,413,413,413,413,413,413,413,413,413,413,413,413,413,413,413,413,413,413,413,413,413,413,413,413,413,413,413,393,256,311,511,511,511,495,510,383,511,511,511,459,256,311,511,511,511,511,511,511,511,511,511,511,511,511,511,511,511,511,511,511,511,511,511,511,495,510,383,511,511,511,511,511,511,511,511,511,511,511,511,511,491,256,256,256,256,256,256,256,256,256,256,256,256,256,256,256,256,256,256,256,256,256,256,0
0,256,256,256,256,256,256,256,256,256,256,256,256,256,256,256,256,256,256,256,256,256,256,256,256,256,294,334,332,268,268,268,268,268,268,268,300,302,366,366,382,383,511,495,766,383,491,256,256,256,256,256,256,256,256,256,256,256,256,256,503,511,511,491,256,256,256,256,256,256,256,256,256,256,256,256,256,375,511,491,256,256,256,256,256,256,256,256,256,256,256,256,256,256,256,256,256,256,256,256,256,256,256,256,256,256,256,256,256,256,256,256,256,256,256,256,256,375,511,511,511,511,511,511,511,511,511,459,256,311,511,511,511,511,511,511,511,511,511,511,511,511,511,511,511,511,511,511,511,511,511,511,511,511,511,511,511,511,511,511,511,511,511,511,511,511,511,511,495,494,366,330,256,256,256,256,256,256,256,256,256,256,256,256,256,256,256,256,256,256,256,0
0,256,256,256,256,256,256,256,256,256,256,256,256,256,256,256,256,256,256,256,256,256,256,256,256,256,311,507,256,256,256,256,256,256,256,256,256,439,511,511,511,511,511,511,511,511,495,494,366,366,330,256,256,256,256,256,294,366,366,382,383,511,511,495,494,366,366,366,366,366,366,366,366,366,366,366,382,383,511,495,494,366,366,366,366,366,366,366,366,366,366,366,366,366,366,366,366,366,366,366,366,366,366,366,366,366,366,366,366,366,366,366,366,366,366,366,382,383,511,511,511,511,511,511,511,511,511,459,256,277,413,413,413,413,413,413,413,413,413,413,445,447,511,511,479,477,413,413,413,413,413,445,447,511,511,479,477,413,413,413,413,413,413,413,413,445,447,479,477,413,413,393,256,256,256,256,256,256,256,256,256,256,256,256,256,256,256,256,256,256,256,0
0,256,256,256,256,256,256,256,256,256,256,256,256,256,256,256,256,256,256,256,256,256,256,256,256,256,375,495,494,366,366,366,366,366,366,330,256,311,511,511,511,511,511,511,511,511,511,511,511,511,459,256,256,256,256,256,311,511,511,511,511,511,511,511,511,511,511,511,511,511,511,511,511,511,511,511,511,511,511,511,511,511,511,511,511,511,511,511,511,511,511,511,511,511,511,511,511,511,511,511,511,511,511,511,511,511,511,511,511,511,511,511,511,511,511,511,511,511,511,511,511,511,511,511,511,511,511,491,256,256,256,256,256,256,256,256,256,256,256,256,256,503,511,511,507,256,256,256,256,256,256,256,503,511,511,475,256,256,256,256,256,256,256,256,256,256,503,507,256,256,256,256,256,256,256,256,256,256,256,256,256,256,256,256,256,256,256,256,256,256,256,0
0,256,256,256,256,256,256,256,256,256,256,256,256,256,256,256,256,256,256,256,256,256,256,294,366,382,383,511,511,511,511,511,511,511,511,459,256,311,511,511,511,511,511,511,511,511,479,477,413,413,393,256,256,256,256,256,277,413,413,445,447,511,511,511,511,511,511,511,511,511,511,511,511,511,511,511,511,511,511,511,511,511,511,511,511,511,511,511,511,511,511,511,511,511,511,511,511,511,511,511,511,511,511,511,511,511,511,511,511,511,511,511,511,511,511,511,511,511,511,511,511,511,511,511,511,511,511,495,494,366,366,366,366,366,366,366,366,366,366,366,382,383,511,511,495,494,366,366,366,366,366,382,383,511,511,459,256,294,366,366,366,366,366,366,366,382,383,495,494,366,366,334,332,300,266,256,256,256,256,256,256,256,256,256,256,256,256,256,256,256,256,0
0,256,256,256,256,256,256,256,256,256,256,256,256,256,256,256,256,256,256,256,256,256,256,311,511,511,511,511,511,511,511,511,511,511,511,459,256,311,511,511,511,511,511,511,511,511,475,256,256,256,256,256,256,256,256,256,256,256,256,256,439,511,511,511,511,511,511,511,511,511,511,511,511,511,511,511,511,511,511,511,511,511,511,511,511,511,511,511,511,479,477,445,447,511,511,511,511,511,511,511,511,511,511,511,511,511,511,511,511,511,511,511,511,511,511,511,511,511,511,511,511,511,511,511,511,511,511,511,511,511,511,511,511,511,511,511,511,511,511,511,511,511,511,511,511,511,511,511,511,511,511,511,511,511,511,459,256,311,511,511,511,511,511,511,511,511,511,511,511,511,511,475,512,512,387,256,256,256,256,256,256,256,256,256,256,256,256,256,256,256,256,0
0,256,256,256,256,256,256,256,256,256,256,256,256,256,256,256,256,256,256,256,256,256,256,375,511,511,511,511,511,511,511,511,511,511,511,459,256,311,511,511,511,511,511,511,511,511,459,256,294,366,334,364,302,334,364,302,330,512,258,256,311,511,511,511,511,511,511,511,511,511,511,511,511,511,511,511,511,511,511,511,511,511,511,511,511,511,511,511,511,475,512,512,439,511,511,511,511,511,511,511,511,511,511,511,511,511,511,511,511,511,511,511,511,511,511,511,511,511,511,511,511,511,511,511,511,511,511,511,511,511,511,511,511,511,511,511,511,511,511,511,511,511,511,511,511,511,511,511,511,511,511,511,511,511,511,459,256,311,511,511,511,511,511,511,511,511,511,511,511,511,511,491,512,512,323,256,256,256,256,256,256,256,256,256,256,256,256,256,256,256,256,0
0,256,256,256,256,256,256,256,256,256,256,256,256,256,256,256,256,256,256,256,294,366,382,383,479,477,413,413,413,413,413,413,445,447,511,459,256,311,511,511,511,511,511,511,511,511,459,256,311,511,475,256,439,475,256,439,459,512,259,256,311,511,511,511,511,511,511,511,511,511,511,511,511,511,511,511,511,511,511,511,511,511,511,511,511,511,511,511,511,491,512,512,375,511,511,511,511,511,511,511,511,511,511,511,479,477,413,413,413,413,413,413,413,413,413,413,413,445,447,511,511,479,477,413,413,413,413,413,413,413,413,413,413,413,445,447,511,511,479,477,413,413,413,413,413,413,413,413,413,413,413,445,447,511,511,459,256,311,511,511,511,479,509,447,511,511,511,511,511,511,511,495,750,638,331,256,256,256,256,256,256,256,256,256,256,256,256,256,256,256,256,0
0,256,256,256,256,256,256,256,256,256,256,256,256,256,256,256,256,256,256,256,311,511,511,511,507,256,256,256,256,256,256,256,256,503,511,459,256,311,511,511,511,511,479,477,445,415,457,256,311,511,459,256,311,459,256,311,459,256,259,256,277,413,413,413,413,413,413,413,413,413,413,413,413,413,413,413,413,413,413,413,413,413,413,445,447,511,511,511,511,495,750,606,349,445,415,477,445,447,511,511,511,511,511,511,475,256,256,256,256,256,256,256,256,256,256,256,256,256,439,511,511,475,256,256,256,256,256,256,256,256,256,256,256,256,256,439,511,511,475,256,256,256,256,256,256,256,256,256,256,256,256,256,503,511,511,459,256,311,511,511,511,507,256,503,511,511,511,511,511,511,511,511,511,511,459,256,256,256,256,256,256,256,256,256,256,256,256,256,256,256,256,0
0,256,256,256,256,256,256,256,256,256,256,256,256,256,256,256,256,256,256,256,375,511,511,511,495,458,256,256,256,256,256,256,310,383,511,459,256,311,511,511,511,511,475,256,256,499,256,256,375,511,491,256,375,491,256,375,491,256,323,256,256,256,256,256,256,256,256,256,256,256,256,256,256,256,256,256,256,256,256,256,256,256,256,256,439,511,511,511,511,511,511,475,256,256,499,256,256,439,511,511,511,511,511,511,459,256,294,366,366,366,366,366,366,366,366,366,330,256,311,511,511,491,256,358,366,366,366,366,366,334,332,300,302,330,256,311,511,511,459,256,294,366,366,366,366,366,366,366,366,366,366,382,383,511,511,459,256,311,511,511,511,495,510,383,479,477,413,413,413,445,447,511,511,511,459,256,256,256,256,256,256,256,256,256,256,256,256,256,256,256,256,0
0,256,256,256,256,256,256,256,256,256,256,256,256,256,256,256,256,294,366,382,383,511,511,511,511,459,256,256,256,256,256,256,311,511,511,459,256,311,511,511,511,511,459,256,310,367,494,382,383,511,495,510,383,495,510,383,495,510,331,256,294,362,512,512,256,256,256,354,256,256,358,366,366,366,366,366,366,366,366,362,256,256,256,256,311,511,511,511,511,511,511,491,256,374,367,490,256,375,511,511,511,511,511,511,459,256,311,511,511,511,511,511,511,511,511,511,459,256,311,511,511,463,508,319,511,511,511,511,511,475,512,512,439,459,256,311,511,511,459,256,311,511,511,511,511,511,511,511,511,511,479,509,447,511,511,459,256,311,511,479,509,447,511,511,475,256,256,256,256,256,439,511,511,511,459,256,256,256,256,256,256,256,256,256,256,256,256,256,256,256,256,0
0,256,256,256,256,256,256,256,256,256,256,256,256,256,256,256,256,311,511,511,511,511,511,511,511,459,256,256,512,512,256,256,311,511,511,459,256,311,511,511,511,511,459,256,311,511,511,511,511,511,511,511,511,511,511,511,511,511,459,256,311,495,750,622,366,366,382,367,494,382,383,511,511,511,511,511,511,511,511,495,494,330,256,256,311,511,511,511,511,511,511,463,508,319,511,463,508,319,511,511,511,511,511,511,459,256,311,511,511,511,511,511,511,511,511,511,459,256,311,511,511,475,256,439,511,511,511,511,511,491,512,512,375,459,256,311,511,511,459,256,311,511,511,511,511,511,511,511,511,511,475,256,439,511,511,459,256,311,511,507,512,503,511,511,459,256,256,256,256,256,311,511,511,511,459,256,256,256,256,256,256,256,256,256,256,256,256,256,256,256,256,0
0,256,256,256,256,256,256,256,256,256,256,256,256,256,256,256,256,311,511,511,511,511,511,511,511,459,256,256,512,512,256,256,311,511,511,459,256,311,511,511,511,511,459,256,311,511,511,511,511,511,511,511,511,511,511,511,511,511,459,256,311,511,511,511,511,511,511,511,511,511,479,509,447,511,511,511,511,511,511,511,511,491,256,256,311,511,511,511,511,511,511,475,256,437,415,473,256,439,511,511,511,511,511,511,491,256,375,511,511,511,511,511,511,511,511,511,459,256,311,511,511,459,256,311,511,511,511,511,511,495,750,638,383,459,256,311,511,511,459,256,311,511,511,511,511,511,511,511,511,511,459,256,311,511,511,459,256,311,511,495,766,383,511,511,491,256,256,256,256,256,375,511,511,511,459,256,256,256,256,256,256,256,256,256,256,256,256,256,256,256,256,0
0,256,256,256,256,256,256,256,256,256,256,256,256,256,256,256,256,311,511,511,511,511,511,511,511,459,256,256,512,512,256,256,311,511,511,459,256,311,511,511,511,511,491,256,375,511,511,511,479,509,447,479,509,447,479,509,447,511,491,256,375,511,511,511,511,511,511,511,511,511,475,256,439,511,511,511,511,511,511,511,511,495,458,256,311,511,511,511,511,511,511,491,256,256,499,256,256,375,511,511,511,511,511,511,495,510,383,511,511,511,511,511,511,511,511,511,459,256,311,511,511,459,256,311,511,511,511,511,511,511,511,511,511,459,256,311,511,511,459,256,311,511,511,511,511,511,511,511,511,511,459,256,311,511,511,459,256,311,511,511,511,511,511,511,495,494,366,366,366,382,383,511,511,511,459,256,256,256,256,256,256,256,256,256,256,256,256,256,256,256,256,0
0,256,256,256,256,256,256,256,256,256,256,256,256,256,256,256,256,311,511,511,511,511,511,511,479,457,256,256,512,512,256,256,309,447,511,459,256,311,511,511,511,511,495,510,383,511,511,511,507,256,503,507,256,503,507,256,503,511,495,510,383,511,511,511,511,511,511,511,511,511,459,256,311,511,511,511,511,511,511,511,511,511,491,256,375,511,511,511,511,511,511,495,494,382,367,494,382,383,511,511,511,511,511,511,479,509,447,511,511,511,511,511,511,511,511,511,459,256,311,511,511,459,256,311,511,511,511,511,511,511,511,511,511,459,256,311,511,511,459,256,311,511,511,511,511,511,511,511,511,511,459,256,311,511,511,459,256,311,511,511,511,479,509,447,511,511,511,511,511,511,511,511,511,511,459,256,256,256,256,256,256,256,256,256,256,256,256,256,256,256,256,0
0,256,256,256,256,256,256,256,256,256,256,256,256,256,256,256,256,311,511,511,511,511,511,511,507,256,256,256,256,256,256,256,256,503,511,459,256,311,511,511,511,511,511,511,511,511,511,511,495,510,383,495,510,383,495,510,383,511,511,511,511,511,511,511,511,511,511,511,511,511,459,256,311,511,511,511,511,511,511,511,511,511,463,508,319,511,511,511,511,511,511,511,511,511,511,511,511,511,511,511,511,511,511,511,475,256,439,511,511,511,511,511,511,511,511,511,459,256,311,511,511,459,256,311,511,511,511,511,511,511,511,511,511,459,256,311,511,511,459,256,311,511,511,511,511,511,511,511,511,511,459,256,311,511,511,459,256,311,511,511,511,507,256,503,511,511,511,511,511,511,511,511,511,511,459,256,256,256,256,256,256,256,256,256,256,256,256,256,256,256,256,0
0,256,256,256,256,256,256,256,256,256,256,256,256,256,256,256,256,311,511,511,511,511,511,511,495,494,366,366,366,366,366,366,382,383,511,459,256,311,511,511,511,511,479,509,447,511,511,511,511,511,511,511,511,511,511,511,511,511,479,509,447,511,511,479,509,447,511,479,509,447,459,256,311,511,511,511,511,511,511,511,511,511,475,256,439,511,511,511,511,511,511,511,511,511,511,511,511,511,511,511,511,511,511,511,459,256,311,511,511,511,511,511,511,511,511,511,491,256,375,511,511,459,256,311,511,511,511,511,511,511,511,511,511,459,256,311,511,511,459,256,311,511,511,511,511,511,511,511,511,511,459,256,311,511,511,459,256,311,511,511,511,495,510,383,511,511,511,511,511,511,511,511,511,511,459,256,256,256,256,256,256,256,256,256,256,256,256,256,256,256,256,0
0,256,256,256,256,256,256,256,256,256,256,256,256,256,256,256,256,311,511,511,511,511,511,511,511,511,511,511,511,511,511,511,511,511,511,459,256,311,511,511,511,511,475,256,437,447,511,511,511,511,511,511,511,511,511,511,511,511,475,256,439,511,511,507,256,503,511,507,256,503,459,256,311,511,511,511,511,511,511,511,511,511,459,256,311,511,511,479,509,447,511,511,511,511,511,511,511,479,509,447,511,511,479,477,393,256,311,511,511,511,511,511,511,511,511,511,495,510,383,511,511,459,256,311,511,511,511,511,511,511,511,511,511,459,256,311,511,511,459,256,311,511,511,511,511,511,511,511,511,511,459,256,311,511,511,459,256,311,511,511,511,511,511,479,477,413,413,413,413,413,413,413,413,413,393,256,256,256,256,256,256,256,256,256,256,256,256,256,256,256,256,0
0,256,256,256,256,256,256,256,256,256,256,256,256,256,256,256,256,311,511,511,511,511,511,511,511,511,511,511,511,511,511,511,511,511,511,459,256,311,511,511,511,511,459,256,256,503,511,511,511,479,477,413,445,447,479,477,413,445,395,256,311,511,511,495,510,383,511,495,510,383,459,256,279,477,413,445,415,477,413,445,415,477,393,256,311,511,511,475,256,439,511,511,511,511,511,511,511,475,256,439,511,511,475,512,512,256,311,511,511,511,511,511,511,511,511,511,479,509,447,511,511,459,256,311,511,511,511,511,511,511,511,511,511,459,256,311,511,511,459,256,311,511,511,511,511,511,479,509,447,511,459,256,311,511,511,459,256,311,511,511,511,511,511,507,512,512,256,256,256,256,256,256,256,256,256,256,256,256,256,256,256,256,256,256,256,256,256,256,256,256,256,0
0,256,256,256,256,256,256,256,256,256,256,256,256,256,256,256,256,311,511,511,511,511,511,511,511,511,511,511,511,511,511,511,511,511,511,459,256,311,511,511,511,511,459,256,310,383,511,511,511,507,256,256,256,503,507,256,256,256,451,256,311,511,511,511,511,511,511,511,511,511,459,256,307,256,256,256,499,256,256,256,499,256,256,256,311,511,511,459,256,311,511,511,511,511,511,511,511,459,256,311,511,511,491,512,512,256,277,413,413,413,413,413,413,413,413,413,409,256,439,511,511,459,256,277,413,413,413,413,413,413,413,445,447,459,256,311,511,511,459,256,309,447,479,477,413,413,409,256,405,413,393,256,311,511,511,459,256,311,511,511,511,511,511,495,750,586,256,256,256,256,256,256,256,256,256,256,256,256,256,256,256,256,256,256,256,256,256,256,256,256,256,0
0,256,256,256,256,256,256,256,256,256,256,256,256,256,256,256,256,311,511,511,511,511,511,511,511,511,511,511,511,511,511,511,511,511,511,459,256,311,511,511,511,511,459,256,277,413,413,413,413,397,396,268,284,285,397,396,268,284,265,256,277,413,413,413,413,413,413,413,413,413,393,256,261,396,268,284,269,396,268,284,269,396,264,256,311,511,511,459,256,311,511,511,511,511,511,511,511,459,256,311,511,511,495,750,618,256,256,256,256,256,256,256,256,256,256,256,256,256,375,511,511,491,256,256,256,256,256,256,256,256,256,256,503,491,256,375,511,511,491,256,256,503,507,256,256,256,256,256,256,256,256,256,375,511,511,459,256,311,511,511,511,511,511,511,511,459,256,256,256,256,256,256,256,256,256,256,256,256,256,256,256,256,256,256,256,256,256,256,256,256,256,0
0,256,256,256,256,256,256,256,256,256,256,256,256,256,256,256,256,311,511,511,511,511,511,511,511,511,511,511,511,511,511,511,511,511,511,459,256,311,511,511,511,511,491,256,256,256,256,256,256,256,256,256,256,256,256,256,256,256,256,256,256,256,256,256,256,256,256,256,256,256,256,256,256,256,256,256,256,256,256,256,256,256,256,256,375,511,511,459,256,311,511,511,511,511,511,511,511,459,256,311,511,511,511,511,495,494,366,366,366,366,366,366,366,366,366,366,366,382,383,511,511,495,494,366,366,366,366,366,366,366,366,382,383,495,510,383,511,511,495,494,382,383,495,494,366,366,366,366,366,366,366,382,383,511,511,459,256,311,511,511,511,511,511,511,511,459,256,256,256,256,256,256,256,256,256,256,256,256,256,256,256,256,256,256,256,256,256,256,256,256,256,0
0,256,256,256,256,256,256,256,256,256,256,256,256,256,256,256,256,311,511,511,511,511,511,511,511,511,511,511,511,511,511,511,511,511,511,491,256,375,511,511,511,511,495,494,366,366,366,366,366,366,366,366,366,366,366,366,366,366,366,366,366,366,366,366,366,366,366,366,366,366,366,366,366,366,366,366,366,366,366,366,366,366,366,382,383,511,511,459,256,311,511,511,511,511,511,511,511,459,256,311,511,511,511,511,511,511,511,511,511,511,511,511,511,511,511,511,511,511,511,479,477,445,447,511,511,511,511,511,511,511,511,511,511,511,511,511,511,511,511,511,511,511,511,511,511,511,511,511,511,511,511,479,477,445,447,459,256,279,477,445,447,511,511,511,511,459,256,256,256,256,256,256,256,256,256,256,256,256,256,256,256,256,256,256,256,256,256,256,256,256,256,0
0,256,256,256,256,256,256,256,256,256,256,256,256,256,256,256,256,277,413,413,413,413,413,413,413,413,413,413,413,413,413,413,413,413,445,431,510,383,511,511,511,511,511,511,511,511,511,511,511,511,511,511,511,511,511,511,511,511,511,511,511,511,511,511,511,511,511,511,511,511,511,511,511,511,511,511,511,511,511,511,511,511,511,511,511,511,511,459,256,311,511,511,511,511,511,511,511,459,256,311,511,511,511,511,511,511,511,511,511,511,511,511,511,511,511,511,511,511,511,475,512,512,439,511,511,511,511,511,511,511,511,511,511,511,511,511,511,511,511,511,511,511,511,511,511,511,511,511,511,511,511,507,512,512,503,459,256,275,512,512,439,511,511,511,511,459,256,256,256,256,256,256,256,256,256,256,256,256,256,256,256,256,256,256,256,256,256,256,256,256,256,0
0,256,256,256,256,256,256,256,256,256,256,256,256,256,256,256,256,256,256,256,256,256,256,256,256,256,256,256,256,256,256,256,256,256,256,503,511,511,511,511,511,511,511,511,511,511,511,511,511,511,511,511,511,511,511,511,511,511,511,511,511,511,511,511,511,511,511,511,511,511,511,511,511,511,511,511,511,511,511,511,511,511,511,511,511,511,511,459,256,311,511,511,511,511,511,511,511,459,256,311,511,511,511,511,511,511,511,511,511,511,511,511,511,511,511,511,511,511,511,491,512,512,375,511,511,511,511,511,511,511,511,511,511,511,511,511,511,511,511,511,511,511,511,511,511,511,511,511,511,511,511,495,750,638,383,459,256,291,512,512,375,511,511,511,511,459,256,256,256,256,256,256,256,256,256,256,256,256,256,256,256,256,256,256,256,256,256,256,256,256,256,0
0,256,256,256,256,256,256,256,256,256,256,256,256,256,256,256,256,256,256,256,256,256,256,256,256,256,294,366,366,366,366,366,366,366,382,383,511,511,511,511,511,511,511,511,511,511,511,511,511,511,511,511,511,511,511,511,511,511,511,511,511,511,511,511,511,511,511,511,511,511,511,511,511,511,511,511,511,511,511,511,511,511,511,511,511,511,479,457,256,311,511,511,511,511,511,511,511,459,256,311,511,511,511,511,511,511,511,511,511,511,511,511,511,511,511,511,511,511,511,495,750,638,383,511,511,511,511,511,511,511,511,511,511,511,511,511,511,511,511,511,511,511,511,511,511,511,511,511,479,509,447,511,511,511,511,459,256,295,750,638,383,511,511,511,511,459,256,256,256,256,256,256,256,256,256,256,256,256,256,256,256,256,256,256,256,256,256,256,256,256,256,0
0,256,256,256,256,256,256,256,256,256,256,256,256,256,256,256,256,256,256,256,256,256,256,256,256,256,311,511,511,511,511,511,511,511,511,511,511,511,511,511,479,477,413,413,413,413,413,413,413,413,445,447,511,511,511,511,479,477,413,413,413,413,413,413,413,413,413,445,447,511,511,511,511,479,477,413,413,413,413,413,413,413,413,413,413,413,409,256,256,375,511,511,511,511,511,511,511,459,256,277,413,413,413,413,413,413,413,413,413,413,413,413,413,445,447,511,511,511,479,477,413,413,413,413,413,413,413,413,413,413,445,447,479,477,413,413,413,413,413,413,413,413,413,413,413,445,447,511,507,512,503,511,511,511,511,459,256,277,413,413,413,413,413,413,413,393,256,256,256,256,256,256,256,256,256,256,256,256,256,256,256,256,256,256,256,256,256,256,256,256,256,0
0,256,256,256,256,256,256,256,256,256,256,256,256,256,256,256,256,256,256,256,256,256,256,256,256,256,311,511,511,511,511,511,511,511,511,511,511,511,511,479,473,256,256,256,256,256,256,256,256,256,256,503,511,511,511,511,507,256,256,256,256,256,256,256,256,256,256,256,439,511,479,509,415,473,256,256,256,256,256,256,256,256,256,256,256,256,256,256,374,383,511,511,511,511,511,511,511,491,256,256,256,256,256,256,256,256,256,256,256,256,256,256,256,256,439,511,511,479,473,256,256,256,256,256,256,256,256,256,256,256,256,503,507,256,256,256,256,256,256,256,256,256,256,256,256,256,439,511,495,766,383,511,511,511,511,491,256,256,256,256,256,256,256,256,256,256,256,256,256,256,256,256,256,256,256,256,256,256,256,256,256,256,256,256,256,256,256,256,256,256,256,0
0,256,256,256,256,256,256,256,256,256,256,256,256,256,256,256,256,256,256,256,256,256,256,256,256,256,311,511,511,511,511,511,511,511,511,511,511,511,511,475,256,256,358,366,366,366,366,366,366,366,382,383,511,511,511,511,495,494,366,366,366,366,366,366,366,366,330,256,311,511,507,512,467,256,256,358,366,366,366,366,366,366,366,366,366,366,366,382,383,511,511,511,511,511,511,511,511,495,494,366,366,366,366,366,366,366,366,366,366,366,366,366,330,256,311,511,511,475,256,256,358,366,366,366,366,366,366,366,366,366,382,383,495,494,366,366,366,366,366,366,366,366,366,366,330,256,311,511,511,511,479,477,445,447,511,495,458,256,256,256,256,256,256,256,256,256,256,256,256,256,256,256,256,256,256,256,256,256,256,256,256,256,256,256,256,256,256,256,256,256,256,0
0,256,256,256,256,256,256,256,256,256,256,256,256,256,256,256,256,256,256,256,256,256,256,256,256,256,311,511,511,511,511,511,511,511,511,511,511,511,511,459,256,310,383,511,511,511,511,511,511,511,511,511,511,511,511,511,511,511,511,511,511,511,511,511,511,511,459,256,311,511,495,766,331,256,310,383,511,511,511,511,511,511,511,511,511,511,511,511,511,511,511,511,511,511,511,511,511,511,511,511,511,511,511,511,511,511,511,511,511,511,511,511,459,256,311,511,511,459,256,310,383,511,511,511,511,511,511,511,511,511,511,511,511,511,511,511,511,511,511,511,511,511,511,511,459,256,311,511,511,511,507,512,512,503,511,511,459,256,256,256,256,256,256,256,256,256,256,256,256,256,256,256,256,256,256,256,256,256,256,256,256,256,256,256,256,256,256,256,256,256,256,0
0,256,256,256,256,256,256,256,256,256,256,256,256,256,256,256,256,256,256,256,256,256,256,256,256,256,311,511,511,511,511,511,511,511,511,511,511,511,511,459,256,311,511,511,511,511,511,511,511,511,511,511,511,511,511,511,511,511,511,511,511,511,479,509,447,511,459,256,311,511,511,511,459,256,311,511,511,511,511,511,511,511,511,511,511,511,511,511,511,511,479,477,413,413,445,447,511,511,511,511,511,511,511,511,511,511,511,511,511,511,511,511,459,256,311,511,511,459,256,311,511,511,511,511,511,511,511,511,511,511,511,511,511,511,511,511,511,511,511,511,511,511,511,511,459,256,311,511,511,511,495,750,638,383,511,511,459,256,256,256,256,256,256,256,256,256,256,256,256,256,256,256,256,256,256,256,256,256,256,256,256,256,256,256,256,256,256,256,256,256,256,0
0,256,256,256,256,256,256,256,256,256,256,256,256,256,256,256,256,256,256,256,256,256,256,256,256,256,311,511,511,511,511,511,511,511,511,511,511,511,511,459,256,311,511,511,511,511,511,511,511,511,511,511,511,511,511,511,511,511,511,511,511,511,475,256,439,511,459,256,311,511,511,511,459,256,311,511,511,511,511,511,511,511,511,511,511,511,511,511,511,511,475,256,256,256,256,439,511,511,511,511,511,511,511,511,511,511,511,511,511,511,511,511,459,256,311,511,511,459,256,311,511,511,511,511,511,511,511,511,511,511,511,511,511,511,511,511,511,511,511,511,511,511,511,511,459,256,311,511,511,511,511,511,511,511,511,511,459,256,256,256,256,256,256,256,256,256,256,256,256,256,256,256,256,256,256,256,256,256,256,256,256,256,256,256,256,256,256,256,256,256,256,0
0,256,256,256,256,256,256,256,256,256,256,256,256,256,256,256,256,256,256,256,256,256,256,256,256,256,277,413,413,413,413,413,413,413,445,447,511,511,511,459,256,311,511,511,479,509,447,511,479,509,447,511,511,511,511,511,511,511,511,511,511,511,459,256,311,511,459,256,311,511,511,511,459,256,311,511,511,511,511,511,511,511,511,511,511,511,511,511,511,511,459,256,256,256,256,311,511,511,511,511,511,511,511,511,511,511,511,511,511,511,511,511,459,256,311,511,511,459,256,311,511,479,477,413,413,413,413,413,413,413,413,413,445,447,511,511,479,477,413,413,413,413,445,447,459,256,311,511,511,511,479,477,413,413,413,413,393,256,256,256,256,256,256,256,256,256,256,256,256,256,256,256,256,256,256,256,256,256,256,256,256,256,256,256,256,256,256,256,256,256,256,0
0,256,256,256,256,256,256,256,256,256,256,256,256,256,256,256,256,256,256,256,256,256,256,256,256,256,256,256,256,256,256,256,256,256,256,439,511,511,511,459,256,311,511,511,507,256,503,511,507,256,503,511,511,479,477,413,413,413,445,447,511,511,459,256,311,511,459,256,311,511,511,511,459,256,311,511,511,511,511,479,477,413,413,445,447,511,511,511,511,511,459,256,256,256,256,311,511,511,511,511,511,479,477,413,413,445,447,511,511,511,511,511,459,256,311,511,511,459,256,311,511,475,256,256,256,256,256,256,256,256,256,256,256,439,511,479,473,256,256,256,256,256,256,439,459,256,311,511,511,511,475,256,256,256,256,256,256,256,256,256,256,256,256,256,256,256,256,256,256,256,256,256,256,256,256,256,256,256,256,256,256,256,256,256,256,256,256,256,256,256,256,0
0,256,256,256,256,256,256,256,256,256,256,256,256,256,256,256,256,256,256,256,256,256,256,256,256,256,256,256,256,256,256,256,256,256,256,311,511,511,511,459,256,311,511,511,495,510,383,511,495,510,383,511,479,473,256,256,256,256,256,439,511,511,459,256,311,511,459,256,311,511,511,511,459,256,311,511,511,511,511,475,256,256,256,256,439,511,511,511,511,511,491,256,256,256,256,375,511,511,511,511,511,475,256,256,256,256,439,511,511,511,511,511,459,256,311,511,511,459,256,311,511,459,256,294,366,362,256,256,256,256,358,330,256,311,511,475,256,256,256,256,256,256,256,311,459,256,311,511,511,511,459,256,256,256,256,256,256,256,256,256,256,256,256,256,256,256,256,256,256,256,256,256,256,256,256,256,256,256,256,256,256,256,256,256,256,256,256,256,256,256,256,0
0,256,256,256,256,256,256,256,256,256,256,256,256,256,256,256,256,256,256,256,256,256,256,256,256,256,256,256,256,256,256,256,256,256,256,311,511,511,511,459,256,311,511,511,511,511,511,511,511,511,511,511,475,256,256,256,256,256,256,311,511,511,459,256,311,511,459,256,311,511,511,511,459,256,311,511,511,511,511,459,256,256,256,256,311,511,511,511,511,511,495,494,366,366,382,383,511,511,511,511,511,459,256,256,256,256,311,511,511,511,511,511,459,256,311,511,511,459,256,311,511,459,256,311,511,495,494,366,366,382,383,459,256,311,511,459,256,256,256,256,256,256,256,311,459,256,311,511,511,511,459,256,256,256,256,256,256,256,256,256,256,256,256,256,256,256,256,256,256,256,256,256,256,256,256,256,256,256,256,256,256,256,256,256,256,256,256,256,256,256,256,0
0,256,256,256,256,256,256,256,256,256,256,256,256,256,256,256,256,256,256,256,256,256,256,256,256,256,256,256,256,256,256,256,256,256,256,311,511,511,511,459,256,311,511,511,511,511,511,511,511,511,511,511,459,256,256,256,256,256,256,311,511,511,459,256,311,511,459,256,311,511,511,511,459,256,311,511,511,511,511,459,256,256,256,256,311,511,511,511,511,511,511,511,511,511,511,511,511,511,511,511,511,459,256,256,256,256,311,511,511,511,511,511,459,256,311,511,511,459,256,311,511,459,256,311,511,511,511,511,511,511,511,459,256,311,511,459,256,256,256,256,256,256,256,311,459,256,311,511,511,511,459,256,256,256,256,256,256,256,256,256,256,256,256,256,256,256,256,256,256,256,256,256,256,256,256,256,256,256,256,256,256,256,256,256,256,256,256,256,256,256,256,0
0,256,256,256,256,256,256,256,256,256,256,256,256,256,256,256,256,256,256,256,256,256,256,256,256,256,256,256,256,256,256,256,256,256,256,311,511,511,511,459,256,311,511,511,511,511,511,511,479,509,447,511,459,256,256,256,256,256,256,311,511,511,491,256,375,511,459,256,311,511,511,511,459,256,311,511,511,511,511,491,256,256,256,256,375,511,511,511,511,511,511,511,511,511,511,511,511,511,511,511,511,491,256,256,256,256,375,511,511,511,511,511,459,256,311,511,511,459,256,311,511,459,256,311,511,511,511,511,511,511,511,459,256,311,511,459,256,256,256,256,256,256,256,311,459,256,311,511,511,511,459,256,256,256,256,256,256,256,256,256,256,256,256,256,256,256,256,256,256,256,256,256,256,256,256,256,256,256,256,256,256,256,256,256,256,256,256,256,256,256,256,0
0,256,256,256,256,256,256,256,256,256,256,256,256,256,256,256,256,256,256,256,256,256,256,256,256,256,256,256,256,256,256,256,256,256,256,311,511,511,511,459,256,311,511,511,511,511,511,511,507,256,503,511,459,256,256,256,256,256,256,375,511,511,495,510,383,511,459,256,311,511,511,511,459,256,311,511,511,511,511,495,494,366,366,382,383,511,511,479,477,413,413,413,413,413,413,413,413,445,447,511,511,495,494,366,366,382,383,511,511,511,511,511,459,256,311,511,511,459,256,311,511,491,256,375,511,511,511,511,511,511,511,491,256,375,511,459,256,256,256,256,256,256,256,375,459,256,311,511,511,511,459,256,256,256,256,256,256,256,256,256,256,256,256,256,256,256,256,256,256,256,256,256,256,256,256,256,256,256,256,256,256,256,256,256,256,256,256,256,256,256,256,0
0,256,256,256,256,256,256,256,256,256,256,256,256,256,256,256,256,256,256,256,256,256,256,256,256,256,256,256,256,256,256,256,256,256,256,311,511,511,511,459,256,311,511,511,511,511,511,511,495,510,383,511,491,256,256,256,256,256,374,383,511,511,511,511,511,511,459,256,311,511,511,511,459,256,311,511,511,511,511,511,511,511,511,511,511,511,511,475,256,256,256,256,256,256,256,256,256,256,439,511,511,511,511,511,511,511,511,511,511,511,511,511,459,256,311,511,511,459,256,311,511,495,510,383,511,511,511,511,511,511,511,495,510,383,511,491,256,256,256,256,256,256,374,383,459,256,311,511,511,511,459,256,256,256,256,256,256,256,256,256,256,256,256,256,256,256,256,256,256,256,256,256,256,256,256,256,256,256,256,256,256,256,256,256,256,256,256,256,256,256,256,0
0,256,256,256,256,256,256,256,256,256,256,256,256,256,256,256,256,256,256,256,256,256,256,256,256,256,256,256,256,256,256,256,256,256,256,311,511,511,511,459,256,311,511,511,511,511,511,511,511,511,511,511,495,494,366,366,366,382,383,511,511,511,511,511,511,511,459,256,311,511,511,511,459,256,311,511,511,511,511,511,511,511,511,511,511,511,511,459,256,256,256,256,256,256,256,256,256,256,311,511,511,511,511,511,511,511,511,511,511,511,511,511,459,256,311,511,511,459,256,311,511,511,511,511,511,511,511,511,511,511,511,511,511,511,511,495,494,366,366,366,366,382,383,511,459,256,311,511,511,511,459,256,256,256,256,256,256,256,256,256,256,256,256,256,256,256,256,256,256,256,256,256,256,256,256,256,256,256,256,256,256,256,256,256,256,256,256,256,256,256,256,0
0,256,256,256,256,256,256,256,256,256,256,256,256,256,256,256,256,256,256,256,256,256,256,256,256,256,256,256,256,256,256,256,256,256,256,277,413,413,413,393,256,277,413,445,447,511,511,511,511,511,511,511,511,511,511,511,511,511,511,511,511,511,511,479,477,413,393,256,277,413,413,413,393,256,375,479,477,413,413,413,413,413,445,447,479,477,413,393,256,256,256,256,256,256,256,256,256,256,277,413,445,447,479,477,413,413,413,413,413,445,447,511,459,256,277,413,413,393,256,277,413,445,447,511,511,511,511,511,511,511,511,511,511,511,511,511,511,511,511,511,511,479,477,413,393,256,277,413,413,413,393,256,256,256,256,256,256,256,256,256,256,256,256,256,256,256,256,256,256,256,256,256,256,256,256,256,256,256,256,256,256,256,256,256,256,256,256,256,256,256,256,0
0,256,256,256,256,256,256,256,256,256,256,256,256,256,256,256,256,256,256,256,256,256,256,256,256,256,256,256,256,256,256,256,256,256,256,256,256,256,256,256,256,256,256,256,439,511,511,511,479,509,447,511,511,511,511,511,511,511,511,511,511,511,511,475,256,256,256,256,256,256,256,256,256,374,383,507,256,256,256,256,256,256,256,503,475,256,256,256,256,256,256,256,256,256,256,256,256,256,256,256,256,439,507,256,256,256,256,256,256,256,503,511,491,256,256,256,256,256,256,256,256,256,439,511,511,511,511,511,511,511,511,511,511,511,511,511,511,511,511,511,511,475,256,256,256,256,256,256,256,256,256,256,256,256,256,256,256,256,256,256,256,256,256,256,256,256,256,256,256,256,256,256,256,256,256,256,256,256,256,256,256,256,256,256,256,256,256,256,256,256,256,0
0,256,256,256,256,256,256,256,256,256,256,256,256,256,256,256,256,256,256,256,256,256,256,256,256,256,256,256,256,256,256,256,256,256,256,256,256,256,256,256,256,256,256,256,311,511,511,511,507,256,503,511,511,511,511,511,511,511,511,511,511,511,511,459,256,256,256,256,294,366,366,366,382,383,511,495,494,366,330,256,294,366,382,383,459,256,256,256,256,256,256,256,256,256,256,256,256,256,256,256,256,311,495,494,366,330,256,294,366,382,383,511,495,494,366,366,366,330,256,256,256,256,311,511,511,511,511,511,511,511,511,511,511,511,511,511,511,511,511,511,511,459,256,256,256,256,256,256,256,256,256,256,256,256,256,256,256,256,256,256,256,256,256,256,256,256,256,256,256,256,256,256,256,256,256,256,256,256,256,256,256,256,256,256,256,256,256,256,256,256,256,0
0,256,256,256,256,256,256,256,256,256,256,256,256,256,256,256,256,256,256,256,256,256,256,256,256,256,256,256,256,256,256,256,256,256,256,256,256,256,256,256,256,256,256,256,311,511,511,511,495,510,383,511,511,511,511,511,511,511,511,511,479,477,413,393,256,256,256,256,311,511,511,511,511,511,511,511,511,511,459,256,311,511,511,511,459,256,256,256,256,256,256,256,256,256,256,256,256,256,256,256,256,311,511,511,511,459,256,311,511,511,511,511,511,511,511,511,511,459,256,256,256,256,277,413,445,447,511,511,511,511,511,511,511,511,511,511,511,511,511,511,511,459,256,256,256,256,256,256,256,256,256,256,256,256,256,256,256,256,256,256,256,256,256,256,256,256,256,256,256,256,256,256,256,256,256,256,256,256,256,256,256,256,256,256,256,256,256,256,256,256,256,0
0,256,256,256,256,256,256,256,256,256,256,256,256,256,256,256,256,256,256,256,256,256,256,256,256,256,256,256,256,256,256,256,256,256,256,256,256,256,256,256,256,256,256,256,311,511,511,511,511,511,511,511,511,511,511,511,511,511,511,511,475,256,256,256,256,256,256,256,311,511,511,511,511,511,511,511,511,511,491,256,375,511,511,511,459,256,256,256,256,256,256,256,256,256,256,256,256,256,256,256,256,311,511,511,511,491,256,375,511,511,511,511,511,511,511,511,511,459,256,256,256,256,256,256,256,439,511,511,511,511,511,511,511,511,511,511,511,511,511,511,511,459,256,256,256,256,256,256,256,256,256,256,256,256,256,256,256,256,256,256,256,256,256,256,256,256,256,256,256,256,256,256,256,256,256,256,256,256,256,256,256,256,256,256,256,256,256,256,256,256,256,0
0,256,256,256,256,256,256,256,256,256,256,256,256,256,256,256,256,256,256,256,256,256,256,256,256,256,256,256,256,256,256,256,256,256,256,256,256,256,256,256,256,256,256,256,311,511,511,511,511,511,511,511,511,511,511,511,511,511,511,511,459,256,256,256,256,256,256,256,311,511,511,511,511,511,511,511,511,511,495,510,383,511,511,511,459,256,256,256,256,256,256,256,256,256,256,256,256,256,256,256,256,311,511,511,511,495,510,383,511,511,511,511,511,511,511,511,511,459,256,256,256,256,256,256,256,311,511,511,511,511,511,511,511,511,511,511,511,511,511,511,511,459,256,256,256,256,256,256,256,256,256,256,256,256,256,256,256,256,256,256,256,256,256,256,256,256,256,256,256,256,256,256,256,256,256,256,256,256,256,256,256,256,256,256,256,256,256,256,256,256,256,0
0,256,256,256,256,256,256,256,256,256,256,256,256,256,256,256,256,256,256,256,256,256,256,256,256,256,256,256,256,256,256,256,256,256,256,256,256,256,256,256,256,256,256,256,311,511,511,511,511,511,511,511,511,511,511,511,511,479,477,413,393,256,256,256,256,256,256,256,311,511,511,511,511,511,511,511,511,511,511,511,511,479,477,413,393,256,256,256,256,256,256,256,256,256,256,256,256,256,256,256,256,277,413,445,447,511,511,511,511,511,511,511,511,511,511,511,511,459,256,256,256,256,256,256,256,277,413,445,447,511,511,511,511,511,511,511,511,511,511,511,511,459,256,256,256,256,256,256,256,256,256,256,256,256,256,256,256,256,256,256,256,256,256,256,256,256,256,256,256,256,256,256,256,256,256,256,256,256,256,256,256,256,256,256,256,256,256,256,256,256,256,0
0,256,256,256,256,256,256,256,256,256,256,256,256,256,256,256,256,256,256,256,256,256,256,256,256,256,256,256,256,256,256,256,256,256,256,256,256,256,256,256,256,256,256,256,311,511,511,511,511,511,511,511,511,511,511,511,511,475,256,256,256,256,256,256,256,256,256,256,311,511,511,511,511,511,511,511,511,511,511,511,511,475,256,256,256,256,256,256,256,256,256,256,256,256,256,256,256,256,256,256,256,256,256,256,439,511,511,511,511,511,511,511,511,511,511,511,511,459,256,256,256,256,256,256,256,256,256,256,439,511,511,511,511,511,511,511,511,511,511,511,511,459,256,256,256,256,256,256,256,256,256,256,256,256,256,256,256,256,256,256,256,256,256,256,256,256,256,256,256,256,256,256,256,256,256,256,256,256,256,256,256,256,256,256,256,256,256,256,256,256,256,0
0,256,256,256,256,256,256,256,256,256,256,256,256,256,256,256,256,256,256,256,256,256,256,256,256,256,256,256,256,256,256,256,256,256,256,256,256,256,256,256,256,256,256,256,311,511,511,511,511,511,511,511,511,511,511,511,511,459,256,256,256,256,256,256,256,256,256,256,311,511,511,511,511,511,511,511,511,511,511,511,511,459,256,256,256,256,256,256,256,256,256,256,256,256,256,256,256,256,256,256,256,256,256,256,311,511,511,511,511,511,511,511,511,511,511,511,511,459,256,256,256,256,256,256,256,256,256,256,311,511,511,511,511,511,511,511,511,511,511,511,511,459,256,256,256,256,256,256,256,256,256,256,256,256,256,256,256,256,256,256,256,256,256,256,256,256,256,256,256,256,256,256,256,256,256,256,256,256,256,256,256,256,256,256,256,256,256,256,256,256,256,0
0,256,256,256,256,256,256,256,256,256,256,256,256,256,256,256,256,256,256,256,256,256,256,256,256,256,256,256,256,256,256,256,256,256,256,256,256,256,256,256,256,256,256,256,277,413,413,413,413,413,413,413,413,413,413,413,413,393,256,256,256,256,256,256,256,256,256,256,277,413,413,413,413,413,413,413,413,413,413,413,413,393,256,256,256,256,256,256,256,256,256,256,256,256,256,256,256,256,256,256,256,256,256,256,277,413,413,413,413,413,413,413,413,413,413,413,413,393,256,256,256,256,256,256,256,256,256,256,277,413,413,413,413,413,413,413,413,413,413,413,413,393,256,256,256,256,256,256,256,256,256,256,256,256,256,256,256,256,256,256,256,256,256,256,256,256,256,256,256,256,256,256,256,256,256,256,256,256,256,256,256,256,256,256,256,256,256,256,256,256,256,0
0,256,256,256,256,256,256,256,256,256,256,256,256,256,256,256,256,256,256,256,256,256,256,256,256,256,256,256,256,256,256,256,256,256,256,256,256,256,256,256,256,256,256,256,256,256,256,256,256,256,256,256,256,256,256,256,256,256,256,256,256,256,256,256,256,256,256,256,256,256,256,256,256,256,256,256,256,256,256,256,256,256,256,256,256,256,256,256,256,256,256,256,256,256,256,256,256,256,256,256,256,256,256,256,256,256,256,256,256,256,256,256,256,256,256,256,256,256,256,256,256,256,256,256,256,256,256,256,256,256,256,256,256,256,256,256,256,256,256,256,256,256,256,256,256,256,256,256,256,256,256,256,256,256,256,256,256,256,256,256,256,256,256,256,256,256,256,256,256,256,256,256,256,256,256,256,256,256,256,256,256,256,256,256,256,256,256,256,256,256,256,0
0,256,256,256,256,256,256,256,256,256,256,256,256,256,256,256,256,256,256,256,256,256,256,256,256,256,256,256,256,256,256,256,256,256,256,256,256,256,256,256,256,256,256,256,256,256,256,256,256,256,256,256,256,256,256,256,256,256,256,256,256,256,256,256,256,256,256,256,256,256,256,256,256,256,256,256,256,256,256,256,256,256,256,256,256,256,256,256,256,256,256,256,256,256,256,256,256,256,256,256,256,256,256,256,256,256,256,256,256,256,256,256,256,256,256,256,256,256,256,256,256,256,256,256,256,256,256,256,256,256,256,256,256,256,256,256,256,256,256,256,256,256,256,256,256,256,256,256,256,256,256,256,256,256,256,256,256,256,256,256,256,256,256,256,256,256,256,256,256,256,256,256,256,256,256,256,256,256,256,256,256,256,256,256,256,256,256,256,256,256,256,0
0,256,256,256,256,256,256,256,256,256,256,256,256,256,256,256,256,256,256,256,256,256,256,256,256,256,256,256,256,256,256,256,256,256,256,256,256,256,256,256,256,256,256,256,256,256,256,256,256,256,256,256,256,256,256,256,256,256,256,256,256,256,256,256,256,256,256,256,256,256,256,256,256,256,256,256,256,256,256,256,256,256,256,256,256,256,256,256,256,256,256,256,256,256,256,256,256,256,256,256,256,256,256,256,256,256,256,256,256,256,256,256,256,256,256,256,256,256,256,256,256,256,256,256,256,256,256,256,256,256,256,256,256,256,256,256,256,256,256,256,256,256,256,256,256,256,256,256,256,256,256,256,256,256,256,256,256,256,256,256,256,256,256,256,256,256,256,256,256,256,256,256,256,256,256,256,256,256,256,256,256,256,256,256,256,256,256,256,256,256,256,0
0,256,256,256,256,256,256,256,256,256,256,256,256,256,256,256,256,256,256,256,256,256,256,256,256,256,256,256,256,256,256,256,256,256,256,256,256,256,256,256,256,256,256,256,256,256,256,256,256,256,256,256,256,256,256,256,256,256,256,256,256,256,256,256,256,256,256,256,256,256,256,256,256,256,256,256,256,256,256,256,256,256,256,256,256,256,256,256,256,256,256,256,256,256,256,256,256,256,256,256,256,256,256,256,256,256,256,256,256,256,256,256,256,256,256,256,256,256,256,256,256,256,256,256,256,256,256,256,256,256,256,256,256,256,256,256,256,256,256,256,256,256,256,256,256,256,256,256,256,256,256,256,256,256,256,256,256,256,256,256,256,256,256,256,256,256,256,256,256,256,256,256,256,256,256,256,256,256,256,256,256,256,256,256,256,256,256,256,256,256,256,0
0,256,256,256,256,256,256,256,256,256,256,256,256,256,256,256,256,256,256,256,256,256,256,256,256,256,256,256,256,256,256,256,256,256,256,256,256,256,256,256,256,256,256,256,256,256,256,256,256,256,256,256,256,256,256,256,256,256,256,256,256,256,256,256,256,256,256,256,256,256,256,256,256,256,256,256,256,256,256,256,256,256,256,256,256,256,256,256,256,256,256,256,256,256,256,256,256,256,256,256,256,256,256,256,256,256,256,256,256,256,256,256,256,256,256,256,256,256,256,256,256,256,256,256,256,256,256,256,256,256,256,256,256,256,256,256,256,256,256,256,256,256,256,256,256,256,256,256,256,256,256,256,256,256,256,256,256,256,256,256,256,256,256,256,256,256,256,256,256,256,256,256,256,256,256,256,256,256,256,256,256,256,256,256,256,256,256,256,256,256,256,0
0,256,256,256,256,256,256,256,256,256,256,256,256,256,256,256,256,256,256,256,256,256,256,256,256,256,256,256,256,256,256,256,256,256,256,256,256,256,256,256,256,256,256,256,256,256,256,256,256,256,256,256,256,256,256,256,256,256,256,256,256,256,256,256,256,256,256,256,256,256,256,256,256,256,256,256,256,256,256,256,256,256,256,256,256,256,256,256,256,256,256,256,256,256,256,256,256,256,256,256,256,256,256,256,256,256,256,256,256,256,256,256,256,256,256,256,256,256,256,256,256,256,256,256,256,256,256,256,256,256,256,256,256,256,256,256,256,256,256,256,256,256,256,256,256,256,256,256,256,256,256,256,256,256,256,256,256,256,256,256,256,256,256,256,256,256,256,256,256,256,256,256,256,256,256,256,256,256,256,256,256,256,256,256,256,256,256,256,256,256,256,0
0,256,256,256,256,256,256,256,256,256,256,256,256,256,256,256,256,256,256,256,256,256,256,256,256,256,256,256,256,256,256,256,256,256,256,256,256,256,256,256,256,256,256,256,256,256,256,256,256,256,256,256,256,256,256,256,256,256,256,256,256,256,256,256,256,256,256,256,256,256,256,256,256,256,256,256,256,256,256,256,256,256,256,256,256,256,256,256,256,256,256,256,256,256,256,256,256,256,256,256,256,256,256,256,256,256,256,256,256,256,256,256,256,256,256,256,256,256,256,256,256,256,256,256,256,256,256,256,256,256,256,256,256,256,256,256,256,256,256,256,256,256,256,256,256,256,256,256,256,256,256,256,256,256,256,256,256,256,256,256,256,256,256,256,256,256,256,256,256,256,256,256,256,256,256,256,256,256,256,256,256,256,256,256,256,256,256,256,256,256,256,0
0,256,256,256,256,256,256,256,256,256,256,256,256,256,256,256,256,256,256,256,256,256,256,256,256,256,256,256,256,256,256,256,256,256,256,256,256,256,256,256,256,256,256,256,256,256,256,256,256,256,256,256,256,256,256,256,256,256,256,256,256,256,256,256,256,256,256,256,256,256,256,256,256,256,256,256,256,256,256,256,256,256,256,256,256,256,256,256,256,256,256,256,256,256,256,256,256,256,256,256,256,256,256,256,256,256,256,256,256,256,256,256,256,256,256,256,256,256,256,256,256,256,256,256,256,256,256,256,256,256,256,256,256,256,256,256,256,256,256,256,256,256,256,256,256,256,256,256,256,256,256,256,256,256,256,256,256,256,256,256,256,256,256,256,256,256,256,256,256,256,256,256,256,256,256,256,256,256,256,256,256,256,256,256,256,256,256,256,256,256,256,0
0,256,256,256,256,256,256,256,256,256,256,256,256,256,256,256,256,256,256,256,256,256,256,256,256,256,256,256,256,256,256,256,256,256,256,256,256,256,256,256,256,256,256,256,256,256,256,256,256,256,256,256,256,256,256,256,256,256,256,256,256,256,256,256,256,256,256,256,256,256,256,256,256,256,256,256,256,256,256,256,256,256,256,256,256,256,256,256,256,256,256,256,256,256,256,256,256,256,256,256,256,256,256,256,256,256,256,256,256,256,256,256,256,256,256,256,256,256,256,256,256,256,256,256,256,256,256,256,256,256,256,256,256,256,256,256,256,256,256,256,256,256,256,256,256,256,256,256,256,256,256,256,256,256,256,256,256,256,256,256,256,256,256,256,256,256,256,256,256,256,256,256,256,256,256,256,256,256,256,256,256,256,256,256,256,256,256,256,256,256,256,0
0,256,256,256,256,256,256,256,256,256,256,256,256,256,256,256,256,256,256,256,256,256,256,256,256,256,256,256,256,256,256,256,256,256,256,256,256,256,256,256,256,256,256,256,256,256,256,256,256,256,256,256,256,256,256,256,256,256,256,256,256,256,256,256,256,256,256,256,256,256,256,256,256,256,256,256,256,256,256,256,256,256,256,256,256,256,256,256,256,256,256,256,256,256,256,256,256,256,256,256,256,256,256,256,256,256,256,256,256,256,256,256,256,256,256,256,256,256,256,256,256,256,256,256,256,256,256,256,256,256,256,256,256,256,256,256,256,256,256,256,256,256,256,256,256,256,256,256,256,256,256,256,256,256,256,256,256,256,256,256,256,256,256,256,256,256,256,256,256,256,256,256,256,256,256,256,256,256,256,256,256,256,256,256,256,256,256,256,256,256,256,0
0,256,256,256,256,256,256,256,256,256,256,256,256,256,256,256,256,256,256,256,256,256,256,256,256,256,256,256,256,256,256,256,256,256,256,256,256,256,256,256,256,256,256,256,256,256,256,256,256,256,256,256,256,256,256,256,256,256,256,256,256,256,256,256,256,256,256,256,256,256,256,256,256,256,256,256,256,256,256,256,256,256,256,256,256,256,256,256,256,256,256,256,256,256,256,256,256,256,256,256,256,256,256,256,256,256,256,256,256,256,256,256,256,256,256,256,256,256,256,256,256,256,256,256,256,256,256,256,256,256,256,256,256,256,256,256,256,256,256,256,256,256,256,256,256,256,256,256,256,256,256,256,256,256,256,256,256,256,256,256,256,256,256,256,256,256,256,256,256,256,256,256,256,256,256,256,256,256,256,256,256,256,256,256,256,256,256,256,256,256,256,0
0,256,256,256,256,256,256,256,256,256,256,256,256,256,256,256,256,256,256,256,256,256,256,256,256,256,256,256,256,256,256,256,256,256,256,256,256,256,256,256,256,256,256,256,256,256,256,256,256,256,256,256,256,256,256,256,256,256,256,256,256,256,256,256,256,256,256,256,256,256,256,256,256,256,256,256,256,256,256,256,256,256,256,256,256,256,256,256,256,256,256,256,256,256,256,256,256,256,256,256,256,256,256,256,256,256,256,256,256,256,256,256,256,256,256,256,256,256,256,256,256,256,256,256,256,256,256,256,256,256,256,256,256,256,256,256,256,256,256,256,256,256,256,256,256,256,256,256,256,256,256,256,256,256,256,256,256,256,256,256,256,256,256,256,256,256,256,256,256,256,256,256,256,256,256,256,256,256,256,256,256,256,256,256,256,256,256,256,256,256,256,0
0,256,256,256,256,256,256,256,256,256,256,256,256,256,256,256,256,256,256,256,256,256,256,256,256,256,256,256,256,256,256,256,256,256,256,256,256,256,256,256,256,256,256,256,256,256,256,256,256,256,256,256,256,256,256,256,256,256,256,256,256,256,256,256,256,256,256,256,256,256,256,256,256,256,256,256,256,256,256,256,256,256,256,256,256,256,256,256,256,256,256,256,256,256,256,256,256,256,256,256,256,256,256,256,256,256,256,256,256,256,256,256,256,256,256,256,256,256,256,256,256,256,256,256,256,256,256,256,256,256,256,256,256,256,256,256,256,256,256,256,256,256,256,256,256,256,256,256,256,256,256,256,256,256,256,256,256,256,256,256,256,256,256,256,256,256,256,256,256,256,256,256,256,256,256,256,256,256,256,256,256,256,256,256,256,256,256,256,256,256,256,0
0,256,256,256,256,256,256,256,256,256,256,256,256,256,256,256,256,256,256,256,256,256,256,256,256,256,256,256,256,256,256,256,256,256,256,256,256,256,256,256,256,256,256,256,256,256,256,256,256,256,256,256,256,256,256,256,256,256,256,256,256,256,256,256,256,256,256,256,256,256,256,256,256,256,256,256,256,256,256,256,256,256,256,256,256,256,256,256,256,256,256,256,256,256,256,256,256,256,256,256,256,256,256,256,256,256,256,256,256,256,256,256,256,256,256,256,256,256,256,256,256,256,256,256,256,256,256,256,256,256,256,256,256,256,256,256,256,256,256,256,256,256,256,256,256,256,256,256,256,256,256,256,256,256,256,256,256,256,256,256,256,256,256,256,256,256,256,256,256,256,256,256,256,256,256,256,256,256,256,256,256,256,256,256,256,256,256,256,256,256,256,0
0,256,256,256,256,256,256,256,256,256,256,256,256,256,256,256,256,256,256,256,256,256,256,256,256,256,256,256,256,256,256,256,256,256,256,256,256,256,256,256,256,256,256,256,256,256,256,256,256,256,256,256,256,256,256,256,256,256,256,256,256,256,256,256,256,256,256,256,256,256,256,256,256,256,256,256,256,256,256,256,256,256,256,256,256,256,256,256,256,256,256,256,256,256,256,256,256,256,256,256,256,256,256,256,256,256,256,256,256,256,256,256,256,256,256,256,256,256,256,256,256,256,256,256,256,256,256,256,256,256,256,256,256,256,256,256,256,256,256,256,256,256,256,256,256,256,256,256,256,256,256,256,256,256,256,256,256,256,256,256,256,256,256,256,256,256,256,256,256,256,256,256,256,256,256,256,256,256,256,256,256,256,256,256,256,256,256,256,256,256,256,0
0,256,256,256,256,256,256,256,256,256,256,256,256,256,256,256,256,256,256,256,256,256,256,256,256,256,256,256,256,256,256,256,256,256,256,256,256,256,256,256,256,256,256,256,256,256,256,256,256,256,256,256,256,256,256,256,256,256,256,256,256,256,256,256,256,256,256,256,256,256,256,256,256,256,256,256,256,256,256,256,256,256,256,256,256,256,256,256,256,256,256,256,256,256,256,256,256,256,256,256,256,256,256,256,256,256,256,256,256,256,256,256,256,256,256,256,256,256,256,256,256,256,256,256,256,256,256,256,256,256,256,256,256,256,256,256,256,256,256,256,256,256,256,256,256,256,256,256,256,256,256,256,256,256,256,256,256,256,256,256,256,256,256,256,256,256,256,256,256,256,256,256,256,256,256,256,256,256,256,256,256,256,256,256,256,256,256,256,256,256,256,0
0,0,0,0,0,0,0,0,0,0,0,0,0,0,0,0,0,0,0,0,0,0,0,0,0,0,0,0,0,0,0,0,0,0,0,0,0,0,0,0,0,0,0,0,0,0,0,0,0,0,0,0,0,0,0,0,0,0,0,0,0,0,0,0,0,0,0,0,0,0,0,0,0,0,0,0,0,0,0,0,0,0,0,0,0,0,0,0,0,0,0,0,0,0,0,0,0,0,0,0,0,0,0,0,0,0,0,0,0,0,0,0,0,0,0,0,0,0,0,0,0,0,0,0,0,0,0,0,0,0,0,0,0,0,0,0,0,0,0,0,0,0,0,0,0,0,0,0,0,0,0,0,0,0,0,0,0,0,0,0,0,0,0,0,0,0,0,0,0,0,0,0,0,0,0,0,0,0,0,0,0,0,0,0,0,0,0,0,0,0,0,0
