id,source_file,source_table,bytes,data_state,sql_shape,insert_statements,create_statements,overlap_850_exact,overlap_850_tables,columns_381,columns_850,overlap_850_schema,overlap_850_semantic,module_family,audit_status,core_381_status,core_850_status,client_status,difficulty,decision,evidence_note
1,_伊娃紋樣屬性設定__202609221205.sql,伊娃紋樣屬性設定,4167,HAS_SQL_CONTENT,INSERT_ONLY,4,0,NO_EXACT_TABLE_MATCH,,等級 | 力量 | 敏捷 | 体质 | 智力 | 精神 | 魅力 | 防御 | 血量 | 魔量 | 回血量 | 回魔量 | 近战伤害 | 近战命中率 | 远攻伤害 | 远攻命中率 | 物理伤害减免 | 魔法伤害减免 | 魔防 | 魔攻 | 火属性 | 风属性 | 地属性 | 水属性 | 昏迷耐性 | 石化耐性 | 睡眠耐性 | 寒冰耐性 | 支撑耐性 | 暗黑耐性 | 经验% | hp_potion,,NOT_APPLICABLE_NO_EXACT_TABLE,PENDING_CORE_REVIEW,UNCLASSIFIED,SQL_SCANNED,NOT_PROVEN,NOT_PROVEN,NOT_CHECKED,NOT_FINAL,HOLD,SQL content indexed; runtime semantics pending
2,_沙哈紋樣屬性設定__202609221205.sql,沙哈紋樣屬性設定,4060,HAS_SQL_CONTENT,INSERT_ONLY,4,0,NO_EXACT_TABLE_MATCH,,等級 | 力量 | 敏捷 | 体质 | 智力 | 精神 | 魅力 | 防御 | 血量 | 魔量 | 回血量 | 回魔量 | 近战伤害 | 近战命中率 | 远攻伤害 | 远攻命中率 | 物理伤害减免 | 魔法伤害减免 | 魔防 | 魔攻 | 火属性 | 风属性 | 地属性 | 水属性 | 昏迷耐性 | 石化耐性 | 睡眠耐性 | 寒冰耐性 | 支撑耐性 | 暗黑耐性 | 经验%,,NOT_APPLICABLE_NO_EXACT_TABLE,PENDING_CORE_REVIEW,UNCLASSIFIED,SQL_SCANNED,NOT_PROVEN,NOT_PROVEN,NOT_CHECKED,NOT_FINAL,HOLD,SQL content indexed; runtime semantics pending
3,_系统_道具掉落限制__202609221205.sql,系统_道具掉落限制,0,NO_ACTIVE_DATA,EMPTY,0,0,NO_EXACT_TABLE_MATCH,,,,NOT_APPLICABLE_NO_EXACT_TABLE,PENDING_CORE_REVIEW,UNCLASSIFIED,SQL_SCANNED,NOT_PROVEN,NOT_PROVEN,NOT_CHECKED,NOT_FINAL,HOLD,Empty SQL is not a SKIP reason
4,_帕格里奧紋樣屬性設定__202609221205.sql,帕格里奧紋樣屬性設定,4541,HAS_SQL_CONTENT,INSERT_ONLY,4,0,NO_EXACT_TABLE_MATCH,,等級 | 力量 | 敏捷 | 体质 | 智力 | 精神 | 魅力 | 防御 | 血量 | 魔量 | 回血量 | 回魔量 | 近战伤害 | 近战命中率 | 远攻伤害 | 远攻命中率 | 物理伤害减免 | 魔法伤害减免 | 魔防 | 魔攻 | 火属性 | 风属性 | 地属性 | 水属性 | 昏迷耐性 | 石化耐性 | 睡眠耐性 | 寒冰耐性 | 支撑耐性 | 暗黑耐性 | 经验% | add_double_dmg | add_weight | add_pvp_dmg | add_pvp_r,,NOT_APPLICABLE_NO_EXACT_TABLE,PENDING_CORE_REVIEW,UNCLASSIFIED,SQL_SCANNED,NOT_PROVEN,NOT_PROVEN,NOT_CHECKED,NOT_FINAL,HOLD,SQL content indexed; runtime semantics pending
5,_殷海薩紋樣屬性設定__202609221205.sql,殷海薩紋樣屬性設定,4115,HAS_SQL_CONTENT,INSERT_ONLY,4,0,NO_EXACT_TABLE_MATCH,,等級 | 力量 | 敏捷 | 体质 | 智力 | 精神 | 魅力 | 防御 | 血量 | 魔量 | 回血量 | 回魔量 | 近战伤害 | 近战命中率 | 远攻伤害 | 远攻命中率 | 物理伤害减免 | 魔法伤害减免 | 魔防 | 魔攻 | 火属性 | 风属性 | 地属性 | 水属性 | 昏迷耐性 | 石化耐性 | 睡眠耐性 | 寒冰耐性 | 支撑耐性 | 暗黑耐性 | 经验%,,NOT_APPLICABLE_NO_EXACT_TABLE,PENDING_CORE_REVIEW,UNCLASSIFIED,SQL_SCANNED,NOT_PROVEN,NOT_PROVEN,NOT_CHECKED,NOT_FINAL,HOLD,SQL content indexed; runtime semantics pending
6,_馬普勒紋樣屬性設定__202609221205.sql,馬普勒紋樣屬性設定,4078,HAS_SQL_CONTENT,INSERT_ONLY,4,0,NO_EXACT_TABLE_MATCH,,等級 | 力量 | 敏捷 | 体质 | 智力 | 精神 | 魅力 | 防御 | 血量 | 魔量 | 回血量 | 回魔量 | 近战伤害 | 近战命中率 | 远攻伤害 | 远攻命中率 | 物理伤害减免 | 魔法伤害减免 | 魔防 | 魔攻 | 火属性 | 风属性 | 地属性 | 水属性 | 昏迷耐性 | 石化耐性 | 睡眠耐性 | 寒冰耐性 | 支撑耐性 | 暗黑耐性 | 经验%,,NOT_APPLICABLE_NO_EXACT_TABLE,PENDING_CORE_REVIEW,UNCLASSIFIED,SQL_SCANNED,NOT_PROVEN,NOT_PROVEN,NOT_CHECKED,NOT_FINAL,HOLD,SQL content indexed; runtime semantics pending
7,_廣播_定時_顯示__202609221205.sql,廣播_定時_顯示,566,HAS_SQL_CONTENT,INSERT_ONLY,1,0,NO_EXACT_TABLE_MATCH,,訊息內容,,NOT_APPLICABLE_NO_EXACT_TABLE,PENDING_CORE_REVIEW,UNCLASSIFIED,SQL_SCANNED,NOT_PROVEN,NOT_PROVEN,NOT_CHECKED,NOT_FINAL,HOLD,SQL content indexed; runtime semantics pending
8,_廣播_掉寶_顯示__202609221205.sql,廣播_掉寶_顯示,198,HAS_SQL_CONTENT,INSERT_ONLY,1,0,NO_EXACT_TABLE_MATCH,,註解 | 類型 | 訊息內容,,NOT_APPLICABLE_NO_EXACT_TABLE,PENDING_CORE_REVIEW,UNCLASSIFIED,SQL_SCANNED,NOT_PROVEN,NOT_PROVEN,NOT_CHECKED,NOT_FINAL,HOLD,SQL content indexed; runtime semantics pending
9,_廣播_殺人_顯示__202609221205.sql,廣播_殺人_顯示,180,HAS_SQL_CONTENT,INSERT_ONLY,1,0,NO_EXACT_TABLE_MATCH,,註解 | 類型 | 訊息內容,,NOT_APPLICABLE_NO_EXACT_TABLE,PENDING_CORE_REVIEW,UNCLASSIFIED,SQL_SCANNED,NOT_PROVEN,NOT_PROVEN,NOT_CHECKED,NOT_FINAL,HOLD,SQL content indexed; runtime semantics pending
10,_廣播_登入_顯示__202609221205.sql,廣播_登入_顯示,291,HAS_SQL_CONTENT,INSERT_ONLY,1,0,NO_EXACT_TABLE_MATCH,,訊息內容,,NOT_APPLICABLE_NO_EXACT_TABLE,PENDING_CORE_REVIEW,UNCLASSIFIED,SQL_SCANNED,NOT_PROVEN,NOT_PROVEN,NOT_CHECKED,NOT_FINAL,HOLD,SQL content indexed; runtime semantics pending
11,_廣播_寶箱_顯示__202609221205.sql,廣播_寶箱_顯示,139,HAS_SQL_CONTENT,INSERT_ONLY,1,0,NO_EXACT_TABLE_MATCH,,註解 | 類型 | 訊息內容,,NOT_APPLICABLE_NO_EXACT_TABLE,PENDING_CORE_REVIEW,UNCLASSIFIED,SQL_SCANNED,NOT_PROVEN,NOT_PROVEN,NOT_CHECKED,NOT_FINAL,HOLD,SQL content indexed; runtime semantics pending
12,_characters__202609221205.sql,characters,1785,HAS_SQL_CONTENT,INSERT_ONLY,1,0,EXACT_TABLE_MATCH,characters,AccessLevel | account_name | objid | char_name | level | HighLevel | Exp | MaxHp | CurHp | MaxMp | CurMp | Ac | Str | Con | Dex | Cha | Intel | Wis | Status | Class | Sex | Type | Heading | LocX | LocY | MapID | Food | Lawful | Title | ClanID | Clanname | ClanRank | rejoin_clan_time | BonusStatus | ElixirStatus | ElfAttr | PKcount | PkCountForElf | ExpRes | PartnerID | OnlineStatus | HomeTownID | Contribution | Pay | HellTime | Banned | Karma | LastPk | LastPkForElf | DeleteTime | OriginalStr | OriginalCon | OriginalDex | OriginalCha | OriginalInt | OriginalWis | CreateTime | PunishTime | BanError | InputBanError | SpeedError | RocksPrisonTime | IvorytowerTime | LastabardTime | DragonValleyTime | PcContribution | ClanContribution | ClanNameContribution | clanadena | logpcpower | logpcpower_SkillCount | logpcpower_SkillFor1 | logpcpower_SkillFor2 | logpcpower_SkillFor3 | logpcpower_SkillFor4 | logpcpower_SkillFor5 | ReductionDmg | pcdmg | paycount | logintime | loginpoly | guaji_count | day | PrestigeLv | Quburcount | 紋樣祝福點數 | 伊娃紋樣等級 | 伊娃紋樣強化次數 | 沙哈紋樣等級 | 沙哈紋樣強化次數 | 馬普勒紋樣等級 | 馬普勒紋樣強化次數 | 帕格里奧紋樣等級 | 帕格里奧紋樣強化次數 | 殷海薩紋樣等級 | 殷海薩紋樣強化次數,account_name | objid | char_name | birthday | level | HighLevel | Exp | MaxHp | CurHp | MaxMp | CurMp | Ac | Str | Con | Dex | Cha | Intel | Wis | Status | Class | Sex | Type | Heading | LocX | LocY | MapID | Food | Lawful | Title | MasterID | ClanID | Clanname | ClanRank | BonusStatus | ElixirStatus | ElfAttr | PKcount | PkCountForElf | ExpRes | PartnerID | AccessLevel | OnlineStatus | HomeTownID | Contribution | Pay | HellTime | Banned | Karma | LastPk | LastPkForElf | LogoutTime | DeleteTime | TamUseTime | OriginalStr | OriginalCon | OriginalDex | OriginalCha | OriginalInt | OriginalWis | EinhasadsBless | BookMarkSpace | CharStoreSpace | RuneOpenStatus | WsaRecord | MapTime_1 | MapTime_2 | MapTime_3 | MapTime_4 | MapTime_5 | MapTime_6 | MapTime_7,COLUMN_DIFFERENCE,PENDING_CORE_REVIEW,UNCLASSIFIED,SQL_SCANNED,NOT_PROVEN,NOT_PROVEN,NOT_CHECKED,NOT_FINAL,HOLD,SQL content indexed; runtime semantics pending
13,_exp__202609221205.sql,exp,6440,HAS_SQL_CONTENT,INSERT_ONLY,21,0,NO_EXACT_TABLE_MATCH,,level | exp | expPenalty,,NOT_APPLICABLE_NO_EXACT_TABLE,PENDING_CORE_REVIEW,UNCLASSIFIED,SQL_SCANNED,NOT_PROVEN,NOT_PROVEN,NOT_CHECKED,NOT_FINAL,HOLD,SQL content indexed; runtime semantics pending
14,accounts_202609221205.sql,accounts,332,HAS_SQL_CONTENT,INSERT_ONLY,1,0,EXACT_TABLE_MATCH,accounts,login | password | lastactive | access_level | ip | host | banned | character_slot | spw | warehouse | server_no | already_login | glory_points | glory_points_slot | glory_points_limit | first_pay | id_card,login | password | lastactive | access_level | ip | host | online | banned | character_slot | warepassword | OnlineStatus | WorldShopAdena | TamPoint,COLUMN_DIFFERENCE,PENDING_CORE_REVIEW,UNCLASSIFIED,SQL_SCANNED,NOT_PROVEN,NOT_PROVEN,NOT_CHECKED,NOT_FINAL,HOLD,SQL content indexed; runtime semantics pending
15,armor_202609221205.sql,armor,453584,HAS_SQL_CONTENT,INSERT_ONLY,160,0,EXACT_TABLE_MATCH,armor,name | classname | name_id | type | material | weight | invgfx | grdgfx | itemdesc_id | 防禦 | 安定值 | 王族 | 騎士 | 法師 | 妖精 | 黑妖 | 龍騎 | 幻術 | use_warrior | 力量 | 體質 | 敏捷 | 智力 | 精神 | 魅力 | 血量 | 魔量 | 回血 | 回魔 | 魔攻 | 最小等級 | 最大等級 | 魔防 | 自動加速 | 傷害減免 | 負重減免 | 近戰命中 | 近戰傷害 | 遠戰命中 | 遠戰傷害 | 是否祝福 | 不能交易 | 不能刪除 | 使用期限 | 水屬性 | 風屬性 | 火屬性 | 地屬性 | 暈眩耐性 | 石化耐性 | 睡眠耐性 | 寒冰耐性 | 支撐耐性 | 暗闇耐性 | greater | 經驗百分比 | 魔法命中 | 藥水回復百分比 | 藥水回復量 | PVP額外傷害 | PVP傷害減免 | 裝備炫彩 | 是否可祝福 | 同系列裝備 | 是否喷装,item_id | name | unidentified_name_id | identified_name_id | type | material | weight | invgfx | grdgfx | itemdesc_id | ac | safenchant | use_royal | use_knight | use_mage | use_elf | use_darkelf | use_dragonknight | use_illusionist | use_warrior | add_str | add_con | add_dex | add_int | add_wis | add_cha | add_hp | add_mp | add_hpr | add_mpr | add_sp | min_lvl | max_lvl | m_def | haste_item | damage_reduction | weight_reduction | hit_modifier | dmg_modifier | bow_hit_modifier | bow_dmg_modifier | bless | cant_trade | cant_delete | max_use_time | defense_water | defense_wind | defense_fire | defense_earth | regist_stun | regist_stone | regist_sleep | regist_freeze | regist_sustain | regist_blind | regist_fear | grade | pvpDamage | pvpDamageReduction | magicHit | magicCritical | healPotionRegeneration | antiDamageReduction | exp | antiPoison | stunLevel | fearLevel | breakLevel,COLUMN_DIFFERENCE,PENDING_CORE_REVIEW,UNCLASSIFIED,SQL_SCANNED,NOT_PROVEN,NOT_PROVEN,NOT_CHECKED,NOT_FINAL,HOLD,SQL content indexed; runtime semantics pending
16,armor_set_202609221205.sql,armor_set,10765,HAS_SQL_CONTENT,INSERT_ONLY,7,0,EXACT_TABLE_MATCH,armor_set,note | sets | polyid | ac | hp | mp | hpr | mpr | mr | str | dex | con | wis | cha | intl | defense_water | defense_wind | defense_fire | defense_earth | regist_stun | regist_stone | regist_sleep | regist_freeze | regist_sustain | regist_blind | gfx | modifier_dmg | reduction_dmg | magic_modifier_dmg | magic_reduction_dmg | bow_modifier_dmg | haste | sp | hit_modifier | bow_hit_modifier | magiccritical_chance,id | note | sets | polyid | poly_desc | ac | hp | mp | hpr | mpr | mr | str | dex | con | wis | cha | intl | hit_modifier | dmg_modifier | bow_hit_modifier | bow_dmg_modifier | sp | defense_water | defense_wind | defense_fire | defense_earth | damage_reduction,COLUMN_DIFFERENCE,PENDING_CORE_REVIEW,UNCLASSIFIED,SQL_SCANNED,NOT_PROVEN,NOT_PROVEN,NOT_CHECKED,NOT_FINAL,HOLD,SQL content indexed; runtime semantics pending
17,ban_ip_202609221205.sql,ban_ip,0,NO_ACTIVE_DATA,EMPTY,0,0,EXACT_TABLE_MATCH,ban_ip,,ip,SOURCE_COLUMNS_NOT_PROVEN,PENDING_CORE_REVIEW,UNCLASSIFIED,SQL_SCANNED,NOT_PROVEN,NOT_PROVEN,NOT_CHECKED,NOT_FINAL,HOLD,Empty SQL is not a SKIP reason
18,beginner_202609221205.sql,beginner,1923,HAS_SQL_CONTENT,INSERT_ONLY,4,0,EXACT_TABLE_MATCH,beginner,item_id | count | charge_count | enchantlvl | item_name | activate | time,id | item_id | count | charge_count | enchantlvl | item_name | activate | bless,COLUMN_DIFFERENCE,PENDING_CORE_REVIEW,UNCLASSIFIED,SQL_SCANNED,NOT_PROVEN,NOT_PROVEN,NOT_CHECKED,NOT_FINAL,HOLD,SQL content indexed; runtime semantics pending
19,character_內掛_202609221205.sql,character_內掛,682,HAS_SQL_CONTENT,INSERT_ONLY,1,0,NO_EXACT_TABLE_MATCH,,char_obj_id | type1 | type2 | type3 | type4 | type5 | type6 | type7 | type8 | type9 | type10 | type11 | type12 | type13 | type14 | type15 | type16 | type17 | type18 | type19 | type20 | type21 | type22 | type23 | type24 | type25 | type26 | type27 | type28 | type29 | type30 | type31 | type32 | type33 | type34 | type35 | type36 | type37 | type38 | type39 | type40 | type41 | type42 | type43 | type44 | type45 | type46 | type47 | type48 | type49 | type50,,NOT_APPLICABLE_NO_EXACT_TABLE,PENDING_CORE_REVIEW,UNCLASSIFIED,SQL_SCANNED,NOT_PROVEN,NOT_PROVEN,NOT_CHECKED,NOT_FINAL,HOLD,SQL content indexed; runtime semantics pending
20,character_內掛仇人清單_202609221205.sql,character_內掛仇人清單,0,NO_ACTIVE_DATA,EMPTY,0,0,NO_EXACT_TABLE_MATCH,,,,NOT_APPLICABLE_NO_EXACT_TABLE,PENDING_CORE_REVIEW,UNCLASSIFIED,SQL_SCANNED,NOT_PROVEN,NOT_PROVEN,NOT_CHECKED,NOT_FINAL,HOLD,Empty SQL is not a SKIP reason
21,character_內掛被殺清單_202609221205.sql,character_內掛被殺清單,0,NO_ACTIVE_DATA,EMPTY,0,0,NO_EXACT_TABLE_MATCH,,,,NOT_APPLICABLE_NO_EXACT_TABLE,PENDING_CORE_REVIEW,UNCLASSIFIED,SQL_SCANNED,NOT_PROVEN,NOT_PROVEN,NOT_CHECKED,NOT_FINAL,HOLD,Empty SQL is not a SKIP reason
22,character_天賦紀錄_202609221205.sql,character_天賦紀錄,425,HAS_SQL_CONTENT,INSERT_ONLY,1,0,NO_EXACT_TABLE_MATCH,,char_obj_id | tfcount | tfcount1 | Attack | BowAttack | Hit | BowHit | Sp | Str | Dex | Int | Con | Cha | Wis | Hp | Mp | Mr | ReductionDmg | Hpr | Mpr | hppotion | exp | ac | weight | regist_stun | regist_stone | regist_sleep | regist_freeze | regist_sustain | regist_blind | PVP | BowPVP,,NOT_APPLICABLE_NO_EXACT_TABLE,PENDING_CORE_REVIEW,UNCLASSIFIED,SQL_SCANNED,NOT_PROVEN,NOT_PROVEN,NOT_CHECKED,NOT_FINAL,HOLD,SQL content indexed; runtime semantics pending
23,character_加速_202609221205.sql,character_加速,0,NO_ACTIVE_DATA,EMPTY,0,0,NO_EXACT_TABLE_MATCH,,,,NOT_APPLICABLE_NO_EXACT_TABLE,PENDING_CORE_REVIEW,UNCLASSIFIED,SQL_SCANNED,NOT_PROVEN,NOT_PROVEN,NOT_CHECKED,NOT_FINAL,HOLD,Empty SQL is not a SKIP reason
24,character_回憶蠟燭_202609221205.sql,character_回憶蠟燭,0,NO_ACTIVE_DATA,EMPTY,0,0,NO_EXACT_TABLE_MATCH,,,,NOT_APPLICABLE_NO_EXACT_TABLE,PENDING_CORE_REVIEW,UNCLASSIFIED,SQL_SCANNED,NOT_PROVEN,NOT_PROVEN,NOT_CHECKED,NOT_FINAL,HOLD,Empty SQL is not a SKIP reason
25,character_攻城獎勵_202609221205.sql,character_攻城獎勵,0,NO_ACTIVE_DATA,EMPTY,0,0,NO_EXACT_TABLE_MATCH,,,,NOT_APPLICABLE_NO_EXACT_TABLE,PENDING_CORE_REVIEW,UNCLASSIFIED,SQL_SCANNED,NOT_PROVEN,NOT_PROVEN,NOT_CHECKED,NOT_FINAL,HOLD,Empty SQL is not a SKIP reason
26,character_角色_丟怪_202609221205.sql,character_角色_丟怪,0,NO_ACTIVE_DATA,EMPTY,0,0,NO_EXACT_TABLE_MATCH,,,,NOT_APPLICABLE_NO_EXACT_TABLE,PENDING_CORE_REVIEW,UNCLASSIFIED,SQL_SCANNED,NOT_PROVEN,NOT_PROVEN,NOT_CHECKED,NOT_FINAL,HOLD,Empty SQL is not a SKIP reason
27,character_角色_丟物_202609221205.sql,character_角色_丟物,0,NO_ACTIVE_DATA,EMPTY,0,0,NO_EXACT_TABLE_MATCH,,,,NOT_APPLICABLE_NO_EXACT_TABLE,PENDING_CORE_REVIEW,UNCLASSIFIED,SQL_SCANNED,NOT_PROVEN,NOT_PROVEN,NOT_CHECKED,NOT_FINAL,HOLD,Empty SQL is not a SKIP reason
28,character_角色_交易_202609221205.sql,character_角色_交易,0,NO_ACTIVE_DATA,EMPTY,0,0,NO_EXACT_TABLE_MATCH,,,,NOT_APPLICABLE_NO_EXACT_TABLE,PENDING_CORE_REVIEW,UNCLASSIFIED,SQL_SCANNED,NOT_PROVEN,NOT_PROVEN,NOT_CHECKED,NOT_FINAL,HOLD,Empty SQL is not a SKIP reason
29,character_角色_交易1_202609221205.sql,character_角色_交易1,0,NO_ACTIVE_DATA,EMPTY,0,0,NO_EXACT_TABLE_MATCH,,,,NOT_APPLICABLE_NO_EXACT_TABLE,PENDING_CORE_REVIEW,UNCLASSIFIED,SQL_SCANNED,NOT_PROVEN,NOT_PROVEN,NOT_CHECKED,NOT_FINAL,HOLD,Empty SQL is not a SKIP reason
30,character_角色_收購_202609221205.sql,character_角色_收購,0,NO_ACTIVE_DATA,EMPTY,0,0,NO_EXACT_TABLE_MATCH,,,,NOT_APPLICABLE_NO_EXACT_TABLE,PENDING_CORE_REVIEW,UNCLASSIFIED,SQL_SCANNED,NOT_PROVEN,NOT_PROVEN,NOT_CHECKED,NOT_FINAL,HOLD,Empty SQL is not a SKIP reason
31,character_角色_刪人_202609221205.sql,character_角色_刪人,0,NO_ACTIVE_DATA,EMPTY,0,0,NO_EXACT_TABLE_MATCH,,,,NOT_APPLICABLE_NO_EXACT_TABLE,PENDING_CORE_REVIEW,UNCLASSIFIED,SQL_SCANNED,NOT_PROVEN,NOT_PROVEN,NOT_CHECKED,NOT_FINAL,HOLD,Empty SQL is not a SKIP reason
32,character_角色_刪物_202609221205.sql,character_角色_刪物,7102,HAS_SQL_CONTENT,INSERT_ONLY,9,0,NO_EXACT_TABLE_MATCH,,玩家 | 道具 | 數量 | 編號 | IP | 時間,,NOT_APPLICABLE_NO_EXACT_TABLE,PENDING_CORE_REVIEW,UNCLASSIFIED,SQL_SCANNED,NOT_PROVEN,NOT_PROVEN,NOT_CHECKED,NOT_FINAL,HOLD,SQL content indexed; runtime semantics pending
33,character_角色_妖倉_202609221205.sql,character_角色_妖倉,0,NO_ACTIVE_DATA,EMPTY,0,0,NO_EXACT_TABLE_MATCH,,,,NOT_APPLICABLE_NO_EXACT_TABLE,PENDING_CORE_REVIEW,UNCLASSIFIED,SQL_SCANNED,NOT_PROVEN,NOT_PROVEN,NOT_CHECKED,NOT_FINAL,HOLD,Empty SQL is not a SKIP reason
34,character_角色_改密_202609221205.sql,character_角色_改密,0,NO_ACTIVE_DATA,EMPTY,0,0,NO_EXACT_TABLE_MATCH,,,,NOT_APPLICABLE_NO_EXACT_TABLE,PENDING_CORE_REVIEW,UNCLASSIFIED,SQL_SCANNED,NOT_PROVEN,NOT_PROVEN,NOT_CHECKED,NOT_FINAL,HOLD,Empty SQL is not a SKIP reason
35,character_角色_攻城傷害_202609221205.sql,character_角色_攻城傷害,0,NO_ACTIVE_DATA,EMPTY,0,0,NO_EXACT_TABLE_MATCH,,,,NOT_APPLICABLE_NO_EXACT_TABLE,PENDING_CORE_REVIEW,UNCLASSIFIED,SQL_SCANNED,NOT_PROVEN,NOT_PROVEN,NOT_CHECKED,NOT_FINAL,HOLD,Empty SQL is not a SKIP reason
36,character_角色_更名_202609221205.sql,character_角色_更名,0,NO_ACTIVE_DATA,EMPTY,0,0,NO_EXACT_TABLE_MATCH,,,,NOT_APPLICABLE_NO_EXACT_TABLE,PENDING_CORE_REVIEW,UNCLASSIFIED,SQL_SCANNED,NOT_PROVEN,NOT_PROVEN,NOT_CHECKED,NOT_FINAL,HOLD,Empty SQL is not a SKIP reason
37,character_角色_角倉_202609221205.sql,character_角色_角倉,0,NO_ACTIVE_DATA,EMPTY,0,0,NO_EXACT_TABLE_MATCH,,,,NOT_APPLICABLE_NO_EXACT_TABLE,PENDING_CORE_REVIEW,UNCLASSIFIED,SQL_SCANNED,NOT_PROVEN,NOT_PROVEN,NOT_CHECKED,NOT_FINAL,HOLD,Empty SQL is not a SKIP reason
38,character_角色_使用掛機_202609221205.sql,character_角色_使用掛機,0,NO_ACTIVE_DATA,EMPTY,0,0,NO_EXACT_TABLE_MATCH,,,,NOT_APPLICABLE_NO_EXACT_TABLE,PENDING_CORE_REVIEW,UNCLASSIFIED,SQL_SCANNED,NOT_PROVEN,NOT_PROVEN,NOT_CHECKED,NOT_FINAL,HOLD,Empty SQL is not a SKIP reason
39,character_角色_洗血_202609221205.sql,character_角色_洗血,0,NO_ACTIVE_DATA,EMPTY,0,0,NO_EXACT_TABLE_MATCH,,,,NOT_APPLICABLE_NO_EXACT_TABLE,PENDING_CORE_REVIEW,UNCLASSIFIED,SQL_SCANNED,NOT_PROVEN,NOT_PROVEN,NOT_CHECKED,NOT_FINAL,HOLD,Empty SQL is not a SKIP reason
40,character_角色_個倉_202609221205.sql,character_角色_個倉,6943,HAS_SQL_CONTENT,INSERT_ONLY,7,0,NO_EXACT_TABLE_MATCH,,玩家 | 執行 | 倉庫 | 道具 | 數量 | 編號 | IP | 時間,,NOT_APPLICABLE_NO_EXACT_TABLE,PENDING_CORE_REVIEW,UNCLASSIFIED,SQL_SCANNED,NOT_PROVEN,NOT_PROVEN,NOT_CHECKED,NOT_FINAL,HOLD,SQL content indexed; runtime semantics pending
41,character_角色_商城_202609221205.sql,character_角色_商城,0,NO_ACTIVE_DATA,EMPTY,0,0,NO_EXACT_TABLE_MATCH,,,,NOT_APPLICABLE_NO_EXACT_TABLE,PENDING_CORE_REVIEW,UNCLASSIFIED,SQL_SCANNED,NOT_PROVEN,NOT_PROVEN,NOT_CHECKED,NOT_FINAL,HOLD,Empty SQL is not a SKIP reason
42,character_角色_殺人_202609221205.sql,character_角色_殺人,0,NO_ACTIVE_DATA,EMPTY,0,0,NO_EXACT_TABLE_MATCH,,,,NOT_APPLICABLE_NO_EXACT_TABLE,PENDING_CORE_REVIEW,UNCLASSIFIED,SQL_SCANNED,NOT_PROVEN,NOT_PROVEN,NOT_CHECKED,NOT_FINAL,HOLD,Empty SQL is not a SKIP reason
43,character_角色_聊天_202609221205.sql,character_角色_聊天,639,HAS_SQL_CONTENT,INSERT_ONLY,1,0,NO_EXACT_TABLE_MATCH,,頻道 | 發話 | 血盟 | 對象 | 內容 | 時間,,NOT_APPLICABLE_NO_EXACT_TABLE,PENDING_CORE_REVIEW,UNCLASSIFIED,SQL_SCANNED,NOT_PROVEN,NOT_PROVEN,NOT_CHECKED,NOT_FINAL,HOLD,SQL content indexed; runtime semantics pending
44,character_角色_販售_202609221205.sql,character_角色_販售,0,NO_ACTIVE_DATA,EMPTY,0,0,NO_EXACT_TABLE_MATCH,,,,NOT_APPLICABLE_NO_EXACT_TABLE,PENDING_CORE_REVIEW,UNCLASSIFIED,SQL_SCANNED,NOT_PROVEN,NOT_PROVEN,NOT_CHECKED,NOT_FINAL,HOLD,Empty SQL is not a SKIP reason
45,character_角色_盟倉_202609221205.sql,character_角色_盟倉,0,NO_ACTIVE_DATA,EMPTY,0,0,NO_EXACT_TABLE_MATCH,,,,NOT_APPLICABLE_NO_EXACT_TABLE,PENDING_CORE_REVIEW,UNCLASSIFIED,SQL_SCANNED,NOT_PROVEN,NOT_PROVEN,NOT_CHECKED,NOT_FINAL,HOLD,Empty SQL is not a SKIP reason
46,character_角色_噴裝_202609221205.sql,character_角色_噴裝,0,NO_ACTIVE_DATA,EMPTY,0,0,NO_EXACT_TABLE_MATCH,,,,NOT_APPLICABLE_NO_EXACT_TABLE,PENDING_CORE_REVIEW,UNCLASSIFIED,SQL_SCANNED,NOT_PROVEN,NOT_PROVEN,NOT_CHECKED,NOT_FINAL,HOLD,Empty SQL is not a SKIP reason
47,character_角色_衝裝_202609221205.sql,character_角色_衝裝,0,NO_ACTIVE_DATA,EMPTY,0,0,NO_EXACT_TABLE_MATCH,,,,NOT_APPLICABLE_NO_EXACT_TABLE,PENDING_CORE_REVIEW,UNCLASSIFIED,SQL_SCANNED,NOT_PROVEN,NOT_PROVEN,NOT_CHECKED,NOT_FINAL,HOLD,Empty SQL is not a SKIP reason
48,character_角色_衝裝1_202609221205.sql,character_角色_衝裝1,0,NO_ACTIVE_DATA,EMPTY,0,0,NO_EXACT_TABLE_MATCH,,,,NOT_APPLICABLE_NO_EXACT_TABLE,PENDING_CORE_REVIEW,UNCLASSIFIED,SQL_SCANNED,NOT_PROVEN,NOT_PROVEN,NOT_CHECKED,NOT_FINAL,HOLD,Empty SQL is not a SKIP reason
49,character_角色_撿物_202609221205.sql,character_角色_撿物,0,NO_ACTIVE_DATA,EMPTY,0,0,NO_EXACT_TABLE_MATCH,,,,NOT_APPLICABLE_NO_EXACT_TABLE,PENDING_CORE_REVIEW,UNCLASSIFIED,SQL_SCANNED,NOT_PROVEN,NOT_PROVEN,NOT_CHECKED,NOT_FINAL,HOLD,Empty SQL is not a SKIP reason
50,character_角色_隨機禮物_202609221205.sql,character_角色_隨機禮物,0,NO_ACTIVE_DATA,EMPTY,0,0,NO_EXACT_TABLE_MATCH,,,,NOT_APPLICABLE_NO_EXACT_TABLE,PENDING_CORE_REVIEW,UNCLASSIFIED,SQL_SCANNED,NOT_PROVEN,NOT_PROVEN,NOT_CHECKED,NOT_FINAL,HOLD,Empty SQL is not a SKIP reason
51,character_角色_擺攤_202609221205.sql,character_角色_擺攤,0,NO_ACTIVE_DATA,EMPTY,0,0,NO_EXACT_TABLE_MATCH,,,,NOT_APPLICABLE_NO_EXACT_TABLE,PENDING_CORE_REVIEW,UNCLASSIFIED,SQL_SCANNED,NOT_PROVEN,NOT_PROVEN,NOT_CHECKED,NOT_FINAL,HOLD,Empty SQL is not a SKIP reason
52,character_角色_寶箱_202609221205.sql,character_角色_寶箱,1961,HAS_SQL_CONTENT,INSERT_ONLY,2,0,NO_EXACT_TABLE_MATCH,,玩家 | 使用寶箱 | 獲得道具 | 數量 | 時間,,NOT_APPLICABLE_NO_EXACT_TABLE,PENDING_CORE_REVIEW,UNCLASSIFIED,SQL_SCANNED,NOT_PROVEN,NOT_PROVEN,NOT_CHECKED,NOT_FINAL,HOLD,SQL content indexed; runtime semantics pending
53,character_角色_ai驗證_202609221205.sql,character_角色_ai驗證,0,NO_ACTIVE_DATA,EMPTY,0,0,NO_EXACT_TABLE_MATCH,,,,NOT_APPLICABLE_NO_EXACT_TABLE,PENDING_CORE_REVIEW,UNCLASSIFIED,SQL_SCANNED,NOT_PROVEN,NOT_PROVEN,NOT_CHECKED,NOT_FINAL,HOLD,Empty SQL is not a SKIP reason
54,character_物品_時間_202609221205.sql,character_物品_時間,0,NO_ACTIVE_DATA,EMPTY,0,0,NO_EXACT_TABLE_MATCH,,,,NOT_APPLICABLE_NO_EXACT_TABLE,PENDING_CORE_REVIEW,UNCLASSIFIED,SQL_SCANNED,NOT_PROVEN,NOT_PROVEN,NOT_CHECKED,NOT_FINAL,HOLD,Empty SQL is not a SKIP reason
55,character_炫色_記錄資料_202609221205.sql,character_炫色_記錄資料,0,NO_ACTIVE_DATA,EMPTY,0,0,NO_EXACT_TABLE_MATCH,,,,NOT_APPLICABLE_NO_EXACT_TABLE,PENDING_CORE_REVIEW,UNCLASSIFIED,SQL_SCANNED,NOT_PROVEN,NOT_PROVEN,NOT_CHECKED,NOT_FINAL,HOLD,Empty SQL is not a SKIP reason
56,character_消費_202609221205.sql,character_消費,0,NO_ACTIVE_DATA,EMPTY,0,0,NO_EXACT_TABLE_MATCH,,,,NOT_APPLICABLE_NO_EXACT_TABLE,PENDING_CORE_REVIEW,UNCLASSIFIED,SQL_SCANNED,NOT_PROVEN,NOT_PROVEN,NOT_CHECKED,NOT_FINAL,HOLD,Empty SQL is not a SKIP reason
57,character_除錯_封包_202609221205.sql,character_除錯_封包,0,NO_ACTIVE_DATA,EMPTY,0,0,NO_EXACT_TABLE_MATCH,,,,NOT_APPLICABLE_NO_EXACT_TABLE,PENDING_CORE_REVIEW,UNCLASSIFIED,SQL_SCANNED,NOT_PROVEN,NOT_PROVEN,NOT_CHECKED,NOT_FINAL,HOLD,Empty SQL is not a SKIP reason
58,character_除錯_傳送_202609221205.sql,character_除錯_傳送,0,NO_ACTIVE_DATA,EMPTY,0,0,NO_EXACT_TABLE_MATCH,,,,NOT_APPLICABLE_NO_EXACT_TABLE,PENDING_CORE_REVIEW,UNCLASSIFIED,SQL_SCANNED,NOT_PROVEN,NOT_PROVEN,NOT_CHECKED,NOT_FINAL,HOLD,Empty SQL is not a SKIP reason
59,character_掉寶_202609221205.sql,character_掉寶,0,NO_ACTIVE_DATA,EMPTY,0,0,NO_EXACT_TABLE_MATCH,,,,NOT_APPLICABLE_NO_EXACT_TABLE,PENDING_CORE_REVIEW,UNCLASSIFIED,SQL_SCANNED,NOT_PROVEN,NOT_PROVEN,NOT_CHECKED,NOT_FINAL,HOLD,Empty SQL is not a SKIP reason
60,character_裝武_保護_202609221205.sql,character_裝武_保護,0,NO_ACTIVE_DATA,EMPTY,0,0,NO_EXACT_TABLE_MATCH,,,,NOT_APPLICABLE_NO_EXACT_TABLE,PENDING_CORE_REVIEW,UNCLASSIFIED,SQL_SCANNED,NOT_PROVEN,NOT_PROVEN,NOT_CHECKED,NOT_FINAL,HOLD,Empty SQL is not a SKIP reason
61,character_離線擺攤_202609221205.sql,character_離線擺攤,0,NO_ACTIVE_DATA,EMPTY,0,0,NO_EXACT_TABLE_MATCH,,,,NOT_APPLICABLE_NO_EXACT_TABLE,PENDING_CORE_REVIEW,UNCLASSIFIED,SQL_SCANNED,NOT_PROVEN,NOT_PROVEN,NOT_CHECKED,NOT_FINAL,HOLD,Empty SQL is not a SKIP reason
62,character_贊助_202609221205.sql,character_贊助,0,NO_ACTIVE_DATA,EMPTY,0,0,NO_EXACT_TABLE_MATCH,,,,NOT_APPLICABLE_NO_EXACT_TABLE,PENDING_CORE_REVIEW,UNCLASSIFIED,SQL_SCANNED,NOT_PROVEN,NOT_PROVEN,NOT_CHECKED,NOT_FINAL,HOLD,Empty SQL is not a SKIP reason
63,character_贊助_滿額禮_202609221205.sql,character_贊助_滿額禮,0,NO_ACTIVE_DATA,EMPTY,0,0,NO_EXACT_TABLE_MATCH,,,,NOT_APPLICABLE_NO_EXACT_TABLE,PENDING_CORE_REVIEW,UNCLASSIFIED,SQL_SCANNED,NOT_PROVEN,NOT_PROVEN,NOT_CHECKED,NOT_FINAL,HOLD,Empty SQL is not a SKIP reason
64,character_alliance_202609221205.sql,character_alliance,0,NO_ACTIVE_DATA,EMPTY,0,0,NO_EXACT_TABLE_MATCH,,,,NOT_APPLICABLE_NO_EXACT_TABLE,PENDING_CORE_REVIEW,UNCLASSIFIED,SQL_SCANNED,NOT_PROVEN,NOT_PROVEN,NOT_CHECKED,NOT_FINAL,HOLD,Empty SQL is not a SKIP reason
65,character_bad_buddy_202609221205.sql,character_bad_buddy,0,NO_ACTIVE_DATA,EMPTY,0,0,NO_EXACT_TABLE_MATCH,,,,NOT_APPLICABLE_NO_EXACT_TABLE,PENDING_CORE_REVIEW,UNCLASSIFIED,SQL_SCANNED,NOT_PROVEN,NOT_PROVEN,NOT_CHECKED,NOT_FINAL,HOLD,Empty SQL is not a SKIP reason
66,character_bank_202609221205.sql,character_bank,0,NO_ACTIVE_DATA,EMPTY,0,0,NO_EXACT_TABLE_MATCH,,,,NOT_APPLICABLE_NO_EXACT_TABLE,PENDING_CORE_REVIEW,UNCLASSIFIED,SQL_SCANNED,NOT_PROVEN,NOT_PROVEN,NOT_CHECKED,NOT_FINAL,HOLD,Empty SQL is not a SKIP reason
67,character_buddys_202609221205.sql,character_buddys,0,NO_ACTIVE_DATA,EMPTY,0,0,EXACT_TABLE_MATCH,character_buddys,,id | char_id | buddy_id | buddy_name,SOURCE_COLUMNS_NOT_PROVEN,PENDING_CORE_REVIEW,UNCLASSIFIED,SQL_SCANNED,NOT_PROVEN,NOT_PROVEN,NOT_CHECKED,NOT_FINAL,HOLD,Empty SQL is not a SKIP reason
68,character_buff_202609221205.sql,character_buff,130,HAS_SQL_CONTENT,INSERT_ONLY,1,0,EXACT_TABLE_MATCH,character_buff,char_obj_id | skill_id | remaining_time | poly_id,char_obj_id | skill_id | remaining_time | poly_id | limit_time,381_COLUMNS_SUBSET_OF_850,PENDING_CORE_REVIEW,UNCLASSIFIED,SQL_SCANNED,NOT_PROVEN,NOT_PROVEN,NOT_CHECKED,NOT_FINAL,HOLD,SQL content indexed; runtime semantics pending
69,character_bug回報_202609221205.sql,character_bug回報,0,NO_ACTIVE_DATA,EMPTY,0,0,NO_EXACT_TABLE_MATCH,,,,NOT_APPLICABLE_NO_EXACT_TABLE,PENDING_CORE_REVIEW,UNCLASSIFIED,SQL_SCANNED,NOT_PROVEN,NOT_PROVEN,NOT_CHECKED,NOT_FINAL,HOLD,Empty SQL is not a SKIP reason
70,character_c1_202609221205.sql,character_c1,104,HAS_SQL_CONTENT,INSERT_ONLY,1,0,NO_EXACT_TABLE_MATCH,,object_id | c1_type | note,,NOT_APPLICABLE_NO_EXACT_TABLE,PENDING_CORE_REVIEW,UNCLASSIFIED,SQL_SCANNED,NOT_PROVEN,NOT_PROVEN,NOT_CHECKED,NOT_FINAL,HOLD,SQL content indexed; runtime semantics pending
71,character_config_202609221205.sql,character_config,1443,HAS_SQL_CONTENT,INSERT_ONLY,1,0,EXACT_TABLE_MATCH,character_config,object_id | length | data,object_id | data,COLUMN_DIFFERENCE,PENDING_CORE_REVIEW,UNCLASSIFIED,SQL_SCANNED,NOT_PROVEN,NOT_PROVEN,NOT_CHECKED,NOT_FINAL,HOLD,SQL content indexed; runtime semantics pending
72,character_elf_warehouse_202609221205.sql,character_elf_warehouse,0,NO_ACTIVE_DATA,EMPTY,0,0,EXACT_TABLE_MATCH,character_elf_warehouse,,id | account_name | item_id | item_name | count | is_equipped | enchantlvl | is_id | durability | charge_count | temp_value | last_used | bless | attr_enchant_kind | attr_enchant_level | super_enchant_field_1 | super_enchant_field_2 | super_enchant_field_3 | super_enchant_field_4 | limit_time,SOURCE_COLUMNS_NOT_PROVEN,PENDING_CORE_REVIEW,UNCLASSIFIED,SQL_SCANNED,NOT_PROVEN,NOT_PROVEN,NOT_CHECKED,NOT_FINAL,HOLD,Empty SQL is not a SKIP reason
73,character_etcitems_202609221205.sql,character_etcitems,0,NO_ACTIVE_DATA,EMPTY,0,0,NO_EXACT_TABLE_MATCH,,,,NOT_APPLICABLE_NO_EXACT_TABLE,PENDING_CORE_REVIEW,UNCLASSIFIED,SQL_SCANNED,NOT_PROVEN,NOT_PROVEN,NOT_CHECKED,NOT_FINAL,HOLD,Empty SQL is not a SKIP reason
74,character_gambling_202609221205.sql,character_gambling,7074,HAS_SQL_CONTENT,INSERT_ONLY,18,0,NO_EXACT_TABLE_MATCH,,id | adena | rate | gamblingno | outcount | r,,NOT_APPLICABLE_NO_EXACT_TABLE,PENDING_CORE_REVIEW,UNCLASSIFIED,SQL_SCANNED,NOT_PROVEN,NOT_PROVEN,NOT_CHECKED,NOT_FINAL,HOLD,SQL content indexed; runtime semantics pending
75,character_gm_指令_202609221205.sql,character_gm_指令,0,NO_ACTIVE_DATA,EMPTY,0,0,NO_EXACT_TABLE_MATCH,,,,NOT_APPLICABLE_NO_EXACT_TABLE,PENDING_CORE_REVIEW,UNCLASSIFIED,SQL_SCANNED,NOT_PROVEN,NOT_PROVEN,NOT_CHECKED,NOT_FINAL,HOLD,Empty SQL is not a SKIP reason
76,character_item_power_202609221205.sql,character_item_power,0,NO_ACTIVE_DATA,EMPTY,0,0,NO_EXACT_TABLE_MATCH,,,,NOT_APPLICABLE_NO_EXACT_TABLE,PENDING_CORE_REVIEW,UNCLASSIFIED,SQL_SCANNED,NOT_PROVEN,NOT_PROVEN,NOT_CHECKED,NOT_FINAL,HOLD,Empty SQL is not a SKIP reason
77,character_items_202609221205.sql,character_items,17492,HAS_SQL_CONTENT,INSERT_ONLY,9,0,EXACT_TABLE_MATCH,character_items,item_id | char_id | item_name | count | is_equipped | enchantlvl | is_id | durability | charge_count | remaining_time | last_used | bless | attr_enchant_kind | attr_enchant_level | gamNo | gamNpcId | starNpcId | racegamno | ItemAttack | ItemBowAttack | ItemHit | ItemBowHit | ItemReductionDmg | ItemSp | Itemprobability | ItemStr | ItemDex | ItemInt | ItemCon | ItemCha | ItemWis | ItemHp | ItemMp | ItemMr | ItemAc | ItemMag_Red | ItemMag_Hit | ItemDg | ItemistSustain | ItemistStun | ItemistStone | ItemistSleep | ItemistFreeze | ItemistBlind | ItemArmorType | ItemArmorLv | skilltype | skilltypelv | ItemType | ItemHpr | ItemMpr | Itemhppotion | seal,id | item_id | char_id | item_name | count | is_equipped | enchantlvl | is_id | durability | charge_count | temp_value | last_used | bless | attr_enchant_kind | attr_enchant_level | super_enchant_field_1 | super_enchant_field_2 | super_enchant_field_3 | super_enchant_field_4 | limit_time,COLUMN_DIFFERENCE,PENDING_CORE_REVIEW,UNCLASSIFIED,SQL_SCANNED,NOT_PROVEN,NOT_PROVEN,NOT_CHECKED,NOT_FINAL,HOLD,SQL content indexed; runtime semantics pending
78,character_items_time_202609221205.sql,character_items_time,0,NO_ACTIVE_DATA,EMPTY,0,0,NO_EXACT_TABLE_MATCH,,,,NOT_APPLICABLE_NO_EXACT_TABLE,PENDING_CORE_REVIEW,UNCLASSIFIED,SQL_SCANNED,NOT_PROVEN,NOT_PROVEN,NOT_CHECKED,NOT_FINAL,HOLD,Empty SQL is not a SKIP reason
79,character_mail_202609221205.sql,character_mail,0,NO_ACTIVE_DATA,EMPTY,0,0,NO_EXACT_TABLE_MATCH,,,,NOT_APPLICABLE_NO_EXACT_TABLE,PENDING_CORE_REVIEW,UNCLASSIFIED,SQL_SCANNED,NOT_PROVEN,NOT_PROVEN,NOT_CHECKED,NOT_FINAL,HOLD,Empty SQL is not a SKIP reason
80,character_mails_202609221205.sql,character_mails,0,NO_ACTIVE_DATA,EMPTY,0,0,NO_EXACT_TABLE_MATCH,,,,NOT_APPLICABLE_NO_EXACT_TABLE,PENDING_CORE_REVIEW,UNCLASSIFIED,SQL_SCANNED,NOT_PROVEN,NOT_PROVEN,NOT_CHECKED,NOT_FINAL,HOLD,Empty SQL is not a SKIP reason
81,character_maps_time_202609221205.sql,character_maps_time,0,NO_ACTIVE_DATA,EMPTY,0,0,NO_EXACT_TABLE_MATCH,,,,NOT_APPLICABLE_NO_EXACT_TABLE,PENDING_CORE_REVIEW,UNCLASSIFIED,SQL_SCANNED,NOT_PROVEN,NOT_PROVEN,NOT_CHECKED,NOT_FINAL,HOLD,Empty SQL is not a SKIP reason
82,character_other_202609221205.sql,character_other,695,HAS_SQL_CONTENT,INSERT_ONLY,1,0,NO_EXACT_TABLE_MATCH,,char_obj_id | hpup | mpup | score | title | color | usemap | usemaptime | uplevel | clanskill | deathCount | killCount | Attack | BowAttack | Hit | BowHit | Sp | Str | Dex | Int | Con | Cha | Wis | Hp | Mp | Mr | ReductionDmg | Hpr | Mpr | hppotion | exp | ac | weight | regist_stun | regist_stone | regist_sleep | regist_freeze | regist_sustain | regist_blind | PvP_dmg | PvP_hit | PvP_bow_dmg | PvP_bow_hit | PvP_dmg_r | PvP_magic_r | Ran_PvP_dmg_b | PvP_dmg_b | Ran_PvP_magic_b | PvP_magic_b | Auto_Points,,NOT_APPLICABLE_NO_EXACT_TABLE,PENDING_CORE_REVIEW,UNCLASSIFIED,SQL_SCANNED,NOT_PROVEN,NOT_PROVEN,NOT_CHECKED,NOT_FINAL,HOLD,SQL content indexed; runtime semantics pending
83,character_pets_202609221205.sql,character_pets,0,NO_ACTIVE_DATA,EMPTY,0,0,NO_EXACT_TABLE_MATCH,,,,NOT_APPLICABLE_NO_EXACT_TABLE,PENDING_CORE_REVIEW,UNCLASSIFIED,SQL_SCANNED,NOT_PROVEN,NOT_PROVEN,NOT_CHECKED,NOT_FINAL,HOLD,Empty SQL is not a SKIP reason
84,character_punish_202609221205.sql,character_punish,0,NO_ACTIVE_DATA,EMPTY,0,0,NO_EXACT_TABLE_MATCH,,,,NOT_APPLICABLE_NO_EXACT_TABLE,PENDING_CORE_REVIEW,UNCLASSIFIED,SQL_SCANNED,NOT_PROVEN,NOT_PROVEN,NOT_CHECKED,NOT_FINAL,HOLD,Empty SQL is not a SKIP reason
85,character_quest_map_202609221205.sql,character_quest_map,117,HAS_SQL_CONTENT,INSERT_ONLY,1,0,NO_EXACT_TABLE_MATCH,,char_obj_id | type1 | type2 | type3 | type4 | type5 | type6,,NOT_APPLICABLE_NO_EXACT_TABLE,PENDING_CORE_REVIEW,UNCLASSIFIED,SQL_SCANNED,NOT_PROVEN,NOT_PROVEN,NOT_CHECKED,NOT_FINAL,HOLD,SQL content indexed; runtime semantics pending
86,character_quests_202609221205.sql,character_quests,177,HAS_SQL_CONTENT,INSERT_ONLY,1,0,EXACT_TABLE_MATCH,character_quests,char_id | quest_id | quest_step | note | mob_count | clean,char_id | quest_id | quest_step,COLUMN_DIFFERENCE,PENDING_CORE_REVIEW,UNCLASSIFIED,SQL_SCANNED,NOT_PROVEN,NOT_PROVEN,NOT_CHECKED,NOT_FINAL,HOLD,SQL content indexed; runtime semantics pending
87,character_shop_202609221205.sql,character_shop,0,NO_ACTIVE_DATA,EMPTY,0,0,EXACT_TABLE_MATCH,character_shop,,acc_name | indexid | itemid,SOURCE_COLUMNS_NOT_PROVEN,PENDING_CORE_REVIEW,UNCLASSIFIED,SQL_SCANNED,NOT_PROVEN,NOT_PROVEN,NOT_CHECKED,NOT_FINAL,HOLD,Empty SQL is not a SKIP reason
88,character_shopinfo_202609221205.sql,character_shopinfo,0,NO_ACTIVE_DATA,EMPTY,0,0,NO_EXACT_TABLE_MATCH,,,,NOT_APPLICABLE_NO_EXACT_TABLE,PENDING_CORE_REVIEW,UNCLASSIFIED,SQL_SCANNED,NOT_PROVEN,NOT_PROVEN,NOT_CHECKED,NOT_FINAL,HOLD,Empty SQL is not a SKIP reason
89,character_skills_202609221205.sql,character_skills,1049,HAS_SQL_CONTENT,INSERT_ONLY,3,0,EXACT_TABLE_MATCH,character_skills,char_obj_id | skill_id | skill_name | is_active | activetimeleft,id | char_obj_id | skill_id | skill_name | is_active | activetimeleft,381_COLUMNS_SUBSET_OF_850,PENDING_CORE_REVIEW,UNCLASSIFIED,SQL_SCANNED,NOT_PROVEN,NOT_PROVEN,NOT_CHECKED,NOT_FINAL,HOLD,SQL content indexed; runtime semantics pending
90,character_teleport_202609221205.sql,character_teleport,0,NO_ACTIVE_DATA,EMPTY,0,0,EXACT_TABLE_MATCH,character_teleport,,id | char_id | name | locx | locy | mapid | order_id | order_id_fast,SOURCE_COLUMNS_NOT_PROVEN,PENDING_CORE_REVIEW,UNCLASSIFIED,SQL_SCANNED,NOT_PROVEN,NOT_PROVEN,NOT_CHECKED,NOT_FINAL,HOLD,Empty SQL is not a SKIP reason
91,character_teleport_config_202609221205.sql,character_teleport_config,0,NO_ACTIVE_DATA,EMPTY,0,0,NO_EXACT_TABLE_MATCH,,,,NOT_APPLICABLE_NO_EXACT_TABLE,PENDING_CORE_REVIEW,UNCLASSIFIED,SQL_SCANNED,NOT_PROVEN,NOT_PROVEN,NOT_CHECKED,NOT_FINAL,HOLD,Empty SQL is not a SKIP reason
92,character_vip_202609221205.sql,character_vip,0,NO_ACTIVE_DATA,EMPTY,0,0,NO_EXACT_TABLE_MATCH,,,,NOT_APPLICABLE_NO_EXACT_TABLE,PENDING_CORE_REVIEW,UNCLASSIFIED,SQL_SCANNED,NOT_PROVEN,NOT_PROVEN,NOT_CHECKED,NOT_FINAL,HOLD,Empty SQL is not a SKIP reason
93,character_warehouse_202609221205.sql,character_warehouse,5722,HAS_SQL_CONTENT,INSERT_ONLY,3,0,EXACT_TABLE_MATCH,character_warehouse,account_name | item_id | item_name | count | is_equipped | enchantlvl | is_id | durability | charge_count | remaining_time | last_used | bless | attr_enchant_kind | attr_enchant_level | gamNo | gamNpcId | starNpcId | racegamno | ItemAttack | ItemBowAttack | ItemHit | ItemBowHit | ItemReductionDmg | ItemSp | Itemprobability | ItemStr | ItemDex | ItemInt | ItemCon | ItemCha | ItemWis | ItemHp | ItemMp | skilltype | skilltypelv | ItemMr | ItemAc | ItemMag_Red | ItemMag_Hit | ItemDg | ItemistSustain | ItemistStun | ItemistStone | ItemistSleep | ItemistFreeze | ItemistBlind | ItemArmorType | ItemArmorLv | ItemType | ItemHpr | ItemMpr | Itemhppotion | ArmorSkillRan | ArmorSkill,id | account_name | item_id | item_name | count | is_equipped | enchantlvl | is_id | durability | charge_count | temp_value | last_used | bless | attr_enchant_kind | attr_enchant_level | super_enchant_field_1 | super_enchant_field_2 | super_enchant_field_3 | super_enchant_field_4 | limit_time,COLUMN_DIFFERENCE,PENDING_CORE_REVIEW,UNCLASSIFIED,SQL_SCANNED,NOT_PROVEN,NOT_PROVEN,NOT_CHECKED,NOT_FINAL,HOLD,SQL content indexed; runtime semantics pending
94,character_warehouse_for_cha_202609221205.sql,character_warehouse_for_cha,0,NO_ACTIVE_DATA,EMPTY,0,0,NO_EXACT_TABLE_MATCH,,,,NOT_APPLICABLE_NO_EXACT_TABLE,PENDING_CORE_REVIEW,UNCLASSIFIED,SQL_SCANNED,NOT_PROVEN,NOT_PROVEN,NOT_CHECKED,NOT_FINAL,HOLD,Empty SQL is not a SKIP reason
95,character_weapon_time_202609221205.sql,character_weapon_time,0,NO_ACTIVE_DATA,EMPTY,0,0,NO_EXACT_TABLE_MATCH,,,,NOT_APPLICABLE_NO_EXACT_TABLE,PENDING_CORE_REVIEW,UNCLASSIFIED,SQL_SCANNED,NOT_PROVEN,NOT_PROVEN,NOT_CHECKED,NOT_FINAL,HOLD,Empty SQL is not a SKIP reason
96,characters_帳號使用道具_202609221205.sql,characters_帳號使用道具,0,NO_ACTIVE_DATA,EMPTY,0,0,NO_EXACT_TABLE_MATCH,,,,NOT_APPLICABLE_NO_EXACT_TABLE,PENDING_CORE_REVIEW,UNCLASSIFIED,SQL_SCANNED,NOT_PROVEN,NOT_PROVEN,NOT_CHECKED,NOT_FINAL,HOLD,Empty SQL is not a SKIP reason
97,characters_腳色使用道具_202609221205.sql,characters_腳色使用道具,0,NO_ACTIVE_DATA,EMPTY,0,0,NO_EXACT_TABLE_MATCH,,,,NOT_APPLICABLE_NO_EXACT_TABLE,PENDING_CORE_REVIEW,UNCLASSIFIED,SQL_SCANNED,NOT_PROVEN,NOT_PROVEN,NOT_CHECKED,NOT_FINAL,HOLD,Empty SQL is not a SKIP reason
98,clan_data_202609221205.sql,clan_data,472,HAS_SQL_CONTENT,INSERT_ONLY,1,0,EXACT_TABLE_MATCH,clan_data,clan_name | leader_id | leader_name | hascastle | hashouse | found_date | announcement | emblem_id | emblem_status | clan_level | clan_contribution | clanskill | clan_adena | skilltime | clanskill_id | clanskill_lv,clan_id | clan_name | leader_id | leader_name | hascastle | hashouse | found_date | announcement | emblem_id | emblem_status | watch_clanid,COLUMN_DIFFERENCE,PENDING_CORE_REVIEW,UNCLASSIFIED,SQL_SCANNED,NOT_PROVEN,NOT_PROVEN,NOT_CHECKED,NOT_FINAL,HOLD,SQL content indexed; runtime semantics pending
99,clan_emblem_202609221205.sql,clan_emblem,0,NO_ACTIVE_DATA,EMPTY,0,0,NO_EXACT_TABLE_MATCH,,,,NOT_APPLICABLE_NO_EXACT_TABLE,PENDING_CORE_REVIEW,UNCLASSIFIED,SQL_SCANNED,NOT_PROVEN,NOT_PROVEN,NOT_CHECKED,NOT_FINAL,HOLD,Empty SQL is not a SKIP reason
100,clan_matching_apclist_202609221205.sql,clan_matching_apclist,0,NO_ACTIVE_DATA,EMPTY,0,0,NO_EXACT_TABLE_MATCH,,,,NOT_APPLICABLE_NO_EXACT_TABLE,PENDING_CORE_REVIEW,UNCLASSIFIED,SQL_SCANNED,NOT_PROVEN,NOT_PROVEN,NOT_CHECKED,NOT_FINAL,HOLD,Empty SQL is not a SKIP reason
101,clan_matching_list_202609221205.sql,clan_matching_list,0,NO_ACTIVE_DATA,EMPTY,0,0,NO_EXACT_TABLE_MATCH,,,,NOT_APPLICABLE_NO_EXACT_TABLE,PENDING_CORE_REVIEW,UNCLASSIFIED,SQL_SCANNED,NOT_PROVEN,NOT_PROVEN,NOT_CHECKED,NOT_FINAL,HOLD,Empty SQL is not a SKIP reason
102,clan_members_202609221205.sql,clan_members,0,NO_ACTIVE_DATA,EMPTY,0,0,EXACT_TABLE_MATCH,clan_members,,clan_id | char_id | char_name | date | notes,SOURCE_COLUMNS_NOT_PROVEN,PENDING_CORE_REVIEW,UNCLASSIFIED,SQL_SCANNED,NOT_PROVEN,NOT_PROVEN,NOT_CHECKED,NOT_FINAL,HOLD,Empty SQL is not a SKIP reason
103,clan_warehouse_202609221205.sql,clan_warehouse,0,NO_ACTIVE_DATA,EMPTY,0,0,EXACT_TABLE_MATCH,clan_warehouse,,id | clan_name | item_id | item_name | count | is_equipped | enchantlvl | is_id | durability | charge_count | temp_value | last_used | bless | attr_enchant_kind | attr_enchant_level | super_enchant_field_1 | super_enchant_field_2 | super_enchant_field_3 | super_enchant_field_4 | limit_time,SOURCE_COLUMNS_NOT_PROVEN,PENDING_CORE_REVIEW,UNCLASSIFIED,SQL_SCANNED,NOT_PROVEN,NOT_PROVEN,NOT_CHECKED,NOT_FINAL,HOLD,Empty SQL is not a SKIP reason
104,clan_warehouse_history_202609221205.sql,clan_warehouse_history,0,NO_ACTIVE_DATA,EMPTY,0,0,EXACT_TABLE_MATCH,clan_warehouse_history,,id | clan_id | char_name | type | item_name | item_count | record_time,SOURCE_COLUMNS_NOT_PROVEN,PENDING_CORE_REVIEW,UNCLASSIFIED,SQL_SCANNED,NOT_PROVEN,NOT_PROVEN,NOT_CHECKED,NOT_FINAL,HOLD,Empty SQL is not a SKIP reason
105,commands_指令_202609221205.sql,commands_指令,9526,HAS_SQL_CONTENT,INSERT_ONLY,12,0,NO_EXACT_TABLE_MATCH,,名稱 | 權限 | 代碼 | 註解 | system,,NOT_APPLICABLE_NO_EXACT_TABLE,PENDING_CORE_REVIEW,UNCLASSIFIED,SQL_SCANNED,NOT_PROVEN,NOT_PROVEN,NOT_CHECKED,NOT_FINAL,HOLD,SQL content indexed; runtime semantics pending
106,config_other_202609221205.sql,config_other,738,HAS_SQL_CONTENT,INSERT_ONLY,2,0,NO_EXACT_TABLE_MATCH,,id | message | resetMaptime | note,,NOT_APPLICABLE_NO_EXACT_TABLE,PENDING_CORE_REVIEW,UNCLASSIFIED,SQL_SCANNED,NOT_PROVEN,NOT_PROVEN,NOT_CHECKED,NOT_FINAL,HOLD,SQL content indexed; runtime semantics pending
107,config_server_202609221205.sql,config_server,158,HAS_SQL_CONTENT,INSERT_ONLY,1,0,NO_EXACT_TABLE_MATCH,,id | 說明 | 設置,,NOT_APPLICABLE_NO_EXACT_TABLE,PENDING_CORE_REVIEW,UNCLASSIFIED,SQL_SCANNED,NOT_PROVEN,NOT_PROVEN,NOT_CHECKED,NOT_FINAL,HOLD,SQL content indexed; runtime semantics pending
108,connection_test_table_202609221205.sql,connection_test_table,0,NO_ACTIVE_DATA,EMPTY,0,0,EXACT_TABLE_MATCH,connection_test_table,,a,SOURCE_COLUMNS_NOT_PROVEN,PENDING_CORE_REVIEW,UNCLASSIFIED,SQL_SCANNED,NOT_PROVEN,NOT_PROVEN,NOT_CHECKED,NOT_FINAL,HOLD,Empty SQL is not a SKIP reason
109,de_clan_202609221205.sql,de_clan,643,HAS_SQL_CONTENT,INSERT_ONLY,1,0,NO_EXACT_TABLE_MATCH,,clanname | clannamebig5 | clan_id | leader_name | leader_namebig5 | emblemid,,NOT_APPLICABLE_NO_EXACT_TABLE,PENDING_CORE_REVIEW,UNCLASSIFIED,SQL_SCANNED,NOT_PROVEN,NOT_PROVEN,NOT_CHECKED,NOT_FINAL,HOLD,SQL content indexed; runtime semantics pending
110,de_emblem_tmp_202609221205.sql,de_emblem_tmp,0,NO_ACTIVE_DATA,EMPTY,0,0,NO_EXACT_TABLE_MATCH,,,,NOT_APPLICABLE_NO_EXACT_TABLE,PENDING_CORE_REVIEW,UNCLASSIFIED,SQL_SCANNED,NOT_PROVEN,NOT_PROVEN,NOT_CHECKED,NOT_FINAL,HOLD,Empty SQL is not a SKIP reason
111,de_name_202609221205.sql,de_name,131160,HAS_SQL_CONTENT,INSERT_ONLY,299,0,NO_EXACT_TABLE_MATCH,,dename | denamebig5 | type | sex | clanid,,NOT_APPLICABLE_NO_EXACT_TABLE,PENDING_CORE_REVIEW,UNCLASSIFIED,SQL_SCANNED,NOT_PROVEN,NOT_PROVEN,NOT_CHECKED,NOT_FINAL,HOLD,SQL content indexed; runtime semantics pending
112,de_shopds_202609221205.sql,de_shopds,4659,HAS_SQL_CONTENT,INSERT_ONLY,8,0,NO_EXACT_TABLE_MATCH,,item_id | price | sellcount | buycount | enchantlvl | note,,NOT_APPLICABLE_NO_EXACT_TABLE,PENDING_CORE_REVIEW,UNCLASSIFIED,SQL_SCANNED,NOT_PROVEN,NOT_PROVEN,NOT_CHECKED,NOT_FINAL,HOLD,SQL content indexed; runtime semantics pending
113,de_shopds_chat_202609221205.sql,de_shopds_chat,21826,HAS_SQL_CONTENT,INSERT_ONLY,47,0,NO_EXACT_TABLE_MATCH,,chatinfo | chatinfobig5,,NOT_APPLICABLE_NO_EXACT_TABLE,PENDING_CORE_REVIEW,UNCLASSIFIED,SQL_SCANNED,NOT_PROVEN,NOT_PROVEN,NOT_CHECKED,NOT_FINAL,HOLD,SQL content indexed; runtime semantics pending
114,de_shopds_global_202609221205.sql,de_shopds_global,3779,HAS_SQL_CONTENT,INSERT_ONLY,10,0,NO_EXACT_TABLE_MATCH,,chatinfo | chatinfobig5,,NOT_APPLICABLE_NO_EXACT_TABLE,PENDING_CORE_REVIEW,UNCLASSIFIED,SQL_SCANNED,NOT_PROVEN,NOT_PROVEN,NOT_CHECKED,NOT_FINAL,HOLD,SQL content indexed; runtime semantics pending
115,de_siege_chat_202609221205.sql,de_siege_chat,7665,HAS_SQL_CONTENT,INSERT_ONLY,9,0,NO_EXACT_TABLE_MATCH,,faction | chatinfo | chatinfobig5,,NOT_APPLICABLE_NO_EXACT_TABLE,PENDING_CORE_REVIEW,UNCLASSIFIED,SQL_SCANNED,NOT_PROVEN,NOT_PROVEN,NOT_CHECKED,NOT_FINAL,HOLD,SQL content indexed; runtime semantics pending
116,de_title_202609221205.sql,de_title,36782,HAS_SQL_CONTENT,INSERT_ONLY,89,0,NO_EXACT_TABLE_MATCH,,detitle | detitlebig5,,NOT_APPLICABLE_NO_EXACT_TABLE,PENDING_CORE_REVIEW,UNCLASSIFIED,SQL_SCANNED,NOT_PROVEN,NOT_PROVEN,NOT_CHECKED,NOT_FINAL,HOLD,SQL content indexed; runtime semantics pending
117,drop_item_202609221205.sql,drop_item,0,NO_ACTIVE_DATA,EMPTY,0,0,NO_EXACT_TABLE_MATCH,,,,NOT_APPLICABLE_NO_EXACT_TABLE,PENDING_CORE_REVIEW,UNCLASSIFIED,SQL_SCANNED,NOT_PROVEN,NOT_PROVEN,NOT_CHECKED,NOT_FINAL,HOLD,Empty SQL is not a SKIP reason
118,droplist_202609221205.sql,droplist,847422,HAS_SQL_CONTENT,INSERT_ONLY,1158,0,EXACT_TABLE_MATCH,droplist,mobId | itemId | min | max | chance | note,mobId | itemId | min | max | chance | enchantlvl | bless_change | unbless_change,COLUMN_DIFFERENCE,PENDING_CORE_REVIEW,UNCLASSIFIED,SQL_SCANNED,NOT_PROVEN,NOT_PROVEN,NOT_CHECKED,NOT_FINAL,HOLD,SQL content indexed; runtime semantics pending
119,dummy_fishing_202609221205.sql,dummy_fishing,4604,HAS_SQL_CONTENT,INSERT_ONLY,6,0,NO_EXACT_TABLE_MATCH,,note | type | sex | name | title | lawful | level | min_interval | max_interval,,NOT_APPLICABLE_NO_EXACT_TABLE,PENDING_CORE_REVIEW,UNCLASSIFIED,SQL_SCANNED,NOT_PROVEN,NOT_PROVEN,NOT_CHECKED,NOT_FINAL,HOLD,SQL content indexed; runtime semantics pending
120,dungeon_202609221205.sql,dungeon,131107,HAS_SQL_CONTENT,INSERT_ONLY,157,0,EXACT_TABLE_MATCH,dungeon,src_x | src_y | src_mapid | new_x | new_y | new_mapid | new_heading | note,src_x | src_y | src_mapid | new_x | new_y | new_mapid | new_heading | note,EXACT_COLUMN_SET,PENDING_CORE_REVIEW,UNCLASSIFIED,SQL_SCANNED,NOT_PROVEN,NOT_PROVEN,NOT_CHECKED,NOT_FINAL,HOLD,SQL content indexed; runtime semantics pending
121,dungeon_random_202609221205.sql,dungeon_random,1732,HAS_SQL_CONTENT,INSERT_ONLY,1,0,NO_EXACT_TABLE_MATCH,,src_x | src_y | src_mapid | new_x1 | new_y1 | new_mapid1 | new_x2 | new_y2 | new_mapid2 | new_x3 | new_y3 | new_mapid3 | new_x4 | new_y4 | new_mapid4 | new_x5 | new_y5 | new_mapid5 | new_heading | note,,NOT_APPLICABLE_NO_EXACT_TABLE,PENDING_CORE_REVIEW,UNCLASSIFIED,SQL_SCANNED,NOT_PROVEN,NOT_PROVEN,NOT_CHECKED,NOT_FINAL,HOLD,SQL content indexed; runtime semantics pending
122,eric_random_mob_202609221205.sql,eric_random_mob,157,HAS_SQL_CONTENT,INSERT_ONLY,1,0,NO_EXACT_TABLE_MATCH,,id | note | mobId | cont | mapId | timeSecondToKill | isActive,,NOT_APPLICABLE_NO_EXACT_TABLE,PENDING_CORE_REVIEW,UNCLASSIFIED,SQL_SCANNED,NOT_PROVEN,NOT_PROVEN,NOT_CHECKED,NOT_FINAL,HOLD,SQL content indexed; runtime semantics pending
123,eric_startcheckwartime_202609221205.sql,eric_startcheckwartime,249,HAS_SQL_CONTENT,INSERT_ONLY,1,0,NO_EXACT_TABLE_MATCH,,castle_id | name | isActive,,NOT_APPLICABLE_NO_EXACT_TABLE,PENDING_CORE_REVIEW,UNCLASSIFIED,SQL_SCANNED,NOT_PROVEN,NOT_PROVEN,NOT_CHECKED,NOT_FINAL,HOLD,SQL content indexed; runtime semantics pending
124,etcitem_202609221205.sql,etcitem,802624,HAS_SQL_CONTENT,INSERT_ONLY,405,0,EXACT_TABLE_MATCH,etcitem,note | name | classname | name_id | item_type | use_type | material | weight | invgfx | grdgfx | itemdesc_id | 是否重疊 | 使用次數 | 使用期限 | 最小傷害 | 最大傷害 | 最小等級 | 最大等級 | 是否祝福 | 不能交易 | 不能刪除 | delay_id | delay_time | delay_effect | 飽食度 | save_at_once | 最小轉生次數 | 最大轉生次數 | 帳號使用一次 | 角色使用一次 | 不能摆摊 | 是否喷装,item_id | name | unidentified_name_id | identified_name_id | item_type | use_type | material | weight | invgfx | grdgfx | itemdesc_id | stackable | max_charge_count | dmg_small | dmg_large | min_lvl | max_lvl | locx | locy | mapid | bless | cant_trade | cant_delete | can_seal | delay_id | delay_time | delay_effect | value | save_at_once,COLUMN_DIFFERENCE,PENDING_CORE_REVIEW,UNCLASSIFIED,SQL_SCANNED,NOT_PROVEN,NOT_PROVEN,NOT_CHECKED,NOT_FINAL,HOLD,SQL content indexed; runtime semantics pending
125,etcitem_box_202609221205.sql,etcitem_box,90271,HAS_SQL_CONTENT,INSERT_ONLY,96,0,NO_EXACT_TABLE_MATCH,,box_item_id | get_item_id | name | randomint | random | min_count | max_count | enchantlvl | out,,NOT_APPLICABLE_NO_EXACT_TABLE,PENDING_CORE_REVIEW,UNCLASSIFIED,SQL_SCANNED,NOT_PROVEN,NOT_PROVEN,NOT_CHECKED,NOT_FINAL,HOLD,SQL content indexed; runtime semantics pending
126,etcitem_box_key_202609221205.sql,etcitem_box_key,0,NO_ACTIVE_DATA,EMPTY,0,0,NO_EXACT_TABLE_MATCH,,,,NOT_APPLICABLE_NO_EXACT_TABLE,PENDING_CORE_REVIEW,UNCLASSIFIED,SQL_SCANNED,NOT_PROVEN,NOT_PROVEN,NOT_CHECKED,NOT_FINAL,HOLD,Empty SQL is not a SKIP reason
127,etcitem_boxs_202609221205.sql,etcitem_boxs,12404,HAS_SQL_CONTENT,INSERT_ONLY,15,0,NO_EXACT_TABLE_MATCH,,box_item_id | get_item_id | name | count | use_type | enchantlvl | out,,NOT_APPLICABLE_NO_EXACT_TABLE,PENDING_CORE_REVIEW,UNCLASSIFIED,SQL_SCANNED,NOT_PROVEN,NOT_PROVEN,NOT_CHECKED,NOT_FINAL,HOLD,SQL content indexed; runtime semantics pending
128,etcitem_doll_power_202609221205.sql,etcitem_doll_power,18011,HAS_SQL_CONTENT,INSERT_ONLY,34,0,NO_EXACT_TABLE_MATCH,,classname | type1 | type2 | type3 | note,,NOT_APPLICABLE_NO_EXACT_TABLE,PENDING_CORE_REVIEW,UNCLASSIFIED,SQL_SCANNED,NOT_PROVEN,NOT_PROVEN,NOT_CHECKED,NOT_FINAL,HOLD,SQL content indexed; runtime semantics pending
129,etcitem_doll_type_202609221205.sql,etcitem_doll_type,59899,HAS_SQL_CONTENT,INSERT_ONLY,46,0,NO_EXACT_TABLE_MATCH,,itemid | note | powers | need | count | time | gfxid | nameid | mode,,NOT_APPLICABLE_NO_EXACT_TABLE,PENDING_CORE_REVIEW,UNCLASSIFIED,SQL_SCANNED,NOT_PROVEN,NOT_PROVEN,NOT_CHECKED,NOT_FINAL,HOLD,SQL content indexed; runtime semantics pending
130,etcitem_teleport_202609221205.sql,etcitem_teleport,21759,HAS_SQL_CONTENT,INSERT_ONLY,29,0,NO_EXACT_TABLE_MATCH,,name | locx | locy | mapid | time | 限制星期 | 幾點開始 | 幾點結束,,NOT_APPLICABLE_NO_EXACT_TABLE,PENDING_CORE_REVIEW,UNCLASSIFIED,SQL_SCANNED,NOT_PROVEN,NOT_PROVEN,NOT_CHECKED,NOT_FINAL,HOLD,SQL content indexed; runtime semantics pending
131,ezpay_202609221205.sql,ezpay,0,NO_ACTIVE_DATA,EMPTY,0,0,NO_EXACT_TABLE_MATCH,,,,NOT_APPLICABLE_NO_EXACT_TABLE,PENDING_CORE_REVIEW,UNCLASSIFIED,SQL_SCANNED,NOT_PROVEN,NOT_PROVEN,NOT_CHECKED,NOT_FINAL,HOLD,Empty SQL is not a SKIP reason
132,ezpay_首儲獎勵_202609221205.sql,ezpay_首儲獎勵,320,HAS_SQL_CONTENT,INSERT_ONLY,1,0,NO_EXACT_TABLE_MATCH,,min_money | max_money | give_item | note | give_count | 限制結束時間,,NOT_APPLICABLE_NO_EXACT_TABLE,PENDING_CORE_REVIEW,UNCLASSIFIED,SQL_SCANNED,NOT_PROVEN,NOT_PROVEN,NOT_CHECKED,NOT_FINAL,HOLD,SQL content indexed; runtime semantics pending
133,ezpay_滿額送禮_202609221205.sql,ezpay_滿額送禮,0,NO_ACTIVE_DATA,EMPTY,0,0,NO_EXACT_TABLE_MATCH,,,,NOT_APPLICABLE_NO_EXACT_TABLE,PENDING_CORE_REVIEW,UNCLASSIFIED,SQL_SCANNED,NOT_PROVEN,NOT_PROVEN,NOT_CHECKED,NOT_FINAL,HOLD,Empty SQL is not a SKIP reason
134,ezpay_贊助比值_202609221205.sql,ezpay_贊助比值,101,HAS_SQL_CONTENT,INSERT_ONLY,1,0,NO_EXACT_TABLE_MATCH,,itemid | min_money | max_money | bz,,NOT_APPLICABLE_NO_EXACT_TABLE,PENDING_CORE_REVIEW,UNCLASSIFIED,SQL_SCANNED,NOT_PROVEN,NOT_PROVEN,NOT_CHECKED,NOT_FINAL,HOLD,SQL content indexed; runtime semantics pending
135,ezpay_贊助累積金額_202609221205.sql,ezpay_贊助累積金額,297,HAS_SQL_CONTENT,INSERT_ONLY,1,0,NO_EXACT_TABLE_MATCH,,money | give_item | note | give_count,,NOT_APPLICABLE_NO_EXACT_TABLE,PENDING_CORE_REVIEW,UNCLASSIFIED,SQL_SCANNED,NOT_PROVEN,NOT_PROVEN,NOT_CHECKED,NOT_FINAL,HOLD,SQL content indexed; runtime semantics pending
136,ezpay廠商選擇_202609221205.sql,ezpay廠商選擇,238,HAS_SQL_CONTENT,INSERT_ONLY,1,0,NO_EXACT_TABLE_MATCH,,id | p_id | p_name | amount | oamt | payname | state | play | time | ip | r_count | date | writeoffnumber | getUserIp | getPlayerName | getDate,,NOT_APPLICABLE_NO_EXACT_TABLE,PENDING_CORE_REVIEW,UNCLASSIFIED,SQL_SCANNED,NOT_PROVEN,NOT_PROVEN,NOT_CHECKED,NOT_FINAL,HOLD,SQL content indexed; runtime semantics pending
137,ezpay廠商選擇1_202609221205.sql,ezpay廠商選擇1,0,NO_ACTIVE_DATA,EMPTY,0,0,NO_EXACT_TABLE_MATCH,,,,NOT_APPLICABLE_NO_EXACT_TABLE,PENDING_CORE_REVIEW,UNCLASSIFIED,SQL_SCANNED,NOT_PROVEN,NOT_PROVEN,NOT_CHECKED,NOT_FINAL,HOLD,Empty SQL is not a SKIP reason
138,getback_202609221205.sql,getback,33726,HAS_SQL_CONTENT,INSERT_ONLY,39,0,EXACT_TABLE_MATCH,getback,area_x1 | area_y1 | area_x2 | area_y2 | area_mapid | getback_x1 | getback_y1 | getback_x2 | getback_y2 | getback_x3 | getback_y3 | getback_mapid | getback_townid | getback_townid_elf | getback_townid_darkelf | note,area_x1 | area_y1 | area_x2 | area_y2 | area_mapid | getback_x1 | getback_y1 | getback_x2 | getback_y2 | getback_x3 | getback_y3 | getback_mapid | getback_townid | getback_townid_elf | getback_townid_darkelf | scrollescape | note,381_COLUMNS_SUBSET_OF_850,PENDING_CORE_REVIEW,UNCLASSIFIED,SQL_SCANNED,NOT_PROVEN,NOT_PROVEN,NOT_CHECKED,NOT_FINAL,HOLD,SQL content indexed; runtime semantics pending
139,getback_restart_202609221205.sql,getback_restart,14641,HAS_SQL_CONTENT,INSERT_ONLY,28,0,EXACT_TABLE_MATCH,getback_restart,area | note | locx | locy | mapid,area | note | locx | locy | mapid,EXACT_COLUMN_SET,PENDING_CORE_REVIEW,UNCLASSIFIED,SQL_SCANNED,NOT_PROVEN,NOT_PROVEN,NOT_CHECKED,NOT_FINAL,HOLD,SQL content indexed; runtime semantics pending
140,inn_202609221205.sql,inn,15706,HAS_SQL_CONTENT,INSERT_ONLY,21,0,NO_EXACT_TABLE_MATCH,,name | npcid | room_number | key_id | lodger_id | hall | due_time,,NOT_APPLICABLE_NO_EXACT_TABLE,PENDING_CORE_REVIEW,UNCLASSIFIED,SQL_SCANNED,NOT_PROVEN,NOT_PROVEN,NOT_CHECKED,NOT_FINAL,HOLD,SQL content indexed; runtime semantics pending
141,inn_key_202609221205.sql,inn_key,885,HAS_SQL_CONTENT,INSERT_ONLY,2,0,NO_EXACT_TABLE_MATCH,,item_obj_id | key_id | npc_id | hall | due_time,,NOT_APPLICABLE_NO_EXACT_TABLE,PENDING_CORE_REVIEW,UNCLASSIFIED,SQL_SCANNED,NOT_PROVEN,NOT_PROVEN,NOT_CHECKED,NOT_FINAL,HOLD,SQL content indexed; runtime semantics pending
142,mapids_202609221205.sql,mapids,105009,HAS_SQL_CONTENT,INSERT_ONLY,71,0,EXACT_TABLE_MATCH,mapids,mapid | locationname | startX | endX | startY | endY | monster_amount | drop_rate | underwater | markable | teleportable | escapable | resurrection | painwand | penalty | take_pets | recall_pets | usable_item | usable_skill | maptime | usable_shop | CopyMapId | isguaji | isdropitem | EXP | isAlliancePc | isClanPc | isPartyPc | week | Start_time | End_time,mapid | locationname | monster_amount | drop_rate | exp_rate | underwater | markable | teleportable | escapable | resurrection | painwand | penalty | take_pets | recall_pets | usable_item | usable_skill | polyable,COLUMN_DIFFERENCE,PENDING_CORE_REVIEW,UNCLASSIFIED,SQL_SCANNED,NOT_PROVEN,NOT_PROVEN,NOT_CHECKED,NOT_FINAL,HOLD,SQL content indexed; runtime semantics pending
143,mapids_check_202609221205.sql,mapids_check,44043,HAS_SQL_CONTENT,INSERT_ONLY,70,0,NO_EXACT_TABLE_MATCH,,mapid | locationname | startX | endX | startY | endY,,NOT_APPLICABLE_NO_EXACT_TABLE,PENDING_CORE_REVIEW,UNCLASSIFIED,SQL_SCANNED,NOT_PROVEN,NOT_PROVEN,NOT_CHECKED,NOT_FINAL,HOLD,SQL content indexed; runtime semantics pending
144,mapids_group_202609221205.sql,mapids_group,282,HAS_SQL_CONTENT,INSERT_ONLY,1,0,NO_EXACT_TABLE_MATCH,,order_id | mapids | name | note | time | out_x | out_y | out_map,,NOT_APPLICABLE_NO_EXACT_TABLE,PENDING_CORE_REVIEW,UNCLASSIFIED,SQL_SCANNED,NOT_PROVEN,NOT_PROVEN,NOT_CHECKED,NOT_FINAL,HOLD,SQL content indexed; runtime semantics pending
145,mapids_level_202609221205.sql,mapids_level,483,HAS_SQL_CONTENT,INSERT_ONLY,1,0,NO_EXACT_TABLE_MATCH,,mapid | locationname | min | max | locx | locy | tomapid | note,,NOT_APPLICABLE_NO_EXACT_TABLE,PENDING_CORE_REVIEW,UNCLASSIFIED,SQL_SCANNED,NOT_PROVEN,NOT_PROVEN,NOT_CHECKED,NOT_FINAL,HOLD,SQL content indexed; runtime semantics pending
146,mapids_tile_202609221205.sql,mapids_tile,0,NO_ACTIVE_DATA,EMPTY,0,0,NO_EXACT_TABLE_MATCH,,,,NOT_APPLICABLE_NO_EXACT_TABLE,PENDING_CORE_REVIEW,UNCLASSIFIED,SQL_SCANNED,NOT_PROVEN,NOT_PROVEN,NOT_CHECKED,NOT_FINAL,HOLD,Empty SQL is not a SKIP reason
147,mobgroup_202609221205.sql,mobgroup,8239,HAS_SQL_CONTENT,INSERT_ONLY,8,0,EXACT_TABLE_MATCH,mobgroup,note | remove_group_if_leader_die | leader_id | minion1_id | minion1_count | minion2_id | minion2_count | minion3_id | minion3_count | minion4_id | minion4_count | minion5_id | minion5_count | minion6_id | minion6_count | minion7_id | minion7_count,id | note | remove_group_if_leader_die | leader_id | minion1_id | minion1_count | minion2_id | minion2_count | minion3_id | minion3_count | minion4_id | minion4_count | minion5_id | minion5_count | minion6_id | minion6_count | minion7_id | minion7_count,381_COLUMNS_SUBSET_OF_850,PENDING_CORE_REVIEW,UNCLASSIFIED,SQL_SCANNED,NOT_PROVEN,NOT_PROVEN,NOT_CHECKED,NOT_FINAL,HOLD,SQL content indexed; runtime semantics pending
148,mobskill_202609221205.sql,mobskill,332700,HAS_SQL_CONTENT,INSERT_ONLY,309,0,NO_EXACT_TABLE_MATCH,,mobid | actNo | mobname | Type | TriRnd | TriHp | TriCompanionHp | TriRange | TriCount | ChangeTarget | Range | AreaWidth | AreaHeight | Leverage | SkillId | Gfxid | ActId | SummonId | SummonMin | SummonMax | PolyId | reuseDelay,,NOT_APPLICABLE_NO_EXACT_TABLE,PENDING_CORE_REVIEW,UNCLASSIFIED,SQL_SCANNED,NOT_PROVEN,NOT_PROVEN,NOT_CHECKED,NOT_FINAL,HOLD,SQL content indexed; runtime semantics pending
149,mobskill_copy_202609221205.sql,mobskill_copy,328203,HAS_SQL_CONTENT,INSERT_ONLY,304,0,NO_EXACT_TABLE_MATCH,,mobid | actNo | mobname | Type | TriRnd | TriHp | TriCompanionHp | TriRange | TriCount | ChangeTarget | Range | AreaWidth | AreaHeight | Leverage | SkillId | Gfxid | ActId | SummonId | SummonMin | SummonMax | PolyId | reuseDelay,,NOT_APPLICABLE_NO_EXACT_TABLE,PENDING_CORE_REVIEW,UNCLASSIFIED,SQL_SCANNED,NOT_PROVEN,NOT_PROVEN,NOT_CHECKED,NOT_FINAL,HOLD,SQL content indexed; runtime semantics pending
150,npc_202609221205.sql,npc,835046,HAS_SQL_CONTENT,INSERT_ONLY,309,0,EXACT_TABLE_MATCH,npc,name | nameid | classname | note | impl | gfxid | lvl | hp | mp | ac | str | con | dex | wis | intel | mr | exp | lawful | size | weakAttr | ranged | tamable | passispeed | atkspeed | atk_magic_speed | sub_magic_speed | undead | poison_atk | paralysis_atk | agro | agrososc | agrocoi | family | agrofamily | agrogfxid1 | agrogfxid2 | picupitem | digestitem | bravespeed | hprinterval | hpr | mprinterval | mpr | teleport | randomlevel | randomhp | randommp | randomac | randomexp | randomlawful | damage_reduction | hard | doppel | IsTU | IsErase | bowActId | karma | transform_id | transform_gfxid | light_size | amount_fixed | change_head | cant_resurrect | quest_score | 不主動攻擊,npcid | name | nameid | note | impl | gfxid | lvl | hp | mp | ac | base_damage | random_damage | str | con | dex | wis | intel | mr | exp | lawful | size | weakAttr | ranged | tamable | can_move | can_attack | isDwarf | undead | poison_atk | mobList_number | agro | agrososc | agrocoi | family | agrofamily | agrogfxid1 | agrogfxid2 | picupitem | digestitem | bravespeed | hprinterval | hpr | mprinterval | mpr | teleport | randomlevel | randomhp | randommp | randomac | randomexp | randomlawful | damage_reduction | hard | doppel | IsTU | IsErase | bowActId | karma | transform_id | transform_gfxid | light_size | amount_fixed | change_head | cant_resurrect | hascastle | normal_action | caotic_action | craft_list,COLUMN_DIFFERENCE,PENDING_CORE_REVIEW,UNCLASSIFIED,SQL_SCANNED,NOT_PROVEN,NOT_PROVEN,NOT_CHECKED,NOT_FINAL,HOLD,SQL content indexed; runtime semantics pending
151,npc_talk_202609221205.sql,npc_talk,0,NO_ACTIVE_DATA,EMPTY,0,0,NO_EXACT_TABLE_MATCH,,,,NOT_APPLICABLE_NO_EXACT_TABLE,PENDING_CORE_REVIEW,UNCLASSIFIED,SQL_SCANNED,NOT_PROVEN,NOT_PROVEN,NOT_CHECKED,NOT_FINAL,HOLD,Empty SQL is not a SKIP reason
152,npcaction_202609221205.sql,npcaction,50032,HAS_SQL_CONTENT,INSERT_ONLY,94,0,NO_EXACT_TABLE_MATCH,,npcid | normal_action | caotic_action | teleport_url | teleport_urla | currency_itemid,,NOT_APPLICABLE_NO_EXACT_TABLE,PENDING_CORE_REVIEW,UNCLASSIFIED,SQL_SCANNED,NOT_PROVEN,NOT_PROVEN,NOT_CHECKED,NOT_FINAL,HOLD,SQL content indexed; runtime semantics pending
153,npcaction_teleport_202609221205.sql,npcaction_teleport,17246,HAS_SQL_CONTENT,INSERT_ONLY,21,0,NO_EXACT_TABLE_MATCH,,name | orderid | locx | locy | mapid | itemid | price | time | user | min | max | note,,NOT_APPLICABLE_NO_EXACT_TABLE,PENDING_CORE_REVIEW,UNCLASSIFIED,SQL_SCANNED,NOT_PROVEN,NOT_PROVEN,NOT_CHECKED,NOT_FINAL,HOLD,SQL content indexed; runtime semantics pending
154,npcchat_202609221205.sql,npcchat,2832,HAS_SQL_CONTENT,INSERT_ONLY,3,0,EXACT_TABLE_MATCH,npcchat,npc_id | chat_timing | note | start_delay_time | chat_id1 | chat_id2 | chat_id3 | chat_id4 | chat_id5 | chat_interval | is_shout | is_world_chat | is_repeat | repeat_interval | game_time,npc_id | chat_timing | note | start_delay_time | chat_id1 | chat_id2 | chat_id3 | chat_id4 | chat_id5 | chat_interval | is_screen_only | is_shout | is_world_chat | is_repeat | repeat_interval | chance,COLUMN_DIFFERENCE,PENDING_CORE_REVIEW,UNCLASSIFIED,SQL_SCANNED,NOT_PROVEN,NOT_PROVEN,NOT_CHECKED,NOT_FINAL,HOLD,SQL content indexed; runtime semantics pending
155,pc_reset_backup_202609221205.sql,pc_reset_backup,0,NO_ACTIVE_DATA,EMPTY,0,0,NO_EXACT_TABLE_MATCH,,,,NOT_APPLICABLE_NO_EXACT_TABLE,PENDING_CORE_REVIEW,UNCLASSIFIED,SQL_SCANNED,NOT_PROVEN,NOT_PROVEN,NOT_CHECKED,NOT_FINAL,HOLD,Empty SQL is not a SKIP reason
156,petitem_202609221205.sql,petitem,1479,HAS_SQL_CONTENT,INSERT_ONLY,2,0,EXACT_TABLE_MATCH,petitem,note | hitmodifier | dmgmodifier | ac | add_str | add_con | add_dex | add_int | add_wis | add_hp | add_mp | add_sp | m_def | isweapon | ishigher,item_id | note | use_type | hitmodifier | dmgmodifier | ac | add_str | add_con | add_dex | add_int | add_wis | add_hp | add_mp | add_sp | m_def,COLUMN_DIFFERENCE,PENDING_CORE_REVIEW,UNCLASSIFIED,SQL_SCANNED,NOT_PROVEN,NOT_PROVEN,NOT_CHECKED,NOT_FINAL,HOLD,SQL content indexed; runtime semantics pending
157,pettypes_202609221205.sql,pettypes,3866,HAS_SQL_CONTENT,INSERT_ONLY,4,0,EXACT_TABLE_MATCH,pettypes,BaseNpcId | Name | ItemIdForTaming | HpUpMin | HpUpMax | MpUpMin | MpUpMax | EvolvItemId | NpcIdForEvolving | MessageId1 | MessageId2 | MessageId3 | MessageId4 | MessageId5 | DefyMessageId,BaseNpcId | Name | ItemIdForTaming | HpUpMin | HpUpMax | MpUpMin | MpUpMax | EvolvItemId | NpcIdForEvolving | MessageId1 | MessageId2 | MessageId3 | MessageId4 | MessageId5 | DefyMessageId | canUseEquipment,381_COLUMNS_SUBSET_OF_850,PENDING_CORE_REVIEW,UNCLASSIFIED,SQL_SCANNED,NOT_PROVEN,NOT_PROVEN,NOT_CHECKED,NOT_FINAL,HOLD,SQL content indexed; runtime semantics pending
158,polymorphs_202609221205.sql,polymorphs,28450,HAS_SQL_CONTENT,INSERT_ONLY,41,0,EXACT_TABLE_MATCH,polymorphs,name | polyid | minlevel | weaponequip | armorequip | isSkillUse | cause | note,name | note | polyid | minlevel | weaponequip | armorequip | isSkillUse | cause,EXACT_COLUMN_SET,PENDING_CORE_REVIEW,UNCLASSIFIED,SQL_SCANNED,NOT_PROVEN,NOT_PROVEN,NOT_CHECKED,NOT_FINAL,HOLD,SQL content indexed; runtime semantics pending
159,polymorphs_bk_202609221205.sql,polymorphs_bk,48863,HAS_SQL_CONTENT,INSERT_ONLY,61,0,NO_EXACT_TABLE_MATCH,,name | polyid | minlevel | weaponequip | armorequip | isSkillUse | cause | note,,NOT_APPLICABLE_NO_EXACT_TABLE,PENDING_CORE_REVIEW,UNCLASSIFIED,SQL_SCANNED,NOT_PROVEN,NOT_PROVEN,NOT_CHECKED,NOT_FINAL,HOLD,SQL content indexed; runtime semantics pending
160,polymorphs_bk_新boss可用_202609221205.sql,polymorphs_bk_新boss可用,2624,HAS_SQL_CONTENT,INSERT_ONLY,4,0,NO_EXACT_TABLE_MATCH,,name | polyid | minlevel | weaponequip | armorequip | isSkillUse | cause | note,,NOT_APPLICABLE_NO_EXACT_TABLE,PENDING_CORE_REVIEW,UNCLASSIFIED,SQL_SCANNED,NOT_PROVEN,NOT_PROVEN,NOT_CHECKED,NOT_FINAL,HOLD,SQL content indexed; runtime semantics pending
161,resolvent_202609221205.sql,resolvent,11238,HAS_SQL_CONTENT,INSERT_ONLY,29,0,EXACT_TABLE_MATCH,resolvent,item_id | note | crystal_count,item_id | note | crystal_count,EXACT_COLUMN_SET,PENDING_CORE_REVIEW,UNCLASSIFIED,SQL_SCANNED,NOT_PROVEN,NOT_PROVEN,NOT_CHECKED,NOT_FINAL,HOLD,SQL content indexed; runtime semantics pending
162,server_board_202609221205.sql,server_board,0,NO_ACTIVE_DATA,EMPTY,0,0,NO_EXACT_TABLE_MATCH,,,,NOT_APPLICABLE_NO_EXACT_TABLE,PENDING_CORE_REVIEW,UNCLASSIFIED,SQL_SCANNED,NOT_PROVEN,NOT_PROVEN,NOT_CHECKED,NOT_FINAL,HOLD,Empty SQL is not a SKIP reason
163,server_board_auction_202609221205.sql,server_board_auction,6031,HAS_SQL_CONTENT,INSERT_ONLY,7,0,NO_EXACT_TABLE_MATCH,,house_id | house_name | house_area | deadline | price | location | old_owner | old_owner_id | bidder | bidder_id,,NOT_APPLICABLE_NO_EXACT_TABLE,PENDING_CORE_REVIEW,UNCLASSIFIED,SQL_SCANNED,NOT_PROVEN,NOT_PROVEN,NOT_CHECKED,NOT_FINAL,HOLD,SQL content indexed; runtime semantics pending
164,server_board_orim_202609221205.sql,server_board_orim,0,NO_ACTIVE_DATA,EMPTY,0,0,NO_EXACT_TABLE_MATCH,,,,NOT_APPLICABLE_NO_EXACT_TABLE,PENDING_CORE_REVIEW,UNCLASSIFIED,SQL_SCANNED,NOT_PROVEN,NOT_PROVEN,NOT_CHECKED,NOT_FINAL,HOLD,Empty SQL is not a SKIP reason
165,server_c1_name_202609221205.sql,server_c1_name,93,HAS_SQL_CONTENT,INSERT_ONLY,1,0,NO_EXACT_TABLE_MATCH,,c1_name,,NOT_APPLICABLE_NO_EXACT_TABLE,PENDING_CORE_REVIEW,UNCLASSIFIED,SQL_SCANNED,NOT_PROVEN,NOT_PROVEN,NOT_CHECKED,NOT_FINAL,HOLD,SQL content indexed; runtime semantics pending
166,server_c1_name_type_202609221205.sql,server_c1_name_type,3973,HAS_SQL_CONTENT,INSERT_ONLY,3,0,NO_EXACT_TABLE_MATCH,,c1_id | c1_type | c1_name | c1_name_type | c1_classname | set | down | getscore | int1 | int2 | int3 | int4 | note | c1_name_title,,NOT_APPLICABLE_NO_EXACT_TABLE,PENDING_CORE_REVIEW,UNCLASSIFIED,SQL_SCANNED,NOT_PROVEN,NOT_PROVEN,NOT_CHECKED,NOT_FINAL,HOLD,SQL content indexed; runtime semantics pending
167,server_c1_npcscore_202609221205.sql,server_c1_npcscore,0,NO_ACTIVE_DATA,EMPTY,0,0,NO_EXACT_TABLE_MATCH,,,,NOT_APPLICABLE_NO_EXACT_TABLE,PENDING_CORE_REVIEW,UNCLASSIFIED,SQL_SCANNED,NOT_PROVEN,NOT_PROVEN,NOT_CHECKED,NOT_FINAL,HOLD,Empty SQL is not a SKIP reason
168,server_castle_202609221205.sql,server_castle,462,HAS_SQL_CONTENT,INSERT_ONLY,1,0,NO_EXACT_TABLE_MATCH,,castle_id | name | war_time | tax_rate | public_money,,NOT_APPLICABLE_NO_EXACT_TABLE,PENDING_CORE_REVIEW,UNCLASSIFIED,SQL_SCANNED,NOT_PROVEN,NOT_PROVEN,NOT_CHECKED,NOT_FINAL,HOLD,SQL content indexed; runtime semantics pending
169,server_crock_202609221205.sql,server_crock,150,HAS_SQL_CONTENT,INSERT_ONLY,1,0,NO_EXACT_TABLE_MATCH,,start_time | end_time | open_type | kill_time | kill_type,,NOT_APPLICABLE_NO_EXACT_TABLE,PENDING_CORE_REVIEW,UNCLASSIFIED,SQL_SCANNED,NOT_PROVEN,NOT_PROVEN,NOT_CHECKED,NOT_FINAL,HOLD,SQL content indexed; runtime semantics pending
170,server_event_202609221205.sql,server_event,7174,HAS_SQL_CONTENT,INSERT_ONLY,6,0,NO_EXACT_TABLE_MATCH,,eventname | eventclass | eventstart | eventother | eventother2 | note | next_time,,NOT_APPLICABLE_NO_EXACT_TABLE,PENDING_CORE_REVIEW,UNCLASSIFIED,SQL_SCANNED,NOT_PROVEN,NOT_PROVEN,NOT_CHECKED,NOT_FINAL,HOLD,SQL content indexed; runtime semantics pending
171,server_event_spawn_202609221205.sql,server_event_spawn,237,HAS_SQL_CONTENT,INSERT_ONLY,1,0,NO_EXACT_TABLE_MATCH,,eventid | none | count | npc_templateid | group_id | locx1 | locy1 | locx2 | locy2 | heading | respawn_delay | mapid | movement_distance | avoid_pc,,NOT_APPLICABLE_NO_EXACT_TABLE,PENDING_CORE_REVIEW,UNCLASSIFIED,SQL_SCANNED,NOT_PROVEN,NOT_PROVEN,NOT_CHECKED,NOT_FINAL,HOLD,SQL content indexed; runtime semantics pending
172,server_fishing_202609221205.sql,server_fishing,639,HAS_SQL_CONTENT,INSERT_ONLY,2,0,NO_EXACT_TABLE_MATCH,,itemid | note | random | fishingpole | fishingpole2,,NOT_APPLICABLE_NO_EXACT_TABLE,PENDING_CORE_REVIEW,UNCLASSIFIED,SQL_SCANNED,NOT_PROVEN,NOT_PROVEN,NOT_CHECKED,NOT_FINAL,HOLD,SQL content indexed; runtime semantics pending
173,server_house_202609221205.sql,server_house,17427,HAS_SQL_CONTENT,INSERT_ONLY,13,0,NO_EXACT_TABLE_MATCH,,house_id | house_name | house_area | location | keeper_id | is_on_sale | is_purchase_basement | tax_deadline | locx1 | locx2 | locy1 | locy2 | locx3 | locx4 | locy3 | locy4 | mapid | basement | homelocx | homelocy,,NOT_APPLICABLE_NO_EXACT_TABLE,PENDING_CORE_REVIEW,UNCLASSIFIED,SQL_SCANNED,NOT_PROVEN,NOT_PROVEN,NOT_CHECKED,NOT_FINAL,HOLD,SQL content indexed; runtime semantics pending
174,server_info_202609221205.sql,server_info,104,HAS_SQL_CONTENT,INSERT_ONLY,1,0,NO_EXACT_TABLE_MATCH,,minid | maxid | start | ip | port,,NOT_APPLICABLE_NO_EXACT_TABLE,PENDING_CORE_REVIEW,UNCLASSIFIED,SQL_SCANNED,NOT_PROVEN,NOT_PROVEN,NOT_CHECKED,NOT_FINAL,HOLD,SQL content indexed; runtime semantics pending
175,server_item_power_202609221205.sql,server_item_power,2249,HAS_SQL_CONTENT,INSERT_ONLY,2,0,NO_EXACT_TABLE_MATCH,,note | ac | hp | mp | hpr | mpr | mr | sp | hit | dmgup | bowhit | bowdmgup | dice_dmg | dmg | er | dodge | dice_hp | sucking_hp | dice_mp | sucking_mp | double_dmg | lift | defense_water | defense_wind | defense_fire | defense_earth | regist_stun | regist_stone | regist_sleep | regist_freeze | regist_sustain | regist_blind | gfx | msg,,NOT_APPLICABLE_NO_EXACT_TABLE,PENDING_CORE_REVIEW,UNCLASSIFIED,SQL_SCANNED,NOT_PROVEN,NOT_PROVEN,NOT_CHECKED,NOT_FINAL,HOLD,SQL content indexed; runtime semantics pending
176,server_item_power_update_202609221205.sql,server_item_power_update,52762,HAS_SQL_CONTENT,INSERT_ONLY,55,0,NO_EXACT_TABLE_MATCH,,itemid | nedid | type_id | order_id | mode | random | note | 世界廣播,,NOT_APPLICABLE_NO_EXACT_TABLE,PENDING_CORE_REVIEW,UNCLASSIFIED,SQL_SCANNED,NOT_PROVEN,NOT_PROVEN,NOT_CHECKED,NOT_FINAL,HOLD,SQL content indexed; runtime semantics pending
177,server_item_restrictions_202609221205.sql,server_item_restrictions,237,HAS_SQL_CONTENT,INSERT_ONLY,1,0,NO_EXACT_TABLE_MATCH,,itemid | 名稱,,NOT_APPLICABLE_NO_EXACT_TABLE,PENDING_CORE_REVIEW,UNCLASSIFIED,SQL_SCANNED,NOT_PROVEN,NOT_PROVEN,NOT_CHECKED,NOT_FINAL,HOLD,SQL content indexed; runtime semantics pending
178,server_item_update_202609221205.sql,server_item_update,153,HAS_SQL_CONTENT,INSERT_ONLY,1,0,NO_EXACT_TABLE_MATCH,,itemid | toid | needids | needcounts | other,,NOT_APPLICABLE_NO_EXACT_TABLE,PENDING_CORE_REVIEW,UNCLASSIFIED,SQL_SCANNED,NOT_PROVEN,NOT_PROVEN,NOT_CHECKED,NOT_FINAL,HOLD,SQL content indexed; runtime semantics pending
179,server_quest_202609221205.sql,server_quest,5687,HAS_SQL_CONTENT,INSERT_ONLY,5,0,NO_EXACT_TABLE_MATCH,,questname | questclass | queststart | del | questuser | questlevel | difficulty | note,,NOT_APPLICABLE_NO_EXACT_TABLE,PENDING_CORE_REVIEW,UNCLASSIFIED,SQL_SCANNED,NOT_PROVEN,NOT_PROVEN,NOT_CHECKED,NOT_FINAL,HOLD,SQL content indexed; runtime semantics pending
180,server_quest_maps_202609221205.sql,server_quest_maps,1446,HAS_SQL_CONTENT,INSERT_ONLY,4,0,NO_EXACT_TABLE_MATCH,,mapid | time | users | note,,NOT_APPLICABLE_NO_EXACT_TABLE,PENDING_CORE_REVIEW,UNCLASSIFIED,SQL_SCANNED,NOT_PROVEN,NOT_PROVEN,NOT_CHECKED,NOT_FINAL,HOLD,SQL content indexed; runtime semantics pending
181,server_quest_spawn_202609221205.sql,server_quest_spawn,22291,HAS_SQL_CONTENT,INSERT_ONLY,21,0,NO_EXACT_TABLE_MATCH,,questid | is_spawn | none | count | npc_templateid | group_id | locx1 | locy1 | locx2 | locy2 | heading | respawn_delay | mapid | movement_distance | avoid_pc | round,,NOT_APPLICABLE_NO_EXACT_TABLE,PENDING_CORE_REVIEW,UNCLASSIFIED,SQL_SCANNED,NOT_PROVEN,NOT_PROVEN,NOT_CHECKED,NOT_FINAL,HOLD,SQL content indexed; runtime semantics pending
182,server_shopx_202609221205.sql,server_shopx,130,HAS_SQL_CONTENT,INSERT_ONLY,1,0,NO_EXACT_TABLE_MATCH,,note,,NOT_APPLICABLE_NO_EXACT_TABLE,PENDING_CORE_REVIEW,UNCLASSIFIED,SQL_SCANNED,NOT_PROVEN,NOT_PROVEN,NOT_CHECKED,NOT_FINAL,HOLD,SQL content indexed; runtime semantics pending
183,server_town_202609221205.sql,server_town,629,HAS_SQL_CONTENT,INSERT_ONLY,1,0,NO_EXACT_TABLE_MATCH,,town_id | name | leader_id | leader_name | tax_rate | tax_rate_reserved | sales_money | sales_money_yesterday | town_tax | town_fix_tax | none,,NOT_APPLICABLE_NO_EXACT_TABLE,PENDING_CORE_REVIEW,UNCLASSIFIED,SQL_SCANNED,NOT_PROVEN,NOT_PROVEN,NOT_CHECKED,NOT_FINAL,HOLD,SQL content indexed; runtime semantics pending
184,shop_202609221205.sql,shop,255803,HAS_SQL_CONTENT,INSERT_ONLY,301,0,EXACT_TABLE_MATCH,shop,npc_id | item_id | note | order_id | selling_price | pack_count | purchasing_price | enchant_level | 每日限購數量,npc_id | npc_name | item_id | item_name | order_id | selling_price | pack_count | purchasing_price,COLUMN_DIFFERENCE,PENDING_CORE_REVIEW,UNCLASSIFIED,SQL_SCANNED,NOT_PROVEN,NOT_PROVEN,NOT_CHECKED,NOT_FINAL,HOLD,SQL content indexed; runtime semantics pending
185,shop_商城一比一回饋_202609221205.sql,shop_商城一比一回饋,0,NO_ACTIVE_DATA,EMPTY,0,0,NO_EXACT_TABLE_MATCH,,,,NOT_APPLICABLE_NO_EXACT_TABLE,PENDING_CORE_REVIEW,UNCLASSIFIED,SQL_SCANNED,NOT_PROVEN,NOT_PROVEN,NOT_CHECKED,NOT_FINAL,HOLD,Empty SQL is not a SKIP reason
186,shop_商城消費贈禮_202609221205.sql,shop_商城消費贈禮,0,NO_ACTIVE_DATA,EMPTY,0,0,NO_EXACT_TABLE_MATCH,,,,NOT_APPLICABLE_NO_EXACT_TABLE,PENDING_CORE_REVIEW,UNCLASSIFIED,SQL_SCANNED,NOT_PROVEN,NOT_PROVEN,NOT_CHECKED,NOT_FINAL,HOLD,Empty SQL is not a SKIP reason
187,shop_cn_202609221205.sql,shop_cn,7009,HAS_SQL_CONTENT,INSERT_ONLY,8,0,NO_EXACT_TABLE_MATCH,,npc_id | item_id | note | selling_price | purchasing_price | pack_count | enchant_level | 每日限購數量,,NOT_APPLICABLE_NO_EXACT_TABLE,PENDING_CORE_REVIEW,UNCLASSIFIED,SQL_SCANNED,NOT_PROVEN,NOT_PROVEN,NOT_CHECKED,NOT_FINAL,HOLD,SQL content indexed; runtime semantics pending
188,shop_user_202609221205.sql,shop_user,0,NO_ACTIVE_DATA,EMPTY,0,0,NO_EXACT_TABLE_MATCH,,,,NOT_APPLICABLE_NO_EXACT_TABLE,PENDING_CORE_REVIEW,UNCLASSIFIED,SQL_SCANNED,NOT_PROVEN,NOT_PROVEN,NOT_CHECKED,NOT_FINAL,HOLD,Empty SQL is not a SKIP reason
189,siege_dummy_spawns_202609221205.sql,siege_dummy_spawns,2247,HAS_SQL_CONTENT,INSERT_ONLY,4,0,NO_EXACT_TABLE_MATCH,,castle_id | faction | map_id | x | y | heading | respawn_delay | enabled | dummy_type | is_king | ai_script_id | spawn_count | group_id,,NOT_APPLICABLE_NO_EXACT_TABLE,PENDING_CORE_REVIEW,UNCLASSIFIED,SQL_SCANNED,NOT_PROVEN,NOT_PROVEN,NOT_CHECKED,NOT_FINAL,HOLD,SQL content indexed; runtime semantics pending
190,skills_202609221205.sql,skills,89784,HAS_SQL_CONTENT,INSERT_ONLY,65,0,EXACT_TABLE_MATCH,skills,name | skill_level | skill_number | mpConsume | hpConsume | itemConsumeId | itemConsumeCount | reuseDelay | buffDuration | target | target_to | damage_value | damage_dice | damage_dice_count | probability_value | probability_dice | attr | type | lawful | ranged | area | through | id | nameid | action_id | castgfx | castgfx2 | sysmsgID_happen | sysmsgID_stop | sysmsgID_fail,skill_id | name | castgfx | castgfx2 | ranged | area | buffDuration | hpConsume | mpConsume | itemConsumeId | itemConsumeCount | reuseDelay | skill_level | id | damage_value | damage_dice | damage_dice_count | probability_value | probability_dice | attr | lawful | action_id,COLUMN_DIFFERENCE,PENDING_CORE_REVIEW,UNCLASSIFIED,SQL_SCANNED,NOT_PROVEN,NOT_PROVEN,NOT_CHECKED,NOT_FINAL,HOLD,SQL content indexed; runtime semantics pending
191,skills_無法檔魔屏_202609221205.sql,skills_無法檔魔屏,595,HAS_SQL_CONTENT,INSERT_ONLY,2,0,NO_EXACT_TABLE_MATCH,,技能編號 | 名稱,,NOT_APPLICABLE_NO_EXACT_TABLE,PENDING_CORE_REVIEW,UNCLASSIFIED,SQL_SCANNED,NOT_PROVEN,NOT_PROVEN,NOT_CHECKED,NOT_FINAL,HOLD,SQL content indexed; runtime semantics pending
192,skills_copy_202609221205.sql,skills_copy,89570,HAS_SQL_CONTENT,INSERT_ONLY,65,0,NO_EXACT_TABLE_MATCH,,name | skill_level | skill_number | mpConsume | hpConsume | itemConsumeId | itemConsumeCount | reuseDelay | buffDuration | target | target_to | damage_value | damage_dice | damage_dice_count | probability_value | probability_dice | attr | type | lawful | ranged | area | through | id | nameid | action_id | castgfx | castgfx2 | sysmsgID_happen | sysmsgID_stop | sysmsgID_fail,,NOT_APPLICABLE_NO_EXACT_TABLE,PENDING_CORE_REVIEW,UNCLASSIFIED,SQL_SCANNED,NOT_PROVEN,NOT_PROVEN,NOT_CHECKED,NOT_FINAL,HOLD,SQL content indexed; runtime semantics pending
193,skills_item_202609221205.sql,skills_item,8192,HAS_SQL_CONTENT,INSERT_ONLY,22,0,NO_EXACT_TABLE_MATCH,,name | itemids | counts,,NOT_APPLICABLE_NO_EXACT_TABLE,PENDING_CORE_REVIEW,UNCLASSIFIED,SQL_SCANNED,NOT_PROVEN,NOT_PROVEN,NOT_CHECKED,NOT_FINAL,HOLD,SQL content indexed; runtime semantics pending
194,spawnlist_202609221205.sql,spawnlist,1369977,HAS_SQL_CONTENT,INSERT_ONLY,1342,0,EXACT_TABLE_MATCH,spawnlist,location | count | npc_templateid | group_id | locx | locy | randomx | randomy | locx1 | locy1 | locx2 | locy2 | heading | min_respawn_delay | max_respawn_delay | mapid | respawn_screen | movement_distance | rest | avoid_pc,id | location | count | npc_templateid | group_id | locx | locy | randomx | randomy | locx1 | locy1 | locx2 | locy2 | heading | min_respawn_delay | max_respawn_delay | mapid | respawn_screen | movement_distance | rest | near_spawn | night,COLUMN_DIFFERENCE,PENDING_CORE_REVIEW,UNCLASSIFIED,SQL_SCANNED,NOT_PROVEN,NOT_PROVEN,NOT_CHECKED,NOT_FINAL,HOLD,SQL content indexed; runtime semantics pending
195,spawnlist_boss_202609221205.sql,spawnlist_boss,13975,HAS_SQL_CONTENT,INSERT_ONLY,10,0,EXACT_TABLE_MATCH,spawnlist_boss,location | broadcastInfo | isBroadcast | count | npc_templateid | group_id | locx1 | locy1 | locx2 | locy2 | heading | mapid | next_spawn_time | spawn_interval | spawn_interval_max | exist_time | avoid_pc,id | location | cycle_type | weeks | time | count | npc_id | group_id | locx | locy | randomx | randomy | locx1 | locy1 | locx2 | locy2 | heading | mapid | respawn_screen | movement_distance | rest | spawn_type | percentage,COLUMN_DIFFERENCE,PENDING_CORE_REVIEW,UNCLASSIFIED,SQL_SCANNED,NOT_PROVEN,NOT_PROVEN,NOT_CHECKED,NOT_FINAL,HOLD,SQL content indexed; runtime semantics pending
196,spawnlist_door_202609221205.sql,spawnlist_door,39335,HAS_SQL_CONTENT,INSERT_ONLY,60,0,EXACT_TABLE_MATCH,spawnlist_door,location | gfxid | locx | locy | mapid | direction | left_edge_location | right_edge_location | hp | keeper,id | location | gfxid | locx | locy | mapid | hp | keeper | isOpening,COLUMN_DIFFERENCE,PENDING_CORE_REVIEW,UNCLASSIFIED,SQL_SCANNED,NOT_PROVEN,NOT_PROVEN,NOT_CHECKED,NOT_FINAL,HOLD,SQL content indexed; runtime semantics pending
197,spawnlist_furniture_202609221205.sql,spawnlist_furniture,0,NO_ACTIVE_DATA,EMPTY,0,0,EXACT_TABLE_MATCH,spawnlist_furniture,,item_obj_id | npcid | locx | locy | mapid,SOURCE_COLUMNS_NOT_PROVEN,PENDING_CORE_REVIEW,UNCLASSIFIED,SQL_SCANNED,NOT_PROVEN,NOT_PROVEN,NOT_CHECKED,NOT_FINAL,HOLD,Empty SQL is not a SKIP reason
198,spawnlist_light_202609221205.sql,spawnlist_light,7416,HAS_SQL_CONTENT,INSERT_ONLY,24,0,EXACT_TABLE_MATCH,spawnlist_light,npcid | locx | locy | mapid,id | npcid | locx | locy | mapid,381_COLUMNS_SUBSET_OF_850,PENDING_CORE_REVIEW,UNCLASSIFIED,SQL_SCANNED,NOT_PROVEN,NOT_PROVEN,NOT_CHECKED,NOT_FINAL,HOLD,SQL content indexed; runtime semantics pending
199,spawnlist_npc_202609221205.sql,spawnlist_npc,77366,HAS_SQL_CONTENT,INSERT_ONLY,105,0,EXACT_TABLE_MATCH,spawnlist_npc,location | count | npc_templateid | locx | locy | randomx | randomy | heading | respawn_delay | mapid | movement_distance | deleteTime,id | location | count | npc_templateid | locx | locy | randomx | randomy | heading | respawn_delay | mapid | movement_distance,COLUMN_DIFFERENCE,PENDING_CORE_REVIEW,UNCLASSIFIED,SQL_SCANNED,NOT_PROVEN,NOT_PROVEN,NOT_CHECKED,NOT_FINAL,HOLD,SQL content indexed; runtime semantics pending
200,spawnlist_scenery_202609221205.sql,spawnlist_scenery,28227,HAS_SQL_CONTENT,INSERT_ONLY,60,0,NO_EXACT_TABLE_MATCH,,note | gfxid | locx | locy | heading | mapid | html,,NOT_APPLICABLE_NO_EXACT_TABLE,PENDING_CORE_REVIEW,UNCLASSIFIED,SQL_SCANNED,NOT_PROVEN,NOT_PROVEN,NOT_CHECKED,NOT_FINAL,HOLD,SQL content indexed; runtime semantics pending
201,spawnlist_time_202609221205.sql,spawnlist_time,0,NO_ACTIVE_DATA,EMPTY,0,0,NO_EXACT_TABLE_MATCH,,,,NOT_APPLICABLE_NO_EXACT_TABLE,PENDING_CORE_REVIEW,UNCLASSIFIED,SQL_SCANNED,NOT_PROVEN,NOT_PROVEN,NOT_CHECKED,NOT_FINAL,HOLD,Empty SQL is not a SKIP reason
202,spawnlist_trap_202609221205.sql,spawnlist_trap,22157,HAS_SQL_CONTENT,INSERT_ONLY,33,0,EXACT_TABLE_MATCH,spawnlist_trap,id | note | trapId | mapId | locX | locY | locRndX | locRndY | count | span,id | note | trapId | mapId | locX | locY | locRndX | locRndY | count | span,EXACT_COLUMN_SET,PENDING_CORE_REVIEW,UNCLASSIFIED,SQL_SCANNED,NOT_PROVEN,NOT_PROVEN,NOT_CHECKED,NOT_FINAL,HOLD,SQL content indexed; runtime semantics pending
203,spawnlist_ub_202609221205.sql,spawnlist_ub,14911,HAS_SQL_CONTENT,INSERT_ONLY,30,0,NO_EXACT_TABLE_MATCH,,ub_id | pattern | group_id | location | npc_templateid | count | spawn_delay | seal_count,,NOT_APPLICABLE_NO_EXACT_TABLE,PENDING_CORE_REVIEW,UNCLASSIFIED,SQL_SCANNED,NOT_PROVEN,NOT_PROVEN,NOT_CHECKED,NOT_FINAL,HOLD,SQL content indexed; runtime semantics pending
204,spr_action_202609221205.sql,spr_action,1103718,HAS_SQL_CONTENT,INSERT_ONLY,4169,0,NO_EXACT_TABLE_MATCH,,spr_id | act_id | framecount | framerate,,NOT_APPLICABLE_NO_EXACT_TABLE,PENDING_CORE_REVIEW,UNCLASSIFIED,SQL_SCANNED,NOT_PROVEN,NOT_PROVEN,NOT_CHECKED,NOT_FINAL,HOLD,SQL content indexed; runtime semantics pending
205,spr_action_copy1_202609221205.sql,spr_action_copy1,1012415,HAS_SQL_CONTENT,INSERT_ONLY,3743,0,NO_EXACT_TABLE_MATCH,,spr_id | act_id | framecount | framerate,,NOT_APPLICABLE_NO_EXACT_TABLE,PENDING_CORE_REVIEW,UNCLASSIFIED,SQL_SCANNED,NOT_PROVEN,NOT_PROVEN,NOT_CHECKED,NOT_FINAL,HOLD,SQL content indexed; runtime semantics pending
206,spr_action_copy2_202609221205.sql,spr_action_copy2,2005024,HAS_SQL_CONTENT,INSERT_ONLY,7429,0,NO_EXACT_TABLE_MATCH,,spr_id | act_id | framecount | framerate,,NOT_APPLICABLE_NO_EXACT_TABLE,PENDING_CORE_REVIEW,UNCLASSIFIED,SQL_SCANNED,NOT_PROVEN,NOT_PROVEN,NOT_CHECKED,NOT_FINAL,HOLD,SQL content indexed; runtime semantics pending
207,system_firesmith_crystal_202609221205.sql,system_firesmith_crystal,13488,HAS_SQL_CONTENT,INSERT_ONLY,12,0,NO_EXACT_TABLE_MATCH,,itemid | note | enchant_lv0 | enchant_lv1 | enchant_lv2 | enchant_lv3 | enchant_lv4 | enchant_lv5 | enchant_lv6 | enchant_lv7 | enchant_lv8 | enchant_lv9 | enchant_lv10 | enchant_lv11 | enchant_lv12 | enchant_lv13 | enchant_lv14,,NOT_APPLICABLE_NO_EXACT_TABLE,PENDING_CORE_REVIEW,UNCLASSIFIED,SQL_SCANNED,NOT_PROVEN,NOT_PROVEN,NOT_CHECKED,NOT_FINAL,HOLD,SQL content indexed; runtime semantics pending
208,system_item_npc_202609221205.sql,system_item_npc,0,NO_ACTIVE_DATA,EMPTY,0,0,NO_EXACT_TABLE_MATCH,,,,NOT_APPLICABLE_NO_EXACT_TABLE,PENDING_CORE_REVIEW,UNCLASSIFIED,SQL_SCANNED,NOT_PROVEN,NOT_PROVEN,NOT_CHECKED,NOT_FINAL,HOLD,Empty SQL is not a SKIP reason
209,trap_202609221205.sql,trap,6031,HAS_SQL_CONTENT,INSERT_ONLY,6,0,EXACT_TABLE_MATCH,trap,id | note | type | gfxId | isDetectionable | base | dice | diceCount | poisonType | poisonDelay | poisonTime | poisonDamage | monsterNpcId | monsterCount | teleportX | teleportY | teleportMapId | skillId | skillTimeSeconds,id | note | type | gfxId | isDetectionable | base | dice | diceCount | poisonType | poisonDelay | poisonTime | poisonDamage | monsterNpcId | monsterCount | teleportX | teleportY | teleportMapId | skillId | skillTimeSeconds,EXACT_COLUMN_SET,PENDING_CORE_REVIEW,UNCLASSIFIED,SQL_SCANNED,NOT_PROVEN,NOT_PROVEN,NOT_CHECKED,NOT_FINAL,HOLD,SQL content indexed; runtime semantics pending
210,ub_managers_202609221205.sql,ub_managers,194,HAS_SQL_CONTENT,INSERT_ONLY,1,0,NO_EXACT_TABLE_MATCH,,ub_id | ub_manager_npc_id,,NOT_APPLICABLE_NO_EXACT_TABLE,PENDING_CORE_REVIEW,UNCLASSIFIED,SQL_SCANNED,NOT_PROVEN,NOT_PROVEN,NOT_CHECKED,NOT_FINAL,HOLD,SQL content indexed; runtime semantics pending
211,ub_rank_202609221205.sql,ub_rank,0,NO_ACTIVE_DATA,EMPTY,0,0,NO_EXACT_TABLE_MATCH,,,,NOT_APPLICABLE_NO_EXACT_TABLE,PENDING_CORE_REVIEW,UNCLASSIFIED,SQL_SCANNED,NOT_PROVEN,NOT_PROVEN,NOT_CHECKED,NOT_FINAL,HOLD,Empty SQL is not a SKIP reason
212,ub_settings_202609221205.sql,ub_settings,692,HAS_SQL_CONTENT,INSERT_ONLY,1,0,NO_EXACT_TABLE_MATCH,,ub_id | ub_name | ub_mapid | ub_area_x1 | ub_area_y1 | ub_area_x2 | ub_area_y2 | min_lvl | max_lvl | max_player | enter_royal | enter_knight | enter_mage | enter_elf | enter_darkelf | enter_dragonknight | enter_illusionist | enter_male | enter_female | use_pot | hpr_bonus | mpr_bonus,,NOT_APPLICABLE_NO_EXACT_TABLE,PENDING_CORE_REVIEW,UNCLASSIFIED,SQL_SCANNED,NOT_PROVEN,NOT_PROVEN,NOT_CHECKED,NOT_FINAL,HOLD,SQL content indexed; runtime semantics pending
213,ub_supplies_202609221205.sql,ub_supplies,3967,HAS_SQL_CONTENT,INSERT_ONLY,8,0,NO_EXACT_TABLE_MATCH,,ub_id | ub_name | ub_round | ub_item_id | ub_item_stackcont | ub_item_cont | ub_item_bless,,NOT_APPLICABLE_NO_EXACT_TABLE,PENDING_CORE_REVIEW,UNCLASSIFIED,SQL_SCANNED,NOT_PROVEN,NOT_PROVEN,NOT_CHECKED,NOT_FINAL,HOLD,SQL content indexed; runtime semantics pending
214,ub_times_202609221205.sql,ub_times,120,HAS_SQL_CONTENT,INSERT_ONLY,1,0,NO_EXACT_TABLE_MATCH,,ub_id | ub_time,,NOT_APPLICABLE_NO_EXACT_TABLE,PENDING_CORE_REVIEW,UNCLASSIFIED,SQL_SCANNED,NOT_PROVEN,NOT_PROVEN,NOT_CHECKED,NOT_FINAL,HOLD,SQL content indexed; runtime semantics pending
215,w_小瑪莉_202609221205.sql,w_小瑪莉,475,HAS_SQL_CONTENT,INSERT_ONLY,1,0,NO_EXACT_TABLE_MATCH,,all_stake | all_user_prize | out_prize | 下注道具ID | 獎勵道具ID | count | x_a1 | x_a2 | x_b1 | x_b2 | x_c1 | x_c2 | x_d1 | x_d2 | x_e1 | x_e2 | x_f1 | x_f2 | x_g1 | x_g2 | note,,NOT_APPLICABLE_NO_EXACT_TABLE,PENDING_CORE_REVIEW,UNCLASSIFIED,SQL_SCANNED,NOT_PROVEN,NOT_PROVEN,NOT_CHECKED,NOT_FINAL,HOLD,SQL content indexed; runtime semantics pending
216,w_內掛中禁止打到的物品_202609221205.sql,w_內掛中禁止打到的物品,0,NO_ACTIVE_DATA,EMPTY,0,0,NO_EXACT_TABLE_MATCH,,,,NOT_APPLICABLE_NO_EXACT_TABLE,PENDING_CORE_REVIEW,UNCLASSIFIED,SQL_SCANNED,NOT_PROVEN,NOT_PROVEN,NOT_CHECKED,NOT_FINAL,HOLD,Empty SQL is not a SKIP reason
217,w_升級獎勵_202609221205.sql,w_升級獎勵,1235,HAS_SQL_CONTENT,INSERT_ONLY,1,0,NO_EXACT_TABLE_MATCH,,註解 | Metempsychosis | level | give_royal | give_knight | give_mage | give_elf | give_darkelf | give_dragonknight | give_illusionist | getItem | count | enchantlvl | quest_id | quest_step | message,,NOT_APPLICABLE_NO_EXACT_TABLE,PENDING_CORE_REVIEW,UNCLASSIFIED,SQL_SCANNED,NOT_PROVEN,NOT_PROVEN,NOT_CHECKED,NOT_FINAL,HOLD,SQL content indexed; runtime semantics pending
218,w_升級獎勵_任務_202609221205.sql,w_升級獎勵_任務,4430,HAS_SQL_CONTENT,INSERT_ONLY,3,0,NO_EXACT_TABLE_MATCH,,註解 | Metempsychosis | level | give_royal | give_knight | give_mage | give_elf | give_darkelf | give_dragonknight | give_illusionist | getItem | count | enchantlvl | quest_id | quest_step | message,,NOT_APPLICABLE_NO_EXACT_TABLE,PENDING_CORE_REVIEW,UNCLASSIFIED,SQL_SCANNED,NOT_PROVEN,NOT_PROVEN,NOT_CHECKED,NOT_FINAL,HOLD,SQL content indexed; runtime semantics pending
219,w_天m合成系統_202609221205.sql,w_天m合成系統,8515,HAS_SQL_CONTENT,INSERT_ONLY,4,0,NO_EXACT_TABLE_MATCH,,npcid | note | action | 合成需求編號 | 物品合成數量 | 機率 | 獲取合成編號 | 物品不足Msg | 失敗Msg | 成功Msg | 世界廣播 | 失敗是否退還 | 保底紀錄編號 | 保底次數,,NOT_APPLICABLE_NO_EXACT_TABLE,PENDING_CORE_REVIEW,UNCLASSIFIED,SQL_SCANNED,NOT_PROVEN,NOT_PROVEN,NOT_CHECKED,NOT_FINAL,HOLD,SQL content indexed; runtime semantics pending
220,w_火神裝備製作_202609221205.sql,w_火神裝備製作,33978,HAS_SQL_CONTENT,INSERT_ONLY,14,0,NO_EXACT_TABLE_MATCH,,npcid | action | new_item | note | new_item_counts | rnd | 顯示假機率 | 自訂機率道具 | 自訂機率道具名稱 | 自訂機率數量上限 | new_Enchantlvl_SW | new_item_Enchantlvl | new_item_Bless | bonus_item | bonus_item_count | bonus_item_enchant | checkLevel | checkClass | hpConsume | mpConsume | materials | materials_count | materials_enchants | residue_item | residue_count | replacement_count | input_amount | all_in_once | sucess_html | fail_html | Allmessage | 公告,,NOT_APPLICABLE_NO_EXACT_TABLE,PENDING_CORE_REVIEW,UNCLASSIFIED,SQL_SCANNED,NOT_PROVEN,NOT_PROVEN,NOT_CHECKED,NOT_FINAL,HOLD,SQL content indexed; runtime semantics pending
221,w_全服怪物提升_202609221205.sql,w_全服怪物提升,117,HAS_SQL_CONTENT,INSERT_ONLY,1,0,NO_EXACT_TABLE_MATCH,,id | hp_rate | mp_rate | mr_rate | ac_add | dmg_rate,,NOT_APPLICABLE_NO_EXACT_TABLE,PENDING_CORE_REVIEW,UNCLASSIFIED,SQL_SCANNED,NOT_PROVEN,NOT_PROVEN,NOT_CHECKED,NOT_FINAL,HOLD,SQL content indexed; runtime semantics pending
222,w_全服掉落_202609221205.sql,w_全服掉落,189,HAS_SQL_CONTENT,INSERT_ONLY,1,0,NO_EXACT_TABLE_MATCH,,itemid | itemName | min | max | chance | 限制星期 | 幾點開始 | 幾點結束 | note,,NOT_APPLICABLE_NO_EXACT_TABLE,PENDING_CORE_REVIEW,UNCLASSIFIED,SQL_SCANNED,NOT_PROVEN,NOT_PROVEN,NOT_CHECKED,NOT_FINAL,HOLD,SQL content indexed; runtime semantics pending
223,w_地圖回血魔設置_202609221205.sql,w_地圖回血魔設置,573,HAS_SQL_CONTENT,INSERT_ONLY,1,0,NO_EXACT_TABLE_MATCH,,地圖編號 | 範圍MinX | 範圍MinY | 範圍MaxX | 範圍MaxY | HP回復量 | MP回復量 | 備註,,NOT_APPLICABLE_NO_EXACT_TABLE,PENDING_CORE_REVIEW,UNCLASSIFIED,SQL_SCANNED,NOT_PROVEN,NOT_PROVEN,NOT_CHECKED,NOT_FINAL,HOLD,SQL content indexed; runtime semantics pending
224,w_成就圖鑑收集設定_202609221205.sql,w_成就圖鑑收集設定,11035,HAS_SQL_CONTENT,INSERT_ONLY,5,0,NO_EXACT_TABLE_MATCH,,npcid | action | note | checkLevel | checkClass | materials | note1 | materials_count | materials_enchants | sucess_html | fail_html | Allmessage | quest | 能力說明,,NOT_APPLICABLE_NO_EXACT_TABLE,PENDING_CORE_REVIEW,UNCLASSIFIED,SQL_SCANNED,NOT_PROVEN,NOT_PROVEN,NOT_CHECKED,NOT_FINAL,HOLD,SQL content indexed; runtime semantics pending
225,w_成就圖鑑收集獎勵_202609221205.sql,w_成就圖鑑收集獎勵,7485,HAS_SQL_CONTENT,INSERT_ONLY,5,0,NO_EXACT_TABLE_MATCH,,note1 | Quest | note | Attack | BowAttack | Hit | BowHit | Sp | Str | Dex | Int | Con | Cha | Wis | Hp | Mp | Mr | ReductionDmg | Hpr | Mpr | hppotion | exp | ac | weight | regist_stun | regist_stone | regist_sleep | regist_freeze | regist_sustain | regist_blind | PvP_dmg | PvP_hit | PvP_bow_dmg | PvP_bow_hit | PvP_dmg_r | PvP_magic_r | Ran_PvP_dmg_b | PvP_dmg_b | Ran_PvP_magic_b | PvP_magic_b,,NOT_APPLICABLE_NO_EXACT_TABLE,PENDING_CORE_REVIEW,UNCLASSIFIED,SQL_SCANNED,NOT_PROVEN,NOT_PROVEN,NOT_CHECKED,NOT_FINAL,HOLD,SQL content indexed; runtime semantics pending
226,w_死亡噴出消失物品_202609221205.sql,w_死亡噴出消失物品,92,HAS_SQL_CONTENT,INSERT_ONLY,1,0,NO_EXACT_TABLE_MATCH,,itemid | other,,NOT_APPLICABLE_NO_EXACT_TABLE,PENDING_CORE_REVIEW,UNCLASSIFIED,SQL_SCANNED,NOT_PROVEN,NOT_PROVEN,NOT_CHECKED,NOT_FINAL,HOLD,SQL content indexed; runtime semantics pending
227,w_自訂物品顯示_202609221205.sql,w_自訂物品顯示,4691,HAS_SQL_CONTENT,INSERT_ONLY,6,0,NO_EXACT_TABLE_MATCH,,Item_id | note | Info,,NOT_APPLICABLE_NO_EXACT_TABLE,PENDING_CORE_REVIEW,UNCLASSIFIED,SQL_SCANNED,NOT_PROVEN,NOT_PROVEN,NOT_CHECKED,NOT_FINAL,HOLD,SQL content indexed; runtime semantics pending
228,w_自訂道具商城_202609221205.sql,w_自訂道具商城,520,HAS_SQL_CONTENT,INSERT_ONLY,1,0,NO_EXACT_TABLE_MATCH,,action | npc編號 | 使用貨幣 | note | itemid,,NOT_APPLICABLE_NO_EXACT_TABLE,PENDING_CORE_REVIEW,UNCLASSIFIED,SQL_SCANNED,NOT_PROVEN,NOT_PROVEN,NOT_CHECKED,NOT_FINAL,HOLD,SQL content indexed; runtime semantics pending
229,w_自訂變形卷軸_202609221205.sql,w_自訂變形卷軸,514,HAS_SQL_CONTENT,INSERT_ONLY,1,0,NO_EXACT_TABLE_MATCH,,action | checkPoly | checkLevel_min | note | 扣除道具編號 | 扣除道具數量,,NOT_APPLICABLE_NO_EXACT_TABLE,PENDING_CORE_REVIEW,UNCLASSIFIED,SQL_SCANNED,NOT_PROVEN,NOT_PROVEN,NOT_CHECKED,NOT_FINAL,HOLD,SQL content indexed; runtime semantics pending
230,w_自動學習技能_202609221205.sql,w_自動學習技能,1911,HAS_SQL_CONTENT,INSERT_ONLY,3,0,NO_EXACT_TABLE_MATCH,,註解 | Level | Skill | Royal | Knight | Mage | Elf | Darkelf | DragonKnight | Illusionist,,NOT_APPLICABLE_NO_EXACT_TABLE,PENDING_CORE_REVIEW,UNCLASSIFIED,SQL_SCANNED,NOT_PROVEN,NOT_PROVEN,NOT_CHECKED,NOT_FINAL,HOLD,SQL content indexed; runtime semantics pending
231,w_血盟技能_202609221205.sql,w_血盟技能,5287,HAS_SQL_CONTENT,INSERT_ONLY,3,0,NO_EXACT_TABLE_MATCH,,ClanSkillId | ClanSkillLv | ClanSkillName | Note | Material | MaterialCount | MaterialLevel | CheckLvturn | CheckLevel | AddMaxHp | AddMaxMp | AddHpr | AddMpr | AddStr | AddCon | AddDex | AddInt | AddWis | AddCha | ReductionDmg | ReductionMagicDmg | AddWater | AddWind | AddAc | AddSp | AddMr | AddDmg | AddBowDmg | AddHit | AddBowHit | AddFire | AddEarth,,NOT_APPLICABLE_NO_EXACT_TABLE,PENDING_CORE_REVIEW,UNCLASSIFIED,SQL_SCANNED,NOT_PROVEN,NOT_PROVEN,NOT_CHECKED,NOT_FINAL,HOLD,SQL content indexed; runtime semantics pending
232,w_血盟能量怪物_202609221205.sql,w_血盟能量怪物,0,NO_ACTIVE_DATA,EMPTY,0,0,NO_EXACT_TABLE_MATCH,,,,NOT_APPLICABLE_NO_EXACT_TABLE,PENDING_CORE_REVIEW,UNCLASSIFIED,SQL_SCANNED,NOT_PROVEN,NOT_PROVEN,NOT_CHECKED,NOT_FINAL,HOLD,Empty SQL is not a SKIP reason
233,w_血盟等級_202609221205.sql,w_血盟等級,1117,HAS_SQL_CONTENT,INSERT_ONLY,1,0,NO_EXACT_TABLE_MATCH,,note | ClanLevel | Contribution | AddMaxHp | AddMaxMp | AddDmg | AddBowDmg | AddHit | AddBowHit | AddMr | AddSp | AddAc | AddFire | AddWind | AddEarth | AddWater | AddStr | AddDex | AddCon | AddWis | AddInt | AddCha | reduction_dmg | reduction_magic_dmg | ExpRate | AddHpr | AddMpr | AddWeight,,NOT_APPLICABLE_NO_EXACT_TABLE,PENDING_CORE_REVIEW,UNCLASSIFIED,SQL_SCANNED,NOT_PROVEN,NOT_PROVEN,NOT_CHECKED,NOT_FINAL,HOLD,SQL content indexed; runtime semantics pending
234,w_即時獎勵系統_202609221205.sql,w_即時獎勵系統,4071,HAS_SQL_CONTENT,INSERT_ONLY,2,0,NO_EXACT_TABLE_MATCH,,id | note | activity | check_classId | check_level | check_item | check_itemCount | surplus_msg | surplus_msg_color | give_item_id | give_itemCount | give_itemEnchantlvl | total_People | appear_People | quest_id | quest_step | message | message_end,,NOT_APPLICABLE_NO_EXACT_TABLE,PENDING_CORE_REVIEW,UNCLASSIFIED,SQL_SCANNED,NOT_PROVEN,NOT_PROVEN,NOT_CHECKED,NOT_FINAL,HOLD,SQL content indexed; runtime semantics pending
235,w_每日簽到控制_202609221205.sql,w_每日簽到控制,872,HAS_SQL_CONTENT,INSERT_ONLY,1,0,NO_EXACT_TABLE_MATCH,,簽到幾天 | 簽到物品獎勵 | 簽到物品數量 | 永久物攻增加 | 永久減傷增加 | 永久血量增加 | 永久魔量增加 | 完成簽到顯示,,NOT_APPLICABLE_NO_EXACT_TABLE,PENDING_CORE_REVIEW,UNCLASSIFIED,SQL_SCANNED,NOT_PROVEN,NOT_PROVEN,NOT_CHECKED,NOT_FINAL,HOLD,SQL content indexed; runtime semantics pending
236,w_怪物死亡召喚_202609221205.sql,w_怪物死亡召喚,0,NO_ACTIVE_DATA,EMPTY,0,0,NO_EXACT_TABLE_MATCH,,,,NOT_APPLICABLE_NO_EXACT_TABLE,PENDING_CORE_REVIEW,UNCLASSIFIED,SQL_SCANNED,NOT_PROVEN,NOT_PROVEN,NOT_CHECKED,NOT_FINAL,HOLD,Empty SQL is not a SKIP reason
237,w_怪物掉落隨機強化_202609221205.sql,w_怪物掉落隨機強化,0,NO_ACTIVE_DATA,EMPTY,0,0,NO_EXACT_TABLE_MATCH,,,,NOT_APPLICABLE_NO_EXACT_TABLE,PENDING_CORE_REVIEW,UNCLASSIFIED,SQL_SCANNED,NOT_PROVEN,NOT_PROVEN,NOT_CHECKED,NOT_FINAL,HOLD,Empty SQL is not a SKIP reason
238,w_怪物擊殺系統_202609221205.sql,w_怪物擊殺系統,748,HAS_SQL_CONTENT,INSERT_ONLY,1,0,NO_EXACT_TABLE_MATCH,,Npc名稱 | 共同攻擊獎勵 | 共同道具名稱 | 尾刀攻擊者獎勵 | 尾刀道具名稱 | 共同攻擊者傳送X軸 | 共同攻擊者傳送Y軸 | 共同攻擊者傳送地圖編號 | 尾刀攻擊者傳送X軸 | 尾刀攻擊者傳送Y軸 | 尾刀攻擊者傳送地圖編號 | 打擊怪物總傷害最低值,,NOT_APPLICABLE_NO_EXACT_TABLE,PENDING_CORE_REVIEW,UNCLASSIFIED,SQL_SCANNED,NOT_PROVEN,NOT_PROVEN,NOT_CHECKED,NOT_FINAL,HOLD,SQL content indexed; runtime semantics pending
239,w_拉霸系統_202609221205.sql,w_拉霸系統,246,HAS_SQL_CONTENT,INSERT_ONLY,1,0,NO_EXACT_TABLE_MATCH,,note | npcid | action | GiveItem | GiveItemCount | GiveItemEnchantlvl | checkMoney | checkMoneyCount | random,,NOT_APPLICABLE_NO_EXACT_TABLE,PENDING_CORE_REVIEW,UNCLASSIFIED,SQL_SCANNED,NOT_PROVEN,NOT_PROVEN,NOT_CHECKED,NOT_FINAL,HOLD,SQL content indexed; runtime semantics pending
240,w_物品分解系統_202609221205.sql,w_物品分解系統,306,HAS_SQL_CONTENT,INSERT_ONLY,1,0,NO_EXACT_TABLE_MATCH,,道具編號 | 被分解物品 | 分解名稱 | 機率 | 獲得物品 | 物品名稱 | 獲得最小數量 | 獲得最大數量 | 分解成功訊息 | 分解失敗訊息,,NOT_APPLICABLE_NO_EXACT_TABLE,PENDING_CORE_REVIEW,UNCLASSIFIED,SQL_SCANNED,NOT_PROVEN,NOT_PROVEN,NOT_CHECKED,NOT_FINAL,HOLD,SQL content indexed; runtime semantics pending
241,w_物品日期限制_202609221205.sql,w_物品日期限制,0,NO_ACTIVE_DATA,EMPTY,0,0,NO_EXACT_TABLE_MATCH,,,,NOT_APPLICABLE_NO_EXACT_TABLE,PENDING_CORE_REVIEW,UNCLASSIFIED,SQL_SCANNED,NOT_PROVEN,NOT_PROVEN,NOT_CHECKED,NOT_FINAL,HOLD,Empty SQL is not a SKIP reason
242,w_物品時間限制_202609221205.sql,w_物品時間限制,1738,HAS_SQL_CONTENT,INSERT_ONLY,4,0,NO_EXACT_TABLE_MATCH,,itemid | d | h | m | other,,NOT_APPLICABLE_NO_EXACT_TABLE,PENDING_CORE_REVIEW,UNCLASSIFIED,SQL_SCANNED,NOT_PROVEN,NOT_PROVEN,NOT_CHECKED,NOT_FINAL,HOLD,SQL content indexed; runtime semantics pending
243,w_物品祝福系統_202609221205.sql,w_物品祝福系統,3123,HAS_SQL_CONTENT,INSERT_ONLY,3,0,NO_EXACT_TABLE_MATCH,,note | type | item_type | ac | Attack | Hit | Sp | Str | Dex | Int | Con | Cha | Wis | Hp | Mp | Mr | ReductionDmg | Hpr | Mpr | hppotion | All_message,,NOT_APPLICABLE_NO_EXACT_TABLE,PENDING_CORE_REVIEW,UNCLASSIFIED,SQL_SCANNED,NOT_PROVEN,NOT_PROVEN,NOT_CHECKED,NOT_FINAL,HOLD,SQL content indexed; runtime semantics pending
244,w_物品掉落限制一_202609221205.sql,w_物品掉落限制一,0,NO_ACTIVE_DATA,EMPTY,0,0,NO_EXACT_TABLE_MATCH,,,,NOT_APPLICABLE_NO_EXACT_TABLE,PENDING_CORE_REVIEW,UNCLASSIFIED,SQL_SCANNED,NOT_PROVEN,NOT_PROVEN,NOT_CHECKED,NOT_FINAL,HOLD,Empty SQL is not a SKIP reason
245,w_物品掉落限制二_202609221205.sql,w_物品掉落限制二,0,NO_ACTIVE_DATA,EMPTY,0,0,NO_EXACT_TABLE_MATCH,,,,NOT_APPLICABLE_NO_EXACT_TABLE,PENDING_CORE_REVIEW,UNCLASSIFIED,SQL_SCANNED,NOT_PROVEN,NOT_PROVEN,NOT_CHECKED,NOT_FINAL,HOLD,Empty SQL is not a SKIP reason
246,w_物品掉落限制三_202609221205.sql,w_物品掉落限制三,212,HAS_SQL_CONTENT,INSERT_ONLY,1,0,NO_EXACT_TABLE_MATCH,,物品ID | 註釋 | 限制總數 | 掉出數量 | 最後掉落時間 | 最小時間後 | 最大時間內,,NOT_APPLICABLE_NO_EXACT_TABLE,PENDING_CORE_REVIEW,UNCLASSIFIED,SQL_SCANNED,NOT_PROVEN,NOT_PROVEN,NOT_CHECKED,NOT_FINAL,HOLD,SQL content indexed; runtime semantics pending
247,w_物品融合db化_202609221205.sql,w_物品融合db化,0,NO_ACTIVE_DATA,EMPTY,0,0,NO_EXACT_TABLE_MATCH,,,,NOT_APPLICABLE_NO_EXACT_TABLE,PENDING_CORE_REVIEW,UNCLASSIFIED,SQL_SCANNED,NOT_PROVEN,NOT_PROVEN,NOT_CHECKED,NOT_FINAL,HOLD,Empty SQL is not a SKIP reason
248,w_玩家即時領取物品_202609221205.sql,w_玩家即時領取物品,0,NO_ACTIVE_DATA,EMPTY,0,0,NO_EXACT_TABLE_MATCH,,,,NOT_APPLICABLE_NO_EXACT_TABLE,PENDING_CORE_REVIEW,UNCLASSIFIED,SQL_SCANNED,NOT_PROVEN,NOT_PROVEN,NOT_CHECKED,NOT_FINAL,HOLD,Empty SQL is not a SKIP reason
249,w_玩家限制時間領取_202609221205.sql,w_玩家限制時間領取,0,NO_ACTIVE_DATA,EMPTY,0,0,NO_EXACT_TABLE_MATCH,,,,NOT_APPLICABLE_NO_EXACT_TABLE,PENDING_CORE_REVIEW,UNCLASSIFIED,SQL_SCANNED,NOT_PROVEN,NOT_PROVEN,NOT_CHECKED,NOT_FINAL,HOLD,Empty SQL is not a SKIP reason
250,w_城堡狀態師_202609221205.sql,w_城堡狀態師,560,HAS_SQL_CONTENT,INSERT_ONLY,1,0,NO_EXACT_TABLE_MATCH,,npcid | note | action | 城堡編號 | 確認等級 | 確認職業 | 確認道具 | 確認道具數量 | 魔法Buff | 魔法Buff時間 | 座標X | 座標Y | 地圖ID | 進入時間 | 進入字語 | 限制星期 | 開始進入時間 | 結束進入時間 | 非法進入字語 | 非城堡傳輸座標X | 非城堡傳輸座標Y | 非城堡傳輸地圖ID,,NOT_APPLICABLE_NO_EXACT_TABLE,PENDING_CORE_REVIEW,UNCLASSIFIED,SQL_SCANNED,NOT_PROVEN,NOT_PROVEN,NOT_CHECKED,NOT_FINAL,HOLD,SQL content indexed; runtime semantics pending
251,w_城堡狀態獎勵_202609221205.sql,w_城堡狀態獎勵,839,HAS_SQL_CONTENT,INSERT_ONLY,1,0,NO_EXACT_TABLE_MATCH,,note | checkCastle | checkLevel | AddMaxHp | AddMaxMp | AddDmg | AddBowDmg | AddHit | AddBowHit | AddMr | AddSp | AddAc | AddFire | AddWind | AddEarth | AddWater | AddStr | AddDex | AddCon | AddWis | AddInt | AddCha | reduction_dmg | reduction_magic_dmg | checkReincarnation | AddHpr | AddMpr | AddWeight,,NOT_APPLICABLE_NO_EXACT_TABLE,PENDING_CORE_REVIEW,UNCLASSIFIED,SQL_SCANNED,NOT_PROVEN,NOT_PROVEN,NOT_CHECKED,NOT_FINAL,HOLD,SQL content indexed; runtime semantics pending
252,w_城戰獲勝獎勵_202609221205.sql,w_城戰獲勝獎勵,323,HAS_SQL_CONTENT,INSERT_ONLY,1,0,NO_EXACT_TABLE_MATCH,,castle_id | note | itemid | count | recover,,NOT_APPLICABLE_NO_EXACT_TABLE,PENDING_CORE_REVIEW,UNCLASSIFIED,SQL_SCANNED,NOT_PROVEN,NOT_PROVEN,NOT_CHECKED,NOT_FINAL,HOLD,SQL content indexed; runtime semantics pending
253,w_威望名稱自訂_202609221205.sql,w_威望名稱自訂,143,HAS_SQL_CONTENT,INSERT_ONLY,1,0,NO_EXACT_TABLE_MATCH,,type_name | note,,NOT_APPLICABLE_NO_EXACT_TABLE,PENDING_CORE_REVIEW,UNCLASSIFIED,SQL_SCANNED,NOT_PROVEN,NOT_PROVEN,NOT_CHECKED,NOT_FINAL,HOLD,SQL content indexed; runtime semantics pending
254,w_威望怪物_202609221205.sql,w_威望怪物,61503,HAS_SQL_CONTENT,INSERT_ONLY,154,0,NO_EXACT_TABLE_MATCH,,npcid | name | min_威望 | max_威望,,NOT_APPLICABLE_NO_EXACT_TABLE,PENDING_CORE_REVIEW,UNCLASSIFIED,SQL_SCANNED,NOT_PROVEN,NOT_PROVEN,NOT_CHECKED,NOT_FINAL,HOLD,SQL content indexed; runtime semantics pending
255,w_威望設置_202609221205.sql,w_威望設置,2247,HAS_SQL_CONTENT,INSERT_ONLY,2,0,NO_EXACT_TABLE_MATCH,,note | 威望_最小值 | 威望_最大值 | title | MaxHp | MaxMp | Dmgup | BowDmgup | Hitup | BowHitup | Mr | Sp | Str | Dex | Con | Wis | Int | Cha | ReductionDmg | magic_reduction | gfxid | gfxid_time,,NOT_APPLICABLE_NO_EXACT_TABLE,PENDING_CORE_REVIEW,UNCLASSIFIED,SQL_SCANNED,NOT_PROVEN,NOT_PROVEN,NOT_CHECKED,NOT_FINAL,HOLD,SQL content indexed; runtime semantics pending
256,w_指定地圖回血魔_202609221205.sql,w_指定地圖回血魔,6562,HAS_SQL_CONTENT,INSERT_ONLY,15,0,NO_EXACT_TABLE_MATCH,,mapid | locationname | hpr | mpr,,NOT_APPLICABLE_NO_EXACT_TABLE,PENDING_CORE_REVIEW,UNCLASSIFIED,SQL_SCANNED,NOT_PROVEN,NOT_PROVEN,NOT_CHECKED,NOT_FINAL,HOLD,SQL content indexed; runtime semantics pending
257,w_指定地圖掉落_202609221205.sql,w_指定地圖掉落,41614,HAS_SQL_CONTENT,INSERT_ONLY,52,0,NO_EXACT_TABLE_MATCH,,mapid | itemid | min | max | chance | note,,NOT_APPLICABLE_NO_EXACT_TABLE,PENDING_CORE_REVIEW,UNCLASSIFIED,SQL_SCANNED,NOT_PROVEN,NOT_PROVEN,NOT_CHECKED,NOT_FINAL,HOLD,SQL content indexed; runtime semantics pending
258,w_指定道具賦予狀態_202609221205.sql,w_指定道具賦予狀態,26771,HAS_SQL_CONTENT,INSERT_ONLY,16,0,NO_EXACT_TABLE_MATCH,,item_id | name | classid | skin_id | type | weapon_dmg | weapon_pro | add_str | add_dex | add_con | add_int | add_wis | add_cha | add_ac | add_hp | add_mp | add_hpr | add_mpr | add_dmg | add_hit | add_bow_dmg | add_bow_hit | add_dmg_r | add_magic_r | add_mr | add_sp | add_fire | add_wind | add_earth | add_water | add_stun | add_stone | add_sleep | add_freeze | add_sustain | add_blind | add_gf | add_exp | effect_icon | 顯示稱號 | polyId | polyTime,,NOT_APPLICABLE_NO_EXACT_TABLE,PENDING_CORE_REVIEW,UNCLASSIFIED,SQL_SCANNED,NOT_PROVEN,NOT_PROVEN,NOT_CHECKED,NOT_FINAL,HOLD,SQL content indexed; runtime semantics pending
259,w_挖掘系統_202609221205.sql,w_挖掘系統,447,HAS_SQL_CONTENT,INSERT_ONLY,1,0,NO_EXACT_TABLE_MATCH,,註解 | Map_Id | Level | Check_Item | Random | Give_Item | Give_Item_Count | Random1 | Give_Item1 | Give_Item_Count1 | Random2 | Give_Item2 | Give_Item_Count2 | Random3 | Give_Item3 | Give_Item_Count3 | Random4 | Give_Item4 | Give_Item_Count4,,NOT_APPLICABLE_NO_EXACT_TABLE,PENDING_CORE_REVIEW,UNCLASSIFIED,SQL_SCANNED,NOT_PROVEN,NOT_PROVEN,NOT_CHECKED,NOT_FINAL,HOLD,SQL content indexed; runtime semantics pending
260,w_炫色_素質設定_202609221205.sql,w_炫色_素質設定,38179,HAS_SQL_CONTENT,INSERT_ONLY,17,0,NO_EXACT_TABLE_MATCH,,顏色代號 | 頭銜 | type | 說明 | 獲取的機率 | 最小攻擊力 | 最大攻擊力 | 近戰命中 | 額外攻擊力 | 力量 | 體質 | 敏捷 | 智力 | 精神 | 魅力 | 血量 | 魔力 | 物理減傷 | 回血量 | 回魔量 | 魔攻 | 魔防 | 最小吸血量 | 最大吸血量 | 發動吸血機率 | 最小吸魔量 | 最大吸魔量 | 發動吸魔機率 | 魔法施展機率 | 施展魔法gfxid | 魔法傷害 | 物理格檔 | 魔法格檔 | PVP增傷 | PVP減傷 | 藥水恢復增加 | 廣播 | 文字顯示,,NOT_APPLICABLE_NO_EXACT_TABLE,PENDING_CORE_REVIEW,UNCLASSIFIED,SQL_SCANNED,NOT_PROVEN,NOT_PROVEN,NOT_CHECKED,NOT_FINAL,HOLD,SQL content indexed; runtime semantics pending
261,w_狩獵怪物任務_202609221205.sql,w_狩獵怪物任務,744,HAS_SQL_CONTENT,INSERT_ONLY,1,0,NO_EXACT_TABLE_MATCH,,quest_id | quest_step | note | lv | mob_id | mob_count | item_id | item_lv | item_count | save_quest_step | tele_x | tele_y | tele_m | tele_delay | addexp,,NOT_APPLICABLE_NO_EXACT_TABLE,PENDING_CORE_REVIEW,UNCLASSIFIED,SQL_SCANNED,NOT_PROVEN,NOT_PROVEN,NOT_CHECKED,NOT_FINAL,HOLD,SQL content indexed; runtime semantics pending
262,w_狩獵怪物任務_地圖_202609221205.sql,w_狩獵怪物任務_地圖,733,HAS_SQL_CONTENT,INSERT_ONLY,1,0,NO_EXACT_TABLE_MATCH,,note | npcid | action | 等級 | 任務需求道具 | 任務需求數量 | 任務記錄編號 | 指定地圖1 | 指定地圖2 | 指定地圖3 | 指定地圖4 | 指定地圖5 | 擊殺怪物數量 | 完成後給予道具 | 完成後給予數量 | 接取任務訊息 | 完成任務訊息 | 顯示狩獵文字,,NOT_APPLICABLE_NO_EXACT_TABLE,PENDING_CORE_REVIEW,UNCLASSIFIED,SQL_SCANNED,NOT_PROVEN,NOT_PROVEN,NOT_CHECKED,NOT_FINAL,HOLD,SQL content indexed; runtime semantics pending
263,w_狩獵怪物任務_系統_202609221205.sql,w_狩獵怪物任務_系統,1802,HAS_SQL_CONTENT,INSERT_ONLY,1,0,NO_EXACT_TABLE_MATCH,,npcid | note | action | checkLevel_min | checkLevel_max | checkClass | checkPoly | check_QuestId | check_Quest_set | notHaveQuestId | notHaveQuestOrder | checkItem | checkItemCount | notHaveItem | notHaveItemCount | material | materialCount | justCheckMaterial | GiveItem | GiveItemCount | save_QuestId | save_Questset | ShowHtml | ShowHtmlData | ShowNotHaveHtml | ShowNotHaveHtmlData | tele_x | tele_y | tele_mapid | time | pc_message | week | startime | endtime | addexp | 刪除觸發道具 | questend,,NOT_APPLICABLE_NO_EXACT_TABLE,PENDING_CORE_REVIEW,UNCLASSIFIED,SQL_SCANNED,NOT_PROVEN,NOT_PROVEN,NOT_CHECKED,NOT_FINAL,HOLD,SQL content indexed; runtime semantics pending
264,w_負面魔法機率_202609221205.sql,w_負面魔法機率,562,HAS_SQL_CONTENT,INSERT_ONLY,1,0,NO_EXACT_TABLE_MATCH,,技能名稱 | type1 | type2 | type3 | type4 | type5 | type6 | type7 | type8 | type9 | type10 | type11 | type12 | type13 | type14 | type15 | type16 | type17 | type18 | type19 | type20 | type21 | type22 | type23 | type24 | type25 | type26 | type27 | type28,,NOT_APPLICABLE_NO_EXACT_TABLE,PENDING_CORE_REVIEW,UNCLASSIFIED,SQL_SCANNED,NOT_PROVEN,NOT_PROVEN,NOT_CHECKED,NOT_FINAL,HOLD,SQL content indexed; runtime semantics pending
265,w_限制物品丟地上_202609221205.sql,w_限制物品丟地上,1030,HAS_SQL_CONTENT,INSERT_ONLY,3,0,NO_EXACT_TABLE_MATCH,,note | max,,NOT_APPLICABLE_NO_EXACT_TABLE,PENDING_CORE_REVIEW,UNCLASSIFIED,SQL_SCANNED,NOT_PROVEN,NOT_PROVEN,NOT_CHECKED,NOT_FINAL,HOLD,SQL content indexed; runtime semantics pending
266,w_限制物品丟怪寵_202609221205.sql,w_限制物品丟怪寵,2141,HAS_SQL_CONTENT,INSERT_ONLY,6,0,NO_EXACT_TABLE_MATCH,,note | mob | pet | max,,NOT_APPLICABLE_NO_EXACT_TABLE,PENDING_CORE_REVIEW,UNCLASSIFIED,SQL_SCANNED,NOT_PROVEN,NOT_PROVEN,NOT_CHECKED,NOT_FINAL,HOLD,SQL content indexed; runtime semantics pending
267,w_限制親友交易物品_202609221205.sql,w_限制親友交易物品,0,NO_ACTIVE_DATA,EMPTY,0,0,NO_EXACT_TABLE_MATCH,,,,NOT_APPLICABLE_NO_EXACT_TABLE,PENDING_CORE_REVIEW,UNCLASSIFIED,SQL_SCANNED,NOT_PROVEN,NOT_PROVEN,NOT_CHECKED,NOT_FINAL,HOLD,Empty SQL is not a SKIP reason
268,w_參予擊殺獎勵_202609221205.sql,w_參予擊殺獎勵,0,NO_ACTIVE_DATA,EMPTY,0,0,NO_EXACT_TABLE_MATCH,,,,NOT_APPLICABLE_NO_EXACT_TABLE,PENDING_CORE_REVIEW,UNCLASSIFIED,SQL_SCANNED,NOT_PROVEN,NOT_PROVEN,NOT_CHECKED,NOT_FINAL,HOLD,Empty SQL is not a SKIP reason
269,w_掉落廣播系統_202609221205.sql,w_掉落廣播系統,5798,HAS_SQL_CONTENT,INSERT_ONLY,13,0,NO_EXACT_TABLE_MATCH,,itemid | 名稱,,NOT_APPLICABLE_NO_EXACT_TABLE,PENDING_CORE_REVIEW,UNCLASSIFIED,SQL_SCANNED,NOT_PROVEN,NOT_PROVEN,NOT_CHECKED,NOT_FINAL,HOLD,SQL content indexed; runtime semantics pending
270,w_節日活動_202609221205.sql,w_節日活動,764,HAS_SQL_CONTENT,INSERT_ONLY,1,0,NO_EXACT_TABLE_MATCH,,note | month | day | checkClass | level | message | new_item | new_item_counts,,NOT_APPLICABLE_NO_EXACT_TABLE,PENDING_CORE_REVIEW,UNCLASSIFIED,SQL_SCANNED,NOT_PROVEN,NOT_PROVEN,NOT_CHECKED,NOT_FINAL,HOLD,SQL content indexed; runtime semantics pending
271,w_裝武強化lv_202609221205.sql,w_裝武強化lv,9225,HAS_SQL_CONTENT,INSERT_ONLY,9,0,NO_EXACT_TABLE_MATCH,,note | type | itemid | level | addStr | addDex | addCon | addInt | addWis | addCha | addAc | addMaxHp | addMaxMp | addHpr | addMpr | addDmg | addBowDmg | addHit | addBowHit | addDmgReduction | addMr | addSp | PVPdmg | PVPdmgReduction | Potion_Heal | Potion_Healling | add_magic_hit | weaponSkillDmg | weaponSkillChance,,NOT_APPLICABLE_NO_EXACT_TABLE,PENDING_CORE_REVIEW,UNCLASSIFIED,SQL_SCANNED,NOT_PROVEN,NOT_PROVEN,NOT_CHECKED,NOT_FINAL,HOLD,SQL content indexed; runtime semantics pending
272,w_裝備持續特效_202609221205.sql,w_裝備持續特效,0,NO_ACTIVE_DATA,EMPTY,0,0,NO_EXACT_TABLE_MATCH,,,,NOT_APPLICABLE_NO_EXACT_TABLE,PENDING_CORE_REVIEW,UNCLASSIFIED,SQL_SCANNED,NOT_PROVEN,NOT_PROVEN,NOT_CHECKED,NOT_FINAL,HOLD,Empty SQL is not a SKIP reason
273,w_裝備總加成能力_202609221205.sql,w_裝備總加成能力,0,NO_ACTIVE_DATA,EMPTY,0,0,NO_EXACT_TABLE_MATCH,,,,NOT_APPLICABLE_NO_EXACT_TABLE,PENDING_CORE_REVIEW,UNCLASSIFIED,SQL_SCANNED,NOT_PROVEN,NOT_PROVEN,NOT_CHECKED,NOT_FINAL,HOLD,Empty SQL is not a SKIP reason
274,w_過安定防具_202609221205.sql,w_過安定防具,264,HAS_SQL_CONTENT,INSERT_ONLY,1,0,NO_EXACT_TABLE_MATCH,,註解 | Level | Dmg_r | Dmg_Magic_r | Hp | Mp,,NOT_APPLICABLE_NO_EXACT_TABLE,PENDING_CORE_REVIEW,UNCLASSIFIED,SQL_SCANNED,NOT_PROVEN,NOT_PROVEN,NOT_CHECKED,NOT_FINAL,HOLD,SQL content indexed; runtime semantics pending
275,w_過安定武器_202609221205.sql,w_過安定武器,7664,HAS_SQL_CONTENT,INSERT_ONLY,8,0,NO_EXACT_TABLE_MATCH,,註解 | note | 武器類別 | Level | 近距離攻擊 | 遠距離攻擊 | 近距離命中 | 遠距離命中 | Dmg | Dmg_double | random | random_elf | min_dmg | max_dmg | C_Hp | C_Mp | gfxid | sp,,NOT_APPLICABLE_NO_EXACT_TABLE,PENDING_CORE_REVIEW,UNCLASSIFIED,SQL_SCANNED,NOT_PROVEN,NOT_PROVEN,NOT_CHECKED,NOT_FINAL,HOLD,SQL content indexed; runtime semantics pending
276,w_道具升級_202609221205.sql,w_道具升級,465,HAS_SQL_CONTENT,INSERT_ONLY,1,0,NO_EXACT_TABLE_MATCH,,item_id | name | checkClass | level | needCount | Integration_ID | Integration_name | Integration_count | EnchantItem | random | materials | counts | new_item | new_item_name | new_item_counts | msg | gfxId | Failure_down | Failure_msg | Failure_keep | keep | keep_materials | All_message,,NOT_APPLICABLE_NO_EXACT_TABLE,PENDING_CORE_REVIEW,UNCLASSIFIED,SQL_SCANNED,NOT_PROVEN,NOT_PROVEN,NOT_CHECKED,NOT_FINAL,HOLD,SQL content indexed; runtime semantics pending
277,w_道具升級系統_202609221205.sql,w_道具升級系統,414,HAS_SQL_CONTENT,INSERT_ONLY,1,0,NO_EXACT_TABLE_MATCH,,item | note | CheckLevel | CheckItem | Checkcount | ne_item | note1 | random | giveitem | note2 | givecount | Success | Fail | save_type,,NOT_APPLICABLE_NO_EXACT_TABLE,PENDING_CORE_REVIEW,UNCLASSIFIED,SQL_SCANNED,NOT_PROVEN,NOT_PROVEN,NOT_CHECKED,NOT_FINAL,HOLD,SQL content indexed; runtime semantics pending
278,w_道具火神製作_202609221205.sql,w_道具火神製作,1373,HAS_SQL_CONTENT,INSERT_ONLY,1,0,NO_EXACT_TABLE_MATCH,,製造清單名稱 | action | 確認製作action | classid | checkLevel_min | 成功機率 | 顯示假機率 | 自訂機率道具 | 自訂機率道具名稱 | 自訂機率數量上限 | 是否扣除道具 | 需求物品 | 需求物品數量 | 需求物品強化值 | 給予道具 | 給予道具數量 | 給予道具強化值 | 製作成功 | 製作失敗 | 世界廣播 | 是否關閉對話視窗,,NOT_APPLICABLE_NO_EXACT_TABLE,PENDING_CORE_REVIEW,UNCLASSIFIED,SQL_SCANNED,NOT_PROVEN,NOT_PROVEN,NOT_CHECKED,NOT_FINAL,HOLD,SQL content indexed; runtime semantics pending
279,w_道具召喚_202609221205.sql,w_道具召喚,211,HAS_SQL_CONTENT,INSERT_ONLY,1,0,NO_EXACT_TABLE_MATCH,,item_id | checkLevel | checkClass | checkItem | hpConsume | mpConsume | material | material_count | summon_id | summonCost | onlyOne | removeItem,,NOT_APPLICABLE_NO_EXACT_TABLE,PENDING_CORE_REVIEW,UNCLASSIFIED,SQL_SCANNED,NOT_PROVEN,NOT_PROVEN,NOT_CHECKED,NOT_FINAL,HOLD,SQL content indexed; runtime semantics pending
280,w_道具召喚時間_202609221205.sql,w_道具召喚時間,326,HAS_SQL_CONTENT,INSERT_ONLY,1,0,NO_EXACT_TABLE_MATCH,,itemid | note | check_Class | check_Level_min | check_Level_max | check_power_min | check_power_max | check_item | check_count | dele_checkitem | dele_itemid | check_mapid | npcid | npcid_time | world_message,,NOT_APPLICABLE_NO_EXACT_TABLE,PENDING_CORE_REVIEW,UNCLASSIFIED,SQL_SCANNED,NOT_PROVEN,NOT_PROVEN,NOT_CHECKED,NOT_FINAL,HOLD,SQL content indexed; runtime semantics pending
281,w_道具技能_202609221205.sql,w_道具技能,2271,HAS_SQL_CONTENT,INSERT_ONLY,4,0,NO_EXACT_TABLE_MATCH,,item_id | name | checkClass | level | removeItem | Skills | SkillsTime | 施放動作,,NOT_APPLICABLE_NO_EXACT_TABLE,PENDING_CORE_REVIEW,UNCLASSIFIED,SQL_SCANNED,NOT_PROVEN,NOT_PROVEN,NOT_CHECKED,NOT_FINAL,HOLD,SQL content indexed; runtime semantics pending
282,w_道具狀態_202609221205.sql,w_道具狀態,2384,HAS_SQL_CONTENT,INSERT_ONLY,1,0,NO_EXACT_TABLE_MATCH,,道具編號 | 道具名稱 | 效果秒數 | 註解 | 道具類型 | 道具類型效果覆蓋 | 變身編號 | cancellation | 特效 | 特效是否保存 | 增加力量 | 增加敏捷 | 增加體質 | 增加智力 | 增加精神 | 增加魅力 | 增加防禦 | 增加血量 | 增加魔量 | 增加回血量 | 增加回魔量 | 增加近戰傷害 | 增加近戰命中 | 增加遠攻傷害 | 增加遠攻命中 | 增加減免物理傷害 | 增加減免魔法傷害 | 增加抗魔 | 增加魔攻 | 增加抗火屬性 | 增加抗風屬性 | 增加抗地屬性 | 增加抗水屬性 | 增加昏迷耐性 | 增加石化耐性 | 增加睡眠耐性 | 增加寒冰耐性 | 增加支撑耐性 | 增加暗黑耐性 | 類型重複時給予訊息 | 陣營積分加倍 | 是否刪除道具,,NOT_APPLICABLE_NO_EXACT_TABLE,PENDING_CORE_REVIEW,UNCLASSIFIED,SQL_SCANNED,NOT_PROVEN,NOT_PROVEN,NOT_CHECKED,NOT_FINAL,HOLD,SQL content indexed; runtime semantics pending
283,w_道具附魔系統_202609221205.sql,w_道具附魔系統,4621,HAS_SQL_CONTENT,INSERT_ONLY,3,0,NO_EXACT_TABLE_MATCH,,type | itemid | note | powercount | powername | probability_unequi | unequipment | probability_polyid | polyid | polyid_time | probability | skill_id | target_to | addMaxHP | addMaxMP | add_str | add_con | add_dex | add_int | add_wis | add_cha | add_hp | add_mp | add_hpr | add_mpr | add_sp | hit_modifier | dmg_modifier | bow_hit_modifier | bow_dmg_modifier | double_dmg_chance | add_ac | m_def | addDamageReductionByArmor | gif,,NOT_APPLICABLE_NO_EXACT_TABLE,PENDING_CORE_REVIEW,UNCLASSIFIED,SQL_SCANNED,NOT_PROVEN,NOT_PROVEN,NOT_CHECKED,NOT_FINAL,HOLD,SQL content indexed; runtime semantics pending
284,w_道具對話檔_202609221205.sql,w_道具對話檔,1585,HAS_SQL_CONTENT,INSERT_ONLY,3,0,NO_EXACT_TABLE_MATCH,,itemid | name | quest_id | quest_step | html,,NOT_APPLICABLE_NO_EXACT_TABLE,PENDING_CORE_REVIEW,UNCLASSIFIED,SQL_SCANNED,NOT_PROVEN,NOT_PROVEN,NOT_CHECKED,NOT_FINAL,HOLD,SQL content indexed; runtime semantics pending
285,w_道具輔助系統_202609221205.sql,w_道具輔助系統,5804,HAS_SQL_CONTENT,INSERT_ONLY,5,0,NO_EXACT_TABLE_MATCH,,item_id | name | checkClass | checkItem | removeItem | polyId | polyTime | 讀取變身能力 | permanenceHp | permanenceMp | permanenceStr | permanenceDex | permanenceCon | permanenceWis | permanenceInt | permanenceCha | level | hp | mp | Exp | Lawful | Gfx | Skills | SkillsTime | Karma,,NOT_APPLICABLE_NO_EXACT_TABLE,PENDING_CORE_REVIEW,UNCLASSIFIED,SQL_SCANNED,NOT_PROVEN,NOT_PROVEN,NOT_CHECKED,NOT_FINAL,HOLD,SQL content indexed; runtime semantics pending
286,w_道具爆氣系統_202609221205.sql,w_道具爆氣系統,418,HAS_SQL_CONTENT,INSERT_ONLY,1,0,NO_EXACT_TABLE_MATCH,,道具編號 | 最小等級 | 最高等級 | 近增傷 | 遠增傷 | 減傷 | 增血 | 增魔 | 魔攻 | 特效 | 每秒扣一怒氣值 | 啟動顯示 | 關閉顯示,,NOT_APPLICABLE_NO_EXACT_TABLE,PENDING_CORE_REVIEW,UNCLASSIFIED,SQL_SCANNED,NOT_PROVEN,NOT_PROVEN,NOT_CHECKED,NOT_FINAL,HOLD,SQL content indexed; runtime semantics pending
287,w_道具寶相次數_202609221205.sql,w_道具寶相次數,363,HAS_SQL_CONTENT,INSERT_ONLY,1,0,NO_EXACT_TABLE_MATCH,,道具編號 | note | 等級限制 | 隨機獲取道具 | 隨機獲取數量 | 達滿此開箱次數 | 達滿給予物品 | 是否世界廣播 | 世界廣播文字,,NOT_APPLICABLE_NO_EXACT_TABLE,PENDING_CORE_REVIEW,UNCLASSIFIED,SQL_SCANNED,NOT_PROVEN,NOT_PROVEN,NOT_CHECKED,NOT_FINAL,HOLD,SQL content indexed; runtime semantics pending
288,w_飾品等級_202609221205.sql,w_飾品等級,0,NO_ACTIVE_DATA,EMPTY,0,0,NO_EXACT_TABLE_MATCH,,,,NOT_APPLICABLE_NO_EXACT_TABLE,PENDING_CORE_REVIEW,UNCLASSIFIED,SQL_SCANNED,NOT_PROVEN,NOT_PROVEN,NOT_CHECKED,NOT_FINAL,HOLD,Empty SQL is not a SKIP reason
289,w_敵人死亡奪寶_202609221205.sql,w_敵人死亡奪寶,273,HAS_SQL_CONTENT,INSERT_ONLY,1,0,NO_EXACT_TABLE_MATCH,,item_id | note | steal_chance | min_steal_count | max_steal_count | is_broadcast | drop_on_floor | anti_steal_item_id | level | mete_level | dropmsg,,NOT_APPLICABLE_NO_EXACT_TABLE,PENDING_CORE_REVIEW,UNCLASSIFIED,SQL_SCANNED,NOT_PROVEN,NOT_PROVEN,NOT_CHECKED,NOT_FINAL,HOLD,SQL content indexed; runtime semantics pending
290,w_衝裝贖回記錄_202609221205.sql,w_衝裝贖回記錄,181,HAS_SQL_CONTENT,INSERT_ONLY,1,0,NO_EXACT_TABLE_MATCH,,id | npcid | itemid | count,,NOT_APPLICABLE_NO_EXACT_TABLE,PENDING_CORE_REVIEW,UNCLASSIFIED,SQL_SCANNED,NOT_PROVEN,NOT_PROVEN,NOT_CHECKED,NOT_FINAL,HOLD,SQL content indexed; runtime semantics pending
291,w_隨身祭司_202609221205.sql,w_隨身祭司,520,HAS_SQL_CONTENT,INSERT_ONLY,1,0,NO_EXACT_TABLE_MATCH,,npc_id | name | skill_id | skill_mp | note,,NOT_APPLICABLE_NO_EXACT_TABLE,PENDING_CORE_REVIEW,UNCLASSIFIED,SQL_SCANNED,NOT_PROVEN,NOT_PROVEN,NOT_CHECKED,NOT_FINAL,HOLD,SQL content indexed; runtime semantics pending
292,w_隨機能力炫色名稱_202609221205.sql,w_隨機能力炫色名稱,234,HAS_SQL_CONTENT,INSERT_ONLY,1,0,NO_EXACT_TABLE_MATCH,,type_name | note,,NOT_APPLICABLE_NO_EXACT_TABLE,PENDING_CORE_REVIEW,UNCLASSIFIED,SQL_SCANNED,NOT_PROVEN,NOT_PROVEN,NOT_CHECKED,NOT_FINAL,HOLD,SQL content indexed; runtime semantics pending
293,w_隨機能力炫色防具_202609221205.sql,w_隨機能力炫色防具,532,HAS_SQL_CONTENT,INSERT_ONLY,1,0,NO_EXACT_TABLE_MATCH,,note | check_type | ran | Attack | Hit | Sp | Str | Dex | Int | Con | Cha | Wis | Hp | Mp | Mr | ReductionDmg | Hpr | Mpr | hppotion,,NOT_APPLICABLE_NO_EXACT_TABLE,PENDING_CORE_REVIEW,UNCLASSIFIED,SQL_SCANNED,NOT_PROVEN,NOT_PROVEN,NOT_CHECKED,NOT_FINAL,HOLD,SQL content indexed; runtime semantics pending
294,w_隨機能力炫色武器_202609221205.sql,w_隨機能力炫色武器,532,HAS_SQL_CONTENT,INSERT_ONLY,1,0,NO_EXACT_TABLE_MATCH,,note | check_type | ran | Attack | Hit | Sp | Str | Dex | Int | Con | Cha | Wis | Hp | Mp | Mr | ReductionDmg | Hpr | Mpr | hppotion,,NOT_APPLICABLE_NO_EXACT_TABLE,PENDING_CORE_REVIEW,UNCLASSIFIED,SQL_SCANNED,NOT_PROVEN,NOT_PROVEN,NOT_CHECKED,NOT_FINAL,HOLD,SQL content indexed; runtime semantics pending
295,w_鐘點怪物施放_202609221205.sql,w_鐘點怪物施放,4115,HAS_SQL_CONTENT,INSERT_ONLY,2,0,NO_EXACT_TABLE_MATCH,,限制星期 | 時 | 分 | NPC編號 | name | 數量 | X座標 | Y座標 | 隨機中心生怪 | 地圖編號 | 公告內容 | 特殊公告 | 畫面特效 | 是否為傳送門 | x | y | m | 存在時間,,NOT_APPLICABLE_NO_EXACT_TABLE,PENDING_CORE_REVIEW,UNCLASSIFIED,SQL_SCANNED,NOT_PROVEN,NOT_PROVEN,NOT_CHECKED,NOT_FINAL,HOLD,SQL content indexed; runtime semantics pending
296,w_屬性強化系統_202609221205.sql,w_屬性強化系統,17077,HAS_SQL_CONTENT,INSERT_ONLY,12,0,NO_EXACT_TABLE_MATCH,,id | name | stage | chance | probability | gfixd | type | fix_damage | random_damage | 固定吸血 | 固定吸魔 | type_bind | type_drain_hp | type_drain_mp | type_dmgup | type_range | type_range_dmg | type_light_dmg | type_skill_1 | type_skill_2 | type_skill_3 | 衝擊之暈 | type_skill_time | type_poly_list | type_remove_weapon | type_remove_doll | type_remove_armor | 世界廣播,,NOT_APPLICABLE_NO_EXACT_TABLE,PENDING_CORE_REVIEW,UNCLASSIFIED,SQL_SCANNED,NOT_PROVEN,NOT_PROVEN,NOT_CHECKED,NOT_FINAL,HOLD,SQL content indexed; runtime semantics pending
297,w_變身卡片能力組合套卡_202609221205.sql,w_變身卡片能力組合套卡,2992,HAS_SQL_CONTENT,INSERT_ONLY,1,0,NO_EXACT_TABLE_MATCH,,流水號 | 組合套卡名稱 | 需求的變身卡編號 | 需求的玩家任務編號 | 需求的變身卡名稱 | 任務紀錄編號 | 力量 | 敏捷 | 體質 | 智力 | 精神 | 魅力 | 防禦 | 血量 | 魔量 | 回血量 | 回魔量 | 近距離傷害 | 遠距離傷害 | 近距離命中 | 遠戰攻擊命中 | 物理減免傷害 | 魔法減免傷害 | 魔攻 | 魔法命中 | 魔法防禦 | 火屬性防禦 | 風屬性防禦 | 地屬性防禦 | 水屬性防禦,,NOT_APPLICABLE_NO_EXACT_TABLE,PENDING_CORE_REVIEW,UNCLASSIFIED,SQL_SCANNED,NOT_PROVEN,NOT_PROVEN,NOT_CHECKED,NOT_FINAL,HOLD,SQL content indexed; runtime semantics pending
298,w_變身卡片能力登入_202609221205.sql,w_變身卡片能力登入,15139,HAS_SQL_CONTENT,INSERT_ONLY,7,0,NO_EXACT_TABLE_MATCH,,獲得能力時的訊息 | 出現顯示能力頁面名稱 | 對話檔指令 | 任務編號 | 變身編號 | 變身時效 | 變身消耗道具編號 | 變身消耗道具數量 | 力量 | 敏捷 | 體質 | 智力 | 精神 | 魅力 | 防禦 | 血量 | 魔量 | 回血量 | 回魔量 | 近距離傷害 | 遠距離傷害 | 近距離命中 | 遠戰攻擊命中 | 物理減免傷害 | 魔法減免傷害 | 魔攻 | 魔法命中 | 魔法防禦 | 火屬性防禦 | 風屬性防禦 | 地屬性防禦 | 水屬性防禦,,NOT_APPLICABLE_NO_EXACT_TABLE,PENDING_CORE_REVIEW,UNCLASSIFIED,SQL_SCANNED,NOT_PROVEN,NOT_PROVEN,NOT_CHECKED,NOT_FINAL,HOLD,SQL content indexed; runtime semantics pending
299,w_變身箭矢特效_202609221205.sql,w_變身箭矢特效,125,HAS_SQL_CONTENT,INSERT_ONLY,1,0,NO_EXACT_TABLE_MATCH,,註解 | polyid | arrowgfxid,,NOT_APPLICABLE_NO_EXACT_TABLE,PENDING_CORE_REVIEW,UNCLASSIFIED,SQL_SCANNED,NOT_PROVEN,NOT_PROVEN,NOT_CHECKED,NOT_FINAL,HOLD,SQL content indexed; runtime semantics pending
300,w_變身賦予狀態_202609221205.sql,w_變身賦予狀態,0,NO_ACTIVE_DATA,EMPTY,0,0,NO_EXACT_TABLE_MATCH,,,,NOT_APPLICABLE_NO_EXACT_TABLE,PENDING_CORE_REVIEW,UNCLASSIFIED,SQL_SCANNED,NOT_PROVEN,NOT_PROVEN,NOT_CHECKED,NOT_FINAL,HOLD,Empty SQL is not a SKIP reason
301,w_變身賦予狀態_道具_202609221205.sql,w_變身賦予狀態_道具,2774,HAS_SQL_CONTENT,INSERT_ONLY,2,0,NO_EXACT_TABLE_MATCH,,note | gfxId | deadExp | cancellation | addStr | addDex | addCon | addInt | addWis | addCha | addAc | addMaxHp | addMaxMp | addHpr | addMpr | addDmg | addBowDmg | addHit | addBowHit | reduction_dmg | reduction_magic_dmg | addMr | addSp | addFire | addWind | addEarth | addWater | addExp | Potion_Heal | PVPdmg | PVPdmgReduction | add_magic_hit | regist_stun | regist_stone | regist_sleep | regist_freeze | regist_sustain | regist_blind,,NOT_APPLICABLE_NO_EXACT_TABLE,PENDING_CORE_REVIEW,UNCLASSIFIED,SQL_SCANNED,NOT_PROVEN,NOT_PROVEN,NOT_CHECKED,NOT_FINAL,HOLD,SQL content indexed; runtime semantics pending
302,w_bosschallenge_202609221205.sql,w_bosschallenge,2218,HAS_SQL_CONTENT,INSERT_ONLY,4,0,NO_EXACT_TABLE_MATCH,,set | 說明,,NOT_APPLICABLE_NO_EXACT_TABLE,PENDING_CORE_REVIEW,UNCLASSIFIED,SQL_SCANNED,NOT_PROVEN,NOT_PROVEN,NOT_CHECKED,NOT_FINAL,HOLD,SQL content indexed; runtime semantics pending
303,w_hprmprrangemap_202609221205.sql,w_hprmprrangemap,151,HAS_SQL_CONTENT,INSERT_ONLY,1,0,NO_EXACT_TABLE_MATCH,,mapid | min_x | max_x | min_y | max_y | hpr | mpr | remark,,NOT_APPLICABLE_NO_EXACT_TABLE,PENDING_CORE_REVIEW,UNCLASSIFIED,SQL_SCANNED,NOT_PROVEN,NOT_PROVEN,NOT_CHECKED,NOT_FINAL,HOLD,SQL content indexed; runtime semantics pending
304,w_map_limit_item_202609221205.sql,w_map_limit_item,0,NO_ACTIVE_DATA,EMPTY,0,0,NO_EXACT_TABLE_MATCH,,,,NOT_APPLICABLE_NO_EXACT_TABLE,PENDING_CORE_REVIEW,UNCLASSIFIED,SQL_SCANNED,NOT_PROVEN,NOT_PROVEN,NOT_CHECKED,NOT_FINAL,HOLD,Empty SQL is not a SKIP reason
305,w_map_limit_setting_202609221205.sql,w_map_limit_setting,0,NO_ACTIVE_DATA,EMPTY,0,0,NO_EXACT_TABLE_MATCH,,,,NOT_APPLICABLE_NO_EXACT_TABLE,PENDING_CORE_REVIEW,UNCLASSIFIED,SQL_SCANNED,NOT_PROVEN,NOT_PROVEN,NOT_CHECKED,NOT_FINAL,HOLD,Empty SQL is not a SKIP reason
306,w_npc製作_202609221205.sql,w_npc製作,2295,HAS_SQL_CONTENT,INSERT_ONLY,2,0,NO_EXACT_TABLE_MATCH,,npcid | note | action | 偵測身上物品 | 偵測身上物品數量 | 偵測物品加成 | 檢查身上材料 | 檢查身上材料數量 | 給予物品 | 給予物品加成 | 不足顯示對話,,NOT_APPLICABLE_NO_EXACT_TABLE,PENDING_CORE_REVIEW,UNCLASSIFIED,SQL_SCANNED,NOT_PROVEN,NOT_PROVEN,NOT_CHECKED,NOT_FINAL,HOLD,SQL content indexed; runtime semantics pending
307,weapon_202609221205.sql,weapon,123712,HAS_SQL_CONTENT,INSERT_ONLY,53,0,EXACT_TABLE_MATCH,weapon,name | classname | name_id | type | material | weight | invgfx | grdgfx | itemdesc_id | 最小傷害 | 最大傷害 | 攻擊距離 | 安定值 | 王族 | 騎士 | 法師 | 妖精 | 黑妖 | 龍騎 | 幻術 | use_warrior | 命中 | 额外伤害 | 力量 | 體質 | 敏捷 | 智力 | 精神 | 魅力 | 血量 | 魔量 | 回血 | 回魔 | 魔攻 | 魔防 | 自動加速 | 雙刀爪暴擊率 | 魔法傷害 | 不會壞刀 | 最小等級 | 最大等級 | 是否祝福 | 不能交易 | 不能刪除 | 使用期限 | 經驗百分比 | PVP額外傷害 | PVP傷害減免 | 貫穿效果 | 昏迷命中率 | 裝備炫彩 | 是否可祝福 | 無視傷害減免 | 是否喷装,item_id | name | unidentified_name_id | identified_name_id | type | material | weight | invgfx | grdgfx | itemdesc_id | dmg_small | dmg_large | range | safenchant | use_royal | use_knight | use_mage | use_elf | use_darkelf | use_dragonknight | use_illusionist | use_warrior | hitmodifier | dmgmodifier | add_str | add_con | add_dex | add_int | add_wis | add_cha | add_hp | add_mp | add_hpr | add_mpr | add_sp | m_def | haste_item | double_dmg_chance | magicdmgmodifier | canbedmg | min_lvl | max_lvl | bless | cant_trade | cant_delete | max_use_time | antiDamageReduction | stunLevel,COLUMN_DIFFERENCE,PENDING_CORE_REVIEW,UNCLASSIFIED,SQL_SCANNED,NOT_PROVEN,NOT_PROVEN,NOT_CHECKED,NOT_FINAL,HOLD,SQL content indexed; runtime semantics pending
308,weapon_magic_skill_202609221205.sql,weapon_magic_skill,19992,HAS_SQL_CONTENT,INSERT_ONLY,11,0,NO_EXACT_TABLE_MATCH,,,,NOT_APPLICABLE_NO_EXACT_TABLE,PENDING_CORE_REVIEW,UNCLASSIFIED,SQL_SCANNED,NOT_PROVEN,NOT_PROVEN,NOT_CHECKED,NOT_FINAL,HOLD,SQL content indexed; runtime semantics pending
309,weapon_power_202609221205.sql,weapon_power,0,NO_ACTIVE_DATA,EMPTY,0,0,NO_EXACT_TABLE_MATCH,,,,NOT_APPLICABLE_NO_EXACT_TABLE,PENDING_CORE_REVIEW,UNCLASSIFIED,SQL_SCANNED,NOT_PROVEN,NOT_PROVEN,NOT_CHECKED,NOT_FINAL,HOLD,Empty SQL is not a SKIP reason
310,weapon_skill_202609221205.sql,weapon_skill,2413,HAS_SQL_CONTENT,INSERT_ONLY,2,0,EXACT_TABLE_MATCH,weapon_skill,note | probability | weapon_lv | weapon_addpro | fix_damage | random_damage | x_str | x_dex | x_int | x_sp | area | skill_id | skill_time | arrow_type | attr | 顯示特效 | 顯示特效_1 | 顯示特效_2 | 顯示特效_3 | 顯示特效_4 | 顯示特效_5 | effect_target | c_hp | c_mp,weapon_id | note | skill_name | probability | prob_every_enchant | base_damage | random_damage | area | effect_id | is_target_effect | is_arrow | attr | berserkers_rate | leech_hp | leech_mp | leech_every_enchant | chaser_attack_gfxid | is_caotic | is_skill_freeze | is_skill_disease | is_skill_bind | is_skill_turn_undead | is_skill_mind_break,COLUMN_DIFFERENCE,PENDING_CORE_REVIEW,UNCLASSIFIED,SQL_SCANNED,NOT_PROVEN,NOT_PROVEN,NOT_CHECKED,NOT_FINAL,HOLD,SQL content indexed; runtime semantics pending
311,weapon_skill_in_202609221205.sql,weapon_skill_in,5136,HAS_SQL_CONTENT,INSERT_ONLY,12,0,NO_EXACT_TABLE_MATCH,,item_id | powers | note,,NOT_APPLICABLE_NO_EXACT_TABLE,PENDING_CORE_REVIEW,UNCLASSIFIED,SQL_SCANNED,NOT_PROVEN,NOT_PROVEN,NOT_CHECKED,NOT_FINAL,HOLD,SQL content indexed; runtime semantics pending
312,weapon_skill_power_202609221205.sql,weapon_skill_power,5030,HAS_SQL_CONTENT,INSERT_ONLY,5,0,NO_EXACT_TABLE_MATCH,,classname | level | type1 | type2 | type3 | attr | ac_mr | gfxid1 | gfxid2 | gfxid3 | gfxid4 | gfxid4_count | power | srcdmg | addsrcdmg | random1 | random2 | boss_holdout | note,,NOT_APPLICABLE_NO_EXACT_TABLE,PENDING_CORE_REVIEW,UNCLASSIFIED,SQL_SCANNED,NOT_PROVEN,NOT_PROVEN,NOT_CHECKED,NOT_FINAL,HOLD,SQL content indexed; runtime semantics pending
313,william_message_202609221205.sql,william_message,632,HAS_SQL_CONTENT,INSERT_ONLY,1,0,NO_EXACT_TABLE_MATCH,,message | note,,NOT_APPLICABLE_NO_EXACT_TABLE,PENDING_CORE_REVIEW,UNCLASSIFIED,SQL_SCANNED,NOT_PROVEN,NOT_PROVEN,NOT_CHECKED,NOT_FINAL,HOLD,SQL content indexed; runtime semantics pending
314,william_npc_give_skill_202609221205.sql,william_npc_give_skill,166,HAS_SQL_CONTENT,INSERT_ONLY,1,0,NO_EXACT_TABLE_MATCH,,npcid | action | skills | times | material | material_count | note,,NOT_APPLICABLE_NO_EXACT_TABLE,PENDING_CORE_REVIEW,UNCLASSIFIED,SQL_SCANNED,NOT_PROVEN,NOT_PROVEN,NOT_CHECKED,NOT_FINAL,HOLD,SQL content indexed; runtime semantics pending
315,william_npc_quiz_day_202609221205.sql,william_npc_quiz_day,3628,HAS_SQL_CONTENT,INSERT_ONLY,4,0,NO_EXACT_TABLE_MATCH,,quiz_id | show_quiz | optionA | optionB | optionC | optionD | answer | is_active,,NOT_APPLICABLE_NO_EXACT_TABLE,PENDING_CORE_REVIEW,UNCLASSIFIED,SQL_SCANNED,NOT_PROVEN,NOT_PROVEN,NOT_CHECKED,NOT_FINAL,HOLD,SQL content indexed; runtime semantics pending
316,william_pc_轉生_202609221205.sql,william_pc_轉生,22951,HAS_SQL_CONTENT,INSERT_ONLY,16,0,NO_EXACT_TABLE_MATCH,,mete_level | type | note | title | ac | hp | mp | hpr | mpr | str | con | dex | wis | cha | intel | sp | mr | hit_modifier | dmg_modifier | bow_hit_modifier | bow_dmg_modifier | magic_dmg_modifier | magic_dmg_reduction | reduction_dmg | defense_water | defense_wind | defense_fire | defense_earth | regist_stun | regist_stone | regist_sleep | regist_freeze | regist_sustain | regist_blind,,NOT_APPLICABLE_NO_EXACT_TABLE,PENDING_CORE_REVIEW,UNCLASSIFIED,SQL_SCANNED,NOT_PROVEN,NOT_PROVEN,NOT_CHECKED,NOT_FINAL,HOLD,SQL content indexed; runtime semantics pending
317,william_pc_轉生_giveitem_202609221205.sql,william_pc_轉生_giveitem,125,HAS_SQL_CONTENT,INSERT_ONLY,1,0,NO_EXACT_TABLE_MATCH,,note | logpcpower | getItem | count,,NOT_APPLICABLE_NO_EXACT_TABLE,PENDING_CORE_REVIEW,UNCLASSIFIED,SQL_SCANNED,NOT_PROVEN,NOT_PROVEN,NOT_CHECKED,NOT_FINAL,HOLD,SQL content indexed; runtime semantics pending
318,william_pc_轉生經驗_202609221205.sql,william_pc_轉生經驗,982,HAS_SQL_CONTENT,INSERT_ONLY,5,0,NO_EXACT_TABLE_MATCH,,logpcpower | expPenalty,,NOT_APPLICABLE_NO_EXACT_TABLE,PENDING_CORE_REVIEW,UNCLASSIFIED,SQL_SCANNED,NOT_PROVEN,NOT_PROVEN,NOT_CHECKED,NOT_FINAL,HOLD,SQL content indexed; runtime semantics pending
319,x_大師製作系統_202609221205.sql,x_大師製作系統,24100,HAS_SQL_CONTENT,INSERT_ONLY,7,0,NO_EXACT_TABLE_MATCH,,npcid | action | new_item | 製作類型 | 分類1 | 分類1排序 | 分類2 | 分類2排序 | 分類3 | 分類3排序 | 項目排序 | 是否顯示 | 顯示名稱 | 成品數量 | 成功機率 | 顯示機率文字 | 加成道具ID | 加成道具名稱 | 加成道具上限 | 是否繼承材料狀態 | 繼承材料序號 | 是否繼承祝福狀態 | 是否繼承附加素質 | 成品強化模式 | 成品強化值 | 成品祝福狀態 | 額外獎勵道具 | 額外獎勵數量 | 額外獎勵強化值 | 等級限制 | 職業限制 | 消耗HP | 消耗MP | 材料道具清單 | 材料數量清單 | 材料強化清單 | 失敗返還道具 | 失敗返還數量 | 替代材料數量 | 是否輸入數量 | 是否一次結算 | 成功對話檔 | 失敗對話檔 | 全服公告內容 | 是否公告,,NOT_APPLICABLE_NO_EXACT_TABLE,PENDING_CORE_REVIEW,UNCLASSIFIED,SQL_SCANNED,NOT_PROVEN,NOT_PROVEN,NOT_CHECKED,NOT_FINAL,HOLD,SQL content indexed; runtime semantics pending
320,x_刪物自動回收系統_202609221205.sql,x_刪物自動回收系統,319261,HAS_SQL_CONTENT,INSERT_ONLY,568,0,NO_EXACT_TABLE_MATCH,,item_id | name | recycling_price | currency | note,,NOT_APPLICABLE_NO_EXACT_TABLE,PENDING_CORE_REVIEW,UNCLASSIFIED,SQL_SCANNED,NOT_PROVEN,NOT_PROVEN,NOT_CHECKED,NOT_FINAL,HOLD,SQL content indexed; runtime semantics pending
